date,code,open,high,low,close,preclose,volume,amount
2015-01-05,sh.000300,3566.089,3669.042,3551.51,3641.541,3533.705,45119809800,519849817448.0
2015-01-06,sh.000300,3608.428,3683.226,3587.231,3641.059,3641.541,42096218500,498529588258.0
2015-01-07,sh.000300,3620.924,3671.19,3601.698,3643.79,3641.059,32019123200,398731720502.0
2015-01-08,sh.000300,3650.073,3659.945,3552.1,3559.259,3643.79,29500304500,355831967325.0
2015-01-09,sh.000300,3547.574,3689.753,3536.395,3546.723,3559.259,34998267200,430210592272.0
2015-01-12,sh.000300,3531.515,3560.527,3461.322,3513.576,3546.723,26656717500,334257133083.0
2015-01-13,sh.000300,3506.451,3550.158,3494.768,3514.04,3513.576,18715396500,250796676069.0
2015-01-14,sh.000300,3522.907,3547.242,3471.56,3502.423,3514.04,19601251000,241285837533.0
2015-01-15,sh.000300,3501.719,3604.121,3482.27,3604.121,3502.423,23781233800,303445351108.0
2015-01-16,sh.000300,3616.248,3662.158,3601.258,3635.146,3604.121,28268161400,355568710742.0
2015-01-19,sh.000300,3414.013,3497.252,3330.981,3355.155,3635.146,32950527500,366017532103.0
2015-01-20,sh.000300,3336.793,3419.204,3325.681,3396.222,3355.155,29784323200,381917903845.0
2015-01-21,sh.000300,3420.491,3557.794,3409.43,3548.885,3396.222,33792821000,425433704264.0
2015-01-22,sh.000300,3551.052,3576.756,3520.053,3567.613,3548.885,26885359900,345026040998.0
2015-01-23,sh.000300,3582.088,3627.806,3548.626,3571.732,3567.613,28017217200,361835546416.0
2015-01-26,sh.000300,3580.118,3611.617,3559.376,3607.985,3571.732,23976620300,309585710088.0
2015-01-27,sh.000300,3614.038,3616.258,3510.017,3574.931,3607.985,28766917900,357548249621.0
2015-01-28,sh.000300,3547.239,3583.312,3512.393,3525.323,3574.931,21622021400,278749164896.0
2015-01-29,sh.000300,3474.915,3505.582,3453.901,3481.798,3525.323,21161886000,251897926442.0
2015-01-30,sh.000300,3496.885,3514.217,3431.936,3434.39,3481.798,19647915700,237420793858.0
2015-02-02,sh.000300,3360.193,3407.256,3347.085,3353.96,3434.39,19518369900,224837769887.0
2015-02-03,sh.000300,3388.602,3441.709,3360.717,3437.445,3353.96,19284609600,241100023193.0
2015-02-04,sh.000300,3446.144,3476.817,3399.565,3401.768,3437.445,19130434900,244034297155.0
2015-02-05,sh.000300,3487.951,3487.951,3366.862,3366.946,3401.768,25043060900,311523669172.0
2015-02-06,sh.000300,3352.33,3374.051,3285.935,3312.42,3366.946,19266418600,221433183351.0
2015-02-09,sh.000300,3305.734,3376.526,3298.597,3345.921,3312.42,17235382000,220766525021.0
2015-02-10,sh.000300,3345.077,3407.18,3339.548,3406.943,3345.921,15930908800,199120680699.0
2015-02-11,sh.000300,3415.977,3445.655,3412.136,3434.124,3406.943,14461377200,185979219656.0
2015-02-12,sh.000300,3435.361,3453.582,3405.627,3442.874,3434.124,15608169100,191285873488.0
2015-02-13,sh.000300,3458.827,3509.505,3452.079,3469.828,3442.874,20108997100,247076153339.0
2015-02-16,sh.000300,3473.289,3504.475,3466.607,3499.483,3469.828,16564134300,222799721247.0
2015-02-17,sh.000300,3511.544,3536.82,3511.093,3522.322,3499.483,16532831300,214457267905.0
2015-02-25,sh.000300,3529.55,3529.55,3463.955,3478.729,3522.322,16553935100,211739059322.0
2015-02-26,sh.000300,3473.713,3569.33,3456.871,3566.295,3478.729,22932843800,279809075234.0
2015-02-27,sh.000300,3565.233,3594.813,3560.455,3572.843,3566.295,22278643800,271861944608.0
2015-03-02,sh.000300,3603.452,3608.691,3566.527,3601.265,3572.843,24817612500,325164897145.0
2015-03-03,sh.000300,3579.315,3579.315,3504.201,3507.9,3601.265,26186648900,335700118167.0
2015-03-04,sh.000300,3514.667,3540.912,3497.172,3530.822,3507.9,19966398100,257468790961.0
2015-03-05,sh.000300,3513.249,3517.083,3467.676,3496.344,3530.822,21750880500,279030592350.0
2015-03-06,sh.000300,3501.184,3516.243,3472.392,3478.52,3496.344,18151805400,233468244766.0
2015-03-09,sh.000300,3449.696,3546.705,3417.486,3537.75,3478.52,23394041100,277860471571.0
2015-03-10,sh.000300,3523.64,3551.205,3511.985,3520.611,3537.75,19426765700,245366625918.0
2015-03-11,sh.000300,3524.575,3568.916,3512.218,3524.653,3520.611,18894782500,235772755479.0
2015-03-12,sh.000300,3557.686,3603.341,3536.534,3592.844,3524.653,26566462500,322141249344.0
2015-03-13,sh.000300,3604.671,3641.392,3594.742,3617.657,3592.844,24686476800,297298516465.0
2015-03-16,sh.000300,3641.773,3705.739,3621.119,3705.671,3617.657,27543830700,358497570207.0
2015-03-17,sh.000300,3733.961,3762.575,3716.809,3757.122,3705.671,37162566600,455003825887.0
2015-03-18,sh.000300,3769.086,3846.055,3763.848,3846.055,3757.122,41519001100,484465529242.0
2015-03-19,sh.000300,3851.249,3859.126,3809.706,3839.739,3846.055,39154763000,463212821639.0
2015-03-20,sh.000300,3852.492,3916.863,3832.416,3892.574,3839.739,40181755200,544468374302.0
2015-03-23,sh.000300,3923.083,3972.296,3922.21,3972.061,3892.574,39111992200,519760220709.0
2015-03-24,sh.000300,3980.066,3989.858,3883.782,3973.046,3972.061,46858131200,591066800604.0
2015-03-25,sh.000300,3961.578,3980.716,3913.988,3940.412,3973.046,37996885100,501733891680.0
2015-03-26,sh.000300,3921.745,3991.997,3892.878,3949.999,3940.412,34675631500,468538490771.0
2015-03-27,sh.000300,3957.542,3993.032,3932.87,3971.697,3949.999,29875606400,393132347578.0
2015-03-30,sh.000300,3999.024,4101.651,3999.024,4088.178,3971.697,42829702000,546211078887.0
2015-03-31,sh.000300,4138.885,4166.018,4037.771,4051.204,4088.178,43606563500,598121732643.0
2015-04-01,sh.000300,4057.501,4139.499,4046.939,4123.895,4051.204,32951285300,466596904663.0
2015-04-02,sh.000300,4149.946,4156.842,4068.649,4124.776,4123.895,33907048700,476617837707.0
2015-04-03,sh.000300,4104.672,4170.558,4092.383,4170.538,4124.776,32130376600,466965600575.0
2015-04-07,sh.000300,4213.894,4260.471,4197.019,4260.044,4170.538,41536265400,564646323685.0
2015-04-08,sh.000300,4277.45,4304.78,4204.826,4295.803,4260.044,45867671500,658308062760.0
2015-04-09,sh.000300,4316.958,4332.166,4212.611,4262.138,4295.803,43969990200,650419151486.0
2015-04-10,sh.000300,4249.383,4351.687,4231.196,4344.416,4262.138,34819017000,509354291196.0
2015-04-13,sh.000300,4394.047,4432.024,4361.589,4421.073,4344.416,43415303600,598518139930.0
2015-04-14,sh.000300,4432.126,4474.353,4385.908,4438.184,4421.073,43443212600,602127441917.0
2015-04-15,sh.000300,4439.314,4475.997,4379.609,4380.513,4438.184,47215413100,596822875636.0
2015-04-16,sh.000300,4355.491,4513.765,4335.63,4513.546,4380.513,42260374800,564722844124.0
2015-04-17,sh.000300,4578.679,4630.27,4553.904,4596.136,4513.546,55280266300,733953610122.0
2015-04-20,sh.000300,4615.034,4671.168,4492.6,4521.919,4596.136,68643907500,939264904128.0
2015-04-21,sh.000300,4520.461,4620.058,4504.558,4619.164,4521.919,49031499100,685365027867.0
2015-04-22,sh.000300,4637.055,4740.933,4632.589,4739.814,4619.164,51621379200,769924803864.0
2015-04-23,sh.000300,4764.481,4782.044,4693.967,4740.892,4739.814,49743095400,752258236225.0
2015-04-24,sh.000300,4682.626,4730.43,4618.318,4702.641,4740.892,48015293600,721273097490.0
2015-04-27,sh.000300,4753.871,4810.485,4735.31,4807.592,4702.641,51307654800,765910402328.0
2015-04-28,sh.000300,4811.319,4839.078,4703.567,4741.861,4807.592,60863854500,860349875255.0
2015-04-29,sh.000300,4722.903,4797.927,4695.793,4774.326,4741.861,39505698000,601676350605.0
2015-04-30,sh.000300,4788.412,4818.725,4749.485,4749.886,4774.326,39972744400,612511415165.0
2015-05-04,sh.000300,4757.637,4795.915,4699.398,4787.741,4749.886,37784385300,565453373624.0
2015-05-05,sh.000300,4785.192,4785.192,4572.983,4596.837,4787.741,46041962600,660020218474.0
2015-05-06,sh.000300,4626.231,4700.909,4511.761,4553.327,4596.837,37607370200,586033987365.0
2015-05-07,sh.000300,4520.818,4546.338,4467.459,4470.089,4553.327,29775920300,427189953161.0
2015-05-08,sh.000300,4515.554,4559.058,4445.592,4558.404,4470.089,30240796700,452090694881.0
2015-05-11,sh.000300,4582.091,4690.954,4535.149,4690.532,4558.404,37383842000,583260408778.0
2015-05-12,sh.000300,4692.122,4748.004,4660.016,4747.421,4690.532,37705389100,607123299939.0
2015-05-13,sh.000300,4746.713,4758.002,4678.845,4718.436,4747.421,37073042400,590479847838.0
2015-05-14,sh.000300,4717.955,4735.284,4670.168,4700.778,4718.436,33772515200,513219655550.0
2015-05-15,sh.000300,4690.755,4690.755,4592.05,4617.47,4700.778,32843116600,506695010176.0
2015-05-18,sh.000300,4582.058,4623.383,4565.061,4575.14,4617.47,26918048900,434083129375.0
2015-05-19,sh.000300,4577.637,4740.005,4577.637,4731.222,4575.14,31478595200,524232160128.0
2015-05-20,sh.000300,4751.572,4843.1,4745.21,4754.919,4731.222,36318074800,589956272979.0
2015-05-21,sh.000300,4768.689,4841.615,4746.029,4840.976,4754.919,30505453700,505346105539.0
2015-05-22,sh.000300,4895.925,4951.991,4870.598,4951.335,4840.976,45584671800,719129953200.0
2015-05-25,sh.000300,4949.11,5099.839,4949.11,5099.495,4951.334,46573659000,757085825931.0
2015-05-26,sh.000300,5140.798,5199.295,5063.146,5198.918,5099.495,48794935900,802295843467.0
2015-05-27,sh.000300,5216.17,5226.844,5126.861,5181.434,5198.918,47079873000,777826309129.0
2015-05-28,sh.000300,5174.101,5213.183,4831.329,4834.007,5181.434,57182904700,873207363731.0
2015-05-29,sh.000300,4839.53,4924.303,4665.521,4840.829,4834.007,42787885900,636008152610.0
2015-06-01,sh.000300,4862.756,5079.319,4835.774,5076.179,4840.829,41750374100,637843681462.0
2015-06-02,sh.000300,5091.272,5162.556,5047.081,5161.87,5076.179,41297319600,658452859697.0
2015-06-03,sh.000300,5176.597,5186.967,5059.495,5143.59,5161.87,41425827000,672056532157.0
2015-06-04,sh.000300,5156.012,5194.233,4863.465,5181.416,5143.59,48276726800,735170669363.0
2015-06-05,sh.000300,5254.905,5288.34,5104.178,5230.552,5181.416,54596119600,855224403052.0
2015-06-08,sh.000300,5259.408,5370.609,5202.595,5353.751,5230.552,63731323700,949498013951.0
2015-06-09,sh.000300,5379.47,5380.426,5251.208,5317.461,5353.751,57042726300,871431819564.0
2015-06-10,sh.000300,5254.304,5374.83,5209.68,5309.112,5317.461,44216567600,711509256785.0
2015-06-11,sh.000300,5305.141,5329.295,5248.163,5306.59,5309.112,39233875500,660584867997.0
2015-06-12,sh.000300,5329.278,5351.648,5283.086,5335.115,5306.59,43013138600,694213173337.0
2015-06-15,sh.000300,5354.014,5362.452,5207.308,5221.167,5335.115,47574570300,766237730233.0
2015-06-16,sh.000300,5165.024,5204.303,5015.265,5064.821,5221.167,41167563800,651522532247.0
2015-06-17,sh.000300,5072.307,5158.367,4949.293,5138.831,5064.821,39712418700,589868366440.0
2015-06-18,sh.000300,5107.695,5121.218,4926.429,4930.549,5138.831,36439581400,555646755662.0
2015-06-19,sh.000300,4847.057,4910.45,4634.691,4637.052,4930.549,35810474400,519609575034.0
2015-06-23,sh.000300,4641.425,4786.955,4455.331,4786.091,4637.052,36508794400,536984113004.0
2015-06-24,sh.000300,4811.595,4883.732,4744.306,4880.126,4786.091,43463872300,615374085939.0
2015-06-25,sh.000300,4906.242,4919.263,4667.224,4706.516,4880.126,44613598200,640246401379.0
2015-06-26,sh.000300,4573.872,4650.186,4278.675,4336.195,4706.516,44663979000,612959478689.0
2015-06-29,sh.000300,4446.842,4451.166,4000.926,4191.549,4336.195,52566248200,704014548847.0
2015-06-30,sh.000300,4161.067,4475.768,4016.013,4472.998,4191.549,52704528000,716045824698.0
2015-07-01,sh.000300,4408.984,4526.127,4235.696,4253.021,4472.998,43172141100,623330596858.0
2015-07-02,sh.000300,4287.734,4312.19,4000.061,4107.996,4253.021,45706219400,593506685518.0
2015-07-03,sh.000300,4017.202,4164.629,3785.902,3885.917,4107.996,42930085000,538216869728.0
2015-07-06,sh.000300,4218.266,4218.266,3832.468,3998.537,3885.917,64809453000,779558044352.0
2015-07-07,sh.000300,3877.854,3960.636,3743.624,3928.002,3998.537,67938500700,795962644454.0
2015-07-08,sh.000300,3651.06,3762.622,3612.254,3663.038,3928.002,58146709700,640122398881.0
2015-07-09,sh.000300,3621.68,3930.264,3537.826,3897.626,3663.038,50387061000,564744043358.0
2015-07-10,sh.000300,3916.272,4179.111,3887.551,4106.556,3897.626,50070180200,629079512954.0
2015-07-13,sh.000300,4132.231,4278.161,4072.43,4211.812,4106.556,50209218600,659251724205.0
2015-07-14,sh.000300,4178.629,4258.513,4062.5,4112.149,4211.812,45442200900,597521262486.0
2015-07-15,sh.000300,4068.88,4114.243,3899.508,3966.759,4112.149,42195636700,514064532339.0
2015-07-16,sh.000300,3949.639,4067.022,3856.321,3997.355,3966.759,33053134500,410050894560.0
2015-07-17,sh.000300,4023.757,4190.186,4000.231,4151.496,3997.355,33110713100,435597103716.0
2015-07-20,sh.000300,4157.06,4221.693,4106.389,4160.612,4151.496,35267347200,483493894661.0
2015-07-21,sh.000300,4109.761,4201.482,4081.704,4166.006,4160.612,31837494500,431695843789.0
2015-07-22,sh.000300,4148.56,4187.431,4094.712,4157.16,4166.006,31894599700,441832505196.0
2015-07-23,sh.000300,4158.932,4262.062,4148.824,4250.805,4157.16,35447175900,483972220006.0
2015-07-24,sh.000300,4255.198,4299.65,4154.617,4176.279,4250.805,39204537300,535901647230.0
2015-07-27,sh.000300,4097.796,4156.313,3817.169,3818.731,4176.279,36505451100,477952010794.0
2015-07-28,sh.000300,3690.974,3883.446,3627.421,3811.093,3818.731,38352721600,482654543336.0
2015-07-29,sh.000300,3839.958,3934.003,3769.189,3930.379,3811.093,27697284500,372287868068.0
2015-07-30,sh.000300,3915.78,3968.534,3802.882,3815.412,3930.379,27154866500,376351170573.0
2015-07-31,sh.000300,3777.155,3863.624,3757.989,3816.699,3815.412,22237676700,299312543754.0
2015-08-03,sh.000300,3766.072,3829.235,3742.578,3829.235,3816.699,24580503000,309631297700.0
2015-08-04,sh.000300,3827.373,3948.449,3801.028,3948.156,3829.235,22023655600,288756503266.0
2015-08-05,sh.000300,3937.623,3962.277,3858.66,3866.9,3948.156,20048426900,272693513971.0
2015-08-06,sh.000300,3802.928,3888.693,3793.237,3831.852,3866.9,14727869400,195532363765.0
2015-08-07,sh.000300,3866.43,3926.649,3857.908,3906.945,3831.852,18334915300,246546119056.0
2015-08-10,sh.000300,3947.472,4101.731,3932.842,4084.365,3906.945,30678054000,401702020648.0
2015-08-11,sh.000300,4083.589,4110.133,4042.004,4066.669,4084.365,32203419100,416996541243.0
2015-08-12,sh.000300,4025.674,4078.03,4015.355,4016.126,4066.669,25514619600,339799364935.0
2015-08-13,sh.000300,4010.013,4075.7,3967.821,4075.463,4016.126,24283697900,319887602964.0
2015-08-14,sh.000300,4097.917,4113.159,4056.727,4073.54,4075.463,25339299600,340076813259.0
2015-08-17,sh.000300,4058.113,4081.772,4009.99,4077.872,4073.54,25693963800,336830563044.0
2015-08-18,sh.000300,4084.311,4103.054,3816.553,3825.412,4077.872,31988107000,424924184411.0
2015-08-19,sh.000300,3748.266,3898.74,3668.192,3886.136,3825.412,26904983900,340923470856.0
2015-08-20,sh.000300,3848.403,3880.824,3761.454,3761.454,3886.136,21216796500,270576698834.0
2015-08-21,sh.000300,3714.289,3757.779,3578.175,3589.536,3761.454,21798640300,267498426435.0
2015-08-24,sh.000300,3454.598,3468.149,3266.55,3275.534,3589.536,25543665200,273124228208.0
2015-08-25,sh.000300,3070.007,3200.108,3019.556,3042.927,3275.534,27608130600,281160333742.0
2015-08-26,sh.000300,3062.566,3192.932,2952.008,3025.692,3042.927,30827062300,312188248685.0
2015-08-27,sh.000300,3092.812,3206.724,3028.398,3205.637,3025.692,26729493000,278769983405.0
2015-08-28,sh.000300,3246.236,3353.243,3223.622,3342.286,3205.637,29949842600,318763482694.0
2015-08-31,sh.000300,3307.396,3368.279,3205.537,3366.536,3342.286,28025040300,306610891136.0
2015-09-01,sh.000300,3296.529,3370.504,3190.578,3362.083,3366.536,35245852800,351387828324.0
2015-09-02,sh.000300,3220.851,3387.021,3213.637,3365.832,3362.083,34778941200,348986389305.0
2015-09-07,sh.000300,3347.293,3422.225,3240.243,3250.485,3365.832,20422443100,221756790269.0
2015-09-08,sh.000300,3221.789,3340.219,3170.807,3334.023,3250.485,15459963100,168294750030.0
2015-09-09,sh.000300,3344.824,3426.651,3330.29,3399.305,3334.023,22046742100,258815794996.0
2015-09-10,sh.000300,3349.281,3398.316,3337.311,3357.561,3399.305,14488297100,168108269695.0
2015-09-11,sh.000300,3349.877,3383.134,3315.478,3347.188,3357.561,10854750800,130262410873.0
2015-09-14,sh.000300,3367.642,3373.921,3187.566,3281.132,3347.188,20545725100,226168550065.0
2015-09-15,sh.000300,3208.744,3240.079,3131.979,3152.232,3281.132,14355564100,145989213753.0
2015-09-16,sh.000300,3149.158,3345.918,3131.37,3309.248,3152.232,15970999400,168269840344.0
2015-09-17,sh.000300,3287.657,3354.905,3236.999,3236.999,3309.248,16940188100,190270181393.0
2015-09-18,sh.000300,3254.443,3280.877,3227.834,3251.273,3236.999,10690348100,121752531747.0
2015-09-21,sh.000300,3222.603,3312.55,3211.934,3308.247,3251.273,12278866800,145323018237.0
2015-09-22,sh.000300,3312.365,3371.414,3303.184,3339.03,3308.247,14622198500,172492862561.0
2015-09-23,sh.000300,3290.071,3315.935,3253.333,3263.028,3339.03,12317143900,136885975737.0
2015-09-24,sh.000300,3278.896,3300.857,3255.902,3284.999,3263.028,10201123800,120820642496.0
2015-09-25,sh.000300,3272.665,3290.858,3201.914,3231.951,3284.999,12141927800,137602168790.0
2015-09-28,sh.000300,3226.607,3246.554,3186.507,3242.752,3231.951,7421946800,88007466971.0
2015-09-29,sh.000300,3197.221,3208.417,3159.042,3178.854,3242.752,8715063300,96691510035.0
2015-09-30,sh.000300,3195.901,3223.908,3186.767,3202.948,3178.854,7855934900,95881598729.0
2015-10-08,sh.000300,3324.981,3337.331,3294.605,3296.482,3202.948,13208176800,164120601354.0
2015-10-09,sh.000300,3302.36,3352.379,3293.965,3340.116,3296.482,12435250000,144731343186.0
2015-10-12,sh.000300,3351.139,3486.631,3347.251,3447.693,3340.116,22140046800,263706468495.0
2015-10-13,sh.000300,3422.477,3452.045,3413.967,3445.043,3447.693,14543378600,174978937957.0
2015-10-14,sh.000300,3431.135,3458.701,3403.23,3406.112,3445.043,15217393800,174599255680.0
2015-10-15,sh.000300,3403.389,3486.815,3402.316,3486.815,3406.112,17115829900,201881880361.0
2015-10-16,sh.000300,3508.518,3537.539,3487.104,3534.065,3486.815,20896470900,252211491386.0
2015-10-19,sh.000300,3548.952,3572.994,3502.504,3534.182,3534.065,20760674400,254890985147.0
2015-10-20,sh.000300,3527.875,3577.798,3510.437,3577.703,3534.182,17902510800,226525577194.0
2015-10-21,sh.000300,3580.838,3601.243,3417.412,3473.254,3577.703,28207605000,326886985805.0
2015-10-22,sh.000300,3453.201,3530.766,3442.306,3524.534,3473.254,18430558000,223583606540.0
2015-10-23,sh.000300,3536.843,3581.836,3515.822,3571.241,3524.534,19829447800,247059685203.0
2015-10-26,sh.000300,3614.702,3620.756,3561.192,3589.261,3571.241,20424886300,270489759134.0
2015-10-27,sh.000300,3569.448,3601.053,3486.102,3592.879,3589.261,19205614000,239042538536.0
2015-10-28,sh.000300,3575.805,3598.172,3517.21,3524.92,3592.879,17097709800,213303023833.0
2015-10-29,sh.000300,3539.978,3561.814,3507.966,3533.306,3524.92,12701044600,161051885808.0
2015-10-30,sh.000300,3530.223,3574.473,3497.568,3534.079,3533.306,13914191400,183317149529.0
2015-11-02,sh.000300,3489.225,3543.45,3474.712,3475.962,3534.079,13000256800,167455101934.0
2015-11-03,sh.000300,3484.722,3501.704,3452.62,3465.493,3475.962,10140187600,132231502584.0
2015-11-04,sh.000300,3477.159,3628.538,3477.159,3628.538,3465.493,20542386500,266955889953.0
2015-11-05,sh.000300,3630.782,3781.408,3627.301,3705.97,3628.538,39804656800,495138171518.0
2015-11-06,sh.000300,3698.342,3801.705,3694.657,3793.374,3705.97,29875307600,389779446699.0
2015-11-09,sh.000300,3796.379,3891.773,3796.379,3840.355,3793.374,35680482300,463161707601.0
2015-11-10,sh.000300,3806.668,3876.49,3798.821,3833.238,3840.355,28651960300,380910629424.0
2015-11-11,sh.000300,3828.448,3843.112,3781.41,3833.646,3833.238,23223429600,307008336072.0
2015-11-12,sh.000300,3841.738,3843.9,3771.274,3795.324,3833.646,21753764700,302446791881.0
2015-11-13,sh.000300,3756.204,3793.713,3727.585,3746.242,3795.324,20348989100,281961129453.0
2015-11-16,sh.000300,3682.735,3764.409,3680.073,3764.126,3746.242,16169090100,227483711616.0
2015-11-17,sh.000300,3790.426,3852.774,3750.156,3758.387,3764.126,24853307100,365138598381.0
2015-11-18,sh.000300,3760.456,3771.847,3706.31,3715.58,3758.387,18568949500,254137953313.0
2015-11-19,sh.000300,3725.622,3775.232,3714.675,3774.969,3715.58,15463198900,204557606993.0
2015-11-20,sh.000300,3778.884,3793.545,3757.026,3774.383,3774.969,18695168900,242295089781.0
2015-11-23,sh.000300,3774.436,3802.851,3743.405,3753.335,3774.383,17562681200,234640979610.0
2015-11-24,sh.000300,3745.761,3754.169,3702.737,3753.889,3753.335,14338328300,192495095083.0
2015-11-25,sh.000300,3747.76,3781.857,3735.716,3781.607,3753.889,15194494100,215125047954.0
2015-11-26,sh.000300,3795.245,3805.844,3756.823,3759.429,3781.607,17352546800,239797205559.0
2015-11-27,sh.000300,3739.096,3742.742,3534.39,3556.992,3759.429,20893935800,269758168475.0
2015-11-30,sh.000300,3554.89,3587.97,3455.068,3566.412,3556.992,17320116300,220098287801.0
2015-12-01,sh.000300,3562.319,3617.305,3536.115,3591.696,3566.412,13653655400,176598805608.0
2015-12-02,sh.000300,3587.758,3725.854,3573.403,3721.955,3591.696,21353886500,260938692616.0
2015-12-03,sh.000300,3709.547,3758.446,3693.137,3749.299,3721.955,19776212600,236698987440.0
2015-12-04,sh.000300,3719.734,3726.124,3667.291,3677.592,3749.299,15119952200,196455597757.0
2015-12-07,sh.000300,3681.582,3699.337,3658.578,3687.607,3677.592,11388315000,161220059836.0
2015-12-08,sh.000300,3668.838,3668.838,3619.445,3623.02,3687.607,12578108300,163317229186.0
2015-12-09,sh.000300,3613.42,3655.158,3611.49,3635.938,3623.02,11332542200,154319992100.0
2015-12-10,sh.000300,3634.366,3678.318,3615.991,3623.084,3635.938,12021562500,168622188283.0
2015-12-11,sh.000300,3605.372,3630.743,3578.146,3608.059,3623.084,11032248100,145248640244.0
2015-12-14,sh.000300,3573.884,3712.503,3570.998,3711.322,3608.059,15176911900,203291513291.0
2015-12-15,sh.000300,3707.73,3717.357,3679.23,3694.388,3711.322,12648171000,186795461663.0
2015-12-16,sh.000300,3703.95,3713.09,3677.449,3685.44,3694.389,11134272300,160118243242.0
2015-12-17,sh.000300,3712.783,3768.844,3709.851,3755.888,3685.44,17792407500,242543823434.0
2015-12-18,sh.000300,3754.96,3810.218,3750.925,3767.913,3755.888,17346598000,232281458171.0
2015-12-21,sh.000300,3762.096,3877.82,3759.989,3865.965,3767.913,21743527500,289905289214.0
2015-12-22,sh.000300,3872.097,3880.468,3841.593,3876.732,3865.965,18030366100,243797366698.0
2015-12-23,sh.000300,3877.872,3926.686,3862.965,3866.381,3876.733,20701714700,294710770246.0
2015-12-24,sh.000300,3858.135,3867.679,3787.083,3829.402,3866.381,14718139700,203683543579.0
2015-12-25,sh.000300,3832.085,3848.025,3813.204,3838.201,3829.402,11962401300,163314511431.0
2015-12-28,sh.000300,3847.532,3853.389,3727.632,3727.632,3838.201,15398844000,210026020459.0
2015-12-29,sh.000300,3723.05,3762.052,3710.48,3761.875,3727.632,10188555500,140405054699.0
2015-12-30,sh.000300,3762.914,3765.657,3726.278,3765.175,3761.875,10562995500,155744099319.0
2015-12-31,sh.000300,3760.904,3772.617,3727.325,3731.005,3765.175,10187355600,145043696235.0
2016-01-04,sh.000300,3725.856,3726.245,3468.948,3469.066,3731.005,11537067400,145968206095.0
2016-01-05,sh.000300,3382.177,3518.217,3377.28,3478.78,3469.066,16211698400,196017085879.0
2016-01-06,sh.000300,3482.406,3543.74,3468.467,3539.808,3478.78,14596614400,160947198402.0
2016-01-07,sh.000300,3481.15,3481.15,3284.737,3294.384,3539.808,4410264100,47130795628.0
2016-01-08,sh.000300,3371.871,3418.851,3237.931,3361.563,3294.384,18595945100,203498868289.0
2016-01-11,sh.000300,3303.125,3342.481,3192.45,3192.45,3361.563,17463838700,184464050180.0
2016-01-12,sh.000300,3214.823,3242.253,3174.55,3215.71,3192.45,12822579600,142048909710.0
2016-01-13,sh.000300,3240.484,3257.295,3155.879,3155.879,3215.71,12066649400,130886082444.0
2016-01-14,sh.000300,3076.645,3226.658,3072.039,3221.571,3155.879,13453767100,144771580596.0
2016-01-15,sh.000300,3200.888,3216.798,3101.052,3118.73,3221.571,12460177900,131882737252.0
2016-01-18,sh.000300,3068.235,3165.616,3066.727,3130.729,3118.73,10112838600,109458287764.0
2016-01-19,sh.000300,3132.705,3227.908,3119.216,3223.125,3130.729,12765389300,142907686296.0
2016-01-20,sh.000300,3204.218,3225.95,3154.426,3174.378,3223.125,13065050400,143313337192.0
2016-01-21,sh.000300,3136.384,3202.538,3081.345,3081.345,3174.378,11118973300,121856195433.0
2016-01-22,sh.000300,3114.895,3132.171,3053.958,3113.463,3081.345,8995108700,96885673842.0
2016-01-25,sh.000300,3129.028,3149.332,3105.1,3128.886,3113.463,8154006100,85777891364.0
2016-01-26,sh.000300,3099.596,3106.53,2934.647,2940.509,3128.886,12693392100,127250652518.0
2016-01-27,sh.000300,2953.183,2963.544,2839.29,2930.352,2940.509,13222936600,126997670778.0
2016-01-28,sh.000300,2909.334,2941.887,2841.844,2853.756,2930.352,9922275600,95663874927.0
2016-01-29,sh.000300,2855.598,2965.309,2854.371,2946.09,2853.756,11330425900,109462356680.0
2016-02-01,sh.000300,2939.04,2944.517,2869.561,2901.048,2946.09,8679534200,82931453498.0
2016-02-02,sh.000300,2901.528,2972.426,2901.512,2961.334,2901.048,8860196300,88740230428.0
2016-02-03,sh.000300,2931.288,2954.71,2909.898,2948.639,2961.334,7738900000,74817092259.0
2016-02-04,sh.000300,2960.333,2999.206,2960.207,2984.76,2948.639,9177972400,91550346872.0
2016-02-05,sh.000300,2982.056,2988.36,2962.847,2963.789,2984.76,7685080800,77443222334.0
2016-02-15,sh.000300,2888.428,2961.493,2886.018,2946.707,2963.789,7291943400,71285049141.0
2016-02-16,sh.000300,2962.187,3042.089,2962.187,3037.035,2946.707,11257964300,112300492317.0
2016-02-17,sh.000300,3034.09,3065.784,3027.046,3063.32,3037.035,12829160700,122279340234.0
2016-02-18,sh.000300,3079.527,3093.513,3049.841,3053.698,3063.32,12440146400,122618612161.0
2016-02-19,sh.000300,3047.942,3065.968,3032.634,3051.585,3053.699,8733801200,90849341804.0
2016-02-22,sh.000300,3083.933,3128.207,3071.329,3118.867,3051.585,14094696800,141684080627.0
2016-02-23,sh.000300,3117.203,3119.221,3061.429,3089.363,3118.868,11256739100,117476469063.0
2016-02-24,sh.000300,3077.606,3109.545,3055.251,3109.545,3089.363,11178265000,112918607549.0
2016-02-25,sh.000300,3104.41,3104.436,2905.457,2918.75,3109.545,15782975200,153493008194.0
2016-02-26,sh.000300,2942.095,2964.385,2902.948,2948.031,2918.75,10694972900,102531571946.0
2016-02-29,sh.000300,2939.58,2939.875,2821.215,2877.467,2948.031,12934102000,118440829598.0
2016-03-01,sh.000300,2881.335,2950.436,2863.323,2930.694,2877.467,11604591800,110491037808.0
2016-03-02,sh.000300,2933.921,3054.724,2933.116,3051.333,2930.694,17597234700,164025161471.0
2016-03-03,sh.000300,3050.389,3078.444,3040.246,3058.422,3051.333,17310574400,165509087742.0
2016-03-04,sh.000300,3047.537,3101.656,3032.424,3093.889,3058.422,21917253400,205520475543.0
2016-03-07,sh.000300,3109.0,3130.903,3083.584,3104.84,3093.89,13246203700,127790344488.0
2016-03-08,sh.000300,3100.149,3109.25,3001.829,3107.673,3104.84,13623574200,128758488144.0
2016-03-09,sh.000300,3045.924,3072.916,3020.134,3071.907,3107.673,11146624500,106298652785.0
2016-03-10,sh.000300,3056.21,3074.16,3012.691,3013.146,3071.907,7607219700,78180468559.0
2016-03-11,sh.000300,2990.213,3026.437,2982.172,3018.284,3013.146,7333356400,74367296548.0
2016-03-14,sh.000300,3039.569,3106.8,3034.0,3065.69,3018.284,11710865500,123539094703.0
2016-03-15,sh.000300,3061.343,3077.085,3028.578,3074.78,3065.69,9831194100,101302845698.0
2016-03-16,sh.000300,3068.866,3100.352,3064.521,3090.033,3074.78,12473644800,126128854001.0
2016-03-17,sh.000300,3096.808,3147.841,3077.572,3124.204,3090.033,12166177700,136603715775.0
2016-03-18,sh.000300,3136.223,3197.668,3130.102,3171.963,3124.204,19730256400,210017810346.0
2016-03-21,sh.000300,3203.293,3267.775,3198.361,3249.437,3171.963,23326946400,256836636273.0
2016-03-22,sh.000300,3231.615,3249.677,3218.728,3225.79,3249.437,16102089700,194211982989.0
2016-03-23,sh.000300,3217.729,3242.247,3202.976,3236.092,3225.79,12567928600,155567074583.0
2016-03-24,sh.000300,3211.496,3221.906,3181.813,3181.851,3236.092,13313112200,162436036415.0
2016-03-25,sh.000300,3176.81,3204.442,3174.318,3197.817,3181.851,9739533000,115195604431.0
2016-03-28,sh.000300,3206.953,3229.624,3161.878,3169.728,3197.817,10344193300,123844044128.0
2016-03-29,sh.000300,3171.314,3178.075,3122.76,3135.41,3169.728,9729474700,113844280553.0
2016-03-30,sh.000300,3161.289,3216.676,3161.289,3216.275,3135.41,11780251200,140721774451.0
2016-03-31,sh.000300,3229.199,3241.927,3208.665,3218.088,3216.275,12155207400,147267617416.0
2016-04-01,sh.000300,3213.674,3222.612,3165.855,3221.895,3218.088,11812213900,127050098456.0
2016-04-05,sh.000300,3211.305,3271.93,3205.207,3264.486,3221.895,14604777200,159296543667.0
2016-04-06,sh.000300,3250.521,3267.64,3236.196,3257.528,3264.486,12019630500,137206268587.0
2016-04-07,sh.000300,3266.288,3270.82,3208.644,3209.29,3257.528,11240946700,128273067720.0
2016-04-08,sh.000300,3189.846,3197.774,3163.305,3185.726,3209.29,10100562500,113920716519.0
2016-04-11,sh.000300,3213.507,3251.572,3213.507,3230.096,3185.726,12521270900,142759491340.0
2016-04-12,sh.000300,3227.367,3232.264,3198.903,3218.45,3230.096,9286943700,99086557951.0
2016-04-13,sh.000300,3237.857,3296.523,3237.857,3261.383,3218.45,19561386600,200159601290.0
2016-04-14,sh.000300,3277.098,3286.072,3252.05,3275.832,3261.383,11315732700,117989443450.0
2016-04-15,sh.000300,3279.857,3282.985,3261.73,3272.205,3275.832,9980752900,107963982334.0
2016-04-18,sh.000300,3252.671,3252.671,3221.662,3228.453,3272.205,9709006900,103956150095.0
2016-04-19,sh.000300,3243.971,3250.725,3221.577,3238.303,3228.453,8087144000,90976236261.0
2016-04-20,sh.000300,3244.142,3248.422,3107.369,3181.026,3238.303,16220785800,172324694469.0
2016-04-21,sh.000300,3160.796,3198.557,3150.939,3160.603,3181.026,10475265100,110324379038.0
2016-04-22,sh.000300,3142.561,3175.38,3137.993,3174.901,3160.603,7707849200,82442921903.0
2016-04-25,sh.000300,3164.738,3172.269,3137.113,3162.033,3174.901,6751935100,74734848036.0
2016-04-26,sh.000300,3159.771,3181.095,3150.404,3179.16,3162.033,5902073400,68871554173.0
2016-04-27,sh.000300,3181.93,3188.826,3162.691,3165.916,3179.161,6000414700,70620405995.0
2016-04-28,sh.000300,3169.333,3174.766,3135.643,3160.581,3165.916,6987066000,78876767222.0
2016-04-29,sh.000300,3153.537,3171.289,3149.396,3156.745,3160.581,5802977600,70807704222.0
2016-05-03,sh.000300,3159.823,3218.485,3151.405,3213.54,3156.745,9816483500,115733867591.0
2016-05-04,sh.000300,3203.465,3222.882,3198.292,3209.461,3213.54,9086240800,97797134813.0
2016-05-05,sh.000300,3204.169,3217.282,3196.566,3213.92,3209.461,7473368100,83946496908.0
2016-05-06,sh.000300,3213.136,3216.893,3130.147,3130.354,3213.92,10868024000,119265216104.0
2016-05-09,sh.000300,3115.43,3115.43,3055.006,3065.615,3130.354,9923047700,100409213488.0
2016-05-10,sh.000300,3055.212,3084.725,3055.183,3069.112,3065.615,6884993500,70650764147.0
2016-05-11,sh.000300,3080.636,3102.877,3063.088,3082.809,3069.112,8179425800,87323408342.0
2016-05-12,sh.000300,3059.383,3095.349,3035.023,3090.137,3082.809,7876572600,81418792606.0
2016-05-13,sh.000300,3081.68,3103.095,3064.691,3074.935,3090.137,6262975500,65850995649.0
2016-05-16,sh.000300,3064.526,3095.555,3053.662,3095.309,3074.935,5946185600,64405200020.0
2016-05-17,sh.000300,3095.523,3105.201,3073.459,3086.025,3095.309,6527812500,75389385458.0
2016-05-18,sh.000300,3071.529,3072.612,3039.462,3068.036,3086.025,8271536900,88458847115.0
2016-05-19,sh.000300,3060.343,3086.977,3058.145,3062.5,3068.036,6044416600,68679060392.0
2016-05-20,sh.000300,3047.778,3078.531,3041.517,3078.218,3062.5,5608084200,65124251092.0
2016-05-23,sh.000300,3078.515,3098.478,3076.504,3087.222,3078.218,5969721600,70337514484.0
2016-05-24,sh.000300,3083.244,3083.257,3052.591,3063.556,3087.223,5873438500,61106015446.0
2016-05-25,sh.000300,3079.749,3089.102,3054.87,3059.226,3063.556,5665280300,63316562530.0
2016-05-26,sh.000300,3056.6,3072.524,3027.444,3064.211,3059.226,6039298100,65985183919.0
2016-05-27,sh.000300,3059.732,3073.756,3052.179,3062.499,3064.211,6046875000,59371777079.0
2016-05-30,sh.000300,3056.314,3075.261,3037.665,3066.709,3062.499,6309857900,63496565009.0
2016-05-31,sh.000300,3068.596,3170.926,3068.596,3169.56,3066.71,13886311100,151398175957.0
2016-06-01,sh.000300,3172.962,3181.792,3159.817,3160.547,3169.56,11314848200,131700821152.0
2016-06-02,sh.000300,3158.026,3168.824,3151.065,3167.1,3160.547,8600342700,97093625345.0
2016-06-03,sh.000300,3172.946,3201.749,3162.088,3189.325,3167.1,10149178300,136332027087.0
2016-06-06,sh.000300,3192.779,3197.22,3168.554,3178.788,3189.326,7669375100,101176231366.0
2016-06-07,sh.000300,3182.438,3186.617,3168.179,3177.054,3178.788,6892831400,88711618425.0
2016-06-08,sh.000300,3171.813,3174.972,3148.352,3163.986,3177.054,7629177500,97682790861.0
2016-06-13,sh.000300,3134.045,3145.606,3065.767,3066.341,3163.986,9297594700,114091320004.0
2016-06-14,sh.000300,3058.443,3078.75,3055.655,3075.983,3066.341,6627945700,78622305350.0
2016-06-15,sh.000300,3043.958,3128.673,3042.233,3116.368,3075.983,8739325700,106170177872.0
2016-06-16,sh.000300,3104.362,3112.476,3089.478,3094.675,3116.368,8297470300,93496238871.0
2016-06-17,sh.000300,3096.09,3131.049,3096.09,3110.357,3094.675,8540298500,97953389320.0
2016-06-20,sh.000300,3114.906,3118.725,3089.713,3112.674,3110.357,6358714100,74647802462.0
2016-06-21,sh.000300,3124.898,3155.493,3097.94,3106.317,3112.674,8796534500,107233643632.0
2016-06-22,sh.000300,3100.45,3134.061,3096.992,3133.961,3106.317,6648711300,81348715848.0
2016-06-23,sh.000300,3129.721,3129.721,3102.481,3117.317,3133.961,6775173800,81732552159.0
2016-06-24,sh.000300,3110.646,3130.539,3033.965,3077.156,3117.317,10479220800,118967441702.0
2016-06-27,sh.000300,3065.128,3120.64,3064.966,3120.544,3077.155,8326725900,104066083791.0
2016-06-28,sh.000300,3107.398,3139.43,3099.701,3136.401,3120.544,9202463700,117197791504.0
2016-06-29,sh.000300,3142.484,3158.076,3139.133,3151.39,3136.401,10372366800,117958861189.0
2016-06-30,sh.000300,3152.833,3163.72,3148.199,3153.921,3151.39,7969261700,100627912925.0
2016-07-01,sh.000300,3156.932,3170.258,3148.295,3154.2,3153.921,7174628300,91215027688.0
2016-07-04,sh.000300,3136.385,3210.602,3134.023,3204.696,3154.2,13331052900,149894780037.0
2016-07-05,sh.000300,3199.157,3216.703,3197.996,3207.383,3204.696,13022689500,143899100428.0
2016-07-06,sh.000300,3197.625,3217.516,3183.451,3216.803,3207.383,12489745800,147232471496.0
2016-07-07,sh.000300,3206.551,3220.54,3190.124,3209.954,3216.804,11859520200,140488833675.0
2016-07-08,sh.000300,3199.754,3204.928,3183.959,3192.281,3209.954,8973485500,111063465417.0
2016-07-11,sh.000300,3199.038,3235.962,3197.625,3203.33,3192.28,13852951100,155288151673.0
2016-07-12,sh.000300,3201.906,3273.474,3200.303,3273.182,3203.33,17253421700,190853738897.0
2016-07-13,sh.000300,3274.02,3300.991,3271.775,3282.868,3273.182,17519609000,196592300322.0
2016-07-14,sh.000300,3277.482,3281.95,3259.065,3276.764,3282.868,10752579800,128090420917.0
2016-07-15,sh.000300,3278.836,3285.026,3265.291,3276.278,3276.764,10266502600,125179812929.0
2016-07-18,sh.000300,3269.708,3281.637,3251.766,3262.022,3276.278,11031251800,129785706199.0
2016-07-19,sh.000300,3260.435,3264.73,3226.199,3248.234,3262.022,8888686100,107108911172.0
2016-07-20,sh.000300,3246.863,3254.508,3232.257,3237.605,3248.234,7270125500,91367448994.0
2016-07-21,sh.000300,3238.337,3271.374,3238.303,3252.523,3237.605,8600482500,107464072513.0
2016-07-22,sh.000300,3251.242,3253.769,3220.894,3225.162,3252.523,8602912800,107416887320.0
2016-07-25,sh.000300,3220.166,3243.79,3218.142,3230.885,3225.162,7020318500,92015844035.0
2016-07-26,sh.000300,3228.234,3269.746,3228.008,3269.588,3230.885,8105108900,103745762758.0
2016-07-27,sh.000300,3270.084,3276.511,3157.409,3218.243,3269.588,16018866500,186928366498.0
2016-07-28,sh.000300,3204.465,3235.781,3195.27,3221.136,3218.243,11277996400,137295892753.0
2016-07-29,sh.000300,3217.192,3225.418,3198.684,3203.93,3221.136,8804483700,103787029748.0
2016-08-01,sh.000300,3196.425,3199.975,3156.749,3176.809,3203.93,8700349700,98818634361.0
2016-08-02,sh.000300,3173.758,3189.053,3165.542,3189.053,3176.809,6216763900,70640763842.0
2016-08-03,sh.000300,3179.684,3197.157,3173.536,3193.507,3189.052,7286410200,79754323301.0
2016-08-04,sh.000300,3190.546,3201.554,3170.419,3201.289,3193.507,7350437300,86919591121.0
2016-08-05,sh.000300,3201.354,3224.873,3192.861,3205.11,3201.288,7719636600,94429542391.0
2016-08-08,sh.000300,3199.572,3234.479,3187.252,3234.183,3205.11,8667605100,102638114597.0
2016-08-09,sh.000300,3232.603,3257.333,3229.174,3256.981,3234.183,9106525900,105924052436.0
2016-08-10,sh.000300,3255.182,3261.861,3242.751,3243.341,3256.981,9043037200,106157448028.0
2016-08-11,sh.000300,3239.558,3274.026,3232.613,3233.36,3243.34,10104121300,116996159046.0
2016-08-12,sh.000300,3231.806,3294.234,3231.137,3294.234,3233.36,11625404400,129354686387.0
2016-08-15,sh.000300,3303.469,3417.915,3302.378,3393.424,3294.233,22054342100,258897463910.0
2016-08-16,sh.000300,3403.384,3418.688,3372.021,3378.245,3393.423,19638974000,226785231085.0
2016-08-17,sh.000300,3377.771,3394.389,3356.924,3373.048,3378.245,13884768800,167917530856.0
2016-08-18,sh.000300,3369.947,3394.791,3349.688,3364.485,3373.047,14238016900,172256533000.0
2016-08-19,sh.000300,3358.555,3374.045,3341.192,3365.02,3364.485,11996150800,135382706293.0
2016-08-22,sh.000300,3364.681,3372.833,3335.469,3336.795,3365.019,10795100800,128201783812.0
2016-08-23,sh.000300,3332.621,3359.648,3324.96,3341.83,3336.794,9292451600,108503692377.0
2016-08-24,sh.000300,3341.93,3348.129,3323.725,3329.863,3341.829,8119142900,94012832200.0
2016-08-25,sh.000300,3314.085,3315.081,3279.806,3308.972,3329.863,10058915300,112578140010.0
2016-08-26,sh.000300,3312.499,3328.945,3301.736,3307.09,3308.972,8153069100,93213205560.0
2016-08-29,sh.000300,3306.575,3315.079,3297.07,3307.781,3307.09,7703633300,88011642022.0
2016-08-30,sh.000300,3310.319,3325.122,3304.597,3311.987,3307.781,7572598700,89513016667.0
2016-08-31,sh.000300,3310.565,3333.973,3304.655,3327.794,3311.987,7957080500,99215044445.0
2016-09-01,sh.000300,3326.739,3329.345,3301.213,3301.577,3327.793,8494721900,100911462823.0
2016-09-02,sh.000300,3298.722,3320.425,3295.755,3314.114,3301.576,8279180300,99396378584.0
2016-09-05,sh.000300,3321.005,3338.42,3314.629,3319.68,3314.114,7829247700,87531089645.0
2016-09-06,sh.000300,3322.018,3347.951,3300.126,3342.626,3319.68,9828399800,118366533426.0
2016-09-07,sh.000300,3344.066,3357.357,3337.751,3340.817,3342.625,10294010600,115119908617.0
2016-09-08,sh.000300,3338.008,3343.395,3328.226,3339.564,3340.817,7191615800,83742346850.0
2016-09-09,sh.000300,3339.373,3344.951,3318.044,3318.044,3339.564,8265703600,95471188732.0
2016-09-12,sh.000300,3271.87,3276.716,3234.573,3262.604,3318.044,12291768200,134456630927.0
2016-09-13,sh.000300,3265.337,3269.222,3246.386,3260.333,3262.604,6718028800,76862644231.0
2016-09-14,sh.000300,3245.737,3254.995,3231.335,3238.73,3260.333,7043269700,79780746436.0
2016-09-19,sh.000300,3242.743,3264.899,3242.743,3263.124,3238.73,5883108200,67678031642.0
2016-09-20,sh.000300,3264.665,3265.035,3252.388,3257.403,3263.124,5278420600,61626150818.0
2016-09-21,sh.000300,3257.71,3270.902,3254.321,3266.636,3257.403,5914297900,68957744044.0
2016-09-22,sh.000300,3281.472,3303.199,3277.979,3291.121,3266.636,7575354200,89991761655.0
2016-09-23,sh.000300,3292.279,3293.916,3275.025,3275.667,3291.121,5799398600,68046257250.0
2016-09-26,sh.000300,3267.69,3267.69,3220.284,3220.284,3275.666,7045218600,78700835132.0
2016-09-27,sh.000300,3214.87,3240.776,3214.441,3240.755,3220.283,5846055000,66651130361.0
2016-09-28,sh.000300,3243.647,3243.647,3227.996,3230.89,3240.754,4472749800,51996404752.0
2016-09-29,sh.000300,3234.857,3257.767,3234.803,3244.387,3230.89,5545255600,62220302312.0
2016-09-30,sh.000300,3240.177,3260.94,3239.036,3253.285,3244.387,4497802200,52655734553.0
2016-10-10,sh.000300,3265.365,3294.641,3258.958,3293.869,3253.284,8051926000,89607989896.0
2016-10-11,sh.000300,3296.867,3308.004,3292.877,3306.557,3293.869,8771316300,88213421183.0
2016-10-12,sh.000300,3299.139,3302.561,3289.753,3300.01,3306.557,6866978100,72386912616.0
2016-10-13,sh.000300,3299.156,3307.409,3292.397,3302.646,3300.009,8122419800,79923748596.0
2016-10-14,sh.000300,3298.734,3306.686,3285.729,3305.848,3302.645,8231627100,81485597806.0
2016-10-17,sh.000300,3305.963,3309.01,3271.541,3277.879,3305.848,8611350900,88199418936.0
2016-10-18,sh.000300,3272.681,3321.333,3272.681,3321.333,3277.878,10286071400,104625044142.0
2016-10-19,sh.000300,3323.304,3332.52,3309.831,3316.241,3321.332,10116772500,96354442199.0
2016-10-20,sh.000300,3317.179,3324.903,3312.174,3318.604,3316.241,7923887100,82481095277.0
2016-10-21,sh.000300,3315.716,3341.56,3309.179,3327.74,3318.604,10978517600,107114926126.0
2016-10-24,sh.000300,3332.512,3382.826,3330.967,3367.578,3327.74,15301434500,150063007899.0
2016-10-25,sh.000300,3367.475,3373.914,3356.585,3367.455,3367.577,11119169300,110576512916.0
2016-10-26,sh.000300,3365.198,3367.831,3349.574,3354.8,3367.454,9802478600,104719318220.0
2016-10-27,sh.000300,3351.46,3352.354,3335.133,3345.695,3354.8,7762985100,85241012414.0
2016-10-28,sh.000300,3347.144,3370.749,3337.289,3340.126,3345.695,9313330900,104797971448.0
2016-10-31,sh.000300,3332.406,3340.469,3317.328,3336.278,3340.126,7135286300,80701820968.0
2016-11-01,sh.000300,3338.71,3359.394,3334.457,3359.052,3336.277,7493819900,84717683750.0
2016-11-02,sh.000300,3350.71,3356.397,3331.384,3333.352,3359.051,9119710400,100348995733.0
2016-11-03,sh.000300,3326.905,3379.989,3324.838,3365.085,3333.352,12622350400,137386468361.0
2016-11-04,sh.000300,3362.206,3377.639,3348.426,3354.175,3365.085,10406965500,110813764577.0
2016-11-07,sh.000300,3353.444,3362.742,3342.312,3356.592,3354.175,9987798800,94370876771.0
2016-11-08,sh.000300,3367.698,3383.917,3361.129,3371.118,3356.591,10314828200,105138256061.0
2016-11-09,sh.000300,3370.6,3373.096,3322.08,3353.055,3371.117,13911005900,145186921690.0
2016-11-10,sh.000300,3374.906,3403.016,3374.906,3390.612,3353.054,13470553500,133277399553.0
2016-11-11,sh.000300,3387.948,3422.671,3382.893,3417.221,3390.611,19878149600,190647270040.0
2016-11-14,sh.000300,3409.224,3452.616,3408.139,3430.248,3417.221,21324710500,208353308629.0
2016-11-15,sh.000300,3428.866,3434.922,3415.995,3429.87,3430.248,13456632000,135206770523.0
2016-11-16,sh.000300,3432.434,3435.637,3419.243,3429.592,3429.869,12980851100,128944599173.0
2016-11-17,sh.000300,3423.465,3437.669,3412.877,3436.535,3429.592,12156173100,121576882948.0
2016-11-18,sh.000300,3437.49,3443.118,3413.27,3417.455,3436.535,11595120500,117345607612.0
2016-11-21,sh.000300,3412.652,3463.142,3412.08,3441.111,3417.455,14643452900,147542589349.0
2016-11-22,sh.000300,3443.22,3469.219,3443.22,3468.364,3441.11,16852344600,167250665827.0
2016-11-23,sh.000300,3473.895,3492.956,3465.764,3474.729,3468.363,16238850400,171247116196.0
2016-11-24,sh.000300,3468.807,3508.165,3467.011,3488.74,3474.728,14574630100,165071453531.0
2016-11-25,sh.000300,3490.04,3521.303,3463.948,3521.298,3488.74,15362150600,166832181108.0
2016-11-28,sh.000300,3538.675,3553.36,3528.32,3535.081,3521.298,20737548300,219859766828.0
2016-11-29,sh.000300,3525.901,3583.719,3521.379,3564.04,3535.08,23691835600,248322816339.0
2016-11-30,sh.000300,3557.636,3567.069,3527.023,3538.001,3564.04,17856017800,190681227631.0
2016-12-01,sh.000300,3543.956,3575.97,3543.245,3565.036,3538.001,18017076100,199637742998.0
2016-12-02,sh.000300,3559.771,3562.55,3516.788,3528.955,3565.036,19635548000,203742147476.0
2016-12-05,sh.000300,3473.688,3496.884,3457.343,3469.407,3528.954,18085235500,190175061733.0
2016-12-06,sh.000300,3466.242,3477.59,3456.807,3459.153,3469.407,11552909000,125727753193.0
2016-12-07,sh.000300,3458.369,3475.747,3445.756,3475.747,3459.153,11434510300,115282194223.0
2016-12-08,sh.000300,3481.807,3484.34,3466.512,3470.143,3475.747,11738392200,119188508676.0
2016-12-09,sh.000300,3464.873,3507.927,3461.761,3493.7,3470.142,15030330800,152674867707.0
2016-12-12,sh.000300,3489.268,3495.802,3400.793,3409.179,3493.7,18746775100,199163540831.0
2016-12-13,sh.000300,3394.207,3416.215,3370.596,3405.035,3409.179,12110509700,124454188749.0
2016-12-14,sh.000300,3399.411,3412.28,3378.266,3378.945,3405.035,12400774400,126182669414.0
2016-12-15,sh.000300,3363.86,3378.037,3327.143,3340.434,3378.945,11496066000,121507811540.0
2016-12-16,sh.000300,3335.363,3356.292,3330.493,3346.031,3340.433,9077542200,98112206845.0
2016-12-19,sh.000300,3342.345,3344.858,3324.999,3328.983,3346.03,8164067800,86095693838.0
2016-12-20,sh.000300,3328.299,3329.102,3289.268,3309.064,3328.982,8756959200,88527345889.0
2016-12-21,sh.000300,3313.745,3342.476,3313.745,3338.536,3309.064,10825499500,106205485213.0
2016-12-22,sh.000300,3335.122,3340.363,3322.719,3335.672,3338.536,9227724900,92564877570.0
2016-12-23,sh.000300,3333.401,3334.894,3300.884,3307.599,3335.672,9744471300,99575473231.0
2016-12-26,sh.000300,3293.224,3322.421,3267.048,3322.401,3307.599,8979398200,95493219936.0
2016-12-27,sh.000300,3319.206,3330.232,3315.832,3316.385,3322.4,7548635900,79617133030.0
2016-12-28,sh.000300,3315.753,3320.547,3293.174,3301.889,3316.385,6900043700,71759839566.0
2016-12-29,sh.000300,3297.036,3312.113,3288.096,3297.765,3301.888,7008792300,75972960431.0
2016-12-30,sh.000300,3302.599,3313.55,3295.751,3310.081,3297.764,7174411600,76921368838.0
2017-01-03,sh.000300,3313.953,3345.263,3313.953,3342.227,3310.08,8656789600,87612765768.0
2017-01-04,sh.000300,3340.558,3369.566,3338.153,3368.312,3342.227,9005082700,98014355468.0
2017-01-05,sh.000300,3368.34,3373.412,3361.462,3367.789,3368.311,8833635700,91189339582.0
2017-01-06,sh.000300,3366.852,3368.871,3346.891,3347.667,3367.789,8745911400,91072256748.0
2017-01-09,sh.000300,3345.748,3366.222,3344.347,3363.901,3347.666,8370794200,87916115243.0
2017-01-10,sh.000300,3361.639,3370.505,3354.088,3358.271,3363.901,8381916000,82533965080.0
2017-01-11,sh.000300,3355.801,3366.632,3334.298,3334.495,3358.271,9107143800,86750457122.0
2017-01-12,sh.000300,3332.686,3343.128,3315.963,3317.624,3334.495,8123913500,75031886874.0
2017-01-13,sh.000300,3317.962,3338.174,3309.374,3319.912,3317.624,8418058900,84556101403.0
2017-01-16,sh.000300,3314.151,3322.782,3264.207,3319.446,3319.912,15777913500,153262520121.0
2017-01-17,sh.000300,3305.6,3327.377,3292.204,3326.356,3319.445,6945332800,74754505696.0
2017-01-18,sh.000300,3323.339,3350.962,3320.406,3339.365,3326.356,7062322700,75680677264.0
2017-01-19,sh.000300,3330.952,3346.496,3324.684,3329.289,3339.365,6615980800,63869709163.0
2017-01-20,sh.000300,3326.977,3358.412,3326.374,3354.889,3329.289,6530046200,70831324310.0
2017-01-23,sh.000300,3359.054,3378.739,3355.847,3364.081,3354.889,7555749800,76492660154.0
2017-01-24,sh.000300,3363.137,3371.32,3355.899,3364.451,3364.08,6619422600,66049651289.0
2017-01-25,sh.000300,3361.656,3376.441,3357.218,3375.904,3364.45,5837693100,62483395802.0
2017-01-26,sh.000300,3378.261,3395.885,3378.261,3387.961,3375.904,6531664700,66488818305.0
2017-02-03,sh.000300,3390.931,3392.477,3362.565,3364.492,3387.96,5518886100,57113853255.0
2017-02-06,sh.000300,3368.108,3381.335,3358.752,3373.205,3364.492,6852136000,73408134768.0
2017-02-07,sh.000300,3371.77,3376.71,3354.625,3365.685,3373.205,6375446200,69758178999.0
2017-02-08,sh.000300,3361.781,3383.686,3347.43,3383.288,3365.684,7540287900,82869735773.0
2017-02-09,sh.000300,3381.899,3406.589,3379.787,3396.292,3383.287,9755851500,102134228699.0
2017-02-10,sh.000300,3398.317,3422.326,3398.03,3413.487,3396.292,12376872000,121908580284.0
2017-02-13,sh.000300,3416.917,3439.543,3416.875,3436.275,3413.486,12014453800,125332998844.0
2017-02-14,sh.000300,3438.511,3440.675,3424.403,3435.804,3436.275,9480946500,98537165438.0
2017-02-15,sh.000300,3435.388,3448.032,3417.081,3421.713,3435.804,12764333800,124653179488.0
2017-02-16,sh.000300,3421.83,3440.933,3418.351,3440.933,3421.713,10827696200,101809767504.0
2017-02-17,sh.000300,3443.617,3457.556,3419.614,3421.442,3440.933,11460003600,118033129670.0
2017-02-20,sh.000300,3421.643,3472.604,3421.643,3471.393,3421.441,13262886200,134681505159.0
2017-02-21,sh.000300,3475.058,3490.085,3472.017,3482.823,3471.392,11484200900,120675429543.0
2017-02-22,sh.000300,3483.201,3489.946,3473.524,3489.757,3482.823,10281599400,109232425841.0
2017-02-23,sh.000300,3487.574,3492.962,3460.118,3473.323,3489.756,9953633000,106555922466.0
2017-02-24,sh.000300,3468.959,3473.852,3455.251,3473.852,3473.323,9553513300,99875164759.0
2017-02-27,sh.000300,3471.132,3472.836,3441.394,3446.223,3473.851,9867216000,106830874529.0
2017-02-28,sh.000300,3445.027,3460.909,3441.359,3452.81,3446.222,7521526000,81979307361.0
2017-03-01,sh.000300,3452.206,3472.696,3449.109,3458.438,3452.81,10326035400,109317781348.0
2017-03-02,sh.000300,3463.483,3468.471,3434.001,3435.096,3458.437,8989807700,97876187925.0
2017-03-03,sh.000300,3424.663,3428.882,3412.831,3427.863,3435.096,8099465200,90009618835.0
2017-03-06,sh.000300,3427.253,3449.034,3425.904,3446.484,3427.862,8307088200,95178548496.0
2017-03-07,sh.000300,3446.163,3454.039,3440.057,3453.957,3446.484,8033472000,94483824245.0
2017-03-08,sh.000300,3452.201,3457.035,3441.258,3448.731,3453.956,7958769000,89124904682.0
2017-03-09,sh.000300,3442.895,3443.045,3414.678,3426.944,3448.731,8457038100,90090049490.0
2017-03-10,sh.000300,3423.978,3436.239,3423.937,3427.892,3426.943,7001619900,82161714923.0
2017-03-13,sh.000300,3425.672,3458.098,3412.688,3458.098,3427.891,9168412400,108489140923.0
2017-03-14,sh.000300,3456.658,3465.392,3448.903,3456.693,3458.098,7707796300,95317564129.0
2017-03-15,sh.000300,3452.214,3463.919,3445.268,3463.644,3456.693,7910495400,94056256667.0
2017-03-16,sh.000300,3472.269,3492.127,3472.269,3481.507,3463.643,10633391300,124695573677.0
2017-03-17,sh.000300,3485.311,3488.497,3441.469,3445.805,3481.506,10375556000,122368918550.0
2017-03-20,sh.000300,3449.052,3454.063,3429.825,3449.613,3445.805,8873432200,103769403897.0
2017-03-21,sh.000300,3449.77,3466.703,3445.642,3466.347,3449.612,8770785500,113528201390.0
2017-03-22,sh.000300,3450.754,3464.333,3433.5,3450.05,3466.346,10493589400,123865640377.0
2017-03-23,sh.000300,3452.406,3470.816,3435.691,3461.978,3450.05,9431806200,115813813702.0
2017-03-24,sh.000300,3464.197,3499.318,3461.111,3489.6,3461.978,12564583300,141752526681.0
2017-03-27,sh.000300,3488.765,3505.979,3474.521,3478.039,3489.599,10701537700,124388012134.0
2017-03-28,sh.000300,3480.249,3482.292,3461.468,3469.809,3478.038,8419482000,97495938765.0
2017-03-29,sh.000300,3472.967,3483.057,3455.553,3465.193,3469.809,10485170600,114663468279.0
2017-03-30,sh.000300,3461.616,3467.305,3422.366,3436.758,3465.193,11637692200,122088021630.0
2017-03-31,sh.000300,3434.822,3456.305,3430.82,3456.045,3436.758,9157749100,100984904830.0
2017-04-05,sh.000300,3476.423,3504.538,3475.149,3503.893,3456.045,14339901700,160742981172.0
2017-04-06,sh.000300,3507.988,3517.778,3495.725,3514.047,3503.893,13676700400,145221644165.0
2017-04-07,sh.000300,3514.452,3526.815,3506.388,3517.463,3514.046,14029320400,144559675567.0
2017-04-10,sh.000300,3519.46,3522.795,3502.083,3505.139,3517.463,14188738000,155747834572.0
2017-04-11,sh.000300,3503.829,3520.132,3466.139,3517.328,3505.139,16594583200,189457268655.0
2017-04-12,sh.000300,3514.572,3523.097,3497.999,3509.439,3517.328,18182453700,202154571423.0
2017-04-13,sh.000300,3500.284,3518.438,3496.57,3514.566,3509.438,12998181300,133345929014.0
2017-04-14,sh.000300,3516.81,3517.466,3476.947,3486.504,3514.566,13547407800,130425385379.0
2017-04-17,sh.000300,3475.738,3480.57,3453.676,3479.942,3486.504,11716496100,123884371227.0
2017-04-18,sh.000300,3474.889,3489.084,3462.63,3462.743,3479.941,11092782300,126790853425.0
2017-04-19,sh.000300,3452.99,3459.352,3418.514,3445.876,3462.742,12134926400,127050362407.0
2017-04-20,sh.000300,3444.522,3465.609,3440.715,3461.548,3445.876,11418420800,133977258346.0
2017-04-21,sh.000300,3461.389,3475.562,3449.542,3466.787,3461.548,10441911000,115208831746.0
2017-04-24,sh.000300,3458.228,3458.228,3403.979,3431.259,3466.786,11466079100,122778154321.0
2017-04-25,sh.000300,3427.732,3449.672,3422.652,3440.974,3431.258,9407214800,107599357209.0
2017-04-26,sh.000300,3440.253,3466.565,3439.15,3445.183,3440.974,11194002900,131316579235.0
2017-04-27,sh.000300,3435.102,3449.272,3399.539,3446.72,3445.183,12329842500,134610947828.0
2017-04-28,sh.000300,3439.573,3439.904,3417.238,3439.753,3446.72,10163235100,113761006698.0
2017-05-02,sh.000300,3427.917,3436.306,3418.665,3426.577,3439.753,9279746200,101635858602.0
2017-05-03,sh.000300,3421.759,3432.225,3403.078,3413.128,3426.576,9166962400,97854119098.0
2017-05-04,sh.000300,3404.938,3421.395,3391.277,3404.386,3413.128,10348207500,106985952575.0
2017-05-05,sh.000300,3393.483,3395.453,3366.557,3382.55,3404.386,10989533300,117464939578.0
2017-05-08,sh.000300,3369.108,3374.157,3339.574,3358.813,3382.55,12374928700,126885426472.0
2017-05-09,sh.000300,3342.598,3358.046,3327.59,3352.532,3358.812,7677166800,85528831749.0
2017-05-10,sh.000300,3350.65,3369.435,3336.003,3337.701,3352.532,9208262800,102194980791.0
2017-05-11,sh.000300,3322.946,3359.6,3312.892,3356.646,3337.7,10925289000,111576379054.0
2017-05-12,sh.000300,3350.937,3387.268,3349.167,3385.379,3356.645,9338646600,97522124594.0
2017-05-15,sh.000300,3391.588,3406.581,3391.588,3399.194,3385.378,8297761100,92183332845.0
2017-05-16,sh.000300,3390.925,3428.853,3373.552,3428.649,3399.193,10524241600,112814103201.0
2017-05-17,sh.000300,3423.19,3433.969,3408.154,3409.966,3428.649,9973683700,110553451835.0
2017-05-18,sh.000300,3387.666,3409.932,3383.935,3398.113,3409.965,8575958900,88091166041.0
2017-05-19,sh.000300,3395.232,3405.945,3392.378,3403.849,3398.112,7147352500,78397081602.0
2017-05-22,sh.000300,3400.588,3424.177,3391.175,3411.239,3403.849,9253955900,99021121578.0
2017-05-23,sh.000300,3405.025,3434.766,3401.534,3424.194,3411.238,11691103300,126767856025.0
2017-05-24,sh.000300,3409.717,3424.167,3383.892,3424.167,3424.194,8355316100,92620045548.0
2017-05-25,sh.000300,3414.399,3490.417,3413.225,3485.658,3424.166,13072163100,136634020807.0
2017-05-26,sh.000300,3479.621,3498.315,3473.04,3480.435,3485.658,10324115300,112585907354.0
2017-05-31,sh.000300,3495.073,3515.081,3474.921,3492.884,3480.434,10482974464,115968724992.0
2017-06-01,sh.000300,3485.222,3499.814,3476.428,3497.738,3492.884,10312772352,116088766464.0
2017-06-02,sh.000300,3491.589,3498.118,3470.201,3486.507,3497.738,8266800896,92850745344.0
2017-06-05,sh.000300,3480.169,3484.124,3462.314,3468.753,3486.507,7973815296,85609467904.0
2017-06-06,sh.000300,3464.376,3492.881,3460.453,3492.881,3468.753,6408938752,77868793856.0
2017-06-07,sh.000300,3493.884,3537.094,3491.132,3533.871,3492.881,10441996800,124189290496.0
2017-06-08,sh.000300,3531.241,3562.272,3528.179,3560.978,3533.871,9022490624,112035618816.0
2017-06-09,sh.000300,3561.241,3590.887,3560.633,3576.17,3560.978,10118826496,121700585472.0
2017-06-12,sh.000300,3570.219,3603.69,3565.901,3574.389,3576.17,9038116608,117690802176.0
2017-06-13,sh.000300,3569.159,3584.409,3559.213,3582.267,3574.389,7517713920,94223085568.0
2017-06-14,sh.000300,3571.248,3571.248,3530.274,3535.298,3582.267,8381078272,106105319424.0
2017-06-15,sh.000300,3530.746,3542.279,3508.946,3528.792,3535.298,8263253504,106053902336.0
2017-06-16,sh.000300,3522.974,3536.14,3514.389,3518.761,3528.792,7645270784,91462287360.0
2017-06-19,sh.000300,3520.06,3554.91,3520.06,3553.665,3518.761,7979714048,98572357632.0
2017-06-20,sh.000300,3560.787,3563.696,3539.514,3546.494,3553.665,8050956032,98187595776.0
2017-06-21,sh.000300,3567.125,3587.986,3545.566,3587.955,3546.494,8785982464,117147795456.0
2017-06-22,sh.000300,3583.558,3635.527,3581.337,3590.342,3587.955,13552698624,169418805248.0
2017-06-23,sh.000300,3583.435,3623.235,3569.322,3622.883,3590.342,10512913408,133975113728.0
2017-06-26,sh.000300,3627.02,3671.943,3627.02,3668.091,3622.883,13463799552,170736840704.0
2017-06-27,sh.000300,3665.577,3676.532,3648.763,3674.715,3668.091,9755870208,123057229824.0
2017-06-28,sh.000300,3664.162,3672.188,3644.026,3646.166,3674.715,9792085760,124465946624.0
2017-06-29,sh.000300,3649.252,3669.134,3644.733,3668.827,3646.167,8558949888,111847268352.0
2017-06-30,sh.000300,3654.734,3669.758,3646.227,3666.797,3668.828,8151002880,102459981824.0
2017-07-03,sh.000300,3667.231,3667.595,3633.782,3650.846,3666.798,8882085888,115214688256.0
2017-07-04,sh.000300,3646.828,3646.845,3611.691,3619.984,3650.846,9507141376,125350416384.0
2017-07-05,sh.000300,3611.898,3660.729,3610.458,3659.679,3619.984,8823242496,120351563776.0
2017-07-06,sh.000300,3654.557,3666.774,3629.56,3660.096,3659.679,10237924608,132837126144.0
2017-07-07,sh.000300,3647.641,3657.113,3631.87,3655.929,3660.097,10373549824,123465392128.0
2017-07-10,sh.000300,3647.937,3667.845,3641.527,3653.686,3655.929,12059191040,141034627072.0
2017-07-11,sh.000300,3646.878,3701.208,3645.994,3670.808,3653.687,11876082688,145084362752.0
2017-07-12,sh.000300,3672.632,3691.581,3640.589,3658.823,3670.809,12228779264,143494598656.0
2017-07-13,sh.000300,3656.35,3690.483,3652.565,3686.92,3658.823,12566955008,146388680704.0
2017-07-14,sh.000300,3682.615,3703.094,3672.742,3703.094,3686.92,10551400448,121021448192.0
2017-07-17,sh.000300,3700.617,3716.47,3621.365,3663.557,3703.094,17882160128,196217253888.0
2017-07-18,sh.000300,3648.494,3667.54,3622.041,3667.18,3663.557,12462205696,141472284672.0
2017-07-19,sh.000300,3660.866,3731.046,3658.203,3729.746,3667.18,18247778816,198392451072.0
2017-07-20,sh.000300,3725.143,3750.193,3723.068,3747.884,3729.746,14241004032,169267150848.0
2017-07-21,sh.000300,3738.184,3751.694,3722.065,3728.597,3747.884,11794122496,141432631296.0
2017-07-24,sh.000300,3724.377,3755.19,3719.848,3743.468,3728.597,13486872320,154701873152.0
2017-07-25,sh.000300,3742.64,3752.155,3713.276,3719.559,3743.468,12167205888,133531656192.0
2017-07-26,sh.000300,3722.876,3738.531,3684.181,3705.388,3719.559,13632520960,146518003712.0
2017-07-27,sh.000300,3700.855,3716.688,3672.497,3712.194,3705.388,14500290304,161631223808.0
2017-07-28,sh.000300,3703.489,3725.537,3696.777,3721.891,3712.194,11141139200,125817860096.0
2017-07-31,sh.000300,3722.428,3746.52,3713.655,3737.873,3721.891,14842903808,160890134528.0
2017-08-01,sh.000300,3738.736,3770.404,3737.095,3770.382,3737.873,15254653952,173127577600.0
2017-08-02,sh.000300,3768.193,3784.351,3759.276,3760.852,3770.382,17229338368,189336784896.0
2017-08-03,sh.000300,3755.108,3766.345,3718.435,3727.826,3760.852,14615394304,164710461440.0
2017-08-04,sh.000300,3724.722,3738.731,3707.003,3707.579,3727.826,15747005952,168292663296.0
2017-08-07,sh.000300,3701.216,3730.777,3689.955,3726.794,3707.579,12423152896,134348537856.0
2017-08-08,sh.000300,3724.328,3737.334,3718.811,3732.212,3726.794,13724192768,146481868800.0
2017-08-09,sh.000300,3728.031,3738.999,3713.566,3731.044,3732.212,12467998976,137223598080.0
2017-08-10,sh.000300,3724.962,3746.861,3688.176,3715.92,3731.044,13008512768,148005171200.0
2017-08-11,sh.000300,3687.931,3700.494,3645.094,3647.35,3715.92,15038742016,161083469824.0
2017-08-14,sh.000300,3651.375,3698.366,3651.375,3694.683,3647.35,11530845184,140233895936.0
2017-08-15,sh.000300,3695.78,3719.293,3692.28,3706.056,3694.683,10644485632,124790632448.0
2017-08-16,sh.000300,3701.133,3707.144,3679.733,3701.42,3706.056,10413414144,127282167808.0
2017-08-17,sh.000300,3707.066,3722.623,3704.412,3721.277,3701.42,10865625088,137020002304.0
2017-08-18,sh.000300,3707.189,3733.491,3700.411,3724.674,3721.277,9656170496,123078164480.0
2017-08-21,sh.000300,3731.839,3744.263,3728.615,3740.994,3724.674,10031307264,123911716864.0
2017-08-22,sh.000300,3745.754,3758.292,3734.555,3752.298,3740.994,10029285632,131131076608.0
2017-08-23,sh.000300,3747.61,3772.456,3741.72,3756.088,3752.298,10496157184,124081156096.0
2017-08-24,sh.000300,3755.89,3765.708,3729.087,3734.645,3756.088,8994737152,107736018944.0
2017-08-25,sh.000300,3736.291,3795.969,3736.291,3795.754,3734.645,12994089984,150697082880.0
2017-08-28,sh.000300,3805.656,3866.942,3805.656,3842.711,3795.754,18557632512,236446281728.0
2017-08-29,sh.000300,3839.177,3847.93,3825.759,3834.537,3842.711,12822706944,158978682880.0
2017-08-30,sh.000300,3834.268,3854.706,3827.86,3834.3,3834.537,14135285760,166235123712.0
2017-08-31,sh.000300,3835.839,3840.199,3800.886,3822.092,3834.3,13294493440,157079216128.0
2017-09-01,sh.000300,3825.339,3843.617,3818.158,3830.538,3822.092,15864551168,182770434048.0
2017-09-04,sh.000300,3828.544,3847.09,3813.553,3845.616,3830.538,14956632064,175551070208.0
2017-09-05,sh.000300,3845.545,3865.293,3841.951,3857.046,3845.616,12496415488,145779757056.0
2017-09-06,sh.000300,3846.747,3858.248,3831.383,3849.449,3857.046,13139872256,155883315200.0
2017-09-07,sh.000300,3851.688,3858.161,3828.835,3829.871,3849.449,12388418048,156113395712.0
2017-09-08,sh.000300,3830.07,3843.018,3813.983,3825.989,3829.871,10603650304,134958583808.0
2017-09-11,sh.000300,3828.342,3850.74,3817.51,3825.645,3825.989,12388399616,154793902080.0
2017-09-12,sh.000300,3832.242,3849.388,3822.003,3837.934,3825.645,14419024128,187605311488.0
2017-09-13,sh.000300,3835.549,3847.784,3822.944,3842.606,3837.934,9541078528,126254362624.0
2017-09-14,sh.000300,3843.572,3854.493,3820.087,3829.955,3842.606,11535858432,143111639040.0
2017-09-15,sh.000300,3826.144,3843.297,3818.523,3831.296,3829.955,12242700544,153477214208.0
2017-09-18,sh.000300,3832.962,3862.358,3832.962,3843.142,3831.296,11793440512,152841027584.0
2017-09-19,sh.000300,3849.879,3857.303,3820.288,3832.116,3843.142,11243298816,145528459264.0
2017-09-20,sh.000300,3830.154,3850.942,3827.885,3842.435,3832.116,10112954112,135041884160.0
2017-09-21,sh.000300,3843.257,3860.797,3837.384,3837.817,3842.435,11109819136,144132894720.0
2017-09-22,sh.000300,3826.458,3842.252,3816.822,3837.73,3837.817,10061980160,128360894464.0
2017-09-25,sh.000300,3829.219,3835.389,3811.119,3817.791,3837.73,10394897664,135980240896.0
2017-09-26,sh.000300,3810.333,3821.692,3808.382,3820.781,3817.791,8186940672,101036335104.0
2017-09-27,sh.000300,3818.964,3832.566,3818.814,3821.2,3820.781,8565581056,109299490816.0
2017-09-28,sh.000300,3821.59,3827.33,3813.753,3822.538,3821.2,9354406912,115646337024.0
2017-09-29,sh.000300,3825.202,3852.223,3825.202,3836.501,3822.538,9330602752,116056776704.0
2017-10-09,sh.000300,3910.114,3918.839,3876.032,3882.207,3836.501,13553585152,171941462016.0
2017-10-10,sh.000300,3883.003,3900.741,3855.466,3889.863,3882.207,11253258496,157979738112.0
2017-10-11,sh.000300,3886.818,3913.069,3885.497,3902.686,3889.863,10441815040,144152739840.0
2017-10-12,sh.000300,3902.015,3917.443,3897.547,3912.953,3902.686,9434092032,123147247616.0
2017-10-13,sh.000300,3912.975,3927.174,3908.888,3921.001,3912.953,9014206720,114314854400.0
2017-10-16,sh.000300,3926.275,3947.423,3913.322,3913.446,3921.001,12135503360,150823755776.0
2017-10-17,sh.000300,3910.789,3924.614,3900.475,3913.068,3913.446,8224122624,106708451328.0
2017-10-18,sh.000300,3914.815,3944.41,3914.815,3944.162,3913.068,10096984064,126420381696.0
2017-10-19,sh.000300,3940.583,3944.034,3923.645,3931.249,3944.162,10652725248,133189857280.0
2017-10-20,sh.000300,3918.526,3928.96,3910.197,3926.852,3931.249,7298018048,94529638400.0
2017-10-23,sh.000300,3930.891,3936.272,3920.656,3930.798,3926.852,8148497920,100280909824.0
2017-10-24,sh.000300,3926.229,3959.495,3922.028,3959.395,3930.798,9305815296,120192151552.0
2017-10-25,sh.000300,3958.166,3978.089,3954.001,3976.949,3959.395,8820545792,106820308992.0
2017-10-26,sh.000300,3980.047,4013.598,3973.553,3993.575,3976.949,12989546496,170488619008.0
2017-10-27,sh.000300,3992.553,4024.464,3991.354,4021.967,3993.575,12667284736,152974831616.0
2017-10-30,sh.000300,4022.164,4033.339,3960.269,4009.721,4021.967,15738760192,193489838080.0
2017-10-31,sh.000300,3995.393,4009.282,3983.256,4006.717,4009.721,10917878016,142897205248.0
2017-11-01,sh.000300,4007.911,4032.458,3991.323,3996.622,4006.717,13041737984,166477139968.0
2017-11-02,sh.000300,3994.094,3999.226,3971.376,3997.134,3996.622,12610057984,151981363200.0
2017-11-03,sh.000300,3992.349,3999.337,3963.026,3992.697,3997.134,12940443904,158142058496.0
2017-11-06,sh.000300,3989.182,4021.638,3975.406,4020.889,3992.697,12208115968,158911860736.0
2017-11-07,sh.000300,4022.401,4064.217,4021.363,4054.246,4020.889,15211666432,193990975488.0
2017-11-08,sh.000300,4051.493,4089.145,4040.577,4048.005,4054.246,15082771968,200949739520.0
2017-11-09,sh.000300,4043.066,4076.61,4038.4,4075.899,4048.005,12105633536,159247200256.0
2017-11-10,sh.000300,4070.276,4116.714,4067.657,4111.911,4075.899,14181716480,198869835776.0
2017-11-13,sh.000300,4115.55,4137.645,4115.55,4128.073,4111.911,15144630784,205930795008.0
2017-11-14,sh.000300,4129.273,4133.546,4086.89,4099.351,4128.073,14323693568,199605010432.0
2017-11-15,sh.000300,4084.213,4102.807,4055.716,4073.669,4099.35,12063569664,177753075712.0
2017-11-16,sh.000300,4063.494,4107.617,4062.273,4105.012,4073.669,12138441472,172903882752.0
2017-11-17,sh.000300,4094.078,4122.375,4081.372,4120.85,4105.012,19178412032,253079314432.0
2017-11-20,sh.000300,4093.734,4144.514,4060.963,4143.833,4120.85,13744725760,191589638144.0
2017-11-21,sh.000300,4131.848,4220.263,4129.978,4217.701,4143.833,18035081984,253302198272.0
2017-11-22,sh.000300,4228.372,4260.639,4191.145,4227.566,4217.701,18647700224,254298361856.0
2017-11-23,sh.000300,4213.378,4214.189,4086.901,4102.396,4227.566,17814722816,237536706560.0
2017-11-24,sh.000300,4089.472,4116.594,4057.489,4104.203,4102.396,13085804032,182912192512.0
2017-11-27,sh.000300,4088.931,4088.931,4037.145,4049.947,4104.203,14345526784,183004553216.0
2017-11-28,sh.000300,4034.205,4056.475,4010.295,4055.823,4049.947,10205809408,135539646464.0
2017-11-29,sh.000300,4061.354,4069.241,4004.687,4053.752,4055.823,12455364096,165743341568.0
2017-11-30,sh.000300,4034.009,4052.797,3988.001,4006.099,4053.752,10798334464,145829949440.0
2017-12-01,sh.000300,4003.56,4027.106,3984.377,3998.136,4006.099,9738691328,136010928128.0
2017-12-04,sh.000300,3989.046,4032.985,3982.318,4018.857,3998.136,10264721920,138223054848.0
2017-12-05,sh.000300,4007.936,4045.933,4006.543,4040.17,4018.857,15408707584,196337659904.0
2017-12-06,sh.000300,4027.123,4031.753,3964.808,4015.821,4040.17,10928620544,144114954240.0
2017-12-07,sh.000300,4003.582,4017.946,3955.993,3971.056,4015.821,9025404416,119651201024.0
2017-12-08,sh.000300,3962.828,4014.138,3955.44,4003.379,3971.056,8928286208,124371230720.0
2017-12-11,sh.000300,4006.878,4069.499,4005.268,4069.499,4003.379,9714894592,148476588032.0
2017-12-12,sh.000300,4068.505,4070.15,4015.454,4016.016,4069.499,8433871872,123515183104.0
2017-12-13,sh.000300,4013.831,4052.687,4004.743,4050.092,4016.016,7754612992,115006382080.0
2017-12-14,sh.000300,4050.902,4057.624,4013.854,4026.151,4050.092,8076886272,115086946304.0
2017-12-15,sh.000300,4018.731,4020.266,3974.927,3980.855,4026.151,8904438784,118474145792.0
2017-12-18,sh.000300,3983.296,4008.068,3967.934,3985.291,3980.855,7785337600,111724351488.0
2017-12-19,sh.000300,3985.823,4035.629,3985.823,4035.329,3985.291,7752898560,115998203904.0
2017-12-20,sh.000300,4036.019,4044.848,4015.628,4030.489,4035.329,9060450304,126812876800.0
2017-12-21,sh.000300,4023.076,4080.781,4014.652,4067.848,4030.489,9683608832,137819521024.0
2017-12-22,sh.000300,4064.913,4076.802,4048.491,4054.598,4067.848,7347368448,104426496000.0
2017-12-25,sh.000300,4057.417,4086.934,4026.449,4041.54,4054.598,9192696320,129938837504.0
2017-12-26,sh.000300,4040.617,4056.855,4015.299,4053.622,4041.54,9111878912,119725101056.0
2017-12-27,sh.000300,4045.279,4047.736,3986.738,3991.207,4053.622,10515357696,140516909056.0
2017-12-28,sh.000300,3992.997,4036.697,3980.235,4018.897,3991.207,11854288640,153636696064.0
2017-12-29,sh.000300,4022.882,4043.14,4012.874,4030.854,4018.897,9048668416,121257037824.0
2018-01-02,sh.000300,4045.208,4087.778,4045.208,4087.401,4030.854,14693543424,178402033664.0
2018-01-03,sh.000300,4091.46,4140.054,4088.73,4111.392,4087.401,15185221888,205726887936.0
2018-01-04,sh.000300,4114.121,4137.642,4105.885,4128.811,4111.392,13454379520,174523555840.0
2018-01-05,sh.000300,4133.343,4151.281,4123.281,4138.75,4128.811,14900987136,185206292480.0
2018-01-08,sh.000300,4140.854,4166.318,4127.308,4160.159,4138.75,17387766528,226403872768.0
2018-01-09,sh.000300,4157.539,4191.284,4153.502,4189.297,4160.159,13903429376,181975080960.0
2018-01-10,sh.000300,4187.204,4211.054,4175.135,4207.813,4189.297,15112166656,194850254848.0
2018-01-11,sh.000300,4197.113,4211.799,4181.957,4205.586,4207.813,12157853952,170407305216.0
2018-01-12,sh.000300,4205.144,4227.392,4199.025,4225.001,4205.586,11135479296,157606211584.0
2018-01-15,sh.000300,4229.835,4262.931,4216.358,4225.239,4225.001,17090789632,234986586112.0
2018-01-16,sh.000300,4215.624,4260.211,4213.127,4258.473,4225.239,16149496320,228271226880.0
2018-01-17,sh.000300,4261.783,4283.344,4230.536,4248.116,4258.473,21431103232,284554358784.0
2018-01-18,sh.000300,4259.375,4292.637,4246.684,4271.416,4248.116,17203284736,225289687040.0
2018-01-19,sh.000300,4281.937,4316.571,4269.616,4285.395,4271.416,20949057024,258554724352.0
2018-01-22,sh.000300,4276.481,4338.483,4275.897,4336.597,4285.395,17464319488,233960222720.0
2018-01-23,sh.000300,4346.888,4383.572,4346.792,4382.612,4336.597,20186758400,257113358336.0
2018-01-24,sh.000300,4389.454,4397.819,4349.086,4389.885,4382.612,21981889024,284470808576.0
2018-01-25,sh.000300,4381.976,4392.196,4336.238,4365.079,4389.885,19537495040,250308091904.0
2018-01-26,sh.000300,4352.221,4403.337,4351.487,4381.299,4365.079,17722723584,223331307520.0
2018-01-29,sh.000300,4387.057,4395.905,4287.112,4302.018,4381.299,19110035456,256176324608.0
2018-01-30,sh.000300,4286.683,4308.511,4251.57,4256.102,4302.018,13903472896,186650566656.0
2018-01-31,sh.000300,4234.11,4287.857,4232.772,4275.898,4256.102,14521016320,194401800192.0
2018-02-01,sh.000300,4276.342,4287.388,4214.29,4245.897,4275.898,19000293376,239230300160.0
2018-02-02,sh.000300,4213.938,4271.764,4181.779,4271.232,4245.897,14606682624,191169867776.0
2018-02-05,sh.000300,4204.458,4274.146,4200.14,4274.146,4271.232,16134779904,217360146432.0
2018-02-06,sh.000300,4182.325,4211.523,4131.556,4148.885,4274.146,21491045120,279415083008.0
2018-02-07,sh.000300,4205.736,4212.567,4048.422,4050.497,4148.885,20312749312,261507026944.0
2018-02-08,sh.000300,4022.88,4071.665,3974.677,4012.047,4050.497,15926998528,199061770240.0
2018-02-09,sh.000300,3896.169,3911.291,3759.146,3840.652,4012.047,20634982912,246774829056.0
2018-02-12,sh.000300,3846.267,3907.843,3828.069,3890.104,3840.652,11618263808,149858041856.0
2018-02-13,sh.000300,3925.595,3986.98,3925.595,3935.632,3890.104,11256588544,144479354880.0
2018-02-14,sh.000300,3945.094,3971.404,3923.126,3966.961,3935.632,7108133888,93110202368.0
2018-02-22,sh.000300,4020.973,4058.787,4009.92,4052.733,3966.961,10581157120,138334363648.0
2018-02-23,sh.000300,4061.754,4085.2,4035.231,4071.088,4052.733,9945874688,128195833856.0
2018-02-26,sh.000300,4093.398,4128.743,4048.983,4118.418,4071.088,13788100096,179013095424.0
2018-02-27,sh.000300,4120.871,4120.871,4051.805,4058.98,4118.418,12593446912,169684901888.0
2018-02-28,sh.000300,4016.791,4051.712,3991.706,4023.641,4058.98,10934359296,152493907968.0
2018-03-01,sh.000300,3994.868,4061.032,3986.894,4049.086,4023.641,11019985152,146003456000.0
2018-03-02,sh.000300,4014.951,4044.418,4006.943,4016.461,4049.086,9616499968,130931179520.0
2018-03-05,sh.000300,4021.657,4042.834,3995.871,4018.097,4016.461,8795254784,118197858304.0
2018-03-06,sh.000300,4034.985,4067.552,3998.931,4066.564,4018.097,13876244480,171370655744.0
2018-03-07,sh.000300,4063.502,4089.696,4027.936,4036.653,4066.564,10695242496,136572305408.0
2018-03-08,sh.000300,4038.952,4078.226,4029.714,4077.6,4036.653,9115580928,123634638848.0
2018-03-09,sh.000300,4088.07,4110.673,4076.453,4108.865,4077.6,11370180864,150024118272.0
2018-03-12,sh.000300,4130.708,4139.525,4112.765,4127.666,4108.865,14090673920,190367592448.0
2018-03-13,sh.000300,4124.331,4130.282,4087.562,4091.253,4127.666,11176643072,141174161408.0
2018-03-14,sh.000300,4076.062,4089.094,4066.489,4073.344,4091.253,9901340928,131537960960.0
2018-03-15,sh.000300,4058.705,4098.989,4058.705,4096.162,4073.344,8816115712,126882451456.0
2018-03-16,sh.000300,4096.885,4110.045,4055.822,4056.422,4096.162,8489618688,122125340672.0
2018-03-19,sh.000300,4054.616,4074.518,4033.521,4074.247,4056.422,8150288128,118183817216.0
2018-03-20,sh.000300,4045.742,4080.192,4040.308,4077.704,4074.247,8060528128,111980232704.0
2018-03-21,sh.000300,4097.024,4110.115,4046.24,4061.05,4077.704,9760948736,139330412544.0
2018-03-22,sh.000300,4062.066,4072.377,4003.721,4020.349,4061.05,8909526016,127664336896.0
2018-03-23,sh.000300,3896.735,3928.511,3834.937,3904.935,4020.349,18008044800,218905030656.0
2018-03-26,sh.000300,3862.694,3883.901,3829.915,3879.893,3904.935,11513912832,156604526592.0
2018-03-27,sh.000300,3927.492,3936.778,3881.872,3913.268,3879.893,11370071040,162291548160.0
2018-03-28,sh.000300,3865.045,3907.281,3835.882,3842.715,3913.268,10149490688,155848949760.0
2018-03-29,sh.000300,3854.591,3913.957,3794.261,3894.049,3842.715,11662906624,164996784128.0
2018-03-30,sh.000300,3893.746,3915.347,3879.212,3898.497,3894.049,9751227136,137959280640.0
2018-04-02,sh.000300,3897.005,3937.018,3882.885,3886.918,3898.497,11124266496,159356080128.0
2018-04-03,sh.000300,3850.154,3878.15,3839.933,3862.479,3886.918,9513736960,132049936384.0
2018-04-04,sh.000300,3873.626,3898.612,3852.495,3854.862,3862.479,8873060864,131593068544.0
2018-04-09,sh.000300,3851.954,3870.673,3827.413,3852.929,3854.862,8410546176,118167273472.0
2018-04-10,sh.000300,3860.722,3927.424,3851.795,3927.172,3852.929,10617372160,137941299200.0
2018-04-11,sh.000300,3934.169,3958.707,3924.96,3938.343,3927.172,11193302016,139989291008.0
2018-04-12,sh.000300,3935.673,3937.783,3896.178,3898.635,3938.343,8269948928,108075565056.0
2018-04-13,sh.000300,3920.737,3929.952,3866.186,3871.144,3898.635,7154420224,98921828352.0
2018-04-16,sh.000300,3862.473,3869.156,3789.612,3808.863,3871.144,9921776896,131566866432.0
2018-04-17,sh.000300,3812.874,3822.626,3745.444,3748.641,3808.863,9061079040,126518751232.0
2018-04-18,sh.000300,3785.305,3789.659,3708.106,3766.282,3748.641,10667670528,143077675008.0
2018-04-19,sh.000300,3774.784,3824.032,3767.797,3811.843,3766.282,9905405952,127520120832.0
2018-04-20,sh.000300,3801.207,3815.444,3750.103,3760.854,3811.843,9928292608,123550662656.0
2018-04-23,sh.000300,3754.689,3787.395,3735.184,3766.325,3760.854,9035629056,111763030016.0
2018-04-24,sh.000300,3769.878,3854.429,3769.878,3843.488,3766.325,11421952512,145700511744.0
2018-04-25,sh.000300,3824.592,3838.692,3817.032,3828.701,3843.488,7817261312,105750450176.0
2018-04-26,sh.000300,3823.392,3828.712,3744.885,3755.494,3828.701,8715064064,125772304384.0
2018-04-27,sh.000300,3771.036,3776.975,3714.644,3756.876,3755.494,8953172736,142113628160.0
2018-05-02,sh.000300,3769.925,3787.302,3744.547,3763.646,3756.876,8330103552,120083484672.0
2018-05-03,sh.000300,3756.165,3797.526,3732.371,3793.0,3763.646,9396111872,122740170752.0
2018-05-04,sh.000300,3784.316,3801.524,3770.938,3774.598,3793.0,7155428864,98315255808.0
2018-05-07,sh.000300,3782.54,3834.587,3776.029,3834.187,3774.598,8728619520,126354800640.0
2018-05-08,sh.000300,3834.614,3892.073,3833.729,3878.676,3834.187,9421515776,135445864448.0
2018-05-09,sh.000300,3876.129,3878.938,3855.739,3871.615,3878.676,6671296512,92322897920.0
2018-05-10,sh.000300,3882.835,3894.49,3867.308,3893.056,3871.615,7066780928,103255142400.0
2018-05-11,sh.000300,3902.148,3903.337,3871.952,3872.838,3893.056,7335660288,107715457024.0
2018-05-14,sh.000300,3886.873,3919.299,3886.873,3909.293,3872.838,8197600000,122520047616.0
2018-05-15,sh.000300,3920.139,3924.342,3892.919,3924.097,3909.293,7604955392,106091905024.0
2018-05-16,sh.000300,3909.818,3923.343,3889.187,3892.844,3924.097,7191364608,106533928960.0
2018-05-17,sh.000300,3895.489,3899.513,3858.852,3864.05,3892.844,5903012352,87104163840.0
2018-05-18,sh.000300,3860.164,3903.063,3841.896,3903.063,3864.05,7261395712,96823853056.0
2018-05-21,sh.000300,3925.539,3937.46,3913.604,3921.242,3903.063,9264173824,120528728064.0
2018-05-22,sh.000300,3918.815,3918.815,3881.169,3906.208,3921.242,7536877824,102883344384.0
2018-05-23,sh.000300,3898.268,3898.268,3854.582,3854.582,3906.208,8372231936,110684504064.0
2018-05-24,sh.000300,3853.291,3859.103,3823.923,3827.217,3854.582,6834502144,93408219136.0
2018-05-25,sh.000300,3823.744,3841.124,3804.134,3816.498,3827.217,7083638528,95667544064.0
2018-05-28,sh.000300,3816.264,3846.552,3799.32,3833.259,3816.498,7152113152,100001640448.0
2018-05-29,sh.000300,3824.19,3841.779,3800.674,3804.009,3833.259,8155266304,117288579072.0
2018-05-30,sh.000300,3755.176,3767.887,3722.071,3723.372,3804.009,8791328512,115858976768.0
2018-05-31,sh.000300,3749.295,3804.791,3742.528,3802.375,3723.372,9266689536,130545422336.0
2018-06-01,sh.000300,3789.671,3802.536,3753.839,3770.589,3802.375,7782181376,105934864384.0
2018-06-04,sh.000300,3785.186,3813.406,3776.618,3807.578,3770.589,7662434048,115146469376.0
2018-06-05,sh.000300,3811.285,3845.564,3800.925,3845.316,3807.578,7868736000,121261465600.0
2018-06-06,sh.000300,3839.683,3848.329,3830.895,3837.351,3845.316,7311723776,107142041600.0
2018-06-07,sh.000300,3846.936,3859.847,3827.687,3831.012,3837.351,8025614592,112365711360.0
2018-06-08,sh.000300,3819.447,3819.46,3759.271,3779.615,3831.012,8333733632,107818799104.0
2018-06-11,sh.000300,3770.208,3792.548,3756.514,3779.981,3779.615,6870983424,105597923328.0
2018-06-12,sh.000300,3783.185,3830.471,3765.264,3825.953,3779.981,7320624384,116217139200.0
2018-06-13,sh.000300,3814.617,3817.452,3782.072,3788.339,3825.953,6637797120,97185497088.0
2018-06-14,sh.000300,3774.639,3808.161,3759.248,3773.365,3788.339,6847132160,99234013184.0
2018-06-15,sh.000300,3763.04,3780.336,3737.428,3753.433,3773.365,8548889344,109534900224.0
2018-06-19,sh.000300,3702.668,3712.816,3583.02,3621.116,3753.433,16070654208,193848799232.0
2018-06-20,sh.000300,3602.551,3649.335,3578.174,3635.443,3621.116,8671809792,112804814848.0
2018-06-21,sh.000300,3633.555,3673.562,3589.489,3592.965,3635.443,9390855168,115584147456.0
2018-06-22,sh.000300,3567.893,3609.075,3542.456,3608.904,3592.965,7511786496,89687281664.0
2018-06-25,sh.000300,3625.798,3631.025,3559.034,3560.477,3608.904,7987707904,106690347008.0
2018-06-26,sh.000300,3521.587,3541.782,3478.213,3531.111,3560.477,8498526976,108132167680.0
2018-06-27,sh.000300,3525.132,3537.656,3441.785,3459.262,3531.111,8149181696,107628896256.0
2018-06-28,sh.000300,3434.944,3477.056,3416.947,3423.525,3459.262,7591805184,98570526720.0
2018-06-29,sh.000300,3431.961,3512.383,3425.215,3510.984,3423.525,7725703168,97616367616.0
2018-07-02,sh.000300,3504.457,3506.899,3383.5,3407.963,3510.984,8435144960,107601539072.0
2018-07-03,sh.000300,3410.476,3422.039,3319.288,3409.28,3407.963,9527869184,129898020864.0
2018-07-04,sh.000300,3398.778,3418.331,3359.086,3363.747,3409.28,7515799808,93648560128.0
2018-07-05,sh.000300,3365.554,3398.485,3330.711,3342.437,3363.747,8158798080,97544617984.0
2018-07-06,sh.000300,3347.062,3396.245,3295.729,3365.122,3342.437,8609757952,109481943040.0
2018-07-09,sh.000300,3378.905,3459.315,3378.905,3459.183,3365.122,7660154624,100918861824.0
2018-07-10,sh.000300,3464.906,3474.139,3437.27,3467.515,3459.183,6954882304,90127446016.0
2018-07-11,sh.000300,3398.926,3427.57,3375.144,3407.529,3467.515,7204094976,89661505536.0
2018-07-12,sh.000300,3403.33,3499.097,3403.33,3481.055,3407.529,9635356416,117805514752.0
2018-07-13,sh.000300,3488.496,3499.764,3474.912,3492.689,3481.055,7295589632,99800186880.0
2018-07-16,sh.000300,3488.967,3506.235,3459.731,3472.085,3492.689,6828199936,90754289664.0
2018-07-17,sh.000300,3466.423,3467.185,3420.971,3449.377,3472.085,6198307584,85720563712.0
2018-07-18,sh.000300,3456.606,3479.263,3430.156,3431.322,3449.377,6653032960,88556871680.0
2018-07-19,sh.000300,3444.803,3466.505,3417.962,3428.343,3431.322,6847771648,88804909056.0
2018-07-20,sh.000300,3426.455,3505.928,3398.953,3492.893,3428.343,10198472704,122196955136.0
2018-07-23,sh.000300,3471.855,3527.533,3464.647,3525.75,3492.893,11903662592,143960932352.0
2018-07-24,sh.000300,3530.664,3596.512,3530.664,3581.705,3525.75,15691243520,177448955904.0
2018-07-25,sh.000300,3589.505,3589.984,3566.314,3577.752,3581.705,9675849984,112176693248.0
2018-07-26,sh.000300,3583.317,3593.922,3528.644,3536.245,3577.752,9034964224,105577283584.0
2018-07-27,sh.000300,3533.771,3545.405,3512.703,3521.226,3536.245,7017810432,81192173568.0
2018-07-30,sh.000300,3520.853,3550.902,3489.549,3515.079,3521.226,8211699456,96183099392.0
2018-07-31,sh.000300,3510.474,3528.154,3493.154,3517.656,3515.079,6798081792,80022151168.0
2018-08-01,sh.000300,3530.029,3543.606,3446.776,3447.388,3517.656,9034861824,107477213184.0
2018-08-02,sh.000300,3434.351,3434.351,3322.096,3370.957,3447.388,10130872832,122401284096.0
2018-08-03,sh.000300,3366.663,3381.341,3315.2,3315.283,3370.957,7079691008,91395985408.0
2018-08-06,sh.000300,3312.815,3344.246,3257.685,3273.272,3315.283,7797508352,97517989888.0
2018-08-07,sh.000300,3284.978,3368.962,3263.498,3368.869,3273.272,9178391552,107512225792.0
2018-08-08,sh.000300,3362.148,3368.16,3311.769,3314.507,3368.869,7928486400,90958913536.0
2018-08-09,sh.000300,3303.476,3408.391,3299.615,3397.529,3314.507,9195757312,108802314240.0
2018-08-10,sh.000300,3398.413,3424.041,3380.573,3405.019,3397.529,6896729856,85634523136.0
2018-08-13,sh.000300,3369.981,3396.188,3336.695,3390.344,3405.019,7619153152,90869288960.0
2018-08-14,sh.000300,3386.483,3391.729,3356.614,3372.913,3390.344,6065144576,72121991168.0
2018-08-15,sh.000300,3371.959,3372.136,3288.708,3291.976,3372.913,6817405440,83402194944.0
2018-08-16,sh.000300,3251.855,3315.203,3231.556,3276.727,3291.976,7654736640,89269174272.0
2018-08-17,sh.000300,3305.895,3311.572,3224.099,3229.619,3276.727,6739541248,84452454400.0
2018-08-20,sh.000300,3238.215,3267.249,3209.011,3267.249,3229.619,7090422784,88963383296.0
2018-08-21,sh.000300,3271.84,3331.707,3270.03,3326.648,3267.249,7520558336,97925840896.0
2018-08-22,sh.000300,3328.969,3328.969,3299.393,3307.954,3326.648,5078705664,66548536320.0
2018-08-23,sh.000300,3308.458,3336.112,3285.814,3320.025,3307.954,6111233536,80212787200.0
2018-08-24,sh.000300,3308.477,3353.044,3291.865,3325.334,3320.025,6376589824,77197848576.0
2018-08-27,sh.000300,3339.389,3406.573,3339.264,3406.573,3325.334,9427008256,114960965632.0
2018-08-28,sh.000300,3408.15,3416.592,3388.814,3400.17,3406.573,7544536320,94945951744.0
2018-08-29,sh.000300,3393.052,3398.713,3377.123,3386.573,3400.17,6702040320,79072301056.0
2018-08-30,sh.000300,3385.805,3402.562,3349.468,3351.094,3386.573,6838529024,80226054144.0
2018-08-31,sh.000300,3333.38,3356.575,3310.872,3334.503,3351.094,7620562944,96091893760.0
2018-09-03,sh.000300,3320.689,3325.607,3291.784,3321.824,3334.503,6642985472,81305681920.0
2018-09-04,sh.000300,3324.186,3370.963,3307.958,3363.898,3321.824,6708880640,85892034560.0
2018-09-05,sh.000300,3349.698,3354.199,3298.141,3298.141,3363.898,6430188800,80656674816.0
2018-09-06,sh.000300,3286.664,3311.497,3253.755,3262.88,3298.141,6230028800,79373139968.0
2018-09-07,sh.000300,3273.89,3316.614,3253.725,3277.643,3262.88,6394740736,81263439872.0
2018-09-10,sh.000300,3271.381,3277.884,3227.848,3230.068,3277.643,6381705216,76175581184.0
2018-09-11,sh.000300,3229.705,3245.617,3209.112,3224.211,3230.068,5849130496,67722118912.0
2018-09-12,sh.000300,3216.991,3225.601,3194.978,3202.024,3224.211,5462789888,68887019520.0
2018-09-13,sh.000300,3239.685,3249.593,3191.397,3236.566,3202.024,6729032704,85887963136.0
2018-09-14,sh.000300,3242.83,3254.104,3227.943,3242.09,3236.566,6013063936,76481212416.0
2018-09-17,sh.000300,3224.926,3230.787,3200.509,3204.922,3242.09,5225954816,60650940928.0
2018-09-18,sh.000300,3193.642,3270.107,3193.642,3269.431,3204.922,7042503424,83899138048.0
2018-09-19,sh.000300,3261.997,3335.991,3258.309,3312.482,3269.431,8917066496,109395423232.0
2018-09-20,sh.000300,3314.875,3332.309,3303.073,3310.125,3312.482,6456105728,76660846592.0
2018-09-21,sh.000300,3320.695,3410.485,3307.767,3410.485,3310.125,10841600512,123573116928.0
2018-09-25,sh.000300,3375.971,3394.377,3367.025,3379.804,3410.485,6905469184,82870030336.0
2018-09-26,sh.000300,3388.557,3448.259,3383.235,3417.241,3379.804,9317334272,119113318400.0
2018-09-27,sh.000300,3415.953,3423.71,3394.732,3403.59,3417.241,6976524032,87573299200.0
2018-09-28,sh.000300,3409.959,3444.988,3404.697,3438.864,3403.59,8437775616,94880276480.0
2018-10-08,sh.000300,3361.559,3364.464,3285.253,3290.898,3438.864,9788898816,114164219904.0
2018-10-09,sh.000300,3290.17,3309.797,3276.132,3288.69,3290.898,6672327424,78372941824.0
2018-10-10,sh.000300,3295.428,3315.731,3256.581,3281.597,3288.69,6449282816,79166808064.0
2018-10-11,sh.000300,3179.54,3209.52,3099.04,3124.113,3281.597,12094134272,125723082752.0
2018-10-12,sh.000300,3123.371,3184.122,3094.965,3170.726,3124.113,9861115136,104423075840.0
2018-10-15,sh.000300,3173.846,3183.129,3120.23,3126.451,3170.726,6960502272,77137698816.0
2018-10-16,sh.000300,3128.576,3166.091,3089.366,3100.973,3126.451,6888772096,75206471680.0
2018-10-17,sh.000300,3140.683,3149.134,3062.554,3118.246,3100.973,7683713792,86132695040.0
2018-10-18,sh.000300,3097.79,3097.79,3043.381,3044.391,3118.246,7377196800,79703732224.0
2018-10-19,sh.000300,3017.748,3137.747,3009.498,3134.945,3044.391,9883968768,110951370752.0
2018-10-22,sh.000300,3159.561,3297.38,3159.561,3270.273,3134.945,14586204416,170651308032.0
2018-10-23,sh.000300,3273.127,3276.02,3163.57,3183.425,3270.273,12101324032,142589177856.0
2018-10-24,sh.000300,3169.457,3245.397,3164.293,3188.201,3183.425,11090974464,120954388480.0
2018-10-25,sh.000300,3107.84,3197.321,3099.888,3194.308,3188.201,10695181824,113291747328.0
2018-10-26,sh.000300,3204.284,3218.102,3151.924,3173.635,3194.308,10129935360,106070368256.0
2018-10-29,sh.000300,3157.487,3158.811,3062.58,3076.888,3173.635,9183979008,108479492096.0
2018-10-30,sh.000300,3061.93,3146.627,3050.77,3110.26,3076.888,11607010048,131767103488.0
2018-10-31,sh.000300,3116.658,3168.918,3106.027,3153.823,3110.26,11120745472,117099696128.0
2018-11-01,sh.000300,3185.202,3217.803,3173.099,3177.033,3153.823,13265337856,145919303680.0
2018-11-02,sh.000300,3258.609,3290.245,3222.435,3290.245,3177.033,15346610432,178340642816.0
2018-11-05,sh.000300,3269.469,3279.878,3230.363,3262.835,3290.245,10970668288,123630923776.0
2018-11-06,sh.000300,3254.977,3254.977,3213.895,3243.15,3262.835,8386913792,91703898112.0
2018-11-07,sh.000300,3243.877,3270.5,3218.421,3221.91,3243.15,9161552896,101814919168.0
2018-11-08,sh.000300,3251.728,3253.573,3207.708,3212.773,3221.91,7641454080,85221666816.0
2018-11-09,sh.000300,3193.303,3193.303,3166.31,3167.444,3212.773,8428276224,88194191360.0
2018-11-12,sh.000300,3160.246,3206.512,3152.439,3205.14,3167.444,8806239232,97363050496.0
2018-11-13,sh.000300,3164.922,3254.768,3161.097,3237.382,3205.14,12649346304,125603045376.0
2018-11-14,sh.000300,3233.64,3239.244,3200.228,3204.942,3237.382,11380865792,105386565632.0
2018-11-15,sh.000300,3201.281,3242.383,3198.781,3242.371,3204.942,9855880960,100119191552.0
2018-11-16,sh.000300,3242.879,3282.39,3223.721,3257.673,3242.371,12687683584,135379804160.0
2018-11-19,sh.000300,3258.791,3294.603,3251.066,3294.603,3257.673,11595659520,123188776960.0
2018-11-20,sh.000300,3268.076,3278.784,3213.683,3218.407,3294.603,10936115456,114155065344.0
2018-11-21,sh.000300,3187.102,3230.257,3185.239,3226.491,3218.407,8411972608,87813275648.0
2018-11-22,sh.000300,3232.973,3235.452,3199.698,3214.427,3226.491,6509829120,70083371008.0
2018-11-23,sh.000300,3208.593,3212.195,3139.385,3143.475,3214.427,8463825408,86864945152.0
2018-11-26,sh.000300,3148.672,3169.441,3131.636,3141.243,3143.475,5937914112,61899479552.0
2018-11-27,sh.000300,3152.774,3162.012,3126.289,3137.241,3141.243,5540783104,61946260992.0
2018-11-28,sh.000300,3137.747,3179.41,3126.617,3178.932,3137.241,7488195584,77620551680.0
2018-11-29,sh.000300,3198.825,3204.856,3137.654,3137.654,3178.932,8049846528,86927613952.0
2018-11-30,sh.000300,3136.196,3175.154,3132.423,3172.69,3137.654,7092104448,77297696768.0
2018-12-03,sh.000300,3260.686,3273.639,3228.361,3260.95,3172.69,12148715776,145828417536.0
2018-12-04,sh.000300,3256.228,3267.94,3243.695,3267.709,3260.95,7941504000,90543599616.0
2018-12-05,sh.000300,3224.255,3266.903,3219.978,3252.004,3267.709,7615305216,90909093888.0
2018-12-06,sh.000300,3218.113,3223.521,3179.894,3181.673,3252.004,7632877056,95678881792.0
2018-12-07,sh.000300,3187.491,3193.819,3176.706,3181.564,3181.673,5336192512,66323970560.0
2018-12-10,sh.000300,3153.522,3170.152,3134.384,3144.763,3181.564,6343727360,73717202944.0
2018-12-11,sh.000300,3148.225,3161.955,3143.607,3159.815,3144.763,5322387712,60014969856.0
2018-12-12,sh.000300,3181.566,3182.21,3160.278,3170.609,3159.815,5330991360,60536223488.0
2018-12-13,sh.000300,3178.891,3234.081,3169.423,3219.692,3170.609,9044275456,103375478784.0
2018-12-14,sh.000300,3207.348,3210.722,3165.91,3165.91,3219.692,8430125056,91576901632.0
2018-12-17,sh.000300,3158.284,3167.512,3134.365,3161.196,3165.91,6649700608,77151490048.0
2018-12-18,sh.000300,3139.949,3165.001,3114.468,3128.426,3161.196,6382031872,72035450880.0
2018-12-19,sh.000300,3133.741,3137.009,3086.757,3091.125,3128.426,5552229888,67872922368.0
2018-12-20,sh.000300,3083.544,3097.72,3044.292,3067.416,3091.125,6974946304,78181425152.0
2018-12-21,sh.000300,3055.325,3057.4,3007.609,3029.395,3067.416,7675810048,84824064000.0
2018-12-24,sh.000300,3015.497,3040.352,3007.329,3038.198,3029.395,5729961472,63880740608.0
2018-12-25,sh.000300,3006.878,3030.141,2964.875,3017.281,3038.198,7868942592,80413569024.0
2018-12-26,sh.000300,3012.869,3029.06,2996.482,3002.032,3017.281,5564703232,58574969088.0
2018-12-27,sh.000300,3042.949,3047.234,2990.505,2990.505,3002.032,8054178560,81159270400.0
2018-12-28,sh.000300,2994.795,3024.352,2984.817,3010.653,2990.505,7105377792,78145310720.0
2019-01-02,sh.000300,3017.067,3018.775,2958.488,2969.535,3010.653,6866302208,76105572352.0
2019-01-03,sh.000300,2963.018,3000.441,2953.254,2964.842,2969.535,7086710272,76664799232.0
2019-01-04,sh.000300,2940.191,3036.814,2935.829,3035.874,2964.842,10331897088,107141038080.0
2019-01-07,sh.000300,3055.153,3061.749,3035.912,3054.303,3035.874,10116435968,105703940096.0
2019-01-08,sh.000300,3049.874,3055.51,3038.533,3047.703,3054.303,8617058560,79628881920.0
2019-01-09,sh.000300,3065.23,3117.961,3062.847,3078.475,3047.703,10736434944,117129678848.0
2019-01-10,sh.000300,3077.481,3092.541,3062.572,3072.686,3078.475,8527175680,90206871552.0
2019-01-11,sh.000300,3082.261,3102.833,3071.026,3094.778,3072.686,7178642432,77420240896.0
2019-01-14,sh.000300,3092.498,3097.406,3064.382,3067.784,3094.778,6612170240,68115969024.0
2019-01-15,sh.000300,3071.518,3129.37,3064.67,3127.99,3067.784,8877296128,99976892416.0
2019-01-16,sh.000300,3126.134,3135.011,3117.292,3128.651,3127.99,8021434112,85781590016.0
2019-01-17,sh.000300,3132.628,3141.709,3110.06,3111.416,3128.651,8017487104,82888208384.0
2019-01-18,sh.000300,3124.502,3171.686,3120.345,3168.173,3111.416,10396383488,106780659712.0
2019-01-21,sh.000300,3170.877,3199.213,3170.877,3185.636,3168.173,9391502336,105536987136.0
2019-01-22,sh.000300,3181.949,3181.949,3135.337,3143.317,3185.636,7299052800,78150877184.0
2019-01-23,sh.000300,3136.096,3157.626,3131.867,3141.053,3143.317,5987047936,62669651968.0
2019-01-24,sh.000300,3146.604,3165.629,3125.3,3158.781,3141.053,7293463552,80963878912.0
2019-01-25,sh.000300,3165.181,3203.174,3164.408,3184.469,3158.781,8396772864,93207953408.0
2019-01-28,sh.000300,3203.118,3228.867,3174.724,3183.777,3184.469,8262243072,97371496448.0
2019-01-29,sh.000300,3177.261,3200.989,3148.234,3193.969,3183.777,7765833472,85943910400.0
2019-01-30,sh.000300,3181.655,3202.896,3167.893,3168.482,3193.969,6374651648,73005121536.0
2019-01-31,sh.000300,3182.698,3216.067,3178.01,3201.633,3168.482,8624783872,97509924864.0
2019-02-01,sh.000300,3225.733,3247.495,3207.716,3247.397,3201.633,8201964032,94766411776.0
2019-02-11,sh.000300,3239.807,3307.063,3239.807,3306.472,3247.397,9881843456,114752356352.0
2019-02-12,sh.000300,3306.352,3335.36,3298.633,3330.335,3306.472,12223246336,122834100224.0
2019-02-13,sh.000300,3337.779,3405.577,3329.143,3397.027,3330.335,16382833152,168866263040.0
2019-02-14,sh.000300,3392.854,3415.399,3381.982,3402.14,3397.027,15112729088,138649288704.0
2019-02-15,sh.000300,3391.242,3395.029,3335.87,3338.704,3402.14,14366860288,141555060736.0
2019-02-18,sh.000300,3366.423,3445.744,3366.423,3445.744,3338.704,18288609024,180449742848.0
2019-02-19,sh.000300,3454.721,3480.793,3419.073,3439.607,3445.744,17908378624,185762746368.0
2019-02-20,sh.000300,3449.932,3463.773,3421.505,3451.927,3439.607,14739031040,145570263040.0
2019-02-21,sh.000300,3450.141,3500.251,3431.631,3442.705,3451.927,18014328832,185197154304.0
2019-02-22,sh.000300,3439.378,3520.118,3417.978,3520.118,3442.705,18723797504,202869288960.0
2019-02-25,sh.000300,3575.852,3729.483,3574.688,3729.483,3520.118,34255712256,376382394368.0
2019-02-26,sh.000300,3734.705,3762.112,3679.27,3684.693,3729.483,35803869696,387632861184.0
2019-02-27,sh.000300,3682.811,3737.631,3638.333,3678.392,3684.693,28623600640,307306147840.0
2019-02-28,sh.000300,3675.264,3695.464,3650.053,3669.37,3678.392,18481021952,206010957824.0
2019-03-01,sh.000300,3699.215,3749.714,3668.765,3749.714,3669.37,20471100416,235620622336.0
2019-03-04,sh.000300,3783.036,3886.579,3764.776,3794.104,3749.714,32349012736,376397283328.0
2019-03-05,sh.000300,3785.376,3816.162,3770.785,3816.013,3794.104,23085316608,261464121344.0
2019-03-06,sh.000300,3822.858,3855.155,3787.522,3848.09,3816.013,31807737088,331155615744.0
2019-03-07,sh.000300,3841.145,3845.182,3778.8,3808.849,3848.09,32984654848,359339151360.0
2019-03-08,sh.000300,3721.401,3774.543,3656.191,3657.579,3808.849,31799007744,349296693248.0
2019-03-11,sh.000300,3663.977,3731.909,3650.812,3729.954,3657.579,23091286528,268718460928.0
2019-03-12,sh.000300,3758.315,3804.72,3723.678,3755.351,3729.954,27492638208,325180620800.0
2019-03-13,sh.000300,3758.713,3763.092,3708.814,3724.194,3755.351,23368224768,286171049984.0
2019-03-14,sh.000300,3710.293,3747.819,3673.85,3698.485,3724.194,19081723648,231820148736.0
2019-03-15,sh.000300,3713.936,3782.236,3713.936,3745.005,3698.485,17517454336,224194363392.0
2019-03-18,sh.000300,3753.643,3851.747,3733.678,3851.747,3745.005,21692805888,276473450496.0
2019-03-19,sh.000300,3856.588,3868.335,3815.218,3833.962,3851.747,18172710912,224096890880.0
2019-03-20,sh.000300,3825.335,3855.146,3790.511,3835.439,3833.962,17563208960,215406993408.0
2019-03-21,sh.000300,3840.278,3864.069,3823.466,3836.891,3835.439,19631031040,231993446400.0
2019-03-22,sh.000300,3838.125,3845.58,3786.591,3833.801,3836.891,17135699200,198518386688.0
2019-03-25,sh.000300,3776.442,3807.179,3741.606,3742.825,3833.801,19858632960,223396564992.0
2019-03-26,sh.000300,3766.528,3770.843,3687.547,3700.438,3742.825,17304657920,196547809280.0
2019-03-27,sh.000300,3724.405,3750.264,3703.45,3743.387,3700.438,13875845376,177507528704.0
2019-03-28,sh.000300,3731.061,3755.716,3710.081,3728.395,3743.387,13327212800,172604391424.0
2019-03-29,sh.000300,3739.773,3876.379,3739.773,3872.341,3728.395,21563910400,283022299136.0
2019-04-01,sh.000300,3901.169,3982.909,3901.169,3973.928,3872.341,27138270464,340799401984.0
2019-04-02,sh.000300,3986.344,3988.097,3956.505,3971.285,3973.928,22600034048,281892057088.0
2019-04-03,sh.000300,3947.869,4026.497,3939.783,4022.156,3971.285,23191736832,284826497024.0
2019-04-04,sh.000300,4039.741,4072.113,4021.705,4062.23,4022.156,26041093888,313539432448.0
2019-04-08,sh.000300,4097.102,4122.603,4017.488,4057.228,4062.23,26750557696,324670451712.0
2019-04-09,sh.000300,4063.813,4084.243,4038.282,4075.43,4057.228,18295680768,243187912704.0
2019-04-10,sh.000300,4062.442,4115.378,4035.474,4085.847,4075.43,19468761344,278282027008.0
2019-04-11,sh.000300,4083.461,4097.124,3990.239,3997.577,4085.847,16904964096,236259155968.0
2019-04-12,sh.000300,3986.782,4006.933,3961.464,3988.616,3997.577,13586211840,178795937792.0
2019-04-15,sh.000300,4056.491,4085.388,3974.226,3975.524,3988.616,18264557056,236298723328.0
2019-04-16,sh.000300,3958.096,4085.789,3943.487,4085.789,3975.524,20204196608,250569207808.0
2019-04-17,sh.000300,4080.717,4106.615,4057.503,4087.239,4085.789,18036711680,228824428544.0
2019-04-18,sh.000300,4085.114,4094.053,4056.235,4072.075,4087.239,14656212224,187812687872.0
2019-04-19,sh.000300,4076.295,4120.635,4046.204,4120.607,4072.075,15079491072,194701692928.0
2019-04-22,sh.000300,4125.971,4126.09,4015.474,4025.61,4120.607,18935374592,244380549120.0
2019-04-23,sh.000300,4021.627,4061.085,4005.283,4019.005,4025.61,15561165056,204121505792.0
2019-04-24,sh.000300,4033.629,4044.337,3967.805,4030.088,4019.005,14549869568,186497961984.0
2019-04-25,sh.000300,4013.602,4022.563,3938.325,3941.816,4030.088,15972207104,197530996736.0
2019-04-26,sh.000300,3921.89,3943.833,3887.252,3889.274,3941.816,14200806912,186572136448.0
2019-04-29,sh.000300,3896.582,3953.228,3875.452,3900.333,3889.274,15387092736,203946553344.0
2019-04-30,sh.000300,3887.179,3923.108,3885.147,3913.211,3900.333,11623337728,161665925120.0
2019-05-06,sh.000300,3775.076,3791.611,3647.14,3684.616,3913.211,19747288320,254115401728.0
2019-05-07,sh.000300,3702.265,3738.176,3671.834,3720.668,3684.616,13284765440,183659159552.0
2019-05-08,sh.000300,3648.548,3722.932,3642.498,3667.457,3720.668,11286735616,145058488320.0
2019-05-09,sh.000300,3637.346,3656.896,3584.822,3599.7,3667.457,10103739392,141829095424.0
2019-05-10,sh.000300,3643.055,3732.923,3589.29,3730.451,3599.7,14800384768,195067170816.0
2019-05-13,sh.000300,3675.759,3702.901,3658.0,3668.725,3730.451,10339185920,135053926400.0
2019-05-14,sh.000300,3630.438,3683.261,3630.438,3645.15,3668.725,10231345920,135262867456.0
2019-05-15,sh.000300,3674.993,3741.04,3674.993,3727.092,3645.15,11016176896,152534548480.0
2019-05-16,sh.000300,3720.039,3745.14,3707.903,3743.963,3727.092,11625827328,139851939840.0
2019-05-17,sh.000300,3744.875,3745.355,3637.582,3648.76,3743.963,12845324544,154092351488.0
2019-05-20,sh.000300,3635.735,3644.5,3583.832,3617.792,3648.76,10896347648,134194262016.0
2019-05-21,sh.000300,3619.436,3690.088,3610.681,3666.776,3617.792,11102291968,133071380480.0
2019-05-22,sh.000300,3663.153,3679.272,3634.747,3649.379,3666.776,9834612736,121775243264.0
2019-05-23,sh.000300,3629.528,3631.474,3578.112,3583.964,3649.379,9989778176,125611970560.0
2019-05-24,sh.000300,3584.901,3623.39,3580.785,3593.913,3583.964,8093404928,101337497600.0
2019-05-27,sh.000300,3592.602,3648.026,3556.256,3637.197,3593.913,10883087104,133399052288.0
2019-05-28,sh.000300,3633.018,3683.23,3627.787,3672.26,3637.197,11788624128,148966334464.0
2019-05-29,sh.000300,3642.541,3693.227,3637.348,3663.909,3672.26,9335544064,120002035712.0
2019-05-30,sh.000300,3648.849,3650.971,3612.624,3641.183,3663.909,9420256000,112864079872.0
2019-05-31,sh.000300,3640.996,3668.179,3627.544,3629.789,3641.183,8922226688,108264202240.0
2019-06-03,sh.000300,3640.612,3672.813,3613.127,3632.012,3629.789,10072317952,123902447616.0
2019-06-04,sh.000300,3632.56,3636.128,3584.461,3598.466,3632.012,8709709312,109467238400.0
2019-06-05,sh.000300,3627.794,3634.453,3593.951,3597.105,3598.466,8864201984,114634227712.0
2019-06-06,sh.000300,3601.035,3601.035,3557.016,3564.677,3597.105,8553440256,104367267840.0
2019-06-10,sh.000300,3578.008,3623.73,3568.278,3610.743,3564.677,9237506048,117346607104.0
2019-06-11,sh.000300,3617.523,3723.141,3617.523,3719.275,3610.743,14348280576,180899074048.0
2019-06-12,sh.000300,3706.863,3711.879,3683.939,3691.095,3719.275,11917885184,132296097792.0
2019-06-13,sh.000300,3689.583,3697.591,3654.274,3685.393,3691.095,9633171712,110459904000.0
2019-06-14,sh.000300,3690.476,3709.652,3650.909,3654.879,3685.393,10181700352,116584259584.0
2019-06-17,sh.000300,3654.443,3683.774,3645.498,3654.824,3654.879,7297667840,93092581376.0
2019-06-18,sh.000300,3661.129,3675.645,3638.78,3667.618,3654.824,7069226496,89472839680.0
2019-06-19,sh.000300,3761.338,3771.347,3715.133,3715.938,3667.618,12559571456,172574179328.0
2019-06-20,sh.000300,3718.941,3845.791,3717.185,3828.518,3715.938,16887207424,227726983168.0
2019-06-21,sh.000300,3832.732,3856.085,3817.306,3833.938,3828.518,15363515392,199961616384.0
2019-06-24,sh.000300,3836.305,3853.545,3819.769,3841.265,3833.938,10008462080,143644733440.0
2019-06-25,sh.000300,3837.425,3838.057,3755.009,3801.309,3841.265,12407591168,169358794752.0
2019-06-26,sh.000300,3779.512,3809.758,3771.716,3794.331,3801.309,8182028288,112106860544.0
2019-06-27,sh.000300,3807.537,3854.08,3805.832,3834.817,3794.331,10531635712,156483420160.0
2019-06-28,sh.000300,3832.059,3835.232,3803.054,3825.587,3834.817,8476613888,116512051200.0
2019-07-01,sh.000300,3899.331,3936.668,3886.909,3935.811,3825.587,15837033984,217470251008.0
2019-07-02,sh.000300,3931.048,3942.425,3918.937,3937.169,3935.811,13186349568,173997043712.0
2019-07-03,sh.000300,3927.436,3927.436,3878.84,3893.534,3937.169,11199260416,163145732096.0
2019-07-04,sh.000300,3895.197,3906.889,3854.693,3873.101,3893.534,9934225664,142669254656.0
2019-07-05,sh.000300,3875.373,3900.309,3857.928,3893.202,3873.101,7400652800,116236521472.0
2019-07-08,sh.000300,3875.754,3875.754,3775.025,3802.789,3893.202,10953908736,147198418944.0
2019-07-09,sh.000300,3798.095,3811.099,3774.764,3793.129,3802.789,7484273152,113147604992.0
2019-07-10,sh.000300,3807.949,3810.396,3774.23,3786.739,3793.129,7283394816,101355479040.0
2019-07-11,sh.000300,3806.185,3830.738,3774.413,3785.221,3786.739,7531196416,113674616832.0
2019-07-12,sh.000300,3783.073,3820.235,3774.522,3808.731,3785.221,7546596608,107007922176.0
2019-07-15,sh.000300,3792.64,3844.868,3745.854,3824.187,3808.731,10120522240,142493044736.0
2019-07-16,sh.000300,3819.247,3828.325,3799.866,3806.844,3824.187,8073095168,108449681408.0
2019-07-17,sh.000300,3800.106,3820.271,3787.897,3804.638,3806.844,9518388480,116766781440.0
2019-07-18,sh.000300,3793.189,3793.391,3767.995,3768.401,3804.638,8749644544,111669366784.0
2019-07-19,sh.000300,3787.507,3828.151,3787.507,3807.955,3768.401,8808614912,117797527552.0
2019-07-22,sh.000300,3813.502,3816.538,3765.442,3781.683,3807.955,9210137600,117810446336.0
2019-07-23,sh.000300,3783.541,3792.964,3768.761,3789.913,3781.683,7131334656,103866609664.0
2019-07-24,sh.000300,3803.586,3840.057,3803.573,3819.832,3789.913,9094068480,129940586496.0
2019-07-25,sh.000300,3821.389,3851.066,3812.953,3851.066,3819.832,9374041600,125899501568.0
2019-07-26,sh.000300,3835.228,3863.587,3832.522,3858.568,3851.066,8325929984,110929727488.0
2019-07-29,sh.000300,3857.939,3862.746,3842.426,3854.27,3858.568,8481436928,111679107072.0
2019-07-30,sh.000300,3861.569,3890.729,3861.569,3870.317,3854.27,9412395520,120480280576.0
2019-07-31,sh.000300,3856.745,3856.745,3830.091,3835.358,3870.317,8215115520,111083892736.0
2019-08-01,sh.000300,3819.324,3831.264,3791.546,3803.469,3835.358,8411418112,117649162240.0
2019-08-02,sh.000300,3729.13,3754.532,3720.058,3747.437,3803.469,10833589760,141874786304.0
2019-08-05,sh.000300,3724.409,3739.503,3675.688,3675.688,3747.437,10132598016,133061099520.0
2019-08-06,sh.000300,3609.111,3649.895,3575.862,3636.328,3675.688,12983387136,167267479552.0
2019-08-07,sh.000300,3654.632,3659.077,3621.431,3621.431,3636.328,8423871488,108667666432.0
2019-08-08,sh.000300,3651.357,3675.46,3646.938,3669.293,3621.431,8845770752,114981617664.0
2019-08-09,sh.000300,3686.749,3689.177,3628.116,3633.529,3669.293,8529558016,116355690496.0
2019-08-12,sh.000300,3647.866,3699.104,3643.316,3699.104,3633.529,8208305664,121129345024.0
2019-08-13,sh.000300,3675.586,3686.43,3658.012,3665.751,3699.104,7650030336,103764320256.0
2019-08-14,sh.000300,3712.065,3717.557,3680.608,3682.401,3665.751,9120259072,128301670400.0
2019-08-15,sh.000300,3618.009,3694.298,3612.11,3694.0,3682.401,8859883264,119241080832.0
2019-08-16,sh.000300,3697.94,3738.096,3687.075,3710.538,3694.0,8831916800,132696911872.0
2019-08-19,sh.000300,3736.034,3791.094,3720.689,3791.094,3710.538,13932701184,195448938496.0
2019-08-20,sh.000300,3786.026,3799.897,3778.73,3787.732,3791.094,10860208896,149115342848.0
2019-08-21,sh.000300,3778.309,3792.595,3775.447,3781.757,3787.732,8229988096,121688506368.0
2019-08-22,sh.000300,3793.855,3797.329,3771.204,3793.506,3781.757,8580779264,120708136960.0
2019-08-23,sh.000300,3796.882,3829.36,3788.034,3820.863,3793.506,8795458304,137802153984.0
2019-08-26,sh.000300,3756.361,3778.866,3753.164,3765.91,3820.863,9385926912,142350987264.0
2019-08-27,sh.000300,3791.458,3848.235,3790.873,3816.945,3765.91,12473147904,181748785152.0
2019-08-28,sh.000300,3818.812,3822.588,3790.138,3802.584,3816.945,8875081216,137667276800.0
2019-08-29,sh.000300,3805.494,3808.595,3774.396,3790.186,3802.584,8408338688,126475677696.0
2019-08-30,sh.000300,3816.678,3828.969,3778.918,3799.586,3790.186,9669515008,152408670208.0
2019-09-02,sh.000300,3803.689,3855.776,3799.816,3848.319,3799.586,11028934912,164994457600.0
2019-09-03,sh.000300,3852.579,3856.681,3833.757,3853.61,3848.319,9771463168,146270633984.0
2019-09-04,sh.000300,3848.648,3886.001,3846.421,3886.001,3853.61,12662861568,176839745536.0
2019-09-05,sh.000300,3909.208,3970.003,3909.208,3925.323,3886.001,18165623040,244681224192.0
2019-09-06,sh.000300,3946.685,3948.539,3922.336,3948.507,3925.323,12188237568,181718269952.0
2019-09-09,sh.000300,3980.957,3985.239,3954.875,3972.948,3948.507,14680975360,209545388032.0
2019-09-10,sh.000300,3976.869,3976.922,3938.744,3959.265,3972.948,13088938496,184494350336.0
2019-09-11,sh.000300,3969.675,3971.223,3922.953,3930.099,3959.265,13159487488,190165008384.0
2019-09-12,sh.000300,3944.691,3975.931,3933.436,3972.379,3930.099,11024127232,156750651392.0
2019-09-16,sh.000300,3981.361,3982.204,3943.373,3957.715,3972.379,11025980416,154736553984.0
2019-09-17,sh.000300,3947.157,3947.157,3879.485,3891.22,3957.715,11369431808,154899300352.0
2019-09-18,sh.000300,3902.994,3923.146,3902.51,3910.083,3891.22,8205615104,130159558656.0
2019-09-19,sh.000300,3923.963,3924.382,3897.066,3924.382,3910.083,8598423808,127421792256.0
2019-09-20,sh.000300,3933.459,3942.224,3921.412,3935.651,3924.382,10345595392,153162588160.0
2019-09-23,sh.000300,3925.185,3925.185,3868.214,3890.661,3935.651,9403622400,139223506944.0
2019-09-24,sh.000300,3895.866,3927.011,3886.14,3901.075,3890.661,8778322944,142341398528.0
2019-09-25,sh.000300,3887.554,3889.839,3867.227,3870.983,3901.075,8952083456,133224464384.0
2019-09-26,sh.000300,3884.702,3890.745,3840.247,3841.138,3870.983,10269830144,150806749184.0
2019-09-27,sh.000300,3843.458,3859.5,3832.246,3852.653,3841.138,7400394752,109130485760.0
2019-09-30,sh.000300,3842.074,3857.231,3813.549,3814.528,3852.653,6593131264,100487270400.0
2019-10-08,sh.000300,3818.589,3861.642,3818.589,3837.679,3814.528,7665786112,118365683712.0
2019-10-09,sh.000300,3822.606,3845.34,3805.067,3843.239,3837.679,7585451264,112406208512.0
2019-10-10,sh.000300,3838.486,3877.142,3829.432,3874.639,3843.239,7922269440,127474044928.0
2019-10-11,sh.000300,3885.519,3922.369,3868.841,3911.725,3874.639,9341257728,139817299968.0
2019-10-14,sh.000300,3944.859,3983.811,3934.732,3953.241,3911.725,12239361024,167857131520.0
2019-10-15,sh.000300,3953.164,3953.164,3928.151,3936.249,3953.241,8527394816,125117108224.0
2019-10-16,sh.000300,3939.276,3964.045,3919.016,3922.685,3936.249,8322970624,128558534656.0
2019-10-17,sh.000300,3929.386,3935.812,3913.917,3925.221,3922.685,6486374400,99991851008.0
2019-10-18,sh.000300,3935.419,3940.54,3864.965,3869.377,3925.221,8232113920,122186928128.0
2019-10-21,sh.000300,3865.343,3884.744,3856.037,3880.839,3869.377,7418291712,110858235904.0
2019-10-22,sh.000300,3896.314,3897.435,3870.548,3895.88,3880.839,6891856640,102843371520.0
2019-10-23,sh.000300,3892.676,3901.424,3862.196,3871.084,3895.88,7019862528,99733598208.0
2019-10-24,sh.000300,3877.923,3890.195,3852.582,3870.667,3871.084,7133457408,105096949760.0
2019-10-25,sh.000300,3871.768,3899.722,3849.033,3896.792,3870.667,7745361920,126677483520.0
2019-10-28,sh.000300,3904.982,3927.795,3897.817,3926.585,3896.792,9740602112,150762201088.0
2019-10-29,sh.000300,3929.707,3932.374,3910.226,3910.226,3926.585,8225707520,139611418624.0
2019-10-30,sh.000300,3904.717,3908.099,3883.446,3891.225,3910.226,7787292416,122610503680.0
2019-10-31,sh.000300,3906.859,3907.15,3878.875,3886.751,3891.225,8671453952,135012425728.0
2019-11-01,sh.000300,3883.808,3956.079,3876.416,3952.387,3886.751,10068961280,151471063040.0
2019-11-04,sh.000300,3964.005,3985.357,3964.005,3978.121,3952.387,10419385600,154485362688.0
2019-11-05,sh.000300,3982.115,4030.638,3970.866,4002.812,3978.121,11291187968,163317854208.0
2019-11-06,sh.000300,4006.327,4007.501,3973.776,3984.881,4002.812,9731295232,139859763200.0
2019-11-07,sh.000300,3984.552,4005.382,3975.547,3991.874,3984.881,8725489920,117751554048.0
2019-11-08,sh.000300,4017.674,4022.036,3971.572,3973.01,3991.874,9710694912,139026673664.0
2019-11-11,sh.000300,3948.618,3948.618,3897.55,3902.978,3973.01,9415561984,130330083328.0
2019-11-12,sh.000300,3905.958,3914.882,3877.739,3903.688,3902.978,7654306816,108828237824.0
2019-11-13,sh.000300,3905.283,3908.419,3882.431,3899.981,3903.688,7674907904,112057147392.0
2019-11-14,sh.000300,3905.928,3916.945,3895.141,3905.857,3899.981,8700844544,119791566848.0
2019-11-15,sh.000300,3908.489,3915.104,3877.089,3877.089,3905.857,8373091584,115423019008.0
2019-11-18,sh.000300,3874.44,3913.102,3868.316,3907.929,3877.089,7664599296,107085819904.0
2019-11-19,sh.000300,3904.099,3947.039,3902.377,3947.039,3907.929,8216102400,123227172864.0
2019-11-20,sh.000300,3940.134,3943.227,3901.986,3907.864,3947.039,7681533184,118003064832.0
2019-11-21,sh.000300,3894.539,3901.826,3875.968,3889.598,3907.864,6913053696,104147771392.0
2019-11-22,sh.000300,3894.174,3918.838,3833.503,3849.994,3889.598,9104263936,146981163008.0
2019-11-25,sh.000300,3850.966,3878.25,3839.42,3878.206,3849.994,10606628864,140851077120.0
2019-11-26,sh.000300,3893.434,3899.109,3869.594,3891.653,3878.206,11151353600,140213633024.0
2019-11-27,sh.000300,3883.429,3889.978,3862.701,3875.618,3891.653,7643730432,107238821888.0
2019-11-28,sh.000300,3877.901,3887.69,3852.01,3862.302,3875.618,6523011840,87081787392.0
2019-11-29,sh.000300,3857.188,3861.658,3804.829,3828.67,3862.302,7414433024,116200558592.0
2019-12-02,sh.000300,3835.512,3854.75,3829.312,3836.058,3828.67,7741217280,109992591360.0
2019-12-03,sh.000300,3829.212,3851.12,3811.628,3851.087,3836.058,7361124096,108703715328.0
2019-12-04,sh.000300,3841.662,3852.992,3831.074,3849.819,3851.087,7968338432,109646344192.0
2019-12-05,sh.000300,3863.608,3883.403,3859.822,3879.363,3849.819,8905119232,129357594624.0
2019-12-06,sh.000300,3885.058,3902.385,3878.7,3902.385,3879.363,7864888832,116424777728.0
2019-12-09,sh.000300,3909.529,3911.968,3885.25,3895.446,3902.385,9535380736,130873098240.0
2019-12-10,sh.000300,3886.444,3900.959,3882.087,3900.384,3895.446,8626292736,121118412800.0
2019-12-11,sh.000300,3907.159,3909.385,3890.341,3902.749,3900.384,9976548096,127690403840.0
2019-12-12,sh.000300,3908.453,3908.453,3886.118,3891.024,3902.749,8470832896,117874315264.0
2019-12-13,sh.000300,3928.004,3969.456,3925.275,3968.221,3891.024,14857134848,201018884096.0
2019-12-16,sh.000300,3970.709,3987.586,3953.512,3987.546,3968.221,14848667136,202154897408.0
2019-12-17,sh.000300,3987.742,4067.135,3984.519,4041.799,3987.546,20116293632,251637866496.0
2019-12-18,sh.000300,4039.724,4057.64,4025.343,4032.782,4041.799,15135176448,197620207616.0
2019-12-19,sh.000300,4034.615,4038.543,4014.895,4027.149,4032.782,11790055936,152553807872.0
2019-12-20,sh.000300,4032.151,4046.726,4014.929,4017.252,4027.149,12126766336,158460231680.0
2019-12-23,sh.000300,4014.692,4032.172,3964.379,3967.096,4017.252,12281624576,162048262144.0
2019-12-24,sh.000300,3971.56,3994.509,3963.665,3992.958,3967.096,9598904576,122499162112.0
2019-12-25,sh.000300,3988.657,4000.555,3976.355,3990.867,3992.958,9493889024,131896467456.0
2019-12-26,sh.000300,3993.668,4025.987,3993.541,4025.987,3990.867,10886064128,140814966784.0
2019-12-27,sh.000300,4029.245,4066.796,4019.722,4022.027,4025.987,15092641024,195090415616.0
2019-12-30,sh.000300,4015.519,4083.69,4001.495,4081.633,4022.027,15597148928,216814661632.0
2019-12-31,sh.000300,4077.751,4098.144,4069.008,4096.582,4081.633,12326425856,173119348736.0
2020-01-02,sh.000300,4121.348,4172.655,4121.348,4152.24,4096.582,18211677184,270105530368.0
2020-01-03,sh.000300,4161.218,4164.298,4131.864,4144.964,4152.24,14282624512,215216287744.0
2020-01-06,sh.000300,4120.521,4170.638,4102.379,4129.295,4144.964,17530995200,250182070272.0
2020-01-07,sh.000300,4137.401,4161.25,4135.097,4160.227,4129.295,13948903168,196389060608.0
2020-01-08,sh.000300,4139.631,4149.813,4101.98,4112.317,4160.227,16758585088,212406263808.0
2020-01-09,sh.000300,4145.534,4165.657,4143.592,4164.369,4112.317,13688632320,200150351872.0
2020-01-10,sh.000300,4177.577,4180.977,4148.481,4163.184,4164.369,11303171840,177827414016.0
2020-01-13,sh.000300,4166.925,4203.988,4148.6,4203.988,4163.184,11969198336,199795490816.0
2020-01-14,sh.000300,4215.157,4223.507,4188.08,4189.886,4203.988,12932078336,196221263872.0
2020-01-15,sh.000300,4186.881,4193.868,4150.879,4166.734,4189.886,10463313664,163081932800.0
2020-01-16,sh.000300,4174.817,4175.293,4142.179,4149.043,4166.734,10026764288,156242505728.0
2020-01-17,sh.000300,4162.193,4177.028,4141.644,4154.853,4149.043,9872568320,166591590400.0
2020-01-20,sh.000300,4170.736,4185.962,4149.487,4185.83,4154.853,12240914688,202692288512.0
2020-01-21,sh.000300,4165.02,4165.02,4113.325,4114.308,4185.83,13052750592,204586881024.0
2020-01-22,sh.000300,4093.8,4141.177,4046.486,4131.931,4114.308,12675876352,208136151040.0
2020-01-23,sh.000300,4093.322,4103.524,3972.393,4003.901,4131.931,16035760384,250409357312.0
2020-02-03,sh.000300,3639.908,3732.157,3639.908,3688.357,4003.901,15755964672,243303104512.0
2020-02-04,sh.000300,3652.003,3786.862,3652.003,3785.637,3688.357,21393332736,298165768192.0
2020-02-05,sh.000300,3801.099,3866.01,3781.613,3828.527,3785.637,17492552448,264042921984.0
2020-02-06,sh.000300,3841.753,3914.915,3806.96,3899.775,3828.527,17646223616,262820089856.0
2020-02-07,sh.000300,3879.553,3899.883,3849.712,3899.869,3899.775,15173175808,237508816896.0
2020-02-10,sh.000300,3872.373,3920.166,3861.006,3916.005,3899.869,14840696832,229625442304.0
2020-02-11,sh.000300,3926.42,3970.522,3915.707,3952.464,3916.005,14344167424,219307118592.0
2020-02-12,sh.000300,3945.666,3984.432,3940.666,3984.432,3952.464,12671032064,200776708096.0
2020-02-13,sh.000300,3985.875,3999.549,3950.142,3959.918,3984.432,14500184320,228605964288.0
2020-02-14,sh.000300,3954.234,4001.562,3954.023,3987.734,3959.918,14323980288,222895075328.0
2020-02-17,sh.000300,3999.651,4077.446,3999.651,4077.424,3987.734,18277896960,273067819008.0
2020-02-18,sh.000300,4069.831,4076.388,4027.785,4057.51,4077.424,16323621888,242552516608.0
2020-02-19,sh.000300,4049.586,4085.17,4042.845,4051.31,4057.51,16904644096,257554534400.0
2020-02-20,sh.000300,4062.896,4148.528,4055.81,4144.656,4051.31,21223262464,310835589120.0
2020-02-21,sh.000300,4134.874,4184.437,4130.167,4149.49,4144.656,21721360384,326564003840.0
2020-02-24,sh.000300,4131.836,4149.01,4097.175,4132.838,4149.49,21286930432,326387802112.0
2020-02-25,sh.000300,4066.302,4126.707,4020.907,4123.854,4132.838,24416783104,372213719040.0
2020-02-26,sh.000300,4070.099,4132.781,4061.125,4073.015,4123.854,26109406208,366022418432.0
2020-02-27,sh.000300,4084.078,4110.527,4067.44,4084.875,4073.015,18129097984,282050207744.0
2020-02-28,sh.000300,3988.727,4031.145,3928.066,3940.048,4084.875,23027509248,330358906880.0
2020-03-02,sh.000300,3968.843,4092.539,3968.843,4069.666,3940.048,21931355904,317426204672.0
2020-03-03,sh.000300,4125.135,4147.652,4067.909,4091.361,4069.666,21936977664,330802585600.0
2020-03-04,sh.000300,4078.499,4115.261,4060.729,4115.052,4091.361,18242472960,281784864768.0
2020-03-05,sh.000300,4150.21,4215.851,4127.038,4206.725,4115.052,23182311424,362838831104.0
2020-03-06,sh.000300,4158.202,4181.31,4135.39,4138.507,4206.725,17247571712,253168631808.0
2020-03-09,sh.000300,4063.076,4063.076,3995.1313,3997.1325,4138.5072,20810203500,305428730303.8
2020-03-10,sh.000300,3975.2288,4093.0024,3954.7506,4082.7315,3997.1325,19741640200,296184435851.3
2020-03-11,sh.000300,4090.9348,4091.2704,4028.3964,4028.4289,4082.7315,16165611100,244990872685.9
2020-03-12,sh.000300,3976.1139,3987.4336,3926.2704,3950.9111,4028.4289,15706045800,233152848759.1
2020-03-13,sh.000300,3771.0139,3937.1806,3765.1479,3895.3128,3950.9111,18829672200,280213453213.7
2020-03-16,sh.000300,3899.8598,3899.8598,3720.5127,3727.8398,3895.3128,18596826000,282836238271.2
2020-03-17,sh.000300,3739.7833,3786.8908,3618.307,3709.6822,3727.8398,16624612900,250824025696.9
2020-03-18,sh.000300,3729.6853,3775.8506,3636.2565,3636.2565,3709.6822,15503754700,244127161535.3
2020-03-19,sh.000300,3623.789,3647.9874,3503.1866,3589.0926,3636.2565,18080740700,271827467961.6
2020-03-20,sh.000300,3629.5126,3663.9517,3588.7766,3653.2239,3589.0926,13960300000,211223073323.1
2020-03-23,sh.000300,3542.6837,3585.8014,3523.7877,3530.3058,3653.2239,13710879000,197669624970.1
2020-03-24,sh.000300,3598.6548,3627.7592,3545.4524,3625.1146,3530.3058,14310302100,208553840688.5
2020-03-25,sh.000300,3711.4753,3732.6536,3685.9942,3722.5181,3625.1146,15349595800,231561518761.2
2020-03-26,sh.000300,3692.6083,3736.2536,3681.2668,3698.0472,3722.5181,11231066500,169336311861.4
2020-03-27,sh.000300,3746.3914,3758.7827,3709.9213,3710.0605,3698.0472,12406099500,186103426334.7
2020-03-30,sh.000300,3657.4624,3690.6388,3637.5853,3674.1108,3710.0605,12687667300,180640799409.3
2020-03-31,sh.000300,3708.1404,3716.0707,3676.2024,3686.1551,3674.1108,11145302500,161595510008.2
2020-04-01,sh.000300,3682.2966,3731.7799,3670.9653,3675.0758,3686.1551,11935262000,170422568804.4
2020-04-02,sh.000300,3656.3225,3734.5306,3652.3167,3734.5306,3675.0758,11516820900,168893255656.6
2020-04-03,sh.000300,3721.4815,3738.8323,3698.9822,3713.2183,3734.5306,9982508300,150132815028.5
2020-04-07,sh.000300,3779.9076,3803.6286,3772.2054,3798.0214,3713.2183,14277803000,207642820316.9
2020-04-08,sh.000300,3776.4171,3793.0023,3767.2924,3780.3445,3798.0214,11138951300,161576772320.2
2020-04-09,sh.000300,3798.4879,3801.7245,3785.3116,3792.8105,3780.3445,10048503200,154595318812.8
2020-04-10,sh.000300,3794.8429,3824.7441,3758.9599,3769.1782,3792.8105,10244495600,162251233800.7
2020-04-13,sh.000300,3751.7093,3769.8764,3740.1936,3753.2566,3769.1782,7905334300,119874303204.6
2020-04-14,sh.000300,3777.8343,3825.7599,3764.9838,3825.6991,3753.2566,11063758500,170612579792.4
2020-04-15,sh.000300,3820.8506,3829.8009,3793.4402,3797.3623,3825.6991,10846198400,169700216633.0
2020-04-16,sh.000300,3777.7986,3807.3569,3774.5585,3802.3806,3797.3623,9594796500,147164302056.9
2020-04-17,sh.000300,3831.9232,3863.4521,3821.4201,3839.4871,3802.3806,13200430100,203595267033.5
2020-04-20,sh.000300,3845.4598,3853.7984,3831.553,3853.4551,3839.4871,10001311500,151924090117.0
2020-04-21,sh.000300,3838.2314,3838.2314,3779.9967,3808.0474,3853.4551,10292188800,155077454132.0
2020-04-22,sh.000300,3789.1297,3839.3834,3782.2149,3839.3834,3808.0474,8589946400,135547280790.0
2020-04-23,sh.000300,3851.9132,3857.4709,3826.5565,3829.7525,3839.3834,9550845000,142122548831.8
2020-04-24,sh.000300,3826.3116,3827.212,3787.0714,3796.9721,3829.7525,9484413500,138961200282.7
2020-04-27,sh.000300,3808.0171,3842.8706,3793.7655,3822.769,3796.9721,9546273500,145301151875.0
2020-04-28,sh.000300,3835.348,3859.6754,3768.2,3849.1465,3822.769,12209347600,184179759240.3
2020-04-29,sh.000300,3837.5135,3880.7444,3833.7164,3867.032,3849.1465,9585459000,151282103744.2
2020-04-30,sh.000300,3880.4094,3921.7004,3880.4094,3912.5772,3867.032,13291712500,202268288802.3
2020-05-06,sh.000300,3867.2587,3937.6909,3865.9875,3936.2539,3912.5772,13985567500,214935962364.4
2020-05-07,sh.000300,3937.5918,3941.4833,3915.9048,3924.8946,3936.2539,10551464600,167207801840.2
2020-05-08,sh.000300,3942.9972,3979.6627,3935.9805,3963.6217,3924.8946,11694334100,190299584716.9
2020-05-11,sh.000300,3974.7605,3998.0972,3944.5037,3960.1803,3963.6217,12267380300,193758093899.8
2020-05-12,sh.000300,3961.3427,3970.1115,3930.2108,3960.2378,3960.1803,9825055400,157465780059.9
2020-05-13,sh.000300,3946.6428,3972.5254,3932.5711,3968.2529,3960.2378,8819066900,145563383275.8
2020-05-14,sh.000300,3952.1986,3952.1986,3924.0452,3925.2177,3968.2529,8853000400,143499177719.8
2020-05-15,sh.000300,3941.125,3945.1956,3907.4021,3912.8159,3925.2177,9261838200,153301505149.4
2020-05-18,sh.000300,3914.6602,3946.4312,3898.4041,3922.9117,3912.8159,11280176200,188528121367.6
2020-05-19,sh.000300,3963.7754,3966.8518,3944.0715,3956.2495,3922.9117,9401529100,159886222402.2
2020-05-20,sh.000300,3955.7145,3955.7145,3923.9213,3935.222,3956.2495,10079115000,157102533276.1
2020-05-21,sh.000300,3950.5981,3951.743,3907.5788,3913.7949,3935.222,9486103300,149154142257.8
2020-05-22,sh.000300,3907.5761,3907.5761,3818.1488,3824.064,3913.7949,10337836000,157286504986.3
2020-05-25,sh.000300,3828.3206,3835.6333,3800.1796,3829.3245,3824.064,7903332600,127011917716.3
2020-05-26,sh.000300,3850.0009,3874.7484,3844.4776,3872.7701,3829.3245,7744807600,125445619316.8
2020-05-27,sh.000300,3873.6984,3873.6984,3838.4247,3845.6135,3872.7701,8371183100,123737501165.0
2020-05-28,sh.000300,3848.4892,3885.4211,3818.4318,3856.6324,3845.6135,9306405400,139108407792.0
2020-05-29,sh.000300,3838.3769,3872.3031,3830.4185,3867.0232,3856.6324,9381383200,135658136028.2
2020-06-01,sh.000300,3901.7263,3976.3151,3901.7263,3971.3402,3867.0232,13645665200,208436512945.1
2020-06-02,sh.000300,3969.9521,3991.7761,3958.9774,3983.5677,3971.3402,14430306000,195563304256.3
2020-06-03,sh.000300,4001.1708,4018.6759,3982.9299,3983.6477,3983.5677,13659748300,200882767676.9
2020-06-04,sh.000300,3998.1636,3999.8051,3968.5723,3982.1851,3983.6477,10427773700,149057855837.5
2020-06-05,sh.000300,3988.2239,4001.2509,3967.926,4001.2509,3982.1851,10244394200,154311342981.8
2020-06-08,sh.000300,4023.606,4050.2213,4016.1015,4021.9549,4001.2509,13792581300,193047518687.6
2020-06-09,sh.000300,4027.5613,4052.1557,4016.3387,4047.0293,4021.9549,11530447900,166533966010.0
2020-06-10,sh.000300,4046.2317,4046.2317,4024.4185,4039.7051,4047.0293,11226572800,166778642366.2
2020-06-11,sh.000300,4031.7396,4043.0123,3979.7522,3995.8846,4039.7051,12730894100,197079441861.1
2020-06-12,sh.000300,3931.6236,4011.0591,3927.2491,4003.0829,3995.8846,13416664900,193504046742.3
2020-06-15,sh.000300,3982.9672,4007.1396,3954.9883,3954.9883,4003.0829,13129786000,211125336143.8
2020-06-16,sh.000300,3995.5786,4014.5702,3987.8637,4014.5702,3954.9883,11105153900,185104029158.9
2020-06-17,sh.000300,4018.6094,4018.6094,3992.1339,4017.5941,4014.5702,10560579900,176977503611.2
2020-06-18,sh.000300,4009.7831,4047.5566,4000.9008,4044.3842,4017.5941,13814876100,210192918146.2
2020-06-19,sh.000300,4047.0483,4109.3602,4043.4925,4098.7095,4044.3842,15294699000,255549797299.6
2020-06-22,sh.000300,4097.5071,4126.9421,4088.7822,4102.0459,4098.7095,15582946500,259200520725.7
2020-06-23,sh.000300,4098.0373,4124.725,4080.7533,4121.7944,4102.0459,12922951000,234806510834.5
2020-06-24,sh.000300,4128.1003,4144.6782,4123.3582,4138.9895,4121.7944,12171246500,224551430008.0
2020-06-29,sh.000300,4127.9348,4137.3696,4092.5352,4109.7164,4138.9895,13086585400,226522059762.9
2020-06-30,sh.000300,4130.0028,4174.4236,4129.7754,4163.9637,4109.7164,12593352100,227935704488.9
2020-07-01,sh.000300,4172.6425,4247.7835,4163.4954,4247.7835,4163.9637,16999045600,305711799762.0
2020-07-02,sh.000300,4239.408,4340.1039,4238.1164,4335.8445,4247.7835,25293936800,399571526695.3
2020-07-03,sh.000300,4353.1937,4419.5955,4348.4535,4419.5955,4335.8445,29048553900,442335024266.1
2020-07-06,sh.000300,4465.8081,4678.1121,4465.8081,4670.0949,4419.5955,40582102500,597438217716.0
2020-07-07,sh.000300,4739.6104,4796.3155,4688.0574,4698.1264,4670.0949,40600855300,635254742706.0
2020-07-08,sh.000300,4692.8621,4803.3643,4670.6501,4774.0042,4698.1264,34807484700,532849825964.5
2020-07-09,sh.000300,4770.0769,4854.1201,4757.2943,4840.7712,4774.0042,35104689300,556718732098.9
2020-07-10,sh.000300,4796.0873,4821.3745,4734.4725,4753.1333,4840.7712,31694965100,510472055095.9
2020-07-13,sh.000300,4742.3738,4878.0773,4741.8743,4852.9612,4753.1333,32164544600,541105098721.0
2020-07-14,sh.000300,4836.1655,4860.4404,4729.9258,4806.6902,4852.9612,29724198500,511211048184.9
2020-07-15,sh.000300,4821.5155,4837.4757,4723.3608,4744.4687,4806.6902,27238900600,486748347680.4
2020-07-16,sh.000300,4741.5295,4772.5638,4513.6537,4516.2532,4744.4687,28465713300,511237962884.2
2020-07-17,sh.000300,4524.7717,4601.3733,4485.8214,4544.7007,4516.2532,20737556300,372973887046.0
2020-07-20,sh.000300,4597.2038,4681.9431,4534.2305,4680.3046,4544.7007,24606891400,416714222275.7
2020-07-21,sh.000300,4697.5026,4714.2925,4661.444,4691.0425,4680.3046,20041565900,356069805762.6
2020-07-22,sh.000300,4682.6575,4790.4491,4675.3488,4714.4454,4691.0425,22419921100,386470859914.3
2020-07-23,sh.000300,4668.7401,4731.4004,4607.6585,4712.4357,4714.4454,23431456900,405175268660.9
2020-07-24,sh.000300,4679.0273,4691.698,4479.3928,4505.5906,4712.4357,24390520300,437726712279.7
2020-07-27,sh.000300,4535.0053,4558.1189,4482.4408,4528.45,4505.5906,17142055100,301893370163.2
2020-07-28,sh.000300,4567.6691,4590.2496,4537.6849,4568.2576,4528.45,16276849800,292835785345.2
2020-07-29,sh.000300,4559.1634,4680.558,4548.8535,4679.008,4568.2576,18669530500,350432649160.5
2020-07-30,sh.000300,4689.7632,4704.6305,4649.7677,4656.1506,4679.008,16696756600,324009242692.4
2020-07-31,sh.000300,4652.1824,4741.8084,4621.9635,4695.0462,4656.1506,18483902600,351119312415.0
2020-08-03,sh.000300,4735.8985,4771.3694,4720.025,4771.3108,4695.0462,21477623900,401914824928.3
2020-08-04,sh.000300,4778.4866,4807.0782,4747.7748,4775.8024,4771.3108,23997498500,426411345935.8
2020-08-05,sh.000300,4761.7637,4786.7031,4711.2723,4777.1089,4775.8024,19670054800,347407839399.1
2020-08-06,sh.000300,4779.2377,4791.8565,4691.1569,4762.7642,4777.1089,22785440600,404323404006.9
2020-08-07,sh.000300,4742.2939,4749.0217,4637.8427,4707.9262,4762.7642,21351821600,397041212825.0
2020-08-10,sh.000300,4681.7553,4757.6634,4646.2885,4724.8697,4707.9262,20378883200,371297560017.6
2020-08-11,sh.000300,4730.3748,4791.5337,4674.8642,4681.7837,4724.8697,20554651100,350828586241.1
2020-08-12,sh.000300,4668.8899,4681.6206,4566.2736,4647.6446,4681.7837,20288723900,347298673202.0
2020-08-13,sh.000300,4666.4901,4671.7689,4626.1033,4635.7126,4647.6446,15255009200,250945872578.9
2020-08-14,sh.000300,4627.61,4708.0709,4617.632,4704.6288,4635.7126,14729292100,254343934256.2
2020-08-17,sh.000300,4727.1204,4838.0864,4721.3589,4815.2261,4704.6288,26800155600,416469154934.0
2020-08-18,sh.000300,4816.5703,4825.3861,4788.8293,4812.7564,4815.2261,18913985400,314395904535.5
2020-08-19,sh.000300,4804.6655,4809.0499,4738.0086,4740.6784,4812.7564,19244294800,319403284708.3
2020-08-20,sh.000300,4708.1253,4721.4357,4662.8032,4679.1544,4740.6784,15836863900,260486563515.0
2020-08-21,sh.000300,4717.7874,4739.4836,4684.8101,4718.8431,4679.1544,14265786400,251775160233.8
2020-08-24,sh.000300,4746.4035,4769.4673,4716.6054,4755.8491,4718.8431,15114351200,272428686418.6
2020-08-25,sh.000300,4769.2107,4802.4122,4746.313,4761.9507,4755.8491,14170135100,262308788275.0
2020-08-26,sh.000300,4761.7186,4786.4249,4689.881,4706.1302,4761.9507,15130518000,277456360643.0
2020-08-27,sh.000300,4718.062,4731.9351,4679.3623,4731.3451,4706.1302,11904285000,223631511405.6
2020-08-28,sh.000300,4727.292,4850.4884,4719.3526,4844.2652,4731.3451,15939976500,305047882508.6
2020-08-31,sh.000300,4870.9337,4901.2115,4816.2123,4816.2153,4844.2652,20256702900,357005064604.8
2020-09-01,sh.000300,4803.3922,4842.135,4791.7829,4842.1223,4816.2153,13839540200,262018070577.3
2020-09-02,sh.000300,4859.0754,4863.5509,4797.5204,4843.887,4842.1223,15798952400,280778613751.4
2020-09-03,sh.000300,4841.502,4877.0117,4800.0577,4817.0952,4843.887,14567120100,279411988792.3
2020-09-04,sh.000300,4737.2368,4778.203,4726.5559,4770.219,4817.0952,12003279600,238463337878.7
2020-09-07,sh.000300,4759.5213,4789.3031,4655.56,4669.3677,4770.219,14860779100,282316394067.8
2020-09-08,sh.000300,4683.8256,4707.8966,4639.0531,4694.3894,4669.3677,13919922700,249198138076.0
2020-09-09,sh.000300,4634.247,4645.1972,4558.0304,4584.5887,4694.3894,16227710700,244905191934.1
2020-09-10,sh.000300,4632.0994,4647.7505,4572.2058,4581.9775,4584.5887,15065287800,226146354804.6
2020-09-11,sh.000300,4572.2572,4630.8842,4563.1061,4627.2826,4581.9775,11530242400,198240927301.5
2020-09-14,sh.000300,4652.0539,4666.9862,4625.9877,4651.0507,4627.2826,10723517900,211653411810.9
2020-09-15,sh.000300,4649.4472,4691.4997,4630.5374,4688.4826,4651.0507,10191592500,194573684119.3
2020-09-16,sh.000300,4683.006,4690.6815,4638.4586,4657.3584,4688.4826,10875364100,196120184850.9
2020-09-17,sh.000300,4642.0542,4664.9491,4601.639,4632.7142,4657.3584,10598363100,214146647269.6
2020-09-18,sh.000300,4636.6422,4737.8039,4631.7045,4737.0887,4632.7142,16042647500,281885944229.0
2020-09-21,sh.000300,4750.7481,4752.9799,4688.7199,4691.4281,4737.0887,12453582700,224137912695.2
2020-09-22,sh.000300,4654.2179,4706.2096,4622.1111,4635.7608,4691.4281,11967294700,202909215534.6
2020-09-23,sh.000300,4639.6592,4665.96,4623.5528,4652.3273,4635.7608,9582652800,190393472276.3
2020-09-24,sh.000300,4623.9535,4631.9482,4562.2086,4563.0657,4652.3273,11259368300,193515873700.2
2020-09-25,sh.000300,4582.482,4599.5387,4554.7199,4570.0216,4563.0657,9301515500,167457376964.0
2020-09-28,sh.000300,4582.6471,4613.6324,4571.1507,4581.9085,4570.0216,8504838900,159314675407.1
2020-09-29,sh.000300,4608.2926,4616.6767,4586.3537,4591.7993,4581.9085,8599385800,159937888502.2
2020-09-30,sh.000300,4607.5753,4634.7239,4563.4108,4587.3953,4591.7993,8908120000,165532220885.2
2020-10-09,sh.000300,4663.61,4695.4041,4655.0851,4681.1412,4587.3953,11133751200,229926731489.9
2020-10-12,sh.000300,4705.1883,4823.2666,4704.1554,4823.1578,4681.1412,15578455800,307848558046.0
2020-10-13,sh.000300,4812.8989,4845.9191,4795.373,4839.201,4823.1578,11651633800,242172567248.5
2020-10-14,sh.000300,4830.4575,4830.4575,4795.9069,4807.1021,4839.201,11190692300,229836207247.8
2020-10-15,sh.000300,4810.7821,4833.8925,4796.2647,4798.7361,4807.1021,10996496200,213878285047.0
2020-10-16,sh.000300,4798.9162,4825.5518,4765.967,4791.676,4798.7361,11671610200,204175130717.5
2020-10-19,sh.000300,4823.4944,4849.605,4747.3356,4755.4879,4791.676,12924636100,225392198225.0
2020-10-20,sh.000300,4751.3694,4793.4672,4739.4583,4793.4672,4755.4879,9804815600,185849198017.6
2020-10-21,sh.000300,4801.6313,4801.6313,4758.8552,4792.8284,4793.4672,10380570300,189978697043.6
2020-10-22,sh.000300,4780.5954,4791.8078,4725.4993,4777.9845,4792.8284,10135089100,194614971169.8
2020-10-23,sh.000300,4775.4665,4802.456,4717.0984,4718.4881,4777.9845,10682518400,200985821991.5
2020-10-26,sh.000300,4684.0465,4713.3945,4639.3019,4691.2359,4718.4881,10834327500,205518988284.4
2020-10-27,sh.000300,4680.1371,4708.4623,4671.8536,4699.2792,4691.2359,9265630400,186675545690.4
2020-10-28,sh.000300,4703.0036,4753.3125,4685.6012,4737.2718,4699.2792,10846340200,226754264067.0
2020-10-29,sh.000300,4683.607,4803.0317,4679.2529,4772.9198,4737.2718,11711725000,252303504993.0
2020-10-30,sh.000300,4776.4726,4778.5089,4683.4719,4695.3338,4772.9198,13980230300,280783321713.1
2020-11-02,sh.000300,4702.7457,4738.0239,4695.4436,4720.8313,4695.3338,14286769300,279027685157.1
2020-11-03,sh.000300,4743.1742,4793.3963,4734.1748,4777.5608,4720.8313,13605540800,252390556313.5
2020-11-04,sh.000300,4781.448,4825.4638,4770.5582,4813.6564,4777.5608,11466180600,230513773046.3
2020-11-05,sh.000300,4861.3377,4885.1118,4837.9996,4885.1118,4813.6564,13924459400,281951932371.0
2020-11-06,sh.000300,4897.6295,4897.6295,4845.4293,4885.7178,4885.1118,15363903400,305365103652.9
2020-11-09,sh.000300,4918.8609,4997.8017,4918.8609,4981.3497,4885.7178,19713198400,371923282063.4
2020-11-10,sh.000300,4995.4126,4995.4126,4928.9319,4953.8756,4981.3497,17626721400,334271459964.0
2020-11-11,sh.000300,4937.7582,4957.5846,4901.7067,4904.8981,4953.8756,16447051500,303858557977.1
2020-11-12,sh.000300,4916.7736,4926.3422,4891.51,4908.463,4904.8981,11811461900,227645907147.2
2020-11-13,sh.000300,4886.9778,4886.9778,4825.7578,4856.8513,4908.463,13369307900,255353111737.8
2020-11-16,sh.000300,4880.958,4904.1716,4848.6239,4904.1716,4856.8513,14877098000,266705031671.5
2020-11-17,sh.000300,4903.12,4909.2902,4865.3942,4894.786,4904.1716,15148746400,288911408551.0
2020-11-18,sh.000300,4889.6749,4911.0876,4870.7162,4891.6716,4894.786,16421661600,290727223227.2
2020-11-19,sh.000300,4880.9224,4939.7911,4870.2005,4927.9891,4891.6716,13368137800,247727135000.5
2020-11-20,sh.000300,4928.2223,4947.4297,4922.5895,4943.2882,4927.9891,12940034100,229053679195.4
2020-11-23,sh.000300,4954.5987,5029.6515,4940.4494,5005.0273,4943.2882,20591518700,333633826416.7
2020-11-24,sh.000300,4997.0485,5001.0614,4960.9817,4974.2855,5005.0273,15663791100,264804443317.7
2020-11-25,sh.000300,4992.7466,5004.7732,4910.7,4910.7,4974.2855,17034052700,277070642970.7
2020-11-26,sh.000300,4908.3208,4925.2857,4867.8153,4919.5912,4910.7,13720233800,239748145475.7
2020-11-27,sh.000300,4930.5928,4980.765,4917.3479,4980.765,4919.5912,16295292200,253178971224.0
2020-11-30,sh.000300,4994.1063,5055.192,4960.2519,4960.2519,4980.765,26263895000,396495834420.8
2020-12-01,sh.000300,4963.1302,5072.5494,4963.1302,5067.0983,4960.2519,20406563800,328451014444.2
2020-12-02,sh.000300,5072.9755,5090.6084,5043.3091,5067.1447,5067.0983,19543547600,310609728842.5
2020-12-03,sh.000300,5065.4531,5072.3046,5033.7887,5057.0603,5067.1447,17786574800,275335207429.1
2020-12-04,sh.000300,5049.5231,5072.3865,5017.8506,5065.9163,5057.0603,14434716700,257798820735.0
2020-12-07,sh.000300,5065.7285,5067.8698,5014.609,5022.2351,5065.9163,13989621700,264657773932.9
2020-12-08,sh.000300,5029.1063,5043.0605,4998.9218,5009.8786,5022.2351,12307302900,234880648439.1
2020-12-09,sh.000300,5022.3846,5033.6417,4942.5195,4942.6986,5009.8786,13891696500,260772774152.9
2020-12-10,sh.000300,4931.2933,4962.7433,4919.7696,4940.5249,4942.6986,12591427000,229651278357.4
2020-12-11,sh.000300,4957.8236,4957.8236,4849.3547,4889.6292,4940.5249,15935769700,275212730069.9
2020-12-14,sh.000300,4903.627,4937.2601,4887.6599,4934.8352,4889.6292,12080155200,247878279711.0
2020-12-15,sh.000300,4931.6019,4954.1885,4904.7926,4945.1,4934.8352,11834263300,248093390249.2
2020-12-16,sh.000300,4957.2971,4968.8558,4938.1932,4953.867,4945.1,10677896800,229696035696.9
2020-12-17,sh.000300,4960.729,5021.6171,4950.3713,5017.4784,4953.867,13338547900,270180356109.3
2020-12-18,sh.000300,5014.3211,5027.4446,4979.0051,4999.9678,5017.4784,12804961800,258938551535.8
2020-12-21,sh.000300,4995.7622,5048.5074,4969.999,5046.8396,4999.9678,14081178200,298204296843.3
2020-12-22,sh.000300,5034.9831,5055.1348,4960.9457,4964.7727,5046.8396,16234497000,326758817663.3
2020-12-23,sh.000300,4977.2994,5028.4506,4968.1509,5007.1235,4964.7727,14029281900,308729037473.7
2020-12-24,sh.000300,5006.0051,5033.038,4979.2371,5000.0154,5007.1235,11441866700,246674476188.8
2020-12-25,sh.000300,4985.7695,5042.0978,4973.6812,5042.0137,5000.0154,12100697900,243992268243.3
2020-12-28,sh.000300,5042.9432,5089.3447,5037.8582,5064.4147,5042.0137,13691440700,281019254170.5
2020-12-29,sh.000300,5071.449,5077.4167,5034.3078,5042.9361,5064.4147,14119866200,279035233253.8
2020-12-30,sh.000300,5037.9848,5113.7105,5036.6288,5113.7105,5042.9361,14862644800,296577812603.0
2020-12-31,sh.000300,5122.4799,5215.6178,5122.4799,5211.2885,5113.7105,17160250900,358731371834.7
2021-01-04,sh.000300,5212.9313,5284.4343,5190.9372,5267.7181,5211.2885,21171138200,452796175554.0
2021-01-05,sh.000300,5245.8355,5368.5049,5234.3775,5368.5049,5267.7181,22493115900,498041939761.0
2021-01-06,sh.000300,5386.5144,5433.4694,5341.4304,5417.6677,5368.5049,19377344400,444434377137.3
2021-01-07,sh.000300,5428.3944,5513.6568,5413.3526,5513.6568,5417.6677,21987208000,473385353695.8
2021-01-08,sh.000300,5526.2876,5547.4733,5442.6939,5495.4306,5513.6568,20432495600,473567653978.6
2021-01-11,sh.000300,5504.2358,5555.6916,5412.5046,5441.1583,5495.4306,23183598300,522298482544.3
2021-01-12,sh.000300,5419.4996,5596.3525,5417.6272,5596.3525,5441.1583,22422018600,486233760739.8
2021-01-13,sh.000300,5609.2637,5644.7195,5535.1435,5577.9711,5596.3525,26156988600,546959736365.5
2021-01-14,sh.000300,5556.2125,5568.0179,5458.6818,5470.4563,5577.9711,24368338000,501890111879.0
2021-01-15,sh.000300,5471.391,5500.6348,5390.2737,5458.0812,5470.4563,23863743500,475709920372.3
2021-01-18,sh.000300,5438.1618,5541.4613,5410.775,5518.5205,5458.0812,20705186900,422717209153.0
2021-01-19,sh.000300,5525.969,5532.4793,5415.7166,5437.5234,5518.5205,21104342500,433205176449.9
2021-01-20,sh.000300,5439.9111,5496.0493,5426.5357,5476.4336,5437.5234,17091326000,373770384496.4
2021-01-21,sh.000300,5492.9587,5593.1058,5490.5626,5564.9693,5476.4336,20995019700,453183684478.9
2021-01-22,sh.000300,5562.379,5573.6594,5513.8769,5569.776,5564.9693,19930002000,456622193435.6
2021-01-25,sh.000300,5564.1237,5655.4795,5543.2663,5625.9232,5569.776,19704701900,508166980802.0
2021-01-26,sh.000300,5600.9017,5600.9017,5505.9962,5512.9678,5625.9232,17190459000,415008069865.0
2021-01-27,sh.000300,5505.7708,5534.9928,5449.6385,5528.0034,5512.9678,16019084100,376892605839.1
2021-01-28,sh.000300,5450.3695,5462.2352,5360.3766,5377.1427,5528.0034,17048558500,376166523177.5
2021-01-29,sh.000300,5413.9684,5430.2015,5288.0955,5351.9646,5377.1427,18217878400,390287690019.0
2021-02-01,sh.000300,5356.8535,5422.299,5342.0458,5417.6484,5351.9646,16631370600,346859083730.0
2021-02-02,sh.000300,5429.7032,5503.2145,5411.5173,5501.0915,5417.6484,16521056500,380016716111.9
2021-02-03,sh.000300,5499.2961,5532.8864,5473.1237,5485.2008,5501.0915,18805431700,404343602637.7
2021-02-04,sh.000300,5453.9764,5510.0535,5411.5749,5473.9475,5485.2008,18057565400,397995205379.9
2021-02-05,sh.000300,5494.7011,5550.7714,5477.6517,5483.414,5473.9475,18969959800,395400134490.0
2021-02-08,sh.000300,5506.1423,5576.4908,5479.8529,5564.5618,5483.414,16403377500,367582771658.8
2021-02-09,sh.000300,5584.165,5686.2502,5555.0537,5686.2502,5564.5618,16488726000,378769121171.9
2021-02-10,sh.000300,5709.684,5823.4219,5707.3295,5807.7191,5686.2502,17016978600,417056463360.9
2021-02-18,sh.000300,5922.0714,5930.9122,5747.6631,5768.3814,5807.7191,21884868600,507481235977.7
2021-02-19,sh.000300,5734.0193,5787.8871,5667.3209,5778.842,5768.3814,21447578000,456433793702.1
2021-02-22,sh.000300,5785.5097,5785.5097,5597.3327,5597.3327,5778.842,28212438200,543633153216.5
2021-02-23,sh.000300,5542.6841,5644.7551,5541.1092,5579.6681,5597.3327,23380772700,424904470814.2
2021-02-24,sh.000300,5591.4795,5598.8284,5379.7278,5437.5683,5579.6681,22542861000,472369211004.2
2021-02-25,sh.000300,5494.4706,5527.6296,5444.1646,5469.5584,5437.5683,23073602800,412206157140.7
2021-02-26,sh.000300,5343.9041,5416.3197,5318.8579,5336.7609,5469.5584,21226454300,405717700127.9
2021-03-01,sh.000300,5389.2499,5421.555,5345.9449,5418.7837,5336.7609,17746352300,358146545967.0
2021-03-02,sh.000300,5453.2847,5454.9687,5305.0545,5349.6301,5418.7837,19651111500,376444604695.3
2021-03-03,sh.000300,5327.3467,5452.396,5316.4809,5452.2125,5349.6301,19470905400,337610313596.0
2021-03-04,sh.000300,5388.4785,5392.3725,5254.7771,5280.7058,5452.2125,21277521100,384382456961.0
2021-03-05,sh.000300,5191.9699,5307.8203,5174.2458,5262.7958,5280.7058,20262795600,352539774294.9
2021-03-08,sh.000300,5299.7907,5326.2602,5079.7984,5080.0246,5262.7958,23023163500,407133802141.7
2021-03-09,sh.000300,5066.1546,5094.311,4917.909,4970.9994,5080.0246,23071100400,414415213806.0
2021-03-10,sh.000300,5047.0589,5055.2785,4981.6161,5003.6121,4970.9994,16992849000,309577408714.9
2021-03-11,sh.000300,5024.5586,5138.4146,5020.5784,5128.2156,5003.6121,18960076600,333859199678.6
2021-03-12,sh.000300,5153.674,5153.674,5086.8234,5146.3786,5128.2156,20102058900,323237751413.4
2021-03-15,sh.000300,5116.1228,5120.8757,4992.3989,5035.5441,5146.3786,20415308400,330740513807.9
2021-03-16,sh.000300,5054.4089,5084.3085,5009.951,5079.3624,5035.5441,16139005400,271755048563.6
2021-03-17,sh.000300,5062.7706,5123.5452,5020.1255,5100.8581,5079.3624,14916237600,263492417709.0
2021-03-18,sh.000300,5114.5872,5160.4566,5111.1294,5141.7681,5100.8581,14290151800,260930046844.7
2021-03-19,sh.000300,5068.5319,5089.9175,4980.7609,5007.0907,5141.7681,16417484900,282974489237.2
2021-03-22,sh.000300,5008.3953,5071.3378,4996.541,5057.152,5007.0907,16740263200,264209098943.0
2021-03-23,sh.000300,5057.0632,5064.02,4966.534,5009.2459,5057.152,15801396700,255755377659.6
2021-03-24,sh.000300,4985.4013,5024.3274,4919.8932,4928.6853,5009.2459,15938598200,265970020152.0
2021-03-25,sh.000300,4904.0683,4950.7608,4883.6615,4926.3469,4928.6853,13294518900,219782049461.7
2021-03-26,sh.000300,4953.9453,5050.8292,4953.9453,5037.9899,4926.3469,14592669700,273901922431.0
2021-03-29,sh.000300,5052.2634,5086.6543,5010.3902,5046.8773,5037.9899,14338821500,266176599970.5
2021-03-30,sh.000300,5043.0952,5106.0365,5032.795,5094.7291,5046.8773,13861856000,254928014461.3
2021-03-31,sh.000300,5085.9497,5085.9497,5015.607,5048.3607,5094.7291,14133574300,241058485554.4
2021-04-01,sh.000300,5059.9359,5115.4286,5056.8718,5110.7768,5048.3607,12032489000,211493324391.1
2021-04-02,sh.000300,5129.8545,5169.8312,5116.3472,5161.5569,5110.7768,12700225400,248060376224.1
2021-04-06,sh.000300,5178.6401,5181.149,5125.3301,5140.3418,5161.5569,10983421000,213852444065.4
2021-04-07,sh.000300,5141.6556,5141.6556,5065.1932,5103.7428,5140.3418,14576374800,246271190296.5
2021-04-08,sh.000300,5078.2627,5129.1318,5062.0725,5112.2086,5103.7428,14177104700,228422004674.7
2021-04-09,sh.000300,5100.0422,5100.0422,5022.0926,5035.3374,5112.2086,12841650900,221519791677.6
2021-04-12,sh.000300,5026.9791,5045.6018,4933.0126,4947.7459,5035.3374,15264431400,267218195772.7
2021-04-13,sh.000300,4949.8074,4994.5404,4924.1979,4939.6438,4947.7459,13291935800,225753230649.0
2021-04-14,sh.000300,4945.6857,4987.1191,4940.2686,4980.6279,4939.6438,12086083800,221036276090.0
2021-04-15,sh.000300,4969.9099,4969.9099,4900.3033,4948.9741,4980.6279,10882938400,213820884103.5
2021-04-16,sh.000300,4966.8999,4979.1731,4917.9596,4966.1811,4948.9741,11123992400,213389173713.5
2021-04-19,sh.000300,4966.409,5088.2106,4940.7473,5087.0165,4966.1811,15476982400,307899776737.5
2021-04-20,sh.000300,5065.7757,5119.8586,5058.9247,5083.3654,5087.0165,13654170000,276640588159.1
2021-04-21,sh.000300,5055.2398,5110.5623,5047.9916,5098.7449,5083.3654,12463727700,242574995256.0
2021-04-22,sh.000300,5114.2799,5119.2246,5067.1382,5089.2435,5098.7449,12116764500,241488845756.1
2021-04-23,sh.000300,5088.8263,5149.9825,5086.4914,5135.4534,5089.2435,12205699100,264345183118.9
2021-04-26,sh.000300,5156.5941,5181.1066,5072.9585,5077.2372,5135.4534,15138196700,325760384278.3
2021-04-27,sh.000300,5076.6415,5095.9842,5042.6099,5090.5195,5077.2372,12396183700,254738009833.6
2021-04-28,sh.000300,5073.9728,5119.4455,5059.2628,5119.2421,5090.5195,12062031800,272182521893.2
2021-04-29,sh.000300,5128.2795,5170.5852,5113.6484,5164.1692,5119.2421,14009248000,294112454366.3
2021-04-30,sh.000300,5156.3557,5163.2517,5094.9285,5123.489,5164.1692,16012162100,315075102884.9
2021-05-06,sh.000300,5098.8006,5132.8986,5037.4083,5061.1244,5123.489,15882263000,323258264641.5
2021-05-07,sh.000300,5073.4554,5093.7471,4996.037,4996.0527,5061.1244,17225832100,304638402155.0
2021-05-10,sh.000300,5001.4371,5019.3927,4953.6965,4992.422,4996.0527,17082058500,282656808853.4
2021-05-11,sh.000300,4956.0794,5033.4938,4925.9152,5023.0595,4992.422,15152649700,270931616512.9
2021-05-12,sh.000300,5003.8171,5051.1682,4995.4048,5044.5481,5023.0595,12661908600,228344006493.0
2021-05-13,sh.000300,4992.3519,5022.0836,4975.4462,4992.9738,5044.5481,13227940600,237821404345.3
2021-05-14,sh.000300,5007.6286,5112.9838,4981.2948,5110.5901,4992.9738,15942618000,318802786822.9
2021-05-17,sh.000300,5115.3063,5206.6947,5115.3063,5184.9853,5110.5901,15388963400,335439913424.1
2021-05-18,sh.000300,5190.9345,5201.6721,5156.7924,5187.6013,5184.9853,11840426100,238182265921.9
2021-05-19,sh.000300,5173.1666,5193.5574,5151.6392,5172.272,5187.6013,11872998300,250736278155.8
2021-05-20,sh.000300,5167.0546,5201.5935,5152.0358,5186.412,5172.272,13845477500,277088462047.3
2021-05-21,sh.000300,5199.1285,5216.1615,5123.1171,5134.1483,5186.412,12476848500,268053627530.6
2021-05-24,sh.000300,5138.8149,5155.5875,5092.3894,5155.5875,5134.1483,12674233600,278513133226.0
2021-05-25,sh.000300,5165.0361,5324.3609,5161.5238,5318.478,5155.5875,18299683900,404683305641.1
2021-05-26,sh.000300,5326.1169,5344.2837,5308.7389,5320.5927,5318.478,16960709600,346444644792.8
2021-05-27,sh.000300,5311.3726,5378.4764,5286.05,5338.2329,5320.5927,14846285500,311893705935.1
2021-05-28,sh.000300,5338.7278,5360.2774,5288.6515,5321.0886,5338.2329,16460580600,330711896344.2
2021-05-31,sh.000300,5318.0825,5331.6294,5281.6851,5331.5696,5321.0886,14460326900,321450798233.5
2021-06-01,sh.000300,5320.4745,5343.7529,5269.259,5341.6798,5331.5696,14383147400,321845842153.4
2021-06-02,sh.000300,5348.344,5352.6404,5266.7852,5289.9736,5341.6798,13775431900,296176177153.5
2021-06-03,sh.000300,5285.7098,5314.3691,5255.0719,5255.2855,5289.9736,14196887800,285448632488.9
2021-06-04,sh.000300,5228.2761,5334.4899,5221.2291,5282.2772,5255.2855,14473208700,292326048775.5
2021-06-07,sh.000300,5284.8907,5286.8424,5242.9481,5277.6271,5282.2772,12770497100,280463260583.2
2021-06-08,sh.000300,5276.9711,5319.0406,5201.1404,5232.1165,5277.6271,13055953200,304042218266.2
2021-06-09,sh.000300,5224.9496,5253.3555,5215.3506,5236.4493,5232.1165,12182032100,255075448703.0
2021-06-10,sh.000300,5236.4691,5299.5299,5229.5182,5271.4661,5236.4493,13899196700,301454334609.8
2021-06-11,sh.000300,5275.7456,5276.1039,5213.5991,5224.703,5271.4661,18080717300,365363494541.8
2021-06-15,sh.000300,5218.5648,5225.5021,5137.409,5166.5597,5224.703,14288005800,330616618621.5
2021-06-16,sh.000300,5163.2493,5164.5192,5076.0222,5080.4909,5166.5597,12514798500,298286772933.4
2021-06-17,sh.000300,5074.3839,5123.3651,5073.8211,5101.8924,5080.4909,12045251800,281927280723.3
2021-06-18,sh.000300,5104.9297,5128.0309,5064.9208,5102.4657,5101.8924,14858580500,356697096115.9
2021-06-21,sh.000300,5088.0893,5123.7827,5058.5699,5090.3854,5102.4657,13218451600,331527114639.0
2021-06-22,sh.000300,5106.0743,5125.8186,5086.2776,5122.1583,5090.3854,13041675300,313690367125.4
2021-06-23,sh.000300,5127.191,5171.033,5109.7571,5147.3938,5122.1583,13635605800,358765666329.7
2021-06-24,sh.000300,5156.5638,5160.4346,5120.5844,5155.9738,5147.3938,12668562500,312607422609.3
2021-06-25,sh.000300,5159.8017,5251.6076,5157.4758,5239.9684,5155.9738,15493106100,368265641241.1
2021-06-28,sh.000300,5253.6081,5260.6372,5226.2201,5251.7604,5239.9684,13319378300,337452771675.6
2021-06-29,sh.000300,5248.5249,5248.5249,5182.6771,5190.5445,5251.7604,12516299700,314896843024.3
2021-06-30,sh.000300,5189.3797,5231.4262,5186.625,5224.041,5190.5445,10375267100,281015504940.5
2021-07-01,sh.000300,5241.2039,5252.2642,5190.8762,5229.6642,5224.041,12724062000,324097400267.5
2021-07-02,sh.000300,5186.6613,5186.6613,5074.3621,5081.1172,5229.6642,13042642400,342578961248.3
2021-07-05,sh.000300,5073.7787,5098.2305,5048.004,5085.7924,5081.1172,13121158900,335197786629.8
2021-07-06,sh.000300,5089.778,5092.2066,5028.5058,5083.1043,5085.7924,14065522000,362828901848.9
2021-07-07,sh.000300,5052.4204,5152.7711,5045.4056,5140.4899,5083.1043,14854906000,336731403375.7
2021-07-08,sh.000300,5149.3095,5151.2171,5078.9295,5088.2566,5140.4899,17390100800,397879869879.7
2021-07-09,sh.000300,5063.148,5081.4086,5006.4115,5069.4361,5088.2566,16065322600,352845583768.9
2021-07-12,sh.000300,5108.3783,5159.4115,5070.3188,5132.7088,5069.4361,20621203900,437203145943.3
2021-07-13,sh.000300,5128.6138,5154.0508,5114.943,5142.0991,5132.7088,16648220900,361328491653.3
2021-07-14,sh.000300,5130.7522,5130.7522,5075.1252,5083.0849,5142.0991,18835272000,372568110291.6
2021-07-15,sh.000300,5073.2634,5153.8056,5067.6767,5151.4626,5083.0849,18107710300,372484081122.6
2021-07-16,sh.000300,5140.904,5140.904,5090.6321,5094.7727,5151.4626,16995598200,362594258079.0
2021-07-19,sh.000300,5083.7276,5120.8235,5047.6234,5113.4945,5094.7727,15319958900,340322623792.1
2021-07-20,sh.000300,5080.2158,5114.0033,5067.8619,5108.9941,5113.4945,12930004400,283543130755.2
2021-07-21,sh.000300,5122.7843,5160.5447,5122.3046,5144.0428,5108.9941,16797646900,390275519305.4
2021-07-22,sh.000300,5150.3859,5171.2096,5137.8795,5151.7517,5144.0428,18555686400,418221654806.0
2021-07-23,sh.000300,5145.4308,5145.4308,5079.9973,5089.2282,5151.7517,21653684700,435521169695.0
2021-07-26,sh.000300,5067.3072,5067.3072,4859.6031,4925.299,5089.2282,22811171000,495153655116.7
2021-07-27,sh.000300,4924.2816,4940.86,4749.0327,4751.313,4925.299,23663122500,521146117041.1
2021-07-28,sh.000300,4714.2948,4785.6567,4663.9009,4760.4826,4751.313,19263439300,419706155162.8
2021-07-29,sh.000300,4845.7603,4857.9709,4800.0125,4850.2746,4760.4826,17332205400,415676120877.6
2021-07-30,sh.000300,4825.7002,4825.7002,4761.0376,4811.1695,4850.2746,18234977600,420943935061.8
2021-08-02,sh.000300,4794.8192,4938.8154,4761.4593,4933.736,4811.1695,22719491800,524659449295.5
2021-08-03,sh.000300,4909.2325,4957.0291,4890.8495,4934.4583,4933.736,20353336000,471194128401.9
2021-08-04,sh.000300,4927.7358,4979.2911,4919.6569,4978.8479,4934.4583,17546646100,425801406611.8
2021-08-05,sh.000300,4946.1668,4997.1397,4921.9382,4948.6703,4978.8479,16738182900,398772206808.2
2021-08-06,sh.000300,4943.0427,4944.3486,4891.7968,4921.5647,4948.6703,15417968800,371773603785.1
2021-08-09,sh.000300,4890.2573,5002.8944,4884.0392,4985.5627,4921.5647,18243687100,408897062935.4
2021-08-10,sh.000300,4977.8164,5043.7608,4941.2399,5043.148,4985.5627,16705190200,410098755610.3
2021-08-11,sh.000300,5037.0819,5059.7887,5009.9782,5015.3406,5043.148,18226607400,373386347207.4
2021-08-12,sh.000300,4998.0733,5016.2628,4962.985,4973.3509,5015.3406,16822373300,361828381964.4
2021-08-13,sh.000300,4958.7577,4993.7432,4921.2812,4945.9829,4973.3509,15831432100,352459069035.5
2021-08-16,sh.000300,4935.9229,4973.3761,4931.3691,4941.0676,4945.9829,16195337300,340735120174.7
2021-08-17,sh.000300,4935.0044,4967.5648,4823.3923,4837.4034,4941.0676,18757347200,388457131504.0
2021-08-18,sh.000300,4838.4706,4909.5409,4818.9013,4894.2384,4837.4034,19747437800,395792165759.8
2021-08-19,sh.000300,4886.564,4893.467,4839.5681,4862.1394,4894.2384,20171171900,397424964846.0
2021-08-20,sh.000300,4817.4937,4835.153,4720.8257,4769.2678,4862.1394,17763581000,404938035667.4
2021-08-23,sh.000300,4777.7347,4843.8193,4764.0089,4835.8782,4769.2678,16757909300,389599126282.0
2021-08-24,sh.000300,4844.5925,4906.2036,4842.7476,4888.3902,4835.8782,19788316300,417481426158.2
2021-08-25,sh.000300,4890.5211,4899.7651,4865.7646,4898.1572,4888.3902,18944801600,371868197458.6
2021-08-26,sh.000300,4892.2044,4892.2044,4798.6954,4801.6094,4898.1572,19761738700,368987718505.9
2021-08-27,sh.000300,4794.974,4863.4692,4793.5908,4827.0433,4801.6094,18331021100,368421410281.2
2021-08-30,sh.000300,4847.0348,4849.1598,4787.1999,4813.2703,4827.0433,21963575700,477182071719.8
2021-08-31,sh.000300,4803.0854,4821.7564,4740.7524,4805.6099,4813.2703,23511865800,460805653996.0
2021-09-01,sh.000300,4804.6863,4906.4024,4763.2992,4869.4587,4805.6099,32672108000,568819748405.8
2021-09-02,sh.000300,4865.8218,4892.7049,4845.6246,4869.4113,4869.4587,26785801300,465954132797.1
2021-09-03,sh.000300,4875.0656,4886.5477,4828.6991,4843.0624,4869.4113,26809189600,466430119699.6
2021-09-06,sh.000300,4841.0623,4944.4497,4837.7859,4933.7262,4843.0624,24050724500,452756275291.9
2021-09-07,sh.000300,4932.9759,5005.9606,4915.6119,4992.8294,4933.7262,24417851900,417759639120.9
2021-09-08,sh.000300,4986.7953,5013.9764,4955.8876,4972.1324,4992.8294,26461531500,428591077708.1
2021-09-09,sh.000300,4952.4924,4970.147,4929.9501,4970.0133,4972.1324,25653021700,401675689275.8
2021-09-10,sh.000300,4967.9759,5042.7994,4962.3707,5013.5219,4970.0133,28830435200,472762533239.2
2021-09-13,sh.000300,5006.7748,5029.7237,4964.9599,4991.6598,5013.5219,24991529800,433329627421.1
2021-09-14,sh.000300,4989.8348,5000.9772,4907.3159,4917.1617,4991.6598,24559040200,417245830782.2
2021-09-15,sh.000300,4903.8471,4903.8471,4843.1158,4867.3187,4917.1617,18798473000,363256653878.3
2021-09-16,sh.000300,4866.7936,4879.5306,4806.1442,4807.6978,4867.3187,21675209900,393517267165.6
2021-09-17,sh.000300,4797.1129,4857.958,4786.0876,4855.9402,4807.6978,20195812700,360397420086.7
2021-09-22,sh.000300,4770.7323,4830.8496,4765.2301,4821.7675,4855.9402,19122037600,311952989432.1
2021-09-23,sh.000300,4848.2223,4877.3359,4837.5571,4853.1957,4821.7675,22815106400,362140919563.0
2021-09-24,sh.000300,4845.638,4897.0596,4838.5352,4849.4277,4853.1957,20769329000,361849453197.3
2021-09-27,sh.000300,4870.8482,4922.5626,4852.1997,4877.3698,4849.4277,21596703000,426083025417.5
2021-09-28,sh.000300,4869.0845,4901.3114,4846.6306,4883.828,4877.3698,17689088000,321272191534.0
2021-09-29,sh.000300,4846.0212,4868.0678,4799.877,4833.9281,4883.828,18817136600,331841767748.9
2021-09-30,sh.000300,4843.9531,4876.0728,4843.9531,4866.3826,4833.9281,14611389600,283254685232.2
2021-10-08,sh.000300,4915.7305,4937.0918,4891.6249,4929.9409,4866.3826,16896807700,343635835306.4
2021-10-11,sh.000300,4941.2918,4983.7294,4930.7132,4936.1918,4929.9409,16351162400,315186321382.1
2021-10-12,sh.000300,4920.6596,4925.4883,4840.77,4883.8369,4936.1918,16807933700,299424238601.1
2021-10-13,sh.000300,4880.144,4953.3749,4869.8307,4940.1089,4883.8369,13114281300,280044666628.4
2021-10-14,sh.000300,4934.2575,4953.9231,4903.2498,4913.6123,4940.1089,11955701300,249151666554.2
2021-10-15,sh.000300,4896.5578,4939.8153,4881.0136,4932.1084,4913.6123,14282200100,300728491201.2
2021-10-18,sh.000300,4922.5137,4922.5137,4844.9383,4874.7753,4932.1084,14124519900,302539444437.0
2021-10-19,sh.000300,4869.3907,4928.1433,4868.8106,4922.7232,4874.7753,13526649300,282928243806.8
2021-10-20,sh.000300,4926.7727,4944.0216,4898.3651,4910.1846,4922.7232,14153318300,279747732455.1
2021-10-21,sh.000300,4914.7378,4946.1764,4893.8525,4928.0156,4910.1846,14889815400,274802962494.9
2021-10-22,sh.000300,4934.8698,4989.887,4934.8698,4959.7254,4928.0156,14392622800,289252612199.9
2021-10-25,sh.000300,4940.8962,4981.6499,4930.112,4979.5235,4959.7254,14186149000,299408232157.6
2021-10-26,sh.000300,4983.2383,5002.5746,4953.4787,4963.0984,4979.5235,14088894300,301786229740.4
2021-10-27,sh.000300,4949.2269,4949.2269,4884.9418,4898.1644,4963.0984,14711159300,299460469414.7
2021-10-28,sh.000300,4882.5858,4898.6576,4846.2779,4864.138,4898.1644,15664947200,316631709566.3
2021-10-29,sh.000300,4861.2667,4908.7701,4855.7593,4908.7701,4864.138,15988735300,368731987310.2
2021-11-01,sh.000300,4878.1276,4908.2056,4858.2485,4890.6851,4908.7701,17158397400,379730767559.0
2021-11-02,sh.000300,4886.1849,4911.2266,4797.899,4839.8457,4890.6851,18543768800,385731879817.5
2021-11-03,sh.000300,4835.8093,4858.7133,4804.3657,4821.1119,4839.8457,14276382000,302269934656.2
2021-11-04,sh.000300,4841.0912,4873.9394,4834.7433,4868.7419,4821.1119,13259297000,308688054573.6
2021-11-05,sh.000300,4858.8999,4889.6835,4841.7442,4842.3458,4868.7419,14778935900,312070841453.0
2021-11-08,sh.000300,4841.1527,4866.0822,4827.6892,4848.1795,4842.3458,13739826400,295893824000.4
2021-11-09,sh.000300,4858.2525,4870.7905,4818.5386,4846.7444,4848.1795,11837552600,261645065376.2
2021-11-10,sh.000300,4832.8006,4832.8006,4753.9959,4821.1925,4846.7444,13511817900,301058966270.5
2021-11-11,sh.000300,4814.7655,4898.6529,4809.1109,4898.6529,4821.1925,16048486300,323624626069.0
2021-11-12,sh.000300,4902.9289,4909.0839,4875.3492,4888.3749,4898.6529,13266296900,271773244503.0
2021-11-15,sh.000300,4894.4119,4906.3301,4863.396,4882.3777,4888.3749,12182314900,272997748910.2
2021-11-16,sh.000300,4880.8964,4915.3717,4876.5004,4883.3206,4882.3777,12725440600,284094590893.0
2021-11-17,sh.000300,4883.2481,4891.5232,4864.5198,4885.7544,4883.3206,10845922300,246177916948.6
2021-11-18,sh.000300,4871.4216,4871.4216,4830.4123,4837.6185,4885.7544,11448056500,244484713797.1
2021-11-19,sh.000300,4832.0595,4892.8093,4829.5665,4890.0575,4837.6185,12719831200,266280681863.6
2021-11-22,sh.000300,4895.3875,4918.9957,4893.2732,4912.399,4890.0575,13809283600,316148811480.0
2021-11-23,sh.000300,4905.7587,4927.5211,4896.8781,4913.3457,4912.399,15430441100,301022146081.1
2021-11-24,sh.000300,4914.0266,4935.4885,4899.6112,4916.6579,4913.3457,13715067300,289707337708.6
2021-11-25,sh.000300,4917.6055,4921.3333,4891.728,4896.4416,4916.6579,11598403100,255450994352.1
2021-11-26,sh.000300,4886.9516,4886.9516,4850.8114,4860.1265,4896.4416,12036897400,243041335647.2
2021-11-29,sh.000300,4820.0053,4858.5322,4818.7058,4851.423,4860.1265,13362686200,285995221656.8
2021-11-30,sh.000300,4857.183,4871.2528,4810.2192,4832.026,4851.423,12963059600,279268234018.0
2021-12-01,sh.000300,4831.8885,4844.5242,4823.9254,4843.851,4832.026,12308678900,255968912362.1
2021-12-02,sh.000300,4839.9137,4866.8505,4830.3228,4856.163,4843.851,14808852100,278051726155.7
2021-12-03,sh.000300,4856.9802,4901.0175,4853.3505,4901.0175,4856.163,14405962600,300052698342.0
2021-12-06,sh.000300,4909.4292,4943.9032,4888.6927,4892.6209,4901.0175,17361568300,333405791014.9
2021-12-07,sh.000300,4930.8261,4934.0973,4895.2178,4922.1015,4892.6209,17905346000,340617766237.8
2021-12-08,sh.000300,4934.4056,4995.9298,4915.7898,4995.9298,4922.1015,15749055900,329064831238.9
2021-12-09,sh.000300,5000.6871,5114.5012,4999.4097,5078.6901,4995.9298,22056877600,425680958779.1
2021-12-10,sh.000300,5046.2677,5060.0554,5035.8087,5055.1172,5078.6901,19369515400,356917625379.5
2021-12-13,sh.000300,5090.0207,5143.841,5079.7276,5083.8007,5055.1172,21180159600,426376532477.1
2021-12-14,sh.000300,5066.3497,5075.2138,5038.8583,5049.6953,5083.8007,15910779000,318685538073.5
2021-12-15,sh.000300,5036.284,5060.368,5003.7776,5005.8991,5049.6953,15052975200,291072568760.8
2021-12-16,sh.000300,5006.6105,5034.7321,4987.2247,5034.7321,5005.8991,14405386700,291474766866.2
2021-12-17,sh.000300,5021.3385,5022.1067,4954.7592,4954.7599,5034.7321,14900539900,297943311186.6
2021-12-20,sh.000300,4934.9662,4971.6727,4872.6846,4880.4178,4954.7599,16967569000,317536919390.0
2021-12-21,sh.000300,4876.5141,4917.7994,4872.9491,4913.4853,4880.4178,14333989800,259023177322.6
2021-12-22,sh.000300,4924.5771,4936.6731,4903.1652,4914.4544,4913.4853,13325674000,244642450513.7
2021-12-23,sh.000300,4924.2912,4948.7389,4906.7473,4948.7389,4914.4544,13955540600,263359754800.7
2021-12-24,sh.000300,4953.0616,4964.9064,4905.9785,4921.3449,4948.7389,14267332300,290483663506.4
2021-12-27,sh.000300,4918.1462,4939.689,4894.1598,4919.3238,4921.3449,12410095200,254421525172.7
2021-12-28,sh.000300,4923.6917,4959.1448,4913.5983,4955.9644,4919.3238,13045775700,276316732181.2
2021-12-29,sh.000300,4958.6455,4958.6455,4883.4804,4883.4804,4955.9644,11358700200,273225467112.2
2021-12-30,sh.000300,4882.1561,4940.178,4878.6478,4921.5109,4883.4804,12161717800,268022477311.8
2021-12-31,sh.000300,4937.463,4950.3639,4923.1392,4940.3733,4921.5109,12131373700,266975388723.2
2022-01-04,sh.000300,4957.9835,4961.4527,4874.5337,4917.7653,4940.3733,15153477600,336516961627.0
2022-01-05,sh.000300,4907.9347,4916.2822,4851.9835,4868.1202,4917.7653,17881610000,363944528847.9
2022-01-06,sh.000300,4842.156,4857.5596,4786.433,4818.2318,4868.1202,15766582600,321750076549.2
2022-01-07,sh.000300,4824.3181,4856.6522,4818.1931,4822.3689,4818.2318,18713941300,332218950735.0
2022-01-10,sh.000300,4812.23,4844.3928,4780.8191,4844.0451,4822.3689,15621169600,305033816783.5
2022-01-11,sh.000300,4840.0087,4850.879,4791.8854,4797.7735,4844.0451,14692800400,286445756033.7
2022-01-12,sh.000300,4818.8902,4852.7314,4810.919,4845.5787,4797.7735,14320020400,293153042845.2
2022-01-13,sh.000300,4853.0314,4853.0632,4765.2416,4765.9191,4845.5787,14251965300,288799117043.3
2022-01-14,sh.000300,4743.9124,4764.0522,4723.9428,4726.7317,4765.9191,14686312600,281828448517.4
2022-01-17,sh.000300,4728.7595,4775.2385,4726.7083,4767.2762,4726.7317,11529569100,263788241676.0
2022-01-18,sh.000300,4766.7811,4826.3003,4747.92,4813.3472,4767.2762,15087080200,282749393138.7
2022-01-19,sh.000300,4815.8106,4828.7522,4755.9301,4780.3784,4813.3472,13392736000,275534557468.5
2022-01-20,sh.000300,4778.2616,4845.0048,4777.5683,4823.5091,4780.3784,16497131500,304344267970.5
2022-01-21,sh.000300,4808.7733,4818.3052,4762.5641,4779.3142,4823.5091,13895258500,274699155293.8
2022-01-24,sh.000300,4753.9413,4801.0976,4746.4479,4786.7377,4779.3142,11446388000,246261594852.9
2022-01-25,sh.000300,4761.95,4781.3908,4678.2472,4678.4511,4786.7377,13366758600,250555769168.0
2022-01-26,sh.000300,4697.0991,4718.9946,4648.1283,4712.3109,4678.4511,10707084200,226553448356.8
2022-01-27,sh.000300,4708.0989,4708.4364,4616.0273,4619.8765,4712.3109,12126380400,250535654824.4
2022-01-28,sh.000300,4641.8137,4660.519,4559.8331,4563.772,4619.8765,12648011200,263967891828.3
2022-02-07,sh.000300,4638.5754,4672.6535,4615.0052,4634.0899,4563.772,14484972000,266031793985.3
2022-02-08,sh.000300,4626.4365,4626.4365,4522.4709,4608.7729,4634.0899,15583070800,281364873762.5
2022-02-09,sh.000300,4608.1491,4659.4611,4595.2826,4652.0609,4608.7729,14833554700,273771960506.0
2022-02-10,sh.000300,4657.2107,4657.2107,4608.0905,4639.8625,4652.0609,15157666600,287224388085.6
2022-02-11,sh.000300,4617.8741,4662.5963,4595.8751,4601.3953,4639.8625,15597458400,307938016714.5
2022-02-14,sh.000300,4579.4202,4593.6324,4530.0566,4551.6878,4601.3953,14367389400,275737553466.7
2022-02-15,sh.000300,4553.8112,4601.453,4550.543,4600.1025,4551.6878,11502560000,249977008675.0
2022-02-16,sh.000300,4619.8458,4643.1003,4607.2178,4617.9893,4600.1025,10725895500,210190931035.5
2022-02-17,sh.000300,4616.8955,4650.1591,4606.9522,4629.1649,4617.9893,11001464300,227946249306.5
2022-02-18,sh.000300,4604.5669,4651.3415,4598.1003,4651.2358,4629.1649,10455022800,195825700477.9
2022-02-21,sh.000300,4646.0522,4646.6724,4613.2971,4634.3141,4651.2358,11251651200,215039182297.2
2022-02-22,sh.000300,4601.9184,4602.066,4550.804,4574.1527,4634.3141,12331723700,246872960668.1
2022-02-23,sh.000300,4582.0064,4625.2979,4579.2945,4623.0465,4574.1527,12295291600,259050146194.4
2022-02-24,sh.000300,4592.069,4610.8792,4488.4763,4529.3189,4623.0465,18440305800,342346666856.5
2022-02-25,sh.000300,4564.6321,4611.8602,4561.8964,4573.4247,4529.3189,14972258300,271727599672.0
2022-02-28,sh.000300,4563.7427,4581.6459,4530.6764,4581.6459,4573.4247,13540697800,248363727482.7
2022-03-01,sh.000300,4597.855,4623.4312,4583.917,4619.6862,4581.6459,12313922000,260431185063.7
2022-03-02,sh.000300,4594.017,4594.017,4558.4416,4578.6007,4619.6862,11329832500,215299655365.1
2022-03-03,sh.000300,4595.0249,4599.3973,4544.4313,4551.6283,4578.6007,13828587700,242701771996.2
2022-03-04,sh.000300,4513.3636,4539.3925,4481.4927,4496.4301,4551.6283,12726680600,249970282271.0
2022-03-07,sh.000300,4462.5174,4462.5174,4338.3042,4352.7775,4496.4301,16219770600,306898527658.4
2022-03-08,sh.000300,4361.6424,4383.6467,4252.5386,4265.391,4352.7775,16786327700,315176698370.9
2022-03-09,sh.000300,4280.9789,4304.482,4068.193,4226.3463,4265.391,19423290000,341009391865.7
2022-03-10,sh.000300,4326.2035,4335.6731,4288.5078,4292.8374,4226.3463,14526638300,301636182195.2
2022-03-11,sh.000300,4231.1961,4316.044,4176.4522,4306.5217,4292.8374,15239992100,295008832432.0
2022-03-14,sh.000300,4248.1526,4280.3609,4174.7577,4174.7577,4306.5217,13018723600,260691659460.8
2022-03-15,sh.000300,4125.4866,4163.4176,3983.812,3983.812,4174.7577,20252469900,346988947367.8
2022-03-16,sh.000300,4053.099,4168.5853,3942.861,4156.081,3983.812,19602198200,378883588290.3
2022-03-17,sh.000300,4237.6722,4302.7426,4217.8038,4237.6956,4156.081,17940734400,385039197285.7
2022-03-18,sh.000300,4218.4736,4283.3679,4194.9402,4265.9017,4237.6956,14945830500,275791291072.6
2022-03-21,sh.000300,4280.1397,4287.8166,4223.024,4258.7459,4265.9017,12703636000,251214543321.0
2022-03-22,sh.000300,4252.5658,4283.3344,4236.6888,4255.295,4258.7459,12638247000,226213533984.5
2022-03-23,sh.000300,4269.6088,4287.5771,4241.957,4276.5174,4255.295,11708907800,226390778403.3
2022-03-24,sh.000300,4249.5328,4273.9568,4216.8506,4251.3061,4276.5174,10891827200,219594430540.4
2022-03-25,sh.000300,4249.0731,4254.8449,4173.93,4174.5742,4251.3061,10880804600,217013187264.8
2022-03-28,sh.000300,4128.8379,4174.1206,4091.2978,4148.4663,4174.5742,11844902100,213468973997.5
2022-03-29,sh.000300,4155.4182,4177.2134,4124.7179,4134.1441,4148.4663,10026697200,199463853668.2
2022-03-30,sh.000300,4162.1666,4254.0989,4160.7351,4254.0989,4134.1441,13834602400,268869181171.3
2022-03-31,sh.000300,4234.7159,4247.3602,4214.5352,4222.5968,4254.0989,13402918500,238877216805.6
2022-04-01,sh.000300,4198.8191,4290.671,4190.0835,4276.158,4222.5968,13380305300,244758870755.2
2022-04-06,sh.000300,4258.8325,4277.5238,4236.7283,4263.8411,4276.158,15906219500,253690929897.9
2022-04-07,sh.000300,4240.0237,4278.1127,4205.743,4209.0998,4263.8411,13488035300,216996185503.7
2022-04-08,sh.000300,4213.2107,4237.8126,4175.5287,4230.7669,4209.0998,14284379300,229081764759.3
2022-04-11,sh.000300,4203.7902,4203.7902,4089.0934,4100.0703,4230.7669,14819707100,265224932471.5
2022-04-12,sh.000300,4102.9711,4179.9727,4075.796,4179.9727,4100.0703,14428568400,252830412756.4
2022-04-13,sh.000300,4154.4121,4194.0374,4139.737,4139.737,4179.9727,12509748900,221281029559.7
2022-04-14,sh.000300,4172.6443,4217.0612,4155.5509,4191.5684,4139.737,12479131600,245993822040.5
2022-04-15,sh.000300,4162.3718,4211.3174,4152.974,4188.7472,4191.5684,12476226300,226229740275.2
2022-04-18,sh.000300,4152.9306,4171.7427,4119.9941,4166.3844,4188.7472,11750461000,212855328186.8
2022-04-19,sh.000300,4161.9328,4186.9389,4115.4184,4134.9017,4166.3844,11021747100,208570579128.8
2022-04-20,sh.000300,4130.5427,4136.1661,4060.5044,4070.7889,4134.9017,11733165800,216536635695.2
2022-04-21,sh.000300,4048.7338,4086.4393,3978.3669,3995.83,4070.7889,13278382800,227026679682.4
2022-04-22,sh.000300,3967.2016,4037.084,3953.7217,4013.2498,3995.83,12210181100,206371766715.6
2022-04-25,sh.000300,3933.4459,3958.2102,3814.9127,3814.9127,4013.2498,16836450200,272889272275.2
2022-04-26,sh.000300,3822.4887,3871.8498,3773.8986,3784.1198,3814.9127,15757761100,259626354225.4
2022-04-27,sh.000300,3758.0835,3895.731,3757.0859,3895.5361,3784.1198,17273404600,296924102939.0
2022-04-28,sh.000300,3883.4196,3943.4349,3873.5781,3921.1073,3895.5361,15305658600,268502242452.9
2022-04-29,sh.000300,3939.6238,4017.4281,3898.5701,4016.241,3921.1073,17945837700,321414877428.2
2022-05-05,sh.000300,3995.3533,4039.7,3988.9312,4010.2102,4016.241,15417071600,290538230662.9
2022-05-06,sh.000300,3928.8548,3947.2378,3902.051,3908.815,4010.2102,12300555100,214825174047.3
2022-05-09,sh.000300,3883.9514,3914.1116,3854.9353,3877.4364,3908.815,9293669400,171756502863.8
2022-05-10,sh.000300,3820.6278,3932.6823,3808.5699,3919.8684,3877.4364,13641691800,239060211932.9
2022-05-11,sh.000300,3917.9322,4033.3026,3916.5249,3976.4231,3919.8684,16563225600,309294912796.8
2022-05-12,sh.000300,3949.949,3985.9268,3935.5886,3958.74,3976.4231,11337606600,202029156415.1
2022-05-13,sh.000300,3983.8201,4003.8539,3957.1392,3988.6002,3958.74,10996835700,195727044922.1
2022-05-16,sh.000300,4014.9955,4018.0283,3947.7461,3956.5378,3988.6002,11242529400,199717909541.0
2022-05-17,sh.000300,3961.7605,4005.8934,3955.1018,4005.8934,3956.5378,10966145400,210117539690.9
2022-05-18,sh.000300,4015.0134,4017.341,3964.7503,3991.9069,4005.8934,10807423300,201800666052.1
2022-05-19,sh.000300,3938.2964,3999.5984,3933.7452,3999.5984,3991.9069,11629342000,210206681641.5
2022-05-20,sh.000300,4020.8162,4077.6016,4020.8162,4077.5998,3999.5984,14706917300,265609089942.6
2022-05-23,sh.000300,4080.9694,4080.9694,4029.0846,4053.9823,4077.5998,13047781000,225981540919.1
2022-05-24,sh.000300,4052.8675,4055.783,3959.1541,3959.1541,4053.9823,14555433600,247713039712.6
2022-05-25,sh.000300,3959.7672,3983.6236,3946.8083,3983.1784,3959.1541,10773401500,188700537391.3
2022-05-26,sh.000300,3987.6815,4015.7468,3938.2389,3993.0446,3983.1784,12626368900,216987025401.0
2022-05-27,sh.000300,4022.7095,4051.1428,3983.3838,4001.2988,3993.0446,11276933700,206944426227.2
2022-05-30,sh.000300,4020.8584,4040.819,4003.3768,4029.0179,4001.2988,11115224100,211144721615.5
2022-05-31,sh.000300,4031.7621,4096.1971,4020.3781,4091.5176,4029.0179,13541551300,267770088726.0
2022-06-01,sh.000300,4086.6177,4094.9008,4058.8468,4083.1772,4091.5176,11485087900,225416237873.3
2022-06-02,sh.000300,4063.9996,4091.152,4057.9135,4089.5682,4083.1772,11389363800,222657537906.0
2022-06-06,sh.000300,4090.5286,4166.6151,4063.9057,4166.085,4089.5682,16787101100,324075626903.1
2022-06-07,sh.000300,4165.6899,4198.0863,4155.1683,4179.1285,4166.085,14299288100,285733722332.6
2022-06-08,sh.000300,4187.1483,4224.8096,4158.0329,4219.8122,4179.1285,15737405700,319480252836.5
2022-06-09,sh.000300,4211.7225,4227.4484,4160.8814,4175.6747,4219.8122,16844915400,285172804211.6
2022-06-10,sh.000300,4145.6505,4241.3541,4140.2203,4238.9936,4175.6747,18479621400,324091440663.3
2022-06-13,sh.000300,4194.4574,4218.2327,4156.7146,4189.3527,4238.9936,16847562200,336585670508.0
2022-06-14,sh.000300,4143.2232,4224.0857,4102.929,4222.3114,4189.3527,17138590400,335418557931.6
2022-06-15,sh.000300,4228.2926,4348.4226,4228.2926,4278.2178,4222.3114,25704659000,459766820664.8
2022-06-16,sh.000300,4282.0827,4302.9212,4241.075,4250.0614,4278.2178,18407441600,337235911542.4
2022-06-17,sh.000300,4219.2339,4318.7655,4218.6817,4309.0444,4250.0614,15864909800,346675726828.8
2022-06-20,sh.000300,4322.8324,4368.3555,4297.8912,4330.4328,4309.0444,16566638200,359569296859.8
2022-06-21,sh.000300,4327.9159,4357.3396,4287.1406,4325.5657,4330.4328,16466761500,317163317740.3
2022-06-22,sh.000300,4331.902,4333.1827,4269.2456,4270.6227,4325.5657,15856585400,298656263311.3
2022-06-23,sh.000300,4277.9555,4343.8781,4260.9002,4343.8781,4270.6227,17088236000,327144780543.7
2022-06-24,sh.000300,4354.553,4400.6852,4346.1221,4394.7723,4343.8781,16897219900,356054750521.5
2022-06-27,sh.000300,4414.3321,4472.6948,4414.3321,4444.2639,4394.7723,17738567600,381432966327.9
2022-06-28,sh.000300,4442.5811,4497.8949,4407.3519,4490.5166,4444.2639,17475648900,361685970663.6
2022-06-29,sh.000300,4472.7346,4503.1307,4413.9961,4421.357,4490.5166,18727668800,395926107698.5
2022-06-30,sh.000300,4418.0656,4514.9968,4418.0656,4485.0108,4421.357,15666628900,354343886760.3
2022-07-01,sh.000300,4489.5204,4500.9853,4449.2914,4466.7179,4485.0108,14477959900,318492130199.6
2022-07-04,sh.000300,4447.2159,4496.0338,4427.8232,4496.0303,4466.7179,14634565100,356968521261.0
2022-07-05,sh.000300,4505.4572,4530.3245,4439.4511,4489.5383,4496.0303,15496241500,361891850839.3
2022-07-06,sh.000300,4475.4815,4484.3615,4393.4165,4423.9698,4489.5383,14980023500,344672707728.0
2022-07-07,sh.000300,4425.2814,4457.3431,4391.1938,4443.4736,4423.9698,13266090600,328133133656.5
2022-07-08,sh.000300,4468.0627,4479.4937,4426.8856,4428.781,4443.4736,12319573900,304031107302.5
2022-07-11,sh.000300,4406.1476,4406.1476,4330.5819,4354.6167,4428.781,13444857800,299195233430.3
2022-07-12,sh.000300,4352.6456,4370.3411,4296.6215,4313.6184,4354.6167,13018783800,291072311850.2
2022-07-13,sh.000300,4313.3589,4341.4663,4284.9419,4321.4617,4313.6184,13111317900,286075545406.5
2022-07-14,sh.000300,4308.8229,4352.0978,4292.7595,4322.0742,4321.4617,14525092600,301569861036.8
2022-07-15,sh.000300,4299.4714,4344.8572,4248.5273,4248.5273,4322.0742,15021445300,316793192669.9
2022-07-18,sh.000300,4262.1539,4300.7777,4217.5064,4292.5858,4248.5273,12260119200,281055128639.5
2022-07-19,sh.000300,4288.4441,4288.4441,4238.8238,4269.3401,4292.5858,10380573000,231117731807.1
2022-07-20,sh.000300,4291.2808,4303.3668,4269.9717,4283.8027,4269.3401,9449014400,212301881407.6
2022-07-21,sh.000300,4270.3624,4283.1471,4236.0499,4236.0578,4283.8027,11715634400,239228146811.6
2022-07-22,sh.000300,4251.7867,4275.4696,4207.3135,4238.2341,4236.0578,10384062400,224295333457.3
2022-07-25,sh.000300,4233.9277,4234.8448,4201.919,4212.6441,4238.2341,8363666400,188136426672.8
2022-07-26,sh.000300,4220.0911,4259.9854,4214.5343,4245.9758,4212.6441,8582327400,197601406373.7
2022-07-27,sh.000300,4236.154,4242.0951,4217.2809,4225.0357,4245.9758,7890494000,194245303807.0
2022-07-28,sh.000300,4242.2743,4267.9181,4223.029,4225.6733,4225.0357,10753193000,243871486472.0
2022-07-29,sh.000300,4226.4245,4243.5143,4160.8735,4170.1019,4225.6733,11417928600,253198574647.5
2022-08-01,sh.000300,4160.6478,4196.5743,4129.4528,4188.6784,4170.1019,10774902900,251125308597.5
2022-08-02,sh.000300,4144.3765,4144.3765,4071.431,4107.024,4188.6784,14222442500,281013555279.9
2022-08-03,sh.000300,4114.8251,4150.9804,4058.1792,4066.9754,4107.024,11666612400,268695834765.4
2022-08-04,sh.000300,4089.4419,4108.1591,4064.6594,4101.5367,4066.9754,8953264400,216898674902.2
2022-08-05,sh.000300,4109.6287,4159.485,4097.8625,4156.9111,4101.5367,10257100400,247325902015.1
2022-08-08,sh.000300,4142.1111,4155.7301,4135.0809,4148.0746,4156.9111,9020813800,224080812054.7
2022-08-09,sh.000300,4143.666,4161.8086,4131.4252,4156.2907,4148.0746,8413695900,214223692260.1
2022-08-10,sh.000300,4149.2071,4160.7871,4092.5455,4109.7373,4156.2907,8556583900,217447368470.0
2022-08-11,sh.000300,4130.741,4193.8115,4116.0558,4193.5428,4109.7373,12138505100,269630998406.8
2022-08-12,sh.000300,4185.4203,4202.4663,4175.0501,4191.152,4193.5428,10680829500,219208055254.9
2022-08-15,sh.000300,4180.0006,4219.9183,4174.3,4185.6794,4191.152,10589849500,245539800985.4
2022-08-16,sh.000300,4190.5269,4208.8006,4170.5197,4177.837,4185.6794,9390613900,233818584731.5
2022-08-17,sh.000300,4182.5668,4222.7866,4155.1734,4216.9586,4177.837,11286465900,252044325051.7
2022-08-18,sh.000300,4205.7851,4211.9141,4173.541,4180.0996,4216.9586,10105265000,233115491389.8
2022-08-19,sh.000300,4174.5458,4185.6579,4151.0738,4151.0738,4180.0996,11740297800,262494128152.3
2022-08-22,sh.000300,4135.1623,4183.6498,4134.2008,4181.3965,4151.0738,11244272000,259747163698.2
2022-08-23,sh.000300,4175.5314,4187.3875,4147.4127,4161.0823,4181.3965,10315351200,239101330833.1
2022-08-24,sh.000300,4168.5764,4174.1565,4079.0934,4082.4195,4161.0823,11906967900,262844309316.1
2022-08-25,sh.000300,4093.2949,4119.6196,4058.7454,4116.2396,4082.4195,11132074500,242149581477.5
2022-08-26,sh.000300,4127.8142,4139.7879,4102.6818,4107.5455,4116.2396,9900049300,225519196800.4
2022-08-29,sh.000300,4063.8825,4092.9474,4059.5963,4089.5205,4107.5455,9435443200,203086114712.3
2022-08-30,sh.000300,4088.5262,4093.1356,4048.5244,4075.7937,4089.5205,9330166200,192649001277.8
2022-08-31,sh.000300,4057.1443,4112.8485,4046.6225,4078.8402,4075.7937,13244976500,292974665546.2
2022-09-01,sh.000300,4066.1869,4090.8852,4041.1281,4043.7395,4078.8402,9738707100,210898503453.9
2022-09-02,sh.000300,4054.8423,4056.1805,4004.911,4023.6131,4043.7395,8678927800,184468327005.7
2022-09-05,sh.000300,4010.4052,4016.9986,3982.7395,4015.4264,4023.6131,9376710900,201118696559.4
2022-09-06,sh.000300,4024.4726,4054.004,4009.5826,4052.2802,4015.4264,11350626500,235921838118.4
2022-09-07,sh.000300,4032.7231,4067.5437,4028.374,4054.983,4052.2802,10767805900,215147152182.0
2022-09-08,sh.000300,4059.1689,4067.758,4036.0226,4037.6839,4054.983,10088604900,186889047980.8
2022-09-09,sh.000300,4050.5853,4099.0081,4042.2498,4093.7874,4037.6839,11842711400,221442547204.1
2022-09-13,sh.000300,4112.0123,4128.1113,4097.1408,4111.1145,4093.7874,11178973700,218521062135.8
2022-09-14,sh.000300,4058.0441,4089.0583,4047.9187,4065.359,4111.1145,9079368100,185484965110.5
2022-09-15,sh.000300,4078.6495,4088.8078,3998.8564,4027.1186,4065.359,12395119600,254367492776.0
2022-09-16,sh.000300,4013.5829,4019.4104,3932.6826,3932.6826,4027.1186,13719365500,241251840050.3
2022-09-19,sh.000300,3928.4239,3953.6494,3910.3106,3928.0001,3932.6826,9771957500,183574440581.8
2022-09-20,sh.000300,3945.6467,3957.5538,3921.6884,3932.8361,3928.0001,8482413400,179248153537.9
2022-09-21,sh.000300,3921.3177,3924.3914,3884.2268,3903.7348,3932.8361,8645839100,168939074342.6
2022-09-22,sh.000300,3875.1771,3900.2736,3860.2308,3869.344,3903.7348,8094691900,161134102784.4
2022-09-23,sh.000300,3865.1049,3888.3958,3829.6913,3856.0212,3869.344,9434246200,172904807364.4
2022-09-26,sh.000300,3829.5958,3893.3186,3827.9498,3836.6773,3856.0212,10452603100,192906200253.8
2022-09-27,sh.000300,3844.0692,3893.0283,3827.9265,3892.295,3836.6773,8886016000,185955247353.4
2022-09-28,sh.000300,3879.4398,3879.4398,3828.0545,3828.7098,3892.295,8659221300,172438042788.2
2022-09-29,sh.000300,3864.316,3873.1823,3808.6496,3827.1434,3828.7098,8565414200,171635940007.5
2022-09-30,sh.000300,3833.3504,3848.6018,3801.2798,3804.8853,3827.1434,7855996600,158692748773.3
2022-10-10,sh.000300,3806.5596,3807.4574,3715.7142,3720.9365,3804.8853,10264759500,194635904094.3
2022-10-11,sh.000300,3732.0191,3739.8084,3706.0629,3727.6867,3720.9365,8394462500,166800394853.2
2022-10-12,sh.000300,3722.8659,3784.3064,3661.5255,3784.3064,3727.6867,10808931900,210931362291.5
2022-10-13,sh.000300,3756.4176,3783.596,3749.6393,3752.6729,3784.3064,9901891500,198368891548.5
2022-10-14,sh.000300,3783.316,3863.2265,3780.8415,3842.4698,3752.6729,11624229300,256551271975.0
2022-10-17,sh.000300,3822.2428,3849.6207,3809.1196,3846.4119,3842.4698,10419201900,220488874406.8
2022-10-18,sh.000300,3865.8258,3870.2155,3831.1723,3838.2667,3846.4119,8834690700,186556295765.5
2022-10-19,sh.000300,3827.4658,3840.487,3776.5335,3776.5335,3838.2667,8157484400,186736408229.7
2022-10-20,sh.000300,3746.5793,3804.2468,3726.7925,3754.9269,3776.5335,9029089500,203781618922.2
2022-10-21,sh.000300,3753.8903,3768.6895,3724.69,3742.8929,3754.9269,9875003800,180686357677.0
2022-10-24,sh.000300,3727.915,3762.158,3619.9876,3633.3733,3742.8929,13005686400,259450743134.0
2022-10-25,sh.000300,3621.9356,3670.7327,3594.7011,3627.4542,3633.3733,11095388200,219302759596.7
2022-10-26,sh.000300,3633.3107,3700.8797,3633.3107,3656.9027,3627.4542,12130154800,242453810571.9
2022-10-27,sh.000300,3667.6645,3685.0837,3631.0639,3631.1448,3656.9027,11799867500,257473315676.0
2022-10-28,sh.000300,3605.1598,3618.864,3533.4993,3541.3295,3631.1448,11877216200,245816451977.6
2022-10-31,sh.000300,3504.507,3553.3871,3495.9509,3508.7034,3541.3295,13846565500,256574822102.2
2022-11-01,sh.000300,3519.8174,3634.1732,3517.6209,3634.1732,3508.7034,14928669800,295089928407.3
2022-11-02,sh.000300,3620.3693,3703.465,3610.8029,3677.8051,3634.1732,14159291900,291648245712.0
2022-11-03,sh.000300,3645.0604,3670.1574,3628.4987,3647.8966,3677.8051,11056603500,215379297964.4
2022-11-04,sh.000300,3646.7709,3782.8823,3646.7709,3767.1746,3647.8966,14973494900,311145477555.0
2022-11-07,sh.000300,3754.5227,3792.7942,3746.3715,3775.2971,3767.1746,12982637100,251195699936.5
2022-11-08,sh.000300,3773.6612,3779.1156,3723.3415,3749.3251,3775.2971,9901645100,193351324896.7
2022-11-09,sh.000300,3750.7821,3760.4068,3711.268,3714.2704,3749.3251,8943452500,172029529943.6
2022-11-10,sh.000300,3685.8274,3701.5306,3665.0585,3685.6885,3714.2704,10350930200,183155308702.9
2022-11-11,sh.000300,3787.7568,3828.9004,3747.0902,3788.4387,3685.6885,18968558600,344471326267.1
2022-11-14,sh.000300,3818.1447,3848.4116,3781.7778,3794.0171,3788.4387,16966504800,315536856084.6
2022-11-15,sh.000300,3788.926,3871.6424,3775.4988,3865.9726,3794.0171,15151565000,296268142768.9
2022-11-16,sh.000300,3860.811,3877.6781,3829.3126,3834.3899,3865.9726,12061096400,235844588244.6
2022-11-17,sh.000300,3821.2709,3821.7419,3776.5739,3818.664,3834.3899,10594063200,219540811334.9
2022-11-18,sh.000300,3823.8207,3840.3018,3801.5686,3801.5686,3818.664,11507877700,224276131007.5
2022-11-21,sh.000300,3769.627,3769.8731,3733.9954,3769.1269,3801.5686,9586696600,188230373665.4
2022-11-22,sh.000300,3766.0817,3809.8582,3751.0448,3769.5727,3769.1269,14448633400,203490828432.2
2022-11-23,sh.000300,3760.2157,3791.1782,3753.2136,3773.5287,3769.5727,14452791100,201070601177.9
2022-11-24,sh.000300,3791.5399,3804.8987,3751.3818,3756.8082,3773.5287,10107344700,160698921546.2
2022-11-25,sh.000300,3751.2822,3790.566,3743.4138,3775.7764,3756.8082,14292971100,191711040706.5
2022-11-28,sh.000300,3701.902,3736.0813,3672.1306,3733.2424,3775.7764,12782574800,196305561705.9
2022-11-29,sh.000300,3766.5702,3854.7742,3766.5702,3848.4224,3733.2424,17870139200,289062336430.7
2022-11-30,sh.000300,3836.5598,3867.6591,3833.8272,3853.0365,3848.4224,15751140000,250051468093.3
2022-12-01,sh.000300,3921.2954,3944.5645,3893.8718,3894.7687,3853.0365,16996458500,306678195716.4
2022-12-02,sh.000300,3886.4034,3898.1146,3865.8844,3870.9478,3894.7687,11678635000,201253166362.9
2022-12-05,sh.000300,3907.6375,3947.476,3900.6742,3946.8759,3870.9478,20174722100,296615512326.6
2022-12-06,sh.000300,3929.0063,3988.9007,3922.9969,3968.1979,3946.8759,15510832300,275583430840.8
2022-12-07,sh.000300,3956.6722,3999.5864,3944.1831,3958.4409,3968.1979,14300135600,255490829027.1
2022-12-08,sh.000300,3953.199,3971.4927,3941.2966,3959.1798,3958.4409,11519998600,198037690481.4
2022-12-09,sh.000300,3961.9919,4003.3178,3944.4396,3998.2442,3959.1798,15377495400,268166789656.9
2022-12-12,sh.000300,3976.1722,3983.4332,3950.3203,3953.4433,3998.2442,12593536800,227606300936.9
2022-12-13,sh.000300,3953.5482,3964.3957,3939.9795,3945.6813,3953.4433,10099410000,184020700110.0
2022-12-14,sh.000300,3952.7885,3972.7381,3935.7668,3954.8857,3945.6813,9852800600,196175108617.2
2022-12-15,sh.000300,3954.672,3963.5002,3926.4997,3951.9885,3954.8857,8886472500,181994889123.4
2022-12-16,sh.000300,3931.2318,3960.4705,3929.4873,3954.227,3951.9885,9317856700,167488442588.9
2022-12-19,sh.000300,3952.7707,3966.5679,3878.4367,3893.2207,3954.227,10691907500,180801387702.4
2022-12-20,sh.000300,3881.2257,3881.2729,3811.4759,3829.0173,3893.2207,8309682200,164046440873.7
2022-12-21,sh.000300,3839.0009,3853.7272,3821.4037,3830.5384,3829.0173,6483921500,123450040359.8
2022-12-22,sh.000300,3859.2041,3882.1263,3821.3418,3836.028,3830.5384,8370517300,163970306950.9
2022-12-23,sh.000300,3811.6164,3848.3436,3805.9487,3828.2188,3836.028,6527814800,130559415565.7
2022-12-26,sh.000300,3830.5682,3856.8066,3827.5186,3843.4887,3828.2188,7300571200,148692832422.1
2022-12-27,sh.000300,3860.9054,3891.8497,3856.58,3887.854,3843.4887,7751535000,152032206630.9
2022-12-28,sh.000300,3874.9132,3884.7205,3854.9406,3871.2644,3887.854,8442465600,160671122030.7
2022-12-29,sh.000300,3854.2363,3868.2933,3838.4803,3856.7007,3871.2644,7939481500,149011372437.3
2022-12-30,sh.000300,3873.9358,3887.5527,3868.7569,3871.6338,3856.7007,7877327200,148295049381.5
2023-01-03,sh.000300,3864.8356,3893.9904,3831.245,3887.8992,3871.6338,11505187500,207540165953.2
2023-01-04,sh.000300,3886.2504,3905.9032,3873.6549,3892.9477,3887.8992,11066074300,198997711686.0
2023-01-05,sh.000300,3913.4928,3974.875,3912.26,3968.5782,3892.9477,11650239500,256312608292.0
2023-01-06,sh.000300,3969.5493,4000.4143,3966.4696,3980.8888,3968.5782,11095303800,235744305582.2
2023-01-09,sh.000300,3998.5278,4023.0898,3990.7073,4013.1196,3980.8888,11705442500,233212426458.1
2023-01-10,sh.000300,4014.7125,4030.4574,4002.2297,4017.4737,4013.1196,10175114100,214871166239.5
2023-01-11,sh.000300,4019.8844,4043.3991,4008.0153,4010.0309,4017.4737,9999788900,203000262960.6
2023-01-12,sh.000300,4021.7547,4030.2876,4003.5079,4017.8692,4010.0309,9055262700,183686268106.8
2023-01-13,sh.000300,4032.2906,4074.3772,4027.8864,4074.3772,4017.8692,9587189600,212173997498.4
2023-01-16,sh.000300,4077.8793,4177.1035,4076.6394,4137.9643,4074.3772,15139545500,319007749371.3
2023-01-17,sh.000300,4138.8433,4148.5838,4118.157,4137.2422,4137.9643,9547904000,204381576523.4
2023-01-18,sh.000300,4140.1019,4151.4577,4125.7687,4130.3143,4137.2422,8420064500,172126171819.2
2023-01-19,sh.000300,4125.5772,4156.0077,4105.9797,4156.0077,4130.3143,9460839800,192699589774.1
2023-01-20,sh.000300,4166.8444,4189.831,4161.6698,4181.5267,4156.0077,12355380900,222342455100.7
2023-01-30,sh.000300,4267.6248,4268.1522,4197.8596,4201.345,4181.5267,16460706400,330193322092.2
2023-01-31,sh.000300,4200.5813,4212.7347,4153.0484,4156.8578,4201.345,12455083500,249365321627.1
2023-02-01,sh.000300,4170.1322,4195.9332,4137.7659,4195.9332,4156.8578,14100895400,265553944709.3
2023-02-02,sh.000300,4207.4123,4207.4123,4170.5565,4181.1493,4195.9332,13382373600,262497434837.0
2023-02-03,sh.000300,4162.0258,4162.0258,4103.1654,4141.6319,4181.1493,11704122100,226914770043.9
2023-02-06,sh.000300,4103.8307,4105.9445,4065.2224,4086.8779,4141.6319,11019271700,226345113968.7
2023-02-07,sh.000300,4098.3117,4107.3438,4077.9623,4094.2335,4086.8779,9136007200,183537351577.1
2023-02-08,sh.000300,4099.8573,4111.4745,4072.6474,4076.1411,4094.2335,8478609900,170591751817.3
2023-02-09,sh.000300,4067.5631,4130.8565,4064.7489,4130.8565,4076.1411,10228996100,211722604859.2
2023-02-10,sh.000300,4124.0986,4125.2893,4092.3472,4106.3097,4130.8565,9671673300,195348320573.4
2023-02-13,sh.000300,4098.8795,4146.45,4092.2729,4143.574,4106.3097,12889257700,251990181553.9
2023-02-14,sh.000300,4151.247,4152.0487,4125.2583,4145.2902,4143.574,10249989000,204915435749.9
2023-02-15,sh.000300,4146.8547,4153.7159,4115.9671,4123.6893,4145.2902,12166450800,219855528966.4
2023-02-16,sh.000300,4125.4087,4167.9003,4068.8591,4093.4876,4123.6893,15931058500,281315625588.6
2023-02-17,sh.000300,4086.2237,4104.6398,4032.9285,4034.507,4093.4876,11614258900,225737746955.0
2023-02-20,sh.000300,4039.9623,4134.8623,4035.4762,4133.4896,4034.507,16179448100,280122962150.4
2023-02-21,sh.000300,4130.0632,4151.7994,4116.2716,4144.3536,4133.4896,14577617300,249674201048.2
2023-02-22,sh.000300,4118.9669,4134.8759,4101.8596,4106.9506,4144.3536,10429029500,191586158991.2
2023-02-23,sh.000300,4106.2136,4132.3896,4088.2073,4103.6463,4106.9506,10356490600,197193582430.1
2023-02-24,sh.000300,4100.9897,4102.6094,4048.2374,4061.0457,4103.6463,10098942500,191210465053.2
2023-02-27,sh.000300,4040.4571,4067.0296,4034.5237,4043.8444,4061.0457,9378763000,187959491145.3
2023-02-28,sh.000300,4058.1298,4074.2639,4026.4476,4069.4587,4043.8444,11032359100,198799712379.1
2023-03-01,sh.000300,4068.7331,4135.4812,4061.2167,4126.9415,4069.4587,15601579400,255374791015.7
2023-03-02,sh.000300,4119.9919,4137.2525,4113.8264,4117.7377,4126.9415,14821763700,235953764969.5
2023-03-03,sh.000300,4126.0183,4135.2116,4100.3827,4130.5513,4117.7377,16033174100,226914545628.4
2023-03-06,sh.000300,4131.1525,4132.8367,4088.4484,4109.0102,4130.5513,16297180700,283079861971.5
2023-03-07,sh.000300,4103.6419,4124.9609,4046.5679,4048.8519,4109.0102,19591206800,272491994009.2
2023-03-08,sh.000300,4030.7387,4037.287,4011.5231,4034.1077,4048.8519,11793649300,191659655190.9
2023-03-09,sh.000300,4035.8433,4043.8493,4000.8901,4019.8505,4034.1077,11653962900,201737990686.8
2023-03-10,sh.000300,3991.7959,4004.3612,3966.428,3967.1352,4019.8505,12385540900,218286956131.0
2023-03-13,sh.000300,3962.6426,4008.686,3962.6426,4008.686,3967.1352,14356137000,242865516757.6
2023-03-14,sh.000300,3999.8803,4001.9415,3946.9405,3984.6956,4008.686,15054417400,267224848810.5
2023-03-15,sh.000300,4011.8444,4018.7495,3986.902,3986.902,3984.6956,14202600700,232101093978.6
2023-03-16,sh.000300,3958.1962,3981.321,3936.4758,3939.1505,3986.902,15251564400,246264286428.0
2023-03-17,sh.000300,3971.1585,4004.2153,3945.2501,3958.8194,3939.1505,17743381800,305541015556.1
2023-03-20,sh.000300,3962.6625,3979.5485,3935.0161,3939.077,3958.8194,20526497000,319760032638.0
2023-03-21,sh.000300,3948.1573,3982.7047,3948.1573,3982.3782,3939.077,14509067900,251631985016.9
2023-03-22,sh.000300,3993.7849,4016.4495,3986.7093,3999.4427,3982.3782,14922897000,265180992104.1
2023-03-23,sh.000300,3985.9928,4039.0895,3983.9986,4039.0895,3999.4427,15888742100,296479529467.0
2023-03-24,sh.000300,4035.1564,4037.8417,4017.0028,4027.0457,4039.0895,15944233000,295785588943.1
2023-03-27,sh.000300,4023.3028,4023.3028,3987.0297,4012.4771,4027.0457,16848227900,315474696948.0
2023-03-28,sh.000300,4015.6973,4023.7834,3994.5999,3999.5147,4012.4771,13189511700,248736920971.8
2023-03-29,sh.000300,4013.5926,4017.7572,3992.6662,4006.144,3999.5147,13374351000,263866922733.1
2023-03-30,sh.000300,4009.5573,4040.5023,3983.8958,4038.5257,4006.144,14990103700,280004715991.0
2023-03-31,sh.000300,4045.4538,4063.5675,4039.9587,4050.9257,4038.5257,13884254600,279863685781.0
2023-04-03,sh.000300,4059.6227,4094.9376,4059.0607,4090.5676,4050.9257,18212431300,382895558426.0
2023-04-04,sh.000300,4089.2932,4103.1583,4080.0682,4103.1052,4090.5676,19714663100,394443175146.2
2023-04-06,sh.000300,4084.132,4098.8332,4078.4048,4096.64,4103.1052,15070337400,328981851588.3
2023-04-07,sh.000300,4096.9009,4131.3126,4092.1848,4123.2799,4096.64,12867673800,286567771883.1
2023-04-10,sh.000300,4132.0096,4132.2952,4099.0519,4104.8118,4123.2799,15245300200,340822557207.6
2023-04-11,sh.000300,4108.5062,4116.1247,4083.4946,4100.1479,4104.8118,15390133300,324192951998.7
2023-04-12,sh.000300,4102.3968,4108.2451,4090.2784,4097.2876,4100.1479,16596527800,325425226403.2
2023-04-13,sh.000300,4081.3871,4088.8809,4059.5744,4068.9786,4097.2876,15644429500,300291020752.9
2023-04-14,sh.000300,4078.9703,4098.2151,4075.2049,4091.9988,4068.9786,15069568200,306201501438.7
2023-04-17,sh.000300,4090.0719,4149.3836,4089.509,4149.3836,4091.9988,18877309500,341831272792.7
2023-04-18,sh.000300,4139.3088,4169.6678,4138.4618,4162.032,4149.3836,17018413000,331545662315.6
2023-04-19,sh.000300,4159.3938,4159.3938,4118.6261,4124.5589,4162.032,16255459200,312219504522.6
2023-04-20,sh.000300,4122.9461,4125.8231,4094.0022,4113.0192,4124.5589,16270667700,332172409512.0
2023-04-21,sh.000300,4114.2642,4114.2642,4031.9123,4032.5672,4113.0192,18080243500,347852011602.5
2023-04-24,sh.000300,4031.303,4033.6367,3967.907,3982.6429,4032.5672,17009921700,328375614674.3
2023-04-25,sh.000300,3985.1055,3991.6868,3925.436,3962.6658,3982.6429,17255540900,331110619767.7
2023-04-26,sh.000300,3950.2553,3975.6562,3934.6625,3959.2323,3962.6658,16270200600,322062811333.5
2023-04-27,sh.000300,3948.0313,3999.1302,3942.8152,3988.4185,3959.2323,15382819500,304804002557.4
2023-04-28,sh.000300,3993.2561,4030.4469,3993.2561,4029.0858,3988.4185,17950848800,328936294025.2
2023-05-04,sh.000300,4013.4713,4035.7832,4001.1259,4030.2471,4029.0858,22758284600,345492506049.3
2023-05-05,sh.000300,4031.0946,4047.6015,3998.392,4016.8774,4030.2471,20662692400,307694489937.0
2023-05-08,sh.000300,4028.1056,4070.7724,4018.9608,4062.6624,4016.8774,25558308500,359539954170.1
2023-05-09,sh.000300,4065.439,4092.8501,4026.3886,4027.8754,4062.6624,27930604800,396422120420.6
2023-05-10,sh.000300,4017.9358,4019.0587,3984.6287,3996.8695,4027.8754,20755270900,309484851741.1
2023-05-11,sh.000300,4005.7823,4018.0579,3988.4816,3990.6637,3996.8695,14480461900,241052071431.6
2023-05-12,sh.000300,3987.769,3999.3831,3937.5274,3937.7622,3990.6637,14442172800,228992923388.1
2023-05-15,sh.000300,3938.83,3998.8872,3923.0317,3998.8872,3937.7622,17625736200,279531163508.4
2023-05-16,sh.000300,4002.5237,4005.015,3966.9921,3978.2054,3998.8872,13683327100,234840652671.0
2023-05-17,sh.000300,3971.7017,3982.6044,3945.7137,3960.165,3978.2054,11844818500,205195685976.4
2023-05-18,sh.000300,3965.5162,3982.7178,3939.5526,3956.0701,3960.165,13653394700,229134184412.9
2023-05-19,sh.000300,3946.2215,3967.2816,3928.316,3944.5403,3956.0701,12021247900,207094944781.3
2023-05-22,sh.000300,3941.0015,3985.4031,3935.8015,3969.3277,3944.5403,10911660500,202185550245.9
2023-05-23,sh.000300,3968.2346,3971.939,3913.1882,3913.1882,3969.3277,11868507700,189955815340.0
2023-05-24,sh.000300,3903.7818,3903.7818,3859.0935,3859.0935,3913.1882,13725826500,211768410520.2
2023-05-25,sh.000300,3851.4053,3861.3815,3817.8365,3850.4996,3859.0935,12415077000,213313620055.3
2023-05-26,sh.000300,3848.4174,3859.6291,3815.5701,3850.9511,3850.4996,10032643900,191537814872.5
2023-05-29,sh.000300,3862.0838,3866.7238,3819.1822,3833.9416,3850.9511,13185996700,230095604813.4
2023-05-30,sh.000300,3827.7924,3844.0052,3789.2736,3837.7531,3833.9416,13761962900,244566265534.9
2023-05-31,sh.000300,3827.1634,3827.1634,3781.4034,3798.5434,3837.7531,12638736800,235606123947.6
2023-06-01,sh.000300,3788.5902,3832.2051,3786.7344,3806.8679,3798.5434,13456188100,241829546409.4
2023-06-02,sh.000300,3821.6198,3865.2843,3821.6198,3861.8337,3806.8679,12501511000,232696547130.8
2023-06-05,sh.000300,3860.5557,3860.5557,3832.4578,3844.2492,3861.8337,11616398900,211144360143.7
2023-06-06,sh.000300,3840.4587,3867.8452,3802.8449,3808.1629,3844.2492,12578125800,222091722592.2
2023-06-07,sh.000300,3815.4823,3823.1124,3780.1021,3789.3418,3808.1629,9886243200,189879792179.6
2023-06-08,sh.000300,3791.0826,3834.3888,3777.7752,3820.1867,3789.3418,11870093400,199119300649.7
2023-06-09,sh.000300,3822.4088,3836.7026,3811.2189,3836.7026,3820.1867,13431986300,247296087070.9
2023-06-12,sh.000300,3827.3253,3859.7156,3813.8577,3844.4324,3836.7026,12675854300,240791270473.5
2023-06-13,sh.000300,3838.1287,3867.3034,3833.4598,3864.9074,3844.4324,11092494600,225435215314.9
2023-06-14,sh.000300,3872.7155,3891.6656,3862.0609,3864.0247,3864.9074,12495575900,243932581183.9
2023-06-15,sh.000300,3871.7746,3925.4994,3871.7746,3925.4994,3864.0247,12836993800,282635910894.2
2023-06-16,sh.000300,3932.2114,3968.0128,3928.5419,3963.3509,3925.4994,13976007600,280374762837.8
2023-06-19,sh.000300,3957.0327,3957.0327,3922.4742,3930.9079,3963.3509,13490584800,268213068579.8
2023-06-20,sh.000300,3926.094,3937.4945,3918.473,3924.2377,3930.9079,12252031800,266274081286.8
2023-06-21,sh.000300,3909.1044,3920.1276,3864.0323,3864.0323,3924.2377,11834657500,243630705591.5
2023-06-26,sh.000300,3833.4436,3841.2862,3801.0537,3809.6962,3864.0323,13399041900,247713845779.5
2023-06-27,sh.000300,3811.6872,3851.8957,3806.3242,3845.4334,3809.6962,11699268100,210097713687.6
2023-06-28,sh.000300,3836.6086,3846.8516,3808.1607,3840.7986,3845.4334,10702154100,206187959876.8
2023-06-29,sh.000300,3836.7305,3840.7132,3817.3759,3821.8435,3840.7986,9828927400,204110031407.8
2023-06-30,sh.000300,3816.3345,3860.0311,3813.552,3842.4516,3821.8435,10126842900,208146272909.0
2023-07-03,sh.000300,3853.2919,3897.3273,3853.2919,3892.8821,3842.4516,13315805100,256876520211.7
2023-07-04,sh.000300,3888.0328,3899.9755,3878.3978,3899.0133,3892.8821,10949452700,216335611421.8
2023-07-05,sh.000300,3895.1945,3899.5188,3864.1301,3868.8054,3899.0133,9763638400,188400265050.6
2023-07-06,sh.000300,3857.0304,3876.8901,3836.4573,3842.7547,3868.8054,10012184200,184742420862.3
2023-07-07,sh.000300,3831.5955,3844.8438,3819.0772,3825.6988,3842.7547,10090692000,173918560673.0
2023-07-10,sh.000300,3841.5591,3865.4566,3831.92,3844.3269,3825.6988,9203344100,185360813110.7
2023-07-11,sh.000300,3853.7955,3870.6549,3844.5244,3869.4861,3844.3269,8651071600,177585694368.3
2023-07-12,sh.000300,3864.6013,3874.0403,3838.5632,3843.4369,3869.4861,11152202400,214046519056.1
2023-07-13,sh.000300,3855.662,3901.1023,3855.662,3898.4229,3843.4369,12030023200,235278706834.5
2023-07-14,sh.000300,3904.6033,3908.4871,3893.7862,3899.1027,3898.4229,12236484600,220230466522.9
2023-07-17,sh.000300,3881.6225,3881.6225,3852.2626,3867.1749,3899.1027,9834014400,174623552807.4
2023-07-18,sh.000300,3871.0444,3871.0444,3844.5129,3854.9393,3867.1749,9143861500,167104315117.1
2023-07-19,sh.000300,3848.4826,3860.0092,3830.4073,3850.8663,3854.9393,7958570000,151311481029.8
2023-07-20,sh.000300,3857.7725,3875.6241,3818.7134,3823.6946,3850.8663,9204207600,174320872139.8
2023-07-21,sh.000300,3816.9835,3849.5109,3808.803,3821.91,3823.6946,7950756300,157144211209.3
2023-07-24,sh.000300,3803.3492,3828.7853,3798.8048,3805.221,3821.91,7548354500,151448369566.2
2023-07-25,sh.000300,3866.6445,3915.8148,3866.6445,3915.1153,3805.221,16306632000,299853562168.1
2023-07-26,sh.000300,3908.174,3912.9834,3893.3987,3907.0128,3915.1153,10788171700,192912604792.0
2023-07-27,sh.000300,3914.2298,3935.3578,3894.6923,3902.3458,3907.0128,11066710900,196845425513.0
2023-07-28,sh.000300,3889.7929,4000.919,3886.5535,3992.7376,3902.3458,17973548100,310092467404.5
2023-07-31,sh.000300,4018.8895,4064.3621,4002.0784,4014.6301,3992.7376,19960683000,366544120003.6
2023-08-01,sh.000300,4009.1831,4031.7008,3983.0273,3998.001,4014.6301,14228685900,255620773637.6
2023-08-02,sh.000300,3985.6951,4008.3343,3958.5127,3969.895,3998.001,12585569000,204875690923.8
2023-08-03,sh.000300,3962.1296,4004.9996,3962.1296,4004.9839,3969.895,12900664000,224809824820.3
2023-08-04,sh.000300,4033.7239,4058.2431,4011.6202,4020.5792,4004.9839,17826718900,316529733837.7
2023-08-07,sh.000300,4002.9677,4002.9677,3977.0173,3990.1531,4020.5792,12131066200,227090572750.9
2023-08-08,sh.000300,3980.0423,4002.2904,3963.4632,3979.7322,3990.1531,10987169900,202611335313.8
2023-08-09,sh.000300,3967.3566,3982.1091,3961.8434,3967.5652,3979.7322,9464026900,174394242765.3
2023-08-10,sh.000300,3962.8569,3976.4637,3945.3869,3975.7166,3967.5652,9717684900,175646730198.2
2023-08-11,sh.000300,3977.9834,3977.9834,3884.2538,3884.2538,3975.7166,12608293100,203546314647.4
2023-08-14,sh.000300,3840.8872,3859.4718,3814.0711,3855.9061,3884.2538,11596633600,197623765246.4
2023-08-15,sh.000300,3858.3662,3865.284,3811.6839,3846.5357,3855.9061,10309711100,177437071692.5
2023-08-16,sh.000300,3830.8274,3852.4198,3817.6324,3818.3338,3846.5357,9461694600,169323869027.6
2023-08-17,sh.000300,3801.1969,3836.1507,3782.4967,3831.1008,3818.3338,9841549300,174093848242.9
2023-08-18,sh.000300,3832.4554,3844.195,3784.0038,3784.0038,3831.1008,9554963800,168445686988.2
2023-08-21,sh.000300,3773.225,3782.1112,3729.555,3729.555,3784.0038,9870836900,173379942906.6
2023-08-22,sh.000300,3748.0675,3770.0556,3704.6785,3758.2271,3729.555,12031832700,203463879671.8
2023-08-23,sh.000300,3751.7736,3756.1659,3695.0309,3696.6339,3758.2271,9708163800,160476231586.9
2023-08-24,sh.000300,3711.5403,3748.8567,3701.5717,3723.4293,3696.6339,11961452100,196257391083.7
2023-08-25,sh.000300,3703.5136,3734.2185,3695.8442,3709.1517,3723.4293,10518261000,175601437172.9
2023-08-28,sh.000300,3911.5485,3911.5485,3740.5279,3752.6194,3709.1517,19799037900,335047670966.8
2023-08-29,sh.000300,3743.0534,3810.3772,3742.0758,3790.1067,3752.6194,15248614600,262134936751.0
2023-08-30,sh.000300,3803.1191,3813.7032,3780.2411,3788.5097,3790.1067,12967166100,226727480838.7
2023-08-31,sh.000300,3786.9261,3793.9972,3762.0046,3765.2678,3788.5097,11896164600,193577001342.0
2023-09-01,sh.000300,3778.9129,3808.5306,3778.9129,3791.4912,3765.2678,10531904500,172219141586.1
2023-09-04,sh.000300,3812.9873,3854.2605,3804.5886,3848.9517,3791.4912,14238520100,237934727924.3
2023-09-05,sh.000300,3839.5779,3839.5779,3814.3338,3820.3174,3848.9517,10405233300,181377877955.3
2023-09-06,sh.000300,3808.1,3817.5239,3790.8949,3812.0283,3820.3174,9344239300,166081524007.0
2023-09-07,sh.000300,3802.2272,3802.2272,3756.853,3758.4748,3812.0283,9510390300,164405748827.5
2023-09-08,sh.000300,3747.6509,3753.263,3724.987,3739.9927,3758.4748,7163816600,129197657303.1
2023-09-11,sh.000300,3740.5846,3788.3219,3734.7228,3767.537,3739.9927,10535801600,186871759441.3
2023-09-12,sh.000300,3764.3331,3775.093,3755.4162,3760.6048,3767.537,7938537800,140117510233.3
2023-09-13,sh.000300,3759.6091,3768.8162,3719.1114,3736.6513,3760.6048,8157690100,138238089912.5
2023-09-14,sh.000300,3736.9355,3748.8177,3717.3107,3733.5077,3736.6513,10038607500,151578100463.9
2023-09-15,sh.000300,3740.7853,3749.0247,3699.3806,3708.7766,3733.5077,10939568900,180398970938.3
2023-09-18,sh.000300,3698.9344,3737.5306,3691.1107,3727.711,3708.7766,8672774100,156966973910.5
2023-09-19,sh.000300,3723.4244,3724.0717,3702.6934,3720.5021,3727.711,8319903800,135216895229.4
2023-09-20,sh.000300,3715.9578,3718.5207,3705.1274,3705.6898,3720.5021,7544820900,117691805957.0
2023-09-21,sh.000300,3698.313,3708.4557,3672.4448,3672.4448,3705.6898,8303100500,135011796555.2
2023-09-22,sh.000300,3672.6402,3740.4183,3664.7661,3738.9327,3672.4448,11023116600,192236467362.8
2023-09-25,sh.000300,3738.0622,3738.0622,3711.2049,3714.6037,3738.9327,9259647900,155793827361.5
2023-09-26,sh.000300,3711.7106,3723.8481,3692.6172,3692.8928,3714.6037,7804452500,137808437774.8
2023-09-27,sh.000300,3694.9607,3731.1405,3694.3938,3700.495,3692.8928,9162921000,164790435265.8
2023-09-28,sh.000300,3711.2117,3716.0569,3685.3001,3689.5172,3700.495,8522171900,153500421344.0
2023-10-09,sh.000300,3678.929,3694.1713,3641.9966,3684.7272,3689.5172,10214805800,178072374748.1
2023-10-10,sh.000300,3696.2542,3701.2562,3655.589,3657.1259,3684.7272,9916373000,161938958924.8
2023-10-11,sh.000300,3674.7514,3689.5347,3658.355,3667.5483,3657.1259,10209158700,187667554127.0
2023-10-12,sh.000300,3697.9337,3711.4985,3682.8418,3702.3824,3667.5483,11436322500,194598219817.3
2023-10-13,sh.000300,3677.9585,3678.1913,3652.3094,3663.4104,3702.3824,9828798700,170152309003.0
2023-10-16,sh.000300,3664.039,3664.039,3615.7686,3626.5972,3663.4104,9185311800,159537973598.4
2023-10-17,sh.000300,3635.2994,3645.5654,3619.1277,3639.4018,3626.5972,9074518800,147056233347.4
2023-10-18,sh.000300,3631.0671,3632.0579,3608.9768,3610.5767,3639.4018,9454587900,158982356667.4
2023-10-19,sh.000300,3588.5154,3588.5154,3532.3059,3533.5445,3610.5767,11173752000,189194781843.9
2023-10-20,sh.000300,3518.3464,3535.6623,3501.725,3510.5889,3533.5445,9851860500,169591289145.3
2023-10-23,sh.000300,3500.199,3505.3468,3450.6456,3474.2438,3510.5889,9656165200,152054894179.0
2023-10-24,sh.000300,3481.7644,3495.0039,3453.1016,3487.1302,3474.2438,11554728900,186529203442.0
2023-10-25,sh.000300,3524.2965,3531.8314,3500.9154,3504.4576,3487.1302,12800961700,203691741119.2
2023-10-26,sh.000300,3484.7807,3515.5716,3478.0503,3514.1448,3504.4576,10514356600,176088467225.8
2023-10-27,sh.000300,3501.171,3576.5861,3494.5488,3562.3851,3514.1448,12022510800,224301960437.0
2023-10-30,sh.000300,3554.1055,3592.7188,3554.0238,3583.7718,3562.3851,14401042600,242973328094.4
2023-10-31,sh.000300,3581.6759,3581.6759,3554.5822,3572.5056,3583.7718,11258726700,196317658324.1
2023-11-01,sh.000300,3605.7576,3606.4126,3564.6421,3571.0268,3572.5056,9764553800,182943566435.3
2023-11-02,sh.000300,3580.0672,3597.1699,3553.7406,3554.1889,3571.0268,9035964300,149465055433.9
2023-11-03,sh.000300,3558.5303,3596.101,3558.5303,3584.1364,3554.1889,9754210100,165865989200.0
2023-11-06,sh.000300,3608.3187,3635.7897,3600.6304,3632.6084,3584.1364,15298246300,254465948110.4
2023-11-07,sh.000300,3623.7849,3628.4615,3606.2975,3619.7593,3632.6084,11028859100,190433605311.0
2023-11-08,sh.000300,3610.6434,3627.0479,3591.8248,3611.0723,3619.7593,11059423000,192594372352.5
2023-11-09,sh.000300,3603.1082,3624.4141,3601.3744,3612.8263,3611.0723,11187205700,189355228591.7
2023-11-10,sh.000300,3596.0688,3599.4519,3576.1011,3586.4893,3612.8263,10210703400,166924677328.0
2023-11-13,sh.000300,3593.9109,3599.3897,3562.7682,3579.4141,3586.4893,9670764900,164821249625.0
2023-11-14,sh.000300,3581.1034,3600.1483,3568.882,3582.0584,3579.4141,10088415800,165935163426.0
2023-11-15,sh.000300,3616.8765,3620.6007,3596.9158,3607.2454,3582.0584,10492921800,188932150501.0
2023-11-16,sh.000300,3600.9813,3605.2898,3572.3636,3572.3641,3607.2454,8746478000,146629217157.8
2023-11-17,sh.000300,3561.3112,3573.6819,3547.0287,3568.0685,3572.3641,8731920700,139621898705.2
2023-11-20,sh.000300,3569.7314,3586.9731,3545.1038,3576.3233,3568.0685,9108044500,157449634694.0
2023-11-21,sh.000300,3587.8779,3615.0569,3575.682,3581.0674,3576.3233,10859431400,175922105929.9
2023-11-22,sh.000300,3569.4389,3574.3782,3544.4162,3544.4162,3581.0674,8478438100,136041195538.9
2023-11-23,sh.000300,3541.4416,3562.0675,3529.939,3561.5204,3544.4162,8480016700,141499811491.0
2023-11-24,sh.000300,3560.6462,3560.6462,3533.9955,3538.0087,3561.5204,8501840300,140101998555.3
2023-11-27,sh.000300,3534.4445,3534.4445,3492.8623,3511.9424,3538.0087,9910231400,155975437035.7
2023-11-28,sh.000300,3510.6554,3521.0463,3501.1093,3518.5232,3511.9424,8933578900,147740535862.4
2023-11-29,sh.000300,3518.8836,3519.198,3482.2444,3488.3073,3518.5232,9884141200,155948235975.9
2023-11-30,sh.000300,3485.5171,3505.1273,3481.4515,3496.2028,3488.3073,10135082000,153790180653.3
2023-12-01,sh.000300,3494.2234,3494.2234,3452.1728,3482.8813,3496.2028,10853094100,176078323469.4
2023-12-04,sh.000300,3481.0449,3488.133,3459.611,3460.138,3482.8813,9715682600,164664395292.9
2023-12-05,sh.000300,3450.0898,3450.0898,3393.8139,3394.2571,3460.138,10047200700,164840691112.1
2023-12-06,sh.000300,3387.8798,3420.2773,3382.9457,3399.598,3394.2571,10580551900,172142987724.9
2023-12-07,sh.000300,3394.3064,3404.4074,3369.7675,3391.2823,3399.598,9771324800,160949948197.3
2023-12-08,sh.000300,3391.8585,3409.3845,3383.4479,3399.4618,3391.2823,12952205400,203034222561.1
2023-12-11,sh.000300,3378.0517,3426.6106,3346.8902,3419.4548,3399.4618,13962624900,219761181423.1
2023-12-12,sh.000300,3409.9976,3427.5456,3406.1013,3426.803,3419.4548,10559001300,166979964779.7
2023-12-13,sh.000300,3418.6413,3418.6413,3369.605,3369.605,3426.803,9528536700,165455928375.6
2023-12-14,sh.000300,3387.3847,3399.1394,3350.7648,3351.9639,3369.605,8365513500,150245775736.4
2023-12-15,sh.000300,3365.9388,3388.5047,3339.519,3341.5517,3351.9639,9778778300,164907019372.1
2023-12-18,sh.000300,3329.191,3352.3458,3314.9095,3329.3657,3341.5517,9052682600,142303319418.9
2023-12-19,sh.000300,3325.6596,3345.7795,3313.1874,3334.0412,3329.3657,8380811800,135293655396.1
2023-12-20,sh.000300,3334.332,3338.5434,3297.3652,3297.5022,3334.0412,9241286800,141290542802.3
2023-12-21,sh.000300,3285.6049,3339.3552,3283.9883,3330.8698,3297.5022,10254619800,171120780579.5
2023-12-22,sh.000300,3329.4668,3359.0601,3315.8976,3337.2281,3330.8698,10522013300,167336342309.2
2023-12-25,sh.000300,3330.3333,3348.882,3330.3333,3347.4508,3337.2281,7454269300,121838327071.1
2023-12-26,sh.000300,3345.3952,3345.4171,3315.937,3324.7902,3347.4508,7473293500,121689997434.6
2023-12-27,sh.000300,3326.9267,3341.2659,3309.6731,3336.3572,3324.7902,9440392800,140924923674.8
2023-12-28,sh.000300,3335.5572,3423.4018,3331.2082,3414.5403,3336.3572,14806485100,245855634464.3
2023-12-29,sh.000300,3411.1094,3432.5412,3409.5795,3431.1099,3414.5403,11492893200,193573180515.1
2024-01-02,sh.000300,3426.2684,3426.2684,3386.3522,3386.3522,3431.1099,11618072600,184096097448.7
2024-01-03,sh.000300,3379.7501,3392.8504,3362.6617,3378.2971,3386.3522,10561385100,165099018642.5
2024-01-04,sh.000300,3375.0207,3375.0207,3323.8647,3347.0519,3378.2971,10672101300,165512262698.6
2024-01-05,sh.000300,3341.3061,3372.5444,3313.5542,3329.1114,3347.0519,12640057400,182251664948.1
2024-01-08,sh.000300,3322.6051,3333.516,3283.3421,3286.0564,3329.1114,11742948500,170761644873.4
2024-01-09,sh.000300,3286.7083,3304.6008,3273.8431,3292.4994,3286.0564,10933046500,172276323045.2
2024-01-10,sh.000300,3281.6692,3312.9161,3268.2471,3277.129,3292.4994,9419936600,159777649838.1
2024-01-11,sh.000300,3275.3086,3311.1137,3266.7911,3295.6717,3277.129,10878973500,180978533555.5
2024-01-12,sh.000300,3284.358,3310.4704,3279.6987,3284.1667,3295.6717,9685355500,156536022291.9
2024-01-15,sh.000300,3270.1029,3306.9217,3261.2687,3280.9195,3284.1667,8885153000,144331722430.6
2024-01-16,sh.000300,3272.571,3300.8762,3260.4362,3300.8762,3280.9195,11327666500,175650587488.9
2024-01-17,sh.000300,3291.1392,3291.1392,3229.082,3229.082,3300.8762,10876972800,173516385174.7
2024-01-18,sh.000300,3214.2844,3279.2538,3171.6329,3274.7286,3229.082,17490916800,256784536828.0
2024-01-19,sh.000300,3261.2393,3286.9415,3251.8136,3269.7763,3274.7286,11850140800,191261807098.8
2024-01-22,sh.000300,3262.4685,3281.4205,3193.1776,3218.9016,3269.7763,14870562800,225510031844.3
2024-01-23,sh.000300,3208.4316,3249.5306,3188.1259,3231.9329,3218.9016,12201200000,193791168624.2
2024-01-24,sh.000300,3245.9592,3281.4892,3190.4674,3277.1089,3231.9329,15437195400,219036341624.5
2024-01-25,sh.000300,3274.3391,3344.2426,3269.7943,3342.9189,3277.1089,19683361400,265521114954.3
2024-01-26,sh.000300,3326.6465,3351.9692,3315.1265,3333.8213,3342.9189,18066400500,238144899501.0
2024-01-29,sh.000300,3335.3936,3351.3715,3303.9604,3303.9604,3333.8213,18416479500,244698013593.3
2024-01-30,sh.000300,3283.8977,3300.204,3244.9719,3245.0387,3303.9604,14364935000,199592929911.7
2024-01-31,sh.000300,3231.5425,3252.1475,3201.9264,3215.3518,3245.0387,15314346900,215333349921.2
2024-02-01,sh.000300,3202.2564,3251.7582,3191.8968,3217.7109,3215.3518,14551679200,203815063232.5
2024-02-02,sh.000300,3219.8734,3235.4079,3108.3515,3179.6276,3217.7109,17375808900,234495151557.0
2024-02-05,sh.000300,3164.25,3233.8485,3111.5184,3200.4218,3179.6276,20304297000,279713141507.2
2024-02-06,sh.000300,3185.2498,3314.512,3182.8216,3311.6922,3200.4218,20271309900,285042020945.9
2024-02-07,sh.000300,3314.0306,3343.6303,3289.6704,3343.6303,3311.6922,21664793300,297997664575.2
2024-02-08,sh.000300,3351.4052,3367.2101,3336.9779,3364.9297,3343.6303,18997757800,270239765211.0
2024-02-19,sh.000300,3393.1916,3403.8078,3364.1418,3403.8078,3364.9297,18331980000,267674145147.3
2024-02-20,sh.000300,3395.1916,3415.8943,3380.103,3410.8542,3403.8078,14073458100,218459281946.0
2024-02-21,sh.000300,3390.3619,3500.1338,3383.6911,3456.8713,3410.8542,18887936200,291823544608.2
2024-02-22,sh.000300,3450.3518,3486.6826,3448.4135,3486.6747,3456.8713,14102078400,225098128872.7
2024-02-23,sh.000300,3491.3367,3507.5592,3472.968,3489.7416,3486.6747,14482127300,232926057113.9
2024-02-26,sh.000300,3485.5427,3492.6061,3445.3889,3453.3585,3489.7416,15124833100,238951637715.0
2024-02-27,sh.000300,3440.0516,3494.7874,3437.4422,3494.7874,3453.3585,13952824600,244488721250.8
2024-02-28,sh.000300,3499.8257,3521.6574,3450.2598,3450.2598,3494.7874,18983754800,328300591256.4
2024-02-29,sh.000300,3437.8984,3516.0826,3437.8984,3516.0826,3450.2598,15594453200,281971899288.2
2024-03-01,sh.000300,3515.0587,3544.3595,3503.459,3537.8038,3516.0826,16270957000,288575619224.5
2024-03-04,sh.000300,3538.366,3548.6901,3519.7599,3540.8686,3537.8038,16324461300,297719931809.3
2024-03-05,sh.000300,3524.9644,3570.6935,3519.0816,3565.5143,3540.8686,16642238900,299895929709.1
2024-03-06,sh.000300,3556.5323,3577.3883,3545.1013,3551.0481,3565.5143,14307661300,248294165707.4
2024-03-07,sh.000300,3548.1007,3569.9185,3522.8964,3529.7195,3551.0481,14811051000,251839533036.1
2024-03-08,sh.000300,3529.5509,3548.5055,3511.577,3544.9099,3529.7195,12579266400,225379101014.0
2024-03-11,sh.000300,3545.9427,3589.2635,3542.2789,3589.2635,3544.9099,14820282500,286418582154.6
2024-03-12,sh.000300,3592.5826,3605.6976,3574.2117,3597.4939,3589.2635,18068556000,339997042337.1
2024-03-13,sh.000300,3594.4211,3594.4211,3563.3685,3572.361,3597.4939,14459059000,266898756379.8
2024-03-14,sh.000300,3571.7885,3597.46,3545.612,3562.2229,3572.361,14096272200,263803609335.2
2024-03-15,sh.000300,3554.9068,3572.8091,3533.6798,3569.993,3562.2229,13831604400,243991558366.2
2024-03-18,sh.000300,3577.0564,3604.0519,3573.404,3603.528,3569.993,16037943800,295314840611.0
2024-03-19,sh.000300,3593.3396,3610.7389,3577.188,3577.6303,3603.528,14557178600,259553448413.4
2024-03-20,sh.000300,3568.7158,3589.5456,3568.4341,3585.3838,3577.6303,12952896600,223752103886.2
2024-03-21,sh.000300,3593.07,3601.1145,3575.0331,3581.0902,3585.3838,13074337700,233162492629.6
2024-03-22,sh.000300,3571.2736,3575.7171,3522.8404,3545.0023,3581.0902,13922735800,248850931022.2
2024-03-25,sh.000300,3536.7136,3564.9604,3525.7634,3525.7634,3545.0023,13701572400,233747256235.1
2024-03-26,sh.000300,3526.6818,3547.6461,3518.6018,3543.7467,3525.7634,12620953500,226730734844.1
2024-03-27,sh.000300,3538.7244,3542.9624,3502.7866,3502.7866,3543.7467,12862676300,216404726565.9
2024-03-28,sh.000300,3498.482,3551.2143,3489.3861,3520.9648,3502.7866,14333471700,232530806334.5
2024-03-29,sh.000300,3516.883,3538.2378,3516.883,3537.4843,3520.9648,12864329000,201749384356.7
2024-04-01,sh.000300,3551.5815,3600.9193,3551.5815,3595.6466,3537.4843,16277656100,251637272845.1
2024-04-02,sh.000300,3593.2206,3596.1903,3568.7539,3580.6759,3595.6466,14127297200,220207515542.9
2024-04-03,sh.000300,3578.6835,3582.4324,3558.874,3567.8031,3580.6759,13559233100,214222897580.1
2024-04-08,sh.000300,3553.5554,3567.82,3535.7688,3536.4077,3567.8031,15530428300,243249251687.2
2024-04-09,sh.000300,3533.3849,3543.7141,3518.8601,3533.4871,3536.4077,12967094200,195893525574.7
2024-04-10,sh.000300,3528.9679,3531.2295,3490.0525,3504.7086,3533.4871,12879027400,199754768626.1
2024-04-11,sh.000300,3485.0294,3520.5893,3484.9252,3504.2447,3504.7086,12653439500,200293481885.7
2024-04-12,sh.000300,3505.7499,3516.6988,3470.0611,3475.8389,3504.2447,12892111600,208566204702.9
2024-04-15,sh.000300,3473.5047,3552.4125,3473.5047,3549.0759,3475.8389,18394125000,267472484531.0
2024-04-16,sh.000300,3533.3636,3545.5034,3503.6158,3511.1146,3549.0759,17615306500,253315972272.3
2024-04-17,sh.000300,3509.1318,3565.9389,3498.0324,3565.403,3511.1146,16846639800,244987812753.2
2024-04-18,sh.000300,3550.5562,3602.7902,3547.5996,3569.8018,3565.403,17857410500,261329927268.4
2024-04-19,sh.000300,3550.6087,3560.9492,3529.3237,3541.6619,3569.8018,14728150500,226229520121.3
2024-04-22,sh.000300,3536.1844,3558.1642,3528.0186,3530.9045,3541.6619,15057904200,229511183118.0
2024-04-23,sh.000300,3525.6681,3533.7584,3499.9838,3506.2249,3530.9045,14311350400,213257232210.7
2024-04-24,sh.000300,3514.0108,3524.537,3495.6494,3521.6219,3506.2249,12173985100,195299919746.2
2024-04-25,sh.000300,3510.6396,3543.9699,3505.1999,3530.2813,3521.6219,11518772200,184524622000.7
2024-04-26,sh.000300,3531.9647,3588.4003,3531.9647,3584.2686,3530.2813,19721613300,308045062250.7
2024-04-29,sh.000300,3584.5427,3645.8229,3578.7597,3623.9124,3584.2686,22272138100,358709708837.6
2024-04-30,sh.000300,3619.2586,3630.7092,3604.3943,3604.3943,3623.9124,19129689900,286674161757.8
2024-05-06,sh.000300,3654.0485,3668.2565,3645.738,3657.8767,3604.3943,20801800700,333270472130.0
2024-05-07,sh.000300,3657.0007,3665.684,3648.376,3659.0076,3657.8767,16483428600,247368347983.1
2024-05-08,sh.000300,3650.7484,3650.9355,3628.6984,3630.2233,3659.0076,13003533600,199923460349.8
2024-05-09,sh.000300,3630.4142,3669.7593,3630.4142,3664.561,3630.2233,14655901700,232694927940.9
2024-05-10,sh.000300,3669.0869,3674.6088,3641.7639,3666.2771,3664.561,15072053600,233730562074.5
2024-05-13,sh.000300,3646.3491,3673.6211,3634.6049,3664.6907,3666.2771,15726745500,249688465072.9
2024-05-14,sh.000300,3668.2254,3675.776,3646.7092,3657.0454,3664.6907,13340649000,214643548213.8
2024-05-15,sh.000300,3651.0536,3656.5277,3624.002,3626.0559,3657.0454,12352276400,191480969435.1
2024-05-16,sh.000300,3636.6007,3657.4831,3626.334,3640.3592,3626.0559,15463050300,240288953464.0
2024-05-17,sh.000300,3638.5613,3677.9696,3627.447,3677.9696,3640.3592,16457041700,247729525192.2
2024-05-20,sh.000300,3682.0615,3703.0287,3677.4426,3690.9623,3677.9696,18460942300,279971341520.4
2024-05-21,sh.000300,3682.2868,3684.6106,3665.1524,3676.1611,3690.9623,13067828300,196575354877.9
2024-05-22,sh.000300,3675.6471,3691.8804,3667.0885,3684.451,3676.1611,15191460500,230839373504.9
2024-05-23,sh.000300,3672.8403,3674.3654,3633.5051,3641.7917,3684.451,14257299000,214205039030.7
2024-05-24,sh.000300,3630.827,3650.8734,3599.6678,3601.4754,3641.7917,12479117700,195344742155.9
2024-05-27,sh.000300,3606.645,3638.1514,3603.7131,3635.7079,3601.4754,13127264400,206143742535.6
2024-05-28,sh.000300,3633.2535,3638.9703,3605.9213,3609.1724,3635.7079,12353223800,184381267979.1
2024-05-29,sh.000300,3609.0708,3633.1971,3602.8198,3613.5223,3609.1724,11590632100,179072813277.6
2024-05-30,sh.000300,3607.0522,3624.0352,3586.7543,3594.3121,3613.5223,12260299500,193069647050.8
2024-05-31,sh.000300,3599.8196,3614.6439,3579.9247,3579.9247,3594.3121,11246201900,180707602931.7
2024-06-03,sh.000300,3577.3798,3600.6044,3567.8713,3588.7483,3579.9247,14105459100,222756928174.4
2024-06-04,sh.000300,3583.8104,3622.5012,3580.2771,3615.6714,3588.7483,12454509600,195790966233.8
2024-06-05,sh.000300,3610.3601,3623.3232,3594.1056,3594.7936,3615.6714,11090676600,182639598874.9
2024-06-06,sh.000300,3602.1554,3625.0109,3584.171,3592.2454,3594.7936,13789351700,226764072639.2
2024-06-07,sh.000300,3594.6335,3603.0698,3552.0853,3574.1143,3592.2454,13110302600,213001530097.8
2024-06-11,sh.000300,3555.8186,3565.3113,3525.8945,3542.8771,3574.1143,13452230600,219282337214.0
2024-06-12,sh.000300,3539.0947,3551.1706,3531.5657,3544.1225,3542.8771,12281372900,200722600631.1
2024-06-13,sh.000300,3548.2162,3551.0771,3520.1802,3526.1306,3544.1225,12324546200,214792338449.3
2024-06-14,sh.000300,3514.7998,3547.1473,3503.5233,3541.5331,3526.1306,17151694200,283768816845.0
2024-06-17,sh.000300,3521.4365,3540.7932,3520.7381,3536.1986,3541.5331,13743343800,232293851893.9
2024-06-18,sh.000300,3533.4875,3551.7085,3532.7845,3545.5902,3536.1986,12367183800,208824124156.0
2024-06-19,sh.000300,3543.3599,3543.3599,3524.8449,3528.749,3545.5902,10664279700,184790298728.6
2024-06-20,sh.000300,3525.1687,3533.9865,3500.131,3503.2817,3528.749,11161739600,186515776574.7
2024-06-21,sh.000300,3496.3428,3505.5123,3473.8283,3495.6198,3503.2817,10918661500,182736735066.8
2024-06-24,sh.000300,3473.6392,3505.7752,3471.2164,3476.8102,3495.6198,11799018400,195787549313.6
2024-06-25,sh.000300,3475.1648,3483.2189,3440.6464,3457.9023,3476.8102,11844811800,190886336762.4
2024-06-26,sh.000300,3451.5389,3487.3964,3442.2982,3480.2648,3457.9023,10589886100,171538111702.3
2024-06-27,sh.000300,3467.2888,3471.1423,3452.5775,3454.1175,3480.2648,11491810100,174112508796.1
2024-06-28,sh.000300,3443.6744,3484.678,3443.6744,3461.657,3454.1175,13540915300,205118806811.8
2024-07-01,sh.000300,3458.2636,3479.9548,3443.8086,3478.1827,3461.657,12182977000,188018227774.8
2024-07-02,sh.000300,3472.4527,3488.3189,3464.5237,3471.7857,3478.1827,12165012100,186104752421.9
2024-07-03,sh.000300,3471.5556,3478.7047,3454.9942,3463.4141,3471.7857,10385710800,163035359363.1
2024-07-04,sh.000300,3468.2958,3483.3098,3444.928,3445.8128,3463.4141,10442990900,159477153569.5
2024-07-05,sh.000300,3443.3588,3451.0386,3399.6693,3431.0605,3445.8128,11660965900,181416567402.8
2024-07-08,sh.000300,3420.8033,3428.0418,3395.9123,3401.7604,3431.0605,11552821800,177559765827.5
2024-07-09,sh.000300,3396.8044,3448.9279,3384.8086,3439.8111,3401.7604,13162944300,215048837819.8
2024-07-10,sh.000300,3425.8818,3447.505,3423.6483,3428.9657,3439.8111,12720345600,198149476849.1
2024-07-11,sh.000300,3451.0442,3473.9837,3438.118,3468.169,3428.9657,14589246600,237551298481.6
2024-07-12,sh.000300,3459.9564,3479.0958,3457.3633,3472.4014,3468.169,13087458900,205055553856.4
2024-07-15,sh.000300,3462.6113,3481.4613,3460.7915,3476.2467,3472.4014,11851708300,171584915379.5
2024-07-16,sh.000300,3466.8523,3500.2943,3464.3655,3498.2827,3476.2467,12065901700,200456285077.5
2024-07-17,sh.000300,3494.209,3514.4753,3486.2229,3501.5836,3498.2827,13180206200,222830802528.4
2024-07-18,sh.000300,3483.2975,3522.7995,3475.7236,3520.931,3501.5836,12376819900,215783795702.6
2024-07-19,sh.000300,3500.8052,3545.3383,3493.0734,3539.0156,3520.931,13244797500,228065104129.0
2024-07-22,sh.000300,3538.4012,3540.1874,3494.0143,3514.9249,3539.0156,13212633700,217457320403.9
2024-07-23,sh.000300,3509.7887,3509.7887,3439.8779,3439.8779,3514.9249,12889766000,202857560168.7
2024-07-24,sh.000300,3432.3459,3451.4196,3408.4129,3418.1663,3439.8779,12703626300,184884499786.8
2024-07-25,sh.000300,3404.611,3415.8557,3383.7991,3399.2716,3418.1663,13102224200,190131464834.7
2024-07-26,sh.000300,3403.7084,3420.8201,3388.6601,3409.2931,3399.2716,12419555800,187853329477.8
2024-07-29,sh.000300,3404.3663,3408.5024,3388.8444,3390.742,3409.2931,10978778600,166697103823.1
2024-07-30,sh.000300,3380.6893,3380.6893,3352.8043,3369.3821,3390.742,10495216400,165442824490.2
2024-07-31,sh.000300,3364.0268,3445.0042,3364.0268,3442.0844,3369.3821,17195917700,258249147336.4
2024-08-01,sh.000300,3443.1397,3448.3361,3419.1872,3419.2666,3442.0844,13632346400,206038002517.7
2024-08-02,sh.000300,3393.9167,3419.1023,3380.9645,3384.3919,3419.2666,11661525500,179671192427.6
2024-08-05,sh.000300,3362.1117,3409.0314,3343.3205,3343.3205,3384.3919,14281251600,223631266563.2
2024-08-06,sh.000300,3367.3517,3376.7956,3318.6251,3342.9789,3343.3205,11934027900,181724693847.5
2024-08-07,sh.000300,3338.5909,3362.3839,3329.9658,3341.489,3342.9789,9508437700,145078975325.5
2024-08-08,sh.000300,3332.4281,3364.7855,3320.8432,3342.9369,3341.489,9249569500,149482926226.5
2024-08-09,sh.000300,3358.128,3366.6688,3331.6274,3331.6274,3342.9369,9151162600,142852166559.2
2024-08-12,sh.000300,3327.5561,3338.0771,3319.8908,3325.8645,3331.6274,7993875400,117544892726.5
2024-08-13,sh.000300,3328.0138,3335.014,3310.1909,3334.3903,3325.8645,8448967900,125259155343.0
2024-08-14,sh.000300,3332.7866,3332.7866,3309.1,3309.2389,3334.3903,7874240700,118181952004.2
2024-08-15,sh.000300,3301.4455,3356.7644,3297.9711,3341.953,3309.2389,10476639900,149249335425.5
2024-08-16,sh.000300,3342.0346,3356.9071,3335.6239,3345.634,3341.953,9651908300,135885323083.0
2024-08-19,sh.000300,3344.2614,3375.9621,3343.7116,3356.9677,3345.634,10557111000,143421671337.3
2024-08-20,sh.000300,3361.6394,3362.3338,3321.6397,3332.7034,3356.9677,10166833100,137910585091.6
2024-08-21,sh.000300,3322.9134,3339.443,3307.9917,3321.635,3332.7034,8995475100,130005992563.3
2024-08-22,sh.000300,3322.8723,3327.6962,3305.2453,3313.1357,3321.635,10036650400,147702791560.6
2024-08-23,sh.000300,3305.9307,3336.2414,3305.6403,3327.1905,3313.1357,8952577400,132680886499.7
2024-08-26,sh.000300,3330.7184,3336.5271,3311.5701,3324.2231,3327.1905,9399077200,139070603958.0
2024-08-27,sh.000300,3315.686,3320.5667,3299.5635,3305.3338,3324.2231,9580815700,129755962864.4
2024-08-28,sh.000300,3298.9089,3305.3496,3274.5881,3286.4956,3305.3338,9269665000,135982310964.6
2024-08-29,sh.000300,3273.541,3290.7857,3269.5288,3277.6812,3286.4956,13070233300,174340106392.6
2024-08-30,sh.000300,3273.7532,3351.6254,3273.6496,3321.4323,3277.6812,18869544300,268376041210.9
2024-09-02,sh.000300,3307.5432,3307.7627,3264.7565,3265.011,3321.4323,14761235300,194409996348.3
2024-09-03,sh.000300,3261.741,3281.5935,3261.1877,3273.4282,3265.011,12289730600,155089488535.3
2024-09-04,sh.000300,3253.898,3272.9861,3249.9809,3252.1649,3273.4282,10483248200,140070063076.9
2024-09-05,sh.000300,3252.96,3266.882,3247.1725,3257.7578,3252.1649,9710945000,134618198893.7
2024-09-06,sh.000300,3261.1542,3274.8144,3231.0685,3231.3457,3257.7578,8840041700,121541545905.7
2024-09-09,sh.000300,3214.7996,3222.9278,3180.9277,3192.9516,3231.3457,10867306900,146516054460.5
2024-09-10,sh.000300,3193.4557,3205.0972,3171.7932,3195.7552,3192.9516,9729007800,133610476131.5
2024-09-11,sh.000300,3187.0508,3197.3363,3174.0343,3186.1299,3195.7552,10248211000,141513837135.3
2024-09-12,sh.000300,3189.4271,3201.5544,3171.8775,3172.4747,3186.1299,9286865700,136387244637.1
2024-09-13,sh.000300,3174.0344,3188.9145,3159.247,3159.247,3172.4747,8833667700,137448911397.4
2024-09-18,sh.000300,3158.8179,3179.9012,3145.7908,3171.0102,3159.247,8472281400,123452147968.9
2024-09-19,sh.000300,3178.3959,3213.8378,3149.7925,3196.0357,3171.0102,12543927200,181785109712.7
2024-09-20,sh.000300,3192.4322,3207.9875,3173.2238,3201.0497,3196.0357,11806409800,163985054956.9
2024-09-23,sh.000300,3200.8678,3230.1613,3198.0248,3212.7639,3201.0497,9534485500,143876166860.9
2024-09-24,sh.000300,3244.6468,3351.9684,3222.4885,3351.909,3212.7639,20407221700,307879526847.5
2024-09-25,sh.000300,3403.7021,3465.4882,3393.438,3401.533,3351.909,24156425500,356862584939.5
2024-09-26,sh.000300,3399.3188,3545.3249,3391.6772,3545.3204,3401.533,24313401000,373983643044.8
2024-09-27,sh.000300,3617.9203,3708.4951,3596.5833,3703.6849,3545.3204,26548777400,466692757481.8
2024-09-30,sh.000300,3846.6515,4038.6968,3796.5045,4017.8545,3703.6849,51021770700,862528807419.2
2024-10-08,sh.000300,4450.3675,4450.3675,4094.3519,4256.0962,4017.8545,58986789400,1130387437130.1
2024-10-09,sh.000300,4168.8436,4197.6,3942.5118,3955.9839,4256.0962,48226929500,1029032062193.4
2024-10-10,sh.000300,3979.6116,4098.4967,3912.7708,3997.7879,3955.9839,39505309900,717952217512.6
2024-10-11,sh.000300,3969.7576,3978.2389,3847.1228,3887.167,3997.7879,27409650500,484998267295.6
2024-10-14,sh.000300,3915.2186,3979.5431,3868.779,3961.3424,3887.167,30757899300,534076602215.5
2024-10-15,sh.000300,3942.5342,3967.8712,3855.9949,3855.9949,3961.3424,24248644800,434410916723.5
2024-10-16,sh.000300,3806.1373,3877.7483,3805.0868,3831.589,3855.9949,21886640700,377301324426.4
2024-10-17,sh.000300,3853.841,3882.0733,3787.7498,3788.2217,3831.589,21231382000,369170521634.5
2024-10-18,sh.000300,3780.3143,3998.214,3765.1615,3925.234,3788.2217,31295883400,620673701894.1
2024-10-21,sh.000300,3946.9016,3979.2638,3896.165,3935.1974,3925.234,29118563400,600109598949.1
2024-10-22,sh.000300,3923.7443,3965.9084,3917.5218,3957.7755,3935.1974,22343339600,442881846813.7
2024-10-23,sh.000300,3955.3191,4012.1795,3939.0986,3973.2089,3957.7755,24587394900,469120806272.1
2024-10-24,sh.000300,3950.8987,3957.9832,3914.0887,3928.8334,3973.2089,17472406200,340486884485.3
2024-10-25,sh.000300,3931.3205,3992.8918,3921.9396,3956.421,3928.8334,21069488500,412231378430.4
2024-10-28,sh.000300,3953.1063,3964.1569,3917.2042,3964.1569,3956.421,21616041500,390450182338.0
2024-10-29,sh.000300,3970.008,3991.3091,3921.5795,3924.649,3964.1569,21729398400,429625020404.8
2024-10-30,sh.000300,3904.1595,3926.0581,3864.3051,3889.4487,3924.649,21943662600,385010582233.2
2024-10-31,sh.000300,3888.4229,3923.8997,3859.1079,3891.0396,3889.4487,30063671800,515533818945.0
2024-11-01,sh.000300,3882.4579,3933.2204,3879.9588,3890.0203,3891.0396,30798648100,476472952028.3
2024-11-04,sh.000300,3897.7144,3944.7619,3891.2109,3944.7619,3890.0203,22923906000,381048606068.1
2024-11-05,sh.000300,3937.6228,4046.6977,3925.4138,4044.5725,3944.7619,31686279400,580971852723.7
2024-11-06,sh.000300,4051.2891,4091.7031,4002.5027,4024.2831,4044.5725,33580793800,639124093911.8
2024-11-07,sh.000300,3987.2665,4146.151,3984.6652,4145.6952,4024.2831,34143641400,658145920948.1
2024-11-08,sh.000300,4192.0794,4200.908,4094.1631,4104.047,4145.6952,33235038500,688446559772.2
2024-11-11,sh.000300,4066.9336,4132.5111,4048.039,4131.1312,4104.047,28959422700,625605935910.0
2024-11-12,sh.000300,4133.3528,4181.7096,4060.7936,4085.743,4131.1312,29777808600,660380524820.6
2024-11-13,sh.000300,4059.5898,4121.0735,4059.5898,4110.8901,4085.743,24048409900,512734303119.4
2024-11-14,sh.000300,4101.2228,4118.1686,4034.9441,4039.6191,4110.8901,23015278400,464157560755.1
2024-11-15,sh.000300,4025.6482,4049.071,3968.8308,3968.8308,4039.6191,24739946300,474079686588.2
2024-11-18,sh.000300,3982.1036,4034.0596,3931.1872,3950.3806,3968.8308,30677794600,472408054830.7
2024-11-19,sh.000300,3954.6038,3979.1505,3896.7493,3976.8912,3950.3806,24294646500,402610970340.1
2024-11-20,sh.000300,3966.1238,4001.0847,3958.3383,3985.7727,3976.8912,18459937200,347577693099.5
2024-11-21,sh.000300,3979.4554,3999.5693,3966.0658,3989.2979,3985.7727,16612592700,324235010779.0
2024-11-22,sh.000300,3984.2435,3990.2647,3865.6989,3865.6989,3989.2979,21628580900,397566831847.8
2024-11-25,sh.000300,3875.6126,3889.7069,3812.3179,3848.0909,3865.6989,19070295300,349006773180.1
2024-11-26,sh.000300,3836.259,3875.229,3833.2842,3840.1847,3848.0909,14989244100,264403254830.0
2024-11-27,sh.000300,3829.3442,3907.164,3817.9125,3907.0447,3840.1847,17413609600,320632355477.0
2024-11-28,sh.000300,3904.2525,3908.3918,3866.0136,3872.5505,3907.0447,15011729100,286432871223.5
2024-11-29,sh.000300,3869.8903,3962.7002,3869.8903,3916.5832,3872.5505,18765671300,375262017919.2
2024-12-02,sh.000300,3909.7029,3955.1252,3902.1697,3947.632,3916.5832,19728978400,368591235990.8
2024-12-03,sh.000300,3946.7034,3963.9474,3922.8425,3951.8912,3947.632,18249686700,327295048700.8
2024-12-04,sh.000300,3948.13,3957.365,3917.7467,3930.5568,3951.8912,17462631800,312040419081.5
2024-12-05,sh.000300,3916.5638,3936.3358,3910.0834,3921.5881,3930.5568,13853403800,257716297996.5
2024-12-06,sh.000300,3923.8954,3995.1168,3923.8954,3973.1405,3921.5881,19205790700,351751735425.0
2024-12-09,sh.000300,3970.6628,3995.5116,3948.4206,3966.5708,3973.1405,17595995800,308227216702.9
2024-12-10,sh.000300,4094.05,4098.3804,3988.9676,3995.6369,3966.5708,25346379500,487278042807.0
2024-12-11,sh.000300,3988.0179,4005.3253,3977.3522,3988.8308,3995.6369,17725284600,310713317895.4
2024-12-12,sh.000300,3987.1525,4031.7441,3981.3485,4028.5048,3988.8308,18162177700,333667518401.4
2024-12-13,sh.000300,4000.9854,4000.9854,3931.7392,3933.1808,4028.5048,23035307900,421478609274.0
2024-12-16,sh.000300,3930.7807,3938.7595,3901.6465,3911.8416,3933.1808,17851125100,327619081581.3
2024-12-17,sh.000300,3908.1263,3955.945,3908.1263,3922.0334,3911.8416,16093909000,306037370846.7
2024-12-18,sh.000300,3934.5425,3956.1441,3933.9693,3941.89,3922.0334,15773832100,276825381224.3
2024-12-19,sh.000300,3911.8901,3954.3491,3899.7479,3945.4635,3941.89,16108104000,321771606933.4
2024-12-20,sh.000300,3937.4722,3958.6336,3923.2562,3927.7441,3945.4635,15498649600,332143276397.7
2024-12-23,sh.000300,3928.1493,3965.8502,3928.1493,3933.5718,3927.7441,19006736200,354063425208.7
2024-12-24,sh.000300,3934.9422,3985.8588,3934.7338,3983.6882,3933.5718,16149458900,310384873294.2
2024-12-25,sh.000300,3987.9557,4007.7626,3969.4766,3985.6291,3983.6882,15939074700,299295145793.1
2024-12-26,sh.000300,3981.7317,3991.5331,3965.5461,3987.4801,3985.6291,14342528600,305769929402.7
2024-12-27,sh.000300,3987.0189,4007.1314,3970.9365,3981.0307,3987.4801,16926866600,345011075199.0
2024-12-30,sh.000300,3976.7004,4005.778,3976.7004,3999.0549,3981.0307,16461248500,322699390191.8
2024-12-31,sh.000300,3995.8705,4004.3462,3934.9109,3934.9109,3999.0549,18392839700,347880439530.4
2025-01-02,sh.000300,3931.8155,3934.2034,3796.3389,3820.3952,3934.9109,21789872400,388636586639.3
2025-01-03,sh.000300,3825.2426,3835.9353,3767.6653,3775.1648,3820.3952,17534267600,304322755435.9
2025-01-06,sh.000300,3775.9902,3788.8489,3743.0727,3768.9697,3775.1648,15094667000,262803541116.2
2025-01-07,sh.000300,3760.866,3797.602,3749.0581,3796.1055,3768.9697,14645577900,266855795347.4
2025-01-08,sh.000300,3781.261,3810.7355,3731.1887,3789.2153,3796.1055,16916696800,300965725432.7
2025-01-09,sh.000300,3780.7341,3795.2608,3768.681,3779.8773,3789.2153,12979400200,251486002819.8
2025-01-10,sh.000300,3778.8928,3786.8069,3732.4806,3732.4806,3779.8773,13752317100,275354209064.3
2025-01-13,sh.000300,3704.4442,3737.8852,3704.1073,3722.513,3732.4806,13644619900,247861953196.7
2025-01-14,sh.000300,3728.5561,3826.6399,3718.8768,3820.5395,3722.513,17066465700,345461480063.6
2025-01-15,sh.000300,3810.0353,3816.8284,3790.1655,3796.026,3820.5395,14147552000,278850595531.7
2025-01-16,sh.000300,3812.1935,3842.947,3776.2861,3800.3836,3796.026,14450587100,305734630771.3
2025-01-17,sh.000300,3788.3729,3831.6404,3780.2133,3812.3429,3800.3836,12662196100,265437489593.6
2025-01-20,sh.000300,3835.3042,3858.6677,3821.9815,3829.6764,3812.3429,13958127700,292175449108.6
2025-01-21,sh.000300,3850.3563,3850.9106,3817.1214,3832.6145,3829.6764,14121840600,285073351693.4
2025-01-22,sh.000300,3823.9447,3823.9447,3783.1438,3797.0166,3832.6145,13725506200,298745637551.4
2025-01-23,sh.000300,3829.0462,3864.2585,3801.8531,3803.7439,3797.0166,18056955100,345198071113.9
2025-01-24,sh.000300,3793.8498,3847.6003,3793.4836,3832.8637,3803.7439,14897172200,296474375469.1
2025-01-27,sh.000300,3836.9578,3851.9969,3817.0802,3817.0802,3832.8637,14667077200,282940127540.6
2025-02-05,sh.000300,3844.6998,3844.6998,3785.162,3795.0848,3817.0802,15716830800,346016202025.2
2025-02-06,sh.000300,3789.6086,3843.4942,3788.3196,3842.8314,3795.0848,16728817600,371891971101.4
2025-02-07,sh.000300,3844.0574,3919.3499,3833.8685,3892.7028,3842.8314,22185770700,487381557078.2
2025-02-10,sh.000300,3898.1023,3906.3678,3878.8314,3901.0618,3892.7028,18890304000,384968342874.3
2025-02-11,sh.000300,3905.1594,3905.1594,3872.9087,3883.1352,3901.0618,16657490900,337866056115.9
2025-02-12,sh.000300,3875.9596,3920.7229,3867.3538,3919.8617,3883.1352,16422854000,354830596297.9
2025-02-13,sh.000300,3913.9044,3939.1978,3904.9845,3905.1398,3919.8617,17248587400,376473453306.6
2025-02-14,sh.000300,3900.8274,3942.0356,3900.8274,3939.0085,3905.1398,17297645200,360974236854.4
2025-02-17,sh.000300,3954.4147,3955.8959,3921.7017,3947.3983,3939.0085,21358824600,430929575563.2
2025-02-18,sh.000300,3942.5761,3965.4232,3901.8675,3912.7829,3947.3983,20942510100,400186229940.7
2025-02-19,sh.000300,3906.2201,3943.6742,3904.1455,3940.1602,3912.7829,18282951700,363680372562.7
2025-02-20,sh.000300,3934.6503,3940.678,3916.1772,3928.8959,3940.1602,16389523600,325972429362.6
2025-02-21,sh.000300,3938.0518,3981.048,3927.7874,3978.444,3928.8959,22740033000,504645493577.1
2025-02-24,sh.000300,3972.4831,3995.9456,3949.2309,3969.7169,3978.444,22081061800,455088749684.5
2025-02-25,sh.000300,3933.636,3955.4336,3915.6527,3925.6505,3969.7169,17810858000,377981451250.4
2025-02-26,sh.000300,3931.842,3960.3298,3925.3664,3959.9413,3925.6505,19106250100,386458193762.6
2025-02-27,sh.000300,3961.0635,3973.9323,3933.4611,3968.1159,3959.9413,20288796300,428272792667.6
2025-02-28,sh.000300,3950.1866,3972.4813,3886.3994,3890.0487,3968.1159,19810414700,420308043450.1
2025-03-03,sh.000300,3899.6962,3930.0048,3872.5872,3888.4738,3890.0487,17762316600,356057735014.0
2025-03-04,sh.000300,3865.9939,3890.4235,3855.7254,3885.2208,3888.4738,14985096700,297739246802.3
2025-03-05,sh.000300,3887.7992,3906.4214,3877.0188,3902.5706,3885.2208,15865275100,290860484504.9
2025-03-06,sh.000300,3923.3827,3964.4942,3917.0833,3956.2369,3902.5706,19396091500,397419427642.7
2025-03-07,sh.000300,3944.9145,3967.0743,3935.0464,3944.0143,3956.2369,16673237500,340626700285.5
2025-03-10,sh.000300,3945.5795,3949.1448,3905.127,3928.8018,3944.0143,15276523200,292574987480.9
2025-03-11,sh.000300,3890.4305,3941.4157,3889.4298,3941.4157,3928.8018,14475440200,287480453119.8
2025-03-12,sh.000300,3946.8623,3953.6125,3921.4736,3927.2315,3941.4157,15673219000,309627267364.8
2025-03-13,sh.000300,3925.7439,3939.2854,3897.3758,3911.5793,3927.2315,15653644300,295173112579.6
2025-03-14,sh.000300,3919.6159,4014.1586,3919.6159,4006.5567,3911.5793,21613900300,450895278803.0
2025-03-17,sh.000300,4020.6402,4021.7278,3992.2563,3996.7876,4006.5567,16220291100,318904417418.3
2025-03-18,sh.000300,4011.7794,4016.873,3995.9602,4007.7229,3996.7876,14020849600,292739319544.6
2025-03-19,sh.000300,4004.8251,4025.299,3989.512,4010.168,4007.7229,14441942800,286075300795.3
2025-03-20,sh.000300,4011.0588,4012.0416,3969.9259,3974.9918,4010.168,13375467000,260020676825.8
2025-03-21,sh.000300,3966.5146,3983.1476,3904.7674,3914.6956,3974.9918,16590529400,309348613935.4
2025-03-24,sh.000300,3916.1136,3938.1826,3907.1999,3934.8486,3914.6956,15223467400,266051442612.7
2025-03-25,sh.000300,3937.8975,3946.3574,3921.5287,3932.2951,3934.8486,14047539900,239246310985.8
2025-03-26,sh.000300,3930.2073,3942.026,3916.8607,3919.3566,3932.2951,13116418700,220943164486.2
2025-03-27,sh.000300,3911.3841,3952.9852,3903.652,3932.4117,3919.3566,12679373800,232173613774.0
2025-03-28,sh.000300,3930.7763,3934.2336,3907.384,3915.1662,3932.4117,12635621400,213379194289.3
2025-03-31,sh.000300,3905.9815,3928.4482,3872.403,3887.3056,3915.1662,16679852300,268480316572.3
2025-04-01,sh.000300,3892.7794,3905.2622,3882.4045,3887.6841,3887.3056,14038027400,246041674670.2
2025-04-02,sh.000300,3884.4181,3900.4949,3877.1599,3884.3858,3887.6841,11304317500,198267515342.4
2025-04-03,sh.000300,3843.4177,3883.7025,3843.4177,3861.5034,3884.3858,14259978900,263684681545.1
2025-04-07,sh.000300,3675.2017,3707.7771,3514.1165,3589.4406,3861.5034,31257858600,512971787744.6
2025-04-08,sh.000300,3597.9859,3650.759,3583.8746,3650.759,3589.4406,28019731200,464021087837.5
2025-04-09,sh.000300,3606.1036,3686.7943,3587.3368,3686.7943,3650.759,26230570800,455031069289.8
2025-04-10,sh.000300,3749.1262,3756.1386,3708.8194,3735.1151,3686.7943,22725222700,403842564855.5
2025-04-11,sh.000300,3730.3148,3762.3653,3708.4617,3750.5167,3735.1151,16875969100,318535141904.4
2025-04-14,sh.000300,3772.0407,3776.6344,3754.033,3759.1422,3750.5167,16446240300,292571297039.1
2025-04-15,sh.000300,3756.4788,3764.486,3737.8495,3761.2348,3759.1422,13400604000,228604621375.8
2025-04-16,sh.000300,3757.8757,3775.1661,3721.6025,3772.8204,3761.2348,15635900600,261711094768.5
2025-04-17,sh.000300,3755.0862,3779.1253,3749.504,3772.2221,3772.8204,12237100200,209012323066.2
2025-04-18,sh.000300,3760.0425,3782.0443,3754.4072,3772.523,3772.2221,10294850900,173109384097.2
2025-04-21,sh.000300,3768.1421,3790.1782,3763.1383,3784.8806,3772.523,12135573000,208085677382.1
2025-04-22,sh.000300,3780.1122,3799.2295,3778.0791,3783.9522,3784.8806,12568825700,210200698793.7
2025-04-23,sh.000300,3803.4295,3807.9536,3780.5183,3786.8824,3783.9522,13198687000,247117386122.1
2025-04-24,sh.000300,3787.459,3807.2599,3775.207,3784.3574,3786.8824,11716456000,205483051375.0
2025-04-25,sh.000300,3792.0838,3801.5765,3780.7772,3786.9937,3784.3574,12459113300,220535052619.3
2025-04-28,sh.000300,3786.3867,3792.0082,3772.8029,3781.6188,3786.9937,12514509100,210635318523.2
2025-04-29,sh.000300,3776.0025,3785.3157,3768.0311,3775.0767,3781.6188,11151469400,197462744362.5
2025-04-30,sh.000300,3775.8306,3787.5639,3768.7573,3770.5705,3775.0767,14368165800,244820462217.6
2025-05-06,sh.000300,3794.3757,3809.0939,3782.777,3808.5424,3770.5705,15852045900,267937090757.4
2025-05-07,sh.000300,3861.5767,3863.6776,3814.9868,3831.627,3808.5424,16117229900,286010735453.4
2025-05-08,sh.000300,3820.5481,3867.3313,3816.2642,3852.8963,3831.627,12495983300,246987280587.7
2025-05-09,sh.000300,3848.6187,3853.6632,3836.5349,3846.1566,3852.8963,11938952600,216697939671.7
2025-05-12,sh.000300,3866.5305,3890.7342,3859.0346,3890.6096,3846.1566,15333246000,296122947807.8
2025-05-13,sh.000300,3915.5924,3915.5924,3890.6855,3896.2583,3890.6096,14732029900,267586397719.9
2025-05-14,sh.000300,3894.8386,3960.5228,3890.6504,3943.2108,3896.2583,17203377900,319465226850.5
2025-05-15,sh.000300,3934.0273,3936.4653,3904.9068,3907.1992,3943.2108,13808174900,241464943553.6
2025-05-16,sh.000300,3898.6662,3903.8528,3874.8619,3889.0854,3907.1992,11840534500,208835664039.2
2025-05-19,sh.000300,3882.5677,3885.5889,3866.5695,3877.1453,3889.0854,9864341400,184888170553.8
2025-05-20,sh.000300,3883.1024,3911.4737,3881.7436,3898.1705,3877.1453,10488523400,201636702521.8
2025-05-21,sh.000300,3899.4365,3928.6339,3899.4365,3916.3807,3898.1705,10979134300,217037739435.0
2025-05-22,sh.000300,3912.6007,3923.0195,3903.0898,3913.8651,3916.3807,10759705200,197511410270.8
2025-05-23,sh.000300,3910.3739,3931.5514,3882.2741,3882.2741,3913.8651,12027741900,232945378294.8
2025-05-26,sh.000300,3875.7891,3884.537,3849.0384,3860.1067,3882.2741,10960120700,208876792148.9
2025-05-27,sh.000300,3857.6271,3865.4291,3834.8455,3839.3969,3860.1067,9857242500,178466763540.9
2025-05-28,sh.000300,3843.0747,3849.736,3833.9582,3836.2366,3839.3969,8903102600,162496372727.5
2025-05-29,sh.000300,3838.0092,3869.7909,3831.4577,3858.6998,3836.2366,10847188600,209459602501.2
2025-05-30,sh.000300,3850.493,3858.6128,3829.2542,3840.2323,3858.6998,11167222800,199389751071.1
2025-06-03,sh.000300,3833.4584,3863.2952,3832.7202,3852.0127,3840.2323,13140309000,226782772062.7
2025-06-04,sh.000300,3855.4878,3875.8569,3855.4878,3868.7429,3852.0127,11680387300,211736178154.1
2025-06-05,sh.000300,3872.6373,3883.1345,3861.272,3877.5557,3868.7429,12287818400,231749275334.6
2025-06-06,sh.000300,3878.1027,3889.4557,3869.3871,3873.9841,3877.5557,11098797100,202034736310.9
2025-06-09,sh.000300,3877.7977,3894.6517,3871.9917,3885.2459,3873.9841,13630629300,262023668465.5
2025-06-10,sh.000300,3887.5512,3897.4573,3850.4663,3865.4652,3885.2459,14556385900,263647551794.8
2025-06-11,sh.000300,3870.6719,3911.6107,3870.6719,3894.6252,3865.4652,14241477200,257217704405.4
2025-06-12,sh.000300,3885.5196,3900.0408,3870.3838,3892.1992,3894.6252,13399869700,260239581458.0
2025-06-13,sh.000300,3881.4923,3889.1602,3853.8186,3864.1822,3892.1992,17253953600,309172346179.9
2025-06-16,sh.000300,3853.6193,3876.1704,3853.6193,3873.7951,3864.1822,13734183500,246860982863.3
2025-06-17,sh.000300,3875.1768,3880.4156,3860.409,3870.3786,3873.7951,12234252600,220399818948.5
2025-06-18,sh.000300,3871.6502,3881.346,3854.6575,3874.9708,3870.3786,12752862100,230553858263.6
2025-06-19,sh.000300,3870.049,3872.9425,3834.9512,3843.0912,3874.9708,13028065800,234840180805.5
2025-06-20,sh.000300,3839.7833,3856.4799,3839.7833,3846.6443,3843.0912,11815102000,213522822874.5
2025-06-23,sh.000300,3831.1703,3867.5896,3827.0829,3857.9016,3846.6443,13380089200,232482215850.4
2025-06-24,sh.000300,3862.3876,3914.1579,3862.3876,3904.0342,3857.9016,16365618800,294228720612.5
2025-06-25,sh.000300,3907.0682,3963.0371,3902.1771,3960.0662,3904.0342,18721367100,361727254624.0
2025-06-26,sh.000300,3953.1603,3964.482,3945.2589,3946.0195,3960.0662,16531626300,328102847495.6
2025-06-27,sh.000300,3949.7879,3969.2626,3918.2041,3921.7578,3946.0195,19455791300,343468229813.8
2025-06-30,sh.000300,3920.3149,3940.3611,3911.6044,3936.0791,3921.7578,14517023600,288821434921.4
2025-07-01,sh.000300,3935.9078,3946.2451,3924.7219,3942.762,3936.0791,12895936200,236070338399.4
2025-07-02,sh.000300,3943.3232,3952.1378,3929.6956,3943.6849,3942.762,14706306200,246637847453.8
2025-07-03,sh.000300,3949.3998,3971.616,3945.138,3968.0676,3943.6849,14100400600,269609569538.7
2025-07-04,sh.000300,3967.4637,4013.8478,3958.3762,3982.2034,3968.0676,15719713300,290512992198.0
2025-07-07,sh.000300,3977.2881,3979.7481,3956.5663,3965.1746,3982.2034,13113527300,225106992875.9
2025-07-08,sh.000300,3965.426,4002.269,3965.426,3998.4527,3965.1746,15640289500,292089834223.8
2025-07-09,sh.000300,3997.5044,4016.7434,3987.4267,3991.4006,3998.4527,17329379600,305398796562.7
2025-07-10,sh.000300,3993.4196,4032.9829,3992.5242,4010.0243,3991.4006,20977890400,347836703626.3
2025-07-11,sh.000300,4011.4652,4065.9419,4010.1052,4014.807,4010.0243,26205277300,443780794880.4
2025-07-14,sh.000300,4021.2135,4034.9198,4017.6678,4017.6678,4014.807,20791717500,321415945157.1
2025-07-15,sh.000300,4023.9896,4042.6574,3994.2628,4019.0644,4017.6678,19104293100,353524574440.9
2025-07-16,sh.000300,4019.3925,4027.8567,3993.9209,4007.2019,4019.0644,15102730800,300656795664.6
2025-07-17,sh.000300,4005.067,4034.5935,4005.067,4034.491,4007.2019,16124904100,325516865722.7
2025-07-18,sh.000300,4039.8712,4064.6378,4039.3181,4058.5486,4034.491,18621106300,354244444629.7
2025-07-21,sh.000300,4069.7685,4086.1171,4063.4427,4085.6072,4058.5486,22326847600,377938564877.6
2025-07-22,sh.000300,4087.3354,4119.2021,4068.3383,4118.9582,4085.6072,25759698500,450874014479.4
2025-07-23,sh.000300,4129.1476,4155.6783,4113.9085,4119.7685,4118.9582,30050615400,470330899420.8
2025-07-24,sh.000300,4116.8312,4152.4265,4111.8849,4149.0368,4119.7685,31963239200,487000043884.1
2025-07-25,sh.000300,4145.3195,4150.4994,4117.8005,4127.1634,4149.0368,27359496300,430445513470.9
2025-07-28,sh.000300,4128.1993,4146.12,4112.9677,4135.8242,4127.1634,22275981500,406792873973.3
2025-07-29,sh.000300,4132.6833,4153.3307,4117.5772,4152.0247,4135.8242,23080788000,428764310973.8
2025-07-30,sh.000300,4148.9405,4185.2064,4127.4301,4151.2379,4152.0247,24985304800,445168467668.0
2025-07-31,sh.000300,4141.5612,4141.8243,4063.6662,4075.5912,4151.2379,26708740600,492142571738.8
2025-08-01,sh.000300,4069.9254,4085.3543,4040.462,4054.9286,4075.5912,19622182600,359685164163.4
2025-08-04,sh.000300,4037.9378,4070.7023,4037.9378,4070.7023,4054.9286,16227590200,295976826632.4
2025-08-05,sh.000300,4080.3877,4106.2969,4075.5836,4103.45,4070.7023,17885199900,306934255765.6
2025-08-06,sh.000300,4100.4283,4116.7085,4098.3544,4113.4852,4103.45,17667615500,307674626124.8
2025-08-07,sh.000300,4120.2822,4129.7382,4094.8214,4114.666,4113.4852,19864190200,358108366983.7
2025-08-08,sh.000300,4109.2734,4122.2104,4097.4157,4104.9669,4114.666,17317120100,308507687634.7
2025-08-11,sh.000300,4110.2939,4134.2462,4103.605,4122.5106,4104.9669,19044371600,360685826235.0
2025-08-12,sh.000300,4123.5762,4153.2948,4121.2243,4143.8252,4122.5106,17728782300,383088423330.0
2025-08-13,sh.000300,4150.5037,4186.748,4147.1991,4176.5776,4143.8252,21393499900,462776745465.3
2025-08-14,sh.000300,4179.965,4220.3109,4165.9376,4173.3131,4176.5776,22110359500,485075642622.0
2025-08-15,sh.000300,4162.4205,4214.7291,4157.495,4202.3533,4173.3131,26132756600,518686873500.8
2025-08-18,sh.000300,4218.2471,4272.9602,4203.4191,4239.4125,4202.3533,30147910200,635365867184.5
2025-08-19,sh.000300,4241.7651,4264.2303,4215.2075,4223.3741,4239.4125,25081877100,553536203259.6
2025-08-20,sh.000300,4208.4005,4272.1463,4190.5559,4271.3958,4223.3741,24648177300,538815306146.9
2025-08-21,sh.000300,4284.3712,4308.4472,4273.6523,4288.0707,4271.3958,25903001400,558521268967.4
2025-08-22,sh.000300,4287.3633,4378.3881,4287.3633,4377.9977,4288.0707,29043489700,675935075408.9
2025-08-25,sh.000300,4416.2924,4472.6525,4404.7761,4469.2217,4377.9977,35809000600,823681964472.7
2025-08-26,sh.000300,4453.3526,4476.803,4435.5275,4452.5905,4469.2217,27062139500,627950450229.2
2025-08-27,sh.000300,4458.8399,4494.9126,4386.1266,4386.1266,4452.5905,33313389800,785098482973.5
2025-08-28,sh.000300,4378.0351,4464.8028,4364.171,4463.782,4386.1266,29683453600,739423602221.4
2025-08-29,sh.000300,4455.8034,4516.8395,4452.3632,4496.7591,4463.782,35193894700,831194066157.9
2025-09-01,sh.000300,4516.8787,4528.1342,4487.5304,4523.7111,4496.7591,32036670800,770378288126.9
2025-09-02,sh.000300,4521.9828,4548.8937,4454.4169,4490.4528,4523.7111,30393256600,777999297964.1
2025-09-03,sh.000300,4501.3388,4510.7303,4427.5176,4459.8296,4490.4528,25432021700,655697116709.1
2025-09-04,sh.000300,4461.2503,4465.4967,4327.5068,4365.2085,4459.8296,30793460900,773124596998.1
2025-09-05,sh.000300,4365.6083,4466.5603,4350.2974,4460.3249,4365.2085,24962565700,664166970946.5
2025-09-08,sh.000300,4467.1693,4482.763,4438.0698,4467.5733,4460.3249,26763838200,683630879769.1
2025-09-09,sh.000300,4448.739,4472.093,4412.6914,4436.2584,4467.5733,22137546000,562861103958.4
2025-09-10,sh.000300,4438.2998,4466.6325,4414.5937,4445.3649,4436.2584,20359764600,535539349489.1
2025-09-11,sh.000300,4438.839,4548.0345,4427.9242,4548.0345,4445.3649,25326405100,693156671397.7
2025-09-12,sh.000300,4544.5905,4564.6665,4517.7897,4521.998,4548.0345,26644200300,689576075691.4
2025-09-15,sh.000300,4534.8866,4566.9053,4522.4958,4533.0557,4521.998,23188567800,613314652419.1
2025-09-16,sh.000300,4539.9217,4552.419,4494.7875,4523.3367,4533.0557,24926920600,613728334805.9
2025-09-17,sh.000300,4517.2855,4556.0296,4503.7959,4551.023,4523.3367,23571647200,608454200521.1
2025-09-18,sh.000300,4546.0319,4573.8331,4454.9886,4498.109,4551.023,30985982600,839987127411.0
2025-09-19,sh.000300,4499.0906,4533.0919,4491.8437,4501.9195,4498.109,22504400000,603887059817.1
2025-09-22,sh.000300,4512.0251,4523.8695,4487.1299,4522.608,4501.9195,19645995600,563149164266.0
2025-09-23,sh.000300,4536.7569,4560.7319,4459.7281,4519.7781,4522.608,25282706200,680513630695.8
2025-09-24,sh.000300,4495.2659,4567.4948,4494.1133,4566.0708,4519.7781,22048260800,629161495484.1
2025-09-25,sh.000300,4563.9827,4613.9486,4558.8424,4593.4875,4566.0708,22982333300,669866986618.6
2025-09-26,sh.000300,4576.9142,4597.8472,4550.0487,4550.0487,4593.4875,20848211400,598723903173.9
2025-09-29,sh.000300,4555.0342,4647.5691,4541.4252,4620.0528,4550.0487,27435887700,693395231241.2
2025-09-30,sh.000300,4629.8987,4647.5031,4616.2243,4640.6935,4620.0528,24798035900,664624101862.0
2025-10-09,sh.000300,4662.1133,4726.3449,4651.9895,4709.482,4640.6935,34767869600,862208005908.4
2025-10-10,sh.000300,4679.4983,4692.5858,4600.9646,4616.8341,4709.482,31902089900,792743047250.5
2025-10-13,sh.000300,4490.8661,4601.8072,4490.8661,4593.9785,4616.8341,31501035400,714001634395.3
2025-10-14,sh.000300,4634.0543,4641.4492,4520.9258,4539.0644,4593.9785,37295403000,808959003201.4
2025-10-15,sh.000300,4544.2431,4608.8239,4526.834,4606.2879,4539.0644,28477185500,607326345325.6
2025-10-16,sh.000300,4588.9206,4645.0959,4586.2801,4618.4218,4606.2879,24823551800,560567191741.4
2025-10-17,sh.000300,4610.6967,4618.5621,4509.3289,4514.2345,4618.4218,25690561700,559085965218.7
2025-10-20,sh.000300,4558.2421,4570.4376,4520.5024,4538.2201,4514.2345,21842040500,505798833703.2
2025-10-21,sh.000300,4556.1224,4615.463,4547.9283,4607.8715,4538.2201,21571117500,551390253215.9
2025-10-22,sh.000300,4576.0277,4603.4884,4567.2361,4592.57,4607.8715,18533396000,440935302747.4
2025-10-23,sh.000300,4578.7018,4611.3409,4541.6944,4606.3447,4592.57,20046391700,420800208775.6
2025-10-24,sh.000300,4622.7873,4660.6835,4622.7873,4660.6835,4606.3447,20881448300,551986648560.5
2025-10-27,sh.000300,4699.3819,4720.4288,4687.6876,4716.0186,4660.6835,26220067400,672670372522.7
2025-10-28,sh.000300,4697.7277,4734.3218,4679.2288,4691.973,4716.0186,22090664500,571563257095.5
2025-10-29,sh.000300,4701.0362,4747.8378,4697.268,4747.8378,4691.973,24621132400,645898688765.2
2025-10-30,sh.000300,4735.9807,4761.8339,4706.452,4709.911,4747.8378,27328911800,719956285438.0
2025-10-31,sh.000300,4702.4946,4706.1395,4640.6676,4640.6676,4709.911,28146474000,680712251492.7
2025-11-03,sh.000300,4636.7323,4653.4028,4595.7339,4653.4028,4640.6676,23986980900,557602941095.9
2025-11-04,sh.000300,4649.3481,4665.323,4595.066,4618.699,4653.4028,23322403200,505177700976.6
2025-11-05,sh.000300,4562.1117,4642.6101,4558.7647,4627.257,4618.699,20304587100,468361161388.7
2025-11-06,sh.000300,4642.0112,4698.0935,4642.0112,4693.4032,4627.257,22424100800,553641780921.2
2025-11-07,sh.000300,4673.7616,4701.3743,4666.0405,4678.7944,4693.4032,21249737700,507573849500.2
2025-11-10,sh.000300,4688.124,4695.1794,4654.2103,4695.0507,4678.7944,23602676400,593977127605.0
2025-11-11,sh.000300,4706.3374,4707.1275,4648.4896,4652.1655,4695.0507,18663885800,477629076357.0
2025-11-12,sh.000300,4643.5592,4669.6073,4620.9897,4645.9079,4652.1655,20946059200,492308866408.7
2025-11-13,sh.000300,4643.7862,4703.4897,4643.7862,4702.0738,4645.9079,20736747400,510060678210.4
2025-11-14,sh.000300,4663.3175,4684.2578,4628.0242,4628.1398,4702.0738,19209267600,444720433578.5
2025-11-17,sh.000300,4616.8058,4624.8976,4580.2613,4598.0525,4628.1398,18895546600,438940097527.8
2025-11-18,sh.000300,4584.7896,4606.6167,4552.8038,4568.1928,4598.0525,17771318500,420150126547.0
2025-11-19,sh.000300,4568.0365,4607.8627,4568.0365,4588.2922,4568.1928,17292497400,385230481969.8
2025-11-20,sh.000300,4619.5401,4620.6529,4560.1814,4564.9483,4588.2922,19456259300,415064817729.8
2025-11-21,sh.000300,4513.3858,4527.0436,4453.1819,4453.6076,4564.9483,22285101300,481295814462.6
2025-11-24,sh.000300,4473.1563,4478.8081,4421.8123,4448.0478,4453.6076,18583372900,425807469499.9
2025-11-25,sh.000300,4475.8359,4510.7729,4467.3529,4490.4047,4448.0478,16957192900,411523796962.4
2025-11-26,sh.000300,4490.2021,4538.1361,4485.6984,4517.6255,4490.4047,15620036800,427361377738.4
2025-11-27,sh.000300,4520.014,4559.2183,4509.8635,4515.4027,4517.6255,15031177200,417789843567.7
2025-11-28,sh.000300,4511.4972,4531.7219,4492.4256,4526.6616,4515.4027,14290209600,341832317979.4
2025-12-01,sh.000300,4539.1877,4576.9654,4531.2917,4576.4856,4526.6616,20038231700,463861587251.4
2025-12-02,sh.000300,4571.9098,4575.4945,4539.4312,4554.3347,4576.4856,14849313200,364366426477.8
2025-12-03,sh.000300,4554.5894,4569.821,4523.5017,4531.0486,4554.3347,16976279000,374486168902.9
2025-12-04,sh.000300,4533.6004,4557.4228,4514.1878,4546.5664,4531.0486,14719811000,348767399211.7
2025-12-05,sh.000300,4547.9056,4593.8279,4535.0195,4584.5368,4546.5664,19679996800,412146806538.3
2025-12-08,sh.000300,4593.1399,4640.6256,4592.7414,4621.7545,4584.5368,19962099000,496716196112.2
2025-12-09,sh.000300,4611.379,4628.7049,4584.254,4598.2232,4621.7545,18416034400,452113884581.0
2025-12-10,sh.000300,4586.254,4598.5366,4549.0798,4591.8273,4598.2232,16911110600,401452781497.6
2025-12-11,sh.000300,4597.1901,4610.2787,4547.1372,4552.1848,4591.8273,16841940500,432431093509.7
2025-12-12,sh.000300,4558.7375,4583.6753,4530.7841,4580.95,4552.1848,21282652000,523863221651.9
2025-12-15,sh.000300,4550.0028,4595.0463,4548.4382,4552.0596,4580.95,16758996700,424383389792.3
2025-12-16,sh.000300,4542.4226,4553.0806,4484.27,4497.5545,4552.0596,16516520100,390500134302.7
2025-12-17,sh.000300,4499.7729,4594.6556,4498.9304,4579.875,4497.5545,17842483000,452504741114.1
2025-12-18,sh.000300,4553.9788,4571.9683,4544.1416,4552.7926,4579.875,15168132800,382102395684.6
2025-12-19,sh.000300,4561.3729,4591.0931,4546.8465,4568.1781,4552.7926,15487622000,371577144281.1
2025-12-22,sh.000300,4587.6683,4615.8721,4587.6683,4611.6235,4568.1781,16525285600,448240599513.9
2025-12-23,sh.000300,4616.026,4644.5347,4607.7992,4620.7341,4611.6235,16925641200,433141326005.5
2025-12-24,sh.000300,4623.6831,4639.4278,4602.1444,4634.0586,4620.7341,15371124100,406375640662.1
2025-12-25,sh.000300,4629.3195,4651.1535,4621.9208,4642.5357,4634.0586,13943418600,385356060832.4
2025-12-26,sh.000300,4639.7895,4676.131,4635.1052,4657.24,4642.5357,17539656500,460426934267.5
2025-12-29,sh.000300,4658.2654,4672.0352,4629.0567,4639.3721,4657.24,20039713300,482613536466.5
2025-12-30,sh.000300,4617.3163,4664.3305,4616.6323,4651.2818,4639.3721,18037497400,457185489036.8
2025-12-31,sh.000300,4656.48,4667.0467,4622.0988,4629.9395,4651.2818,17076022400,444491545749.0
2026-01-05,sh.000300,4661.616,4721.6378,4661.616,4717.7457,4629.9395,23414483900,630577351311.4
2026-01-06,sh.000300,4719.2088,4790.6938,4718.0099,4790.6938,4717.7457,29697068600,725414566872.9
2026-01-07,sh.000300,4796.9335,4802.6028,4751.0713,4776.6658,4790.6938,25909556400,664897929360.7
2026-01-08,sh.000300,4761.0105,4765.4863,4717.0091,4737.6536,4776.6658,23880495700,630655637961.6
2026-01-09,sh.000300,4725.9571,4771.4276,4719.134,4758.9221,4737.6536,25468803800,668788811126.9
2026-01-12,sh.000300,4769.6501,4795.9327,4737.5702,4789.9155,4758.9221,29483316500,799954082388.1
2026-01-13,sh.000300,4798.0488,4836.9549,4745.5154,4761.0324,4789.9155,30144949700,801054979639.8
2026-01-14,sh.000300,4767.6956,4818.1008,4720.246,4741.9306,4761.0324,36495102300,891334219174.3
2026-01-15,sh.000300,4721.7966,4769.5478,4720.9368,4751.4293,4741.9306,25400363600,674058683639.6
2026-01-16,sh.000300,4778.4302,4792.5514,4715.3646,4731.8728,4751.4293,32527892900,785624166096.3
2026-01-19,sh.000300,4720.1945,4761.6317,4715.0867,4734.4556,4731.8728,26761249200,655149256235.7
2026-01-20,sh.000300,4736.9096,4748.2297,4684.9684,4718.8782,4734.4556,28271957900,671960685391.4
2026-01-21,sh.000300,4714.5541,4758.2793,4714.2366,4723.0692,4718.8782,26635333200,665330511237.3
2026-01-22,sh.000300,4741.7548,4757.7637,4700.4482,4723.7091,4723.0692,27419993200,690235248160.5
2026-01-23,sh.000300,4729.585,4734.7942,4684.6172,4702.4966,4723.7091,31463544500,755617735528.3
2026-01-26,sh.000300,4715.3753,4754.1777,4693.1577,4706.964,4702.4966,36300448100,796832970315.2
2026-01-27,sh.000300,4705.1744,4736.9857,4675.6409,4705.6918,4706.964,30147569700,715267914840.3
2026-01-28,sh.000300,4725.6014,4739.6257,4697.9063,4717.9914,4705.6918,38225560200,829414067055.4
2026-01-29,sh.000300,4733.0879,4770.9599,4696.0536,4753.8697,4717.9914,41551305500,917966160339.3
2026-01-30,sh.000300,4723.081,4738.8711,4645.4706,4706.3401,4753.8697,31978653100,750564885195.4
2026-02-02,sh.000300,4674.2759,4716.6069,4601.7603,4605.9799,4706.3401,30477350000,725920381252.0
2026-02-03,sh.000300,4648.3574,4662.1264,4578.2087,4660.1074,4605.9799,26554940500,666626842810.7
2026-02-04,sh.000300,4647.9671,4701.4768,4641.8424,4698.6832,4660.1074,26488103200,636018589862.7
2026-02-05,sh.000300,4664.7478,4687.0213,4639.43,4670.4188,4698.6832,23785635100,550433167197.1
2026-02-06,sh.000300,4622.9747,4678.2618,4606.6379,4643.5959,4670.4188,20271647700,505759806237.8
2026-02-09,sh.000300,4693.6715,4719.9642,4679.9037,4719.0559,4643.5959,20725193800,522757267199.4
2026-02-10,sh.000300,4718.2552,4732.0871,4713.8684,4724.2956,4719.0559,18700095800,450339578978.4
2026-02-11,sh.000300,4715.6697,4723.7043,4703.6873,4713.8185,4724.2956,17339168100,433428613402.0
2026-02-12,sh.000300,4720.0085,4726.0426,4707.7359,4719.578,4713.8185,19784143900,490473852275.1
2026-02-13,sh.000300,4693.4106,4703.6332,4658.4038,4660.4056,4719.578,18916775600,452878594068.8
2026-02-24,sh.000300,4727.2961,4727.373,4698.3488,4707.544,4660.4056,21848889000,526084235584.0
2026-02-25,sh.000300,4713.5754,4766.5587,4713.3438,4735.8858,4707.544,28426835400,596903872616.7
2026-02-26,sh.000300,4741.3896,4742.1476,4706.6943,4726.8739,4735.8858,23484764400,599848915404.9
2026-02-27,sh.000300,4698.3,4721.0141,4692.891,4710.6469,4726.8739,26142086500,578820992510.3
2026-03-02,sh.000300,4681.0141,4735.4055,4667.2752,4728.6688,4710.6469,34926075200,752681937770.4
2026-03-03,sh.000300,4737.3164,4744.5987,4651.4047,4655.8962,4728.6688,37062427200,801659243770.0
2026-03-04,sh.000300,4609.1918,4639.4204,4575.8249,4602.6247,4655.8962,30303566600,608923128590.3
2026-03-05,sh.000300,4651.9415,4671.5268,4630.3024,4647.6921,4602.6247,25931782500,570443777084.6
2026-03-06,sh.000300,4621.4939,4671.7126,4612.7943,4660.439,4647.6921,23852792600,487807080156.9
2026-03-09,sh.000300,4600.2535,4625.9814,4548.969,4615.4551,4660.439,32278761700,665821508005.3
2026-03-10,sh.000300,4648.7851,4677.5958,4648.7851,4674.7562,4615.4551,26390374800,557607876148.6
2026-03-11,sh.000300,4681.0316,4711.8671,4674.7088,4704.4959,4674.7562,27017544300,579564397580.3
2026-03-12,sh.000300,4700.7205,4704.3791,4654.3147,4687.5601,4704.4959,30298681600,572105482463.8
2026-03-13,sh.000300,4669.0619,4707.4194,4659.4979,4669.14,4687.5601,31077200900,580305608197.8
2026-03-16,sh.000300,4669.2241,4673.6929,4621.8118,4671.5591,4669.14,29621507000,598799098356.4
2026-03-17,sh.000300,4685.5697,4720.8608,4637.368,4637.4392,4671.5591,26302191300,578501505807.6
2026-03-18,sh.000300,4648.7517,4662.2936,4604.5163,4658.3324,4637.4392,23469070500,524173911454.0
2026-03-19,sh.000300,4611.4399,4634.5468,4570.392,4583.2511,4658.3324,25413044900,547850295789.2
2026-03-20,sh.000300,4602.8205,4628.7118,4563.0687,4567.0179,4583.2511,25787370300,615463088557.8
2026-03-23,sh.000300,4499.1004,4514.7182,4397.5661,4417.9971,4567.0179,32808194500,671719761060.9
2026-03-24,sh.000300,4458.9074,4474.825,4394.2943,4474.7224,4417.9971,25553251700,530149390314.2
2026-03-25,sh.000300,4506.6247,4542.1806,4502.0265,4537.4656,4474.7224,26263927900,550428161188.3
2026-03-26,sh.000300,4525.3291,4541.0502,4468.9571,4477.5343,4537.4656,21373678800,471127498414.3
2026-03-27,sh.000300,4431.5034,4519.8903,4431.4205,4502.5698,4477.5343,19240038800,440517561617.1
2026-03-30,sh.000300,4461.7367,4496.4109,4447.1373,4491.95,4502.5698,20929309200,444629519711.2
2026-03-31,sh.000300,4491.9209,4523.1745,4450.0493,4450.0493,4491.95,22454158500,484558113011.2
2026-04-01,sh.000300,4517.2717,4532.1093,4492.0544,4526.0668,4450.0493,21648319600,503744056996.0
2026-04-02,sh.000300,4514.4416,4519.6931,4459.6095,4478.9141,4526.0668,19099216100,429949131699.9
2026-04-03,sh.000300,4492.8461,4494.4571,4437.5952,4440.7889,4478.9141,16832170500,373234910157.7
2026-04-07,sh.000300,4445.8613,4458.9264,4420.6939,4440.6162,4440.7889,16263878700,378261695014.8
2026-04-08,sh.000300,4517.3403,4595.556,4513.7705,4595.556,4440.6162,25333921300,641779180969.5
2026-04-09,sh.000300,4562.6696,4579.197,4552.4244,4566.2237,4595.556,18493978300,500445676660.7
2026-04-10,sh.000300,4594.9467,4655.0988,4590.1089,4636.5655,4566.2237,20867860500,625717995648.2
2026-04-13,sh.000300,4615.133,4653.3983,4615.133,4646.1546,4636.5655,19671227700,556620945240.3
2026-04-14,sh.000300,4676.1235,4701.2837,4654.8526,4701.2837,4646.1546,20470033200,605717793585.3
2026-04-15,sh.000300,4726.6381,4731.2729,4672.556,4685.2464,4701.2837,20168850000,604550556798.3
2026-04-16,sh.000300,4694.4309,4739.2208,4689.414,4736.6077,4685.2464,19205760000,567611323592.2
2026-04-17,sh.000300,4728.9951,4738.3236,4714.4669,4728.6716,4736.6077,18291533600,587622682307.9
2026-04-20,sh.000300,4727.1661,4763.0427,4720.6853,4757.4419,4728.6716,22163349400,626568410330.9
2026-04-21,sh.000300,4750.5149,4776.8258,4722.0074,4767.997,4757.4419,20561405800,580407995619.7
2026-04-22,sh.000300,4751.2794,4801.4465,4750.3502,4799.627,4767.997,20448183000,619505670177.0
2026-04-23,sh.000300,4816.0267,4823.4704,4759.86,4786.3273,4799.627,23286573600,693853775975.6
2026-04-24,sh.000300,4771.7348,4786.444,4735.606,4769.3688,4786.3273,19379831400,680097832547.3
2026-04-27,sh.000300,4776.3351,4795.1682,4762.6441,4770.9469,4769.3688,19279655000,648904814981.1
2026-04-28,sh.000300,4757.0766,4778.1891,4743.4355,4758.2083,4770.9469,21672423300,631521664930.9
2026-04-29,sh.000300,4737.5755,4813.6104,4737.1139,4810.3468,4758.2083,23329811000,681020507300.6
2026-04-30,sh.000300,4820.9716,4829.2715,4797.5445,4807.3069,4810.3468,25063337000,726665374516.3
2026-05-06,sh.000300,4857.6537,4892.7957,4834.2807,4877.0932,4807.3069,27444388000,881744311635.1
2026-05-07,sh.000300,4895.8001,4901.8575,4866.8749,4900.5098,4877.0932,25783397200,787236200022.7
2026-05-08,sh.000300,4871.1185,4887.2129,4849.9871,4871.9122,4900.5098,25172099600,716546104146.0
2026-05-11,sh.000300,4902.2775,4960.3975,4889.5659,4951.8366,4871.9122,30573480100,904479321902.1
2026-05-12,sh.000300,4965.0175,4971.3026,4926.7897,4948.0465,4951.8366,27381200100,819351442664.4
2026-05-13,sh.000300,4919.4248,5001.1201,4919.4248,4998.3417,4948.0465,26845453700,823173197928.5
2026-05-14,sh.000300,5027.6405,5030.5187,4913.6037,4914.5971,4998.3417,28069537900,857446326247.6
2026-05-15,sh.000300,4911.6223,4935.6173,4832.6899,4859.5927,4914.5971,27696776900,887687426984.5
2026-05-18,sh.000300,4836.3286,4868.6008,4806.1455,4833.5237,4859.5927,23907758700,733452822623.8
2026-05-19,sh.000300,4818.7051,4854.5247,4773.534,4852.8832,4833.5237,23228085200,712401049984.5
2026-05-20,sh.000300,4829.6129,4866.2121,4825.643,4850.7,4852.8832,22002320600,729653332839.0
2026-05-21,sh.000300,4886.2389,4937.9327,4780.7107,4783.0976,4850.7,28734250700,891936347970.3
2026-05-22,sh.000300,4818.8435,4851.3489,4785.3486,4845.0956,4783.0976,28694043500,771823300850.7
2026-05-25,sh.000300,4873.1962,4922.4375,4857.1345,4921.5974,4845.0956,26474323600,861179421899.8
2026-05-26,sh.000300,4900.1152,4952.7412,4892.683,4947.8493,4921.5974,30279947600,899094487856.9
2026-05-27,sh.000300,4940.9454,4974.2108,4891.3428,4908.1714,4947.8493,30170917500,909011906950.0
2026-05-28,sh.000300,4889.2659,4922.3297,4843.2265,4914.2133,4908.1714,26743273100,819897918903.1
2026-05-29,sh.000300,4937.5119,4954.0703,4878.7869,4892.1213,4914.2133,33251861000,942236490058.1
2026-06-01,sh.000300,4897.8968,4918.7935,4836.6851,4844.2556,4892.1213,29613405100,823984849000.1
2026-06-02,sh.000300,4860.6119,4930.2776,4831.9972,4914.5591,4844.2556,28173166200,806751344395.2
2026-06-03,sh.000300,4921.3445,4991.8525,4904.8969,4938.8091,4914.5591,30403594700,906047729419.0
2026-06-04,sh.000300,4897.3164,4938.7814,4889.7456,4904.7454,4938.8091,26480891000,736143410003.4
2026-06-05,sh.000300,4886.9645,4924.3438,4798.9103,4816.9199,4904.7454,30192933600,839863796395.6
2026-06-08,sh.000300,4703.773,4779.8623,4677.5682,4713.6358,4816.9199,29964756500,761046395165.9
2026-06-09,sh.000300,4743.4505,4802.5047,4715.3907,4801.8106,4713.6358,25839160100,713286998820.9
2026-06-10,sh.000300,4753.1154,4786.5162,4718.9946,4748.5932,4801.8106,25929710900,694628416057.3
2026-06-11,sh.000300,4730.072,4766.1728,4685.5014,4722.4122,4748.5932,24717705900,653931756259.4
2026-06-12,sh.000300,4784.6396,4809.8606,4757.5574,4777.3206,4722.4122,33592206300,871477325201.4
2026-06-15,sh.000300,4829.2886,4892.5502,4803.1836,4891.7126,4777.3206,33131607600,914145755804.7
2026-06-16,sh.000300,4894.8785,4908.2817,4866.0613,4884.2322,4891.7126,28258474300,857202587478.1
2026-06-17,sh.000300,4859.7012,4933.9288,4859.7012,4931.3861,4884.2322,27605395000,850367581580.7
2026-06-18,sh.000300,4916.0442,4976.8909,4916.0442,4941.5986,4931.3861,33445990200,1021710711056.1
2026-06-22,sh.000300,4949.3457,5061.5105,4928.4582,5059.6582,4941.5986,37510012400,1145900296757.5
2026-06-23,sh.000300,5048.0255,5064.2654,4892.0944,4919.386,5059.6582,34271933600,1047052858821.3
2026-06-24,sh.000300,4900.3838,4953.2321,4892.2676,4943.0197,4919.386,31224902500,964945849978.7
2026-06-25,sh.000300,4950.9753,5031.9994,4944.876,5020.1038,4943.0197,34666428900,1110040892256.1
2026-06-26,sh.000300,4981.8251,4981.983,4845.1921,4868.2205,5020.1038,34117923800,1068082662086.9
2026-06-29,sh.000300,4866.0432,4928.5987,4827.149,4926.921,4868.2205,32321613400,1053723822552.5
2026-06-30,sh.000300,4914.4934,4987.5599,4914.4934,4979.4328,4926.921,30615022600,985795205703.9
2026-07-01,sh.000300,4972.6923,5017.3754,4925.6309,4958.9773,4979.4328,34293474700,1101717525968.7
2026-07-02,sh.000300,4865.1713,4896.9934,4800.4842,4812.2957,4958.9773,34324375800,1027796834232.7
2026-07-03,sh.000300,4809.4988,4890.9652,4809.4988,4842.1737,4812.2957,30106756800,942569894349.8
2026-07-06,sh.000300,4868.5422,4878.3231,4789.7956,4841.998,4842.1737,29405054300,907946016953.4
2026-07-07,sh.000300,4813.8707,4839.5098,4756.725,4792.2624,4841.998,24630599900,762617505588.8
2026-07-08,sh.000300,4804.4837,4830.0464,4751.4045,4755.5338,4792.2624,24392874900,783248978280.6
2026-07-09,sh.000300,4774.4021,4882.8477,4734.8666,4876.3125,4755.5338,28162770500,947119396813.8
2026-07-10,sh.000300,4887.5355,4906.4898,4780.7468,4780.7867,4876.3125,30413028600,1083913073039.4
2026-07-13,sh.000300,4745.4383,4775.2355,4670.2496,4695.383,4780.7867,27863485300,907944677889.0
2026-07-14,sh.000300,4691.1224,4796.502,4649.0444,4796.502,4695.383,28325098600,924097145132.5
2026-07-15,sh.000300,4797.943,4826.8637,4772.0415,4786.7828,4796.502,27869266900,858314510331.8
2026-07-16,sh.000300,4711.532,4771.0573,4673.3503,4698.4344,4786.7828,25156097700,798830386821.1
2026-07-17,sh.000300,4661.6218,4663.5311,4492.085,4529.0953,4698.4344,30262988600,920822412822.0
2026-07-20,sh.000300,4575.6712,4628.7985,4521.1808,4598.3208,4529.0953,33311605800,933403207740.6
2026-07-21,sh.000300,4630.8532,4739.2326,4566.281,4739.2287,4598.3208,34540359000,1016727269579.4
2026-07-22,sh.000300,4710.6602,4772.0815,4692.833,4717.2442,4739.2287,28555635700,921519272205.4
2026-07-23,sh.000300,4735.1706,4737.5092,4698.8717,4728.0018,4717.2442,24733167500,741818580560.1
2026-07-24,sh.000300,4685.4082,4704.0843,4642.9387,4649.1917,4728.0018,22126121200,626378644367.9
2026-07-27,sh.000300,4656.0272,4702.5249,4615.531,4702.4272,4649.1917,20478694100,604552358161.4
2026-07-28,sh.000300,4623.7986,4646.487,4552.2287,4569.5235,4702.4272,21570504500,652026893961.9
2026-07-29,sh.000300,4582.0949,4626.7058,4516.3162,4600.2624,4569.5235,24808235700,751545094170.8
2026-07-30,sh.000300,4566.0467,4596.2056,4478.2093,4549.7201,4600.2624,27465113000,803696969760.2
2026-07-31,sh.000300,4623.8536,4635.5888,4588.1968,4588.1968,4549.7201,27924369800,832909109292.8
2026-08-03,sh.000300,4561.817,4572.588,4529.1862,4543.1781,4588.1968,23204258400,615750950335.6
2026-08-04,sh.000300,4566.9425,4613.6937,4555.2465,4600.9304,4543.1781,24207361100,698818114400.1
2026-08-05,sh.000300,4550.1888,4679.8585,4550.1888,4658.1549,4600.9304,27692191900,879161152444.8
2026-08-06,sh.000300,4621.803,4675.6455,4611.0655,4651.3098,4658.1549,24751073000,747784204223.3
2026-08-07,sh.000300,4656.0976,4706.7288,4649.5763,4694.4365,4651.3098,23907202000,788405762429.7
2026-08-10,sh.000300,4698.8162,4714.4648,4659.47,4702.0247,4694.4365,21307599600,733103396912.2
2026-08-11,sh.000300,4689.4493,4715.8812,4660.4742,4663.7887,4702.0247,20969909800,645384756136.2
2026-08-12,sh.000300,4660.4658,4700.4347,4657.6933,4690.9165,4663.7887,18493914800,575326282008.4
2026-08-13,sh.000300,4716.9748,4727.2344,4661.8816,4663.9513,4690.9165,21549961500,690715960896.5
2026-08-14,sh.000300,4672.9752,4676.7124,4637.1282,4665.8812,4663.9513,17843069600,549769606284.4
2026-08-17,sh.000300,4672.2756,4742.4043,4662.715,4741.0981,4665.8812,19056928600,657601745987.5
2026-08-18,sh.000300,4734.0733,4744.0054,4687.5259,4725.8134,4741.0981,20424551400,619828730176.5
2026-08-19,sh.000300,4660.055,4674.3751,4568.0659,4588.6955,4725.8134,24407009000,705253505410.7
2026-08-20,sh.000300,4613.2975,4631.126,4569.2282,4592.7504,4588.6955,20087418900,554021067145.1
2026-08-21,sh.000300,4585.4354,4628.9996,4579.2608,4618.8952,4592.7504,17107589100,505501102128.1
2026-08-24,sh.000300,4620.9489,4621.3893,4527.4871,4563.1266,4618.8952,20661687200,590425593776.3
2026-08-25,sh.000300,4542.2438,4573.3777,4523.0229,4552.0326,4563.1266,17151016800,480421573871.9
2026-08-26,sh.000300,4549.4321,4612.0375,4542.8425,4590.7935,4552.0326,18457816900,489057278409.9
2026-08-27,sh.000300,4594.4794,4631.3486,4584.9931,4630.277,4590.7935,20201725000,587120379412.9
2026-08-28,sh.000300,4615.8393,4643.3351,4608.4617,4609.1764,4630.277,18098949500,549813480130.3
