date,code,open,high,low,close,preclose,volume,amount,tradestatus,isST,backAdjustFactor
2018-01-02,sh.600000,12.6100,12.7700,12.6000,12.7200,12.5900,31323053,398614966.0000,1,0,9.385732
2018-01-03,sh.600000,12.7300,12.8000,12.6600,12.6600,12.7200,37839101,480954809.0000,1,0,9.385732
2018-01-04,sh.600000,12.7000,12.7300,12.6200,12.6600,12.6600,27883804,353205838.0000,1,0,9.385732
2018-01-05,sh.600000,12.6700,12.7100,12.6200,12.6900,12.6600,31026744,393058250.0000,1,0,9.385732
2018-01-08,sh.600000,12.6900,12.7100,12.6300,12.6800,12.6900,31389887,397842209.0000,1,0,9.385732
2018-01-09,sh.600000,12.6800,12.7400,12.6600,12.7000,12.6800,26215432,332848333.0000,1,0,9.385732
2018-01-10,sh.600000,12.7000,13.0900,12.6800,13.0200,12.7000,90679990,1174202006.0000,1,0,9.385732
2018-01-11,sh.600000,12.9500,13.0400,12.8700,12.9400,13.0200,37816412,489588906.0000,1,0,9.385732
2018-01-12,sh.600000,12.9700,13.0000,12.9000,12.9100,12.9400,24203419,313215088.0000,1,0,9.385732
2018-01-15,sh.600000,12.8800,13.0800,12.8500,13.0200,12.9100,61320680,796861091.0000,1,0,9.385732
2018-01-16,sh.600000,12.9700,13.0600,12.7800,12.9000,13.0200,74892652,963701144.0000,1,0,9.385732
2018-01-17,sh.600000,12.9100,13.4200,12.8900,13.1000,12.9000,127132813,1675235171.0000,1,0,9.385732
2018-01-18,sh.600000,13.1400,13.2500,13.0500,13.2400,13.1000,111608076,1465159094.0000,1,0,9.385732
2018-01-19,sh.600000,13.3300,13.6100,13.1800,13.2400,13.2400,171648871,2300220633.0000,1,0,9.385732
2018-01-22,sh.600000,12.9300,13.1500,12.7100,12.7700,13.2400,272513808,3514775144.0000,1,0,9.385732
2018-01-23,sh.600000,12.7500,12.9200,12.6800,12.9000,12.7700,217827457,2791828653.0000,1,0,9.385732
2018-01-24,sh.600000,12.9700,14.0000,12.8900,13.5700,12.9000,379653632,5099364114.0000,1,0,9.385732
2018-01-25,sh.600000,13.5400,13.7600,13.3600,13.6500,13.5700,176989631,2400208784.0000,1,0,9.385732
2018-01-26,sh.600000,13.6500,13.7200,13.3600,13.4100,13.6500,218419685,2954019925.0000,1,0,9.385732
2018-01-29,sh.600000,13.4800,13.5300,13.3200,13.4600,13.4100,153783104,2065139247.0000,1,0,9.385732
2018-01-30,sh.600000,13.4500,13.4900,13.0900,13.1100,13.4600,107804018,1429924976.0000,1,0,9.385732
2018-01-31,sh.600000,13.0500,13.1900,12.9800,13.1700,13.1100,117703264,1541960901.0000,1,0,9.385732
2018-02-01,sh.600000,13.1400,13.3300,12.9400,13.3000,13.1700,173573331,2289044601.0000,1,0,9.385732
2018-02-02,sh.600000,13.1900,13.1900,13.0100,13.1400,13.3000,71796780,941467191.0000,1,0,9.385732
2018-02-05,sh.600000,13.0000,13.5400,12.9800,13.4900,13.1400,150149657,2006361757.0000,1,0,9.385732
2018-02-06,sh.600000,13.2900,13.5000,13.2000,13.4800,13.4900,244358992,3270199180.0000,1,0,9.385732
2018-02-07,sh.600000,13.5800,13.9000,13.2400,13.4500,13.4800,200770115,2720519687.0000,1,0,9.385732
2018-02-08,sh.600000,13.3400,13.4000,12.9500,13.1000,13.4500,109426872,1438198801.0000,1,0,9.385732
2018-02-09,sh.600000,12.8900,12.9800,12.2400,12.7800,13.1000,149257356,1877264356.0000,1,0,9.385732
2018-02-12,sh.600000,12.6600,12.6800,12.4300,12.4900,12.7800,64799197,811027710.0000,1,0,9.385732
2018-02-13,sh.600000,12.5500,12.6800,12.5000,12.5100,12.4900,54900214,690054113.0000,1,0,9.385732
2018-02-14,sh.600000,12.5000,12.5500,12.3800,12.4600,12.5100,32597811,406060202.0000,1,0,9.385732
2018-02-22,sh.600000,12.6000,12.6800,12.5300,12.6300,12.4600,42012285,529856471.0000,1,0,9.385732
2018-02-23,sh.600000,12.6600,12.7800,12.5900,12.7200,12.6300,38736515,491768409.0000,1,0,9.385732
2018-02-26,sh.600000,12.7700,12.8400,12.6100,12.7300,12.7200,48806055,620261080.0000,1,0,9.385732
2018-02-27,sh.600000,12.7500,12.7600,12.6100,12.6900,12.7300,48561087,615622149.0000,1,0,9.385732
2018-02-28,sh.600000,12.6100,12.6600,12.4400,12.4600,12.6900,39888938,499258844.0000,1,0,9.385732
2018-03-01,sh.600000,12.4000,12.5000,12.3800,12.4700,12.4600,34491031,429574072.0000,1,0,9.385732
2018-03-02,sh.600000,12.4000,12.4600,12.3600,12.4100,12.4700,23024132,285473130.0000,1,0,9.385732
2018-03-05,sh.600000,12.4100,12.4800,12.3400,12.4200,12.4100,29343464,363849705.0000,1,0,9.385732
2018-03-06,sh.600000,12.4800,12.5100,12.3800,12.4900,12.4200,27222668,339015159.0000,1,0,9.385732
2018-03-07,sh.600000,12.5100,12.6000,12.4600,12.4900,12.4900,38817575,487036820.0000,1,0,9.385732
2018-03-08,sh.600000,12.5500,12.5500,12.4000,12.4700,12.4900,22164132,276013913.0000,1,0,9.385732
2018-03-09,sh.600000,12.4900,12.5100,12.4200,12.4800,12.4700,23558287,293550899.0000,1,0,9.385732
2018-03-12,sh.600000,12.5300,12.5400,12.4600,12.5000,12.4800,25161821,314544074.0000,1,0,9.385732
2018-03-13,sh.600000,12.5000,12.5800,12.4300,12.4900,12.5000,25145000,314545358.0000,1,0,9.385732
2018-03-14,sh.600000,12.4500,12.4500,12.3800,12.3900,12.4900,22804603,282970086.0000,1,0,9.385732
2018-03-15,sh.600000,12.3500,12.4100,12.3400,12.3900,12.3900,17287774,213972089.0000,1,0,9.385732
2018-03-16,sh.600000,12.3600,12.4000,12.3000,12.3000,12.3900,26781399,330778426.0000,1,0,9.385732
2018-03-19,sh.600000,12.3100,12.3300,12.2600,12.3100,12.3000,16896048,207819310.0000,1,0,9.385732
2018-03-20,sh.600000,12.2800,12.3900,12.2500,12.3200,12.3100,20672283,254187843.0000,1,0,9.385732
2018-03-21,sh.600000,12.3400,12.4000,12.2800,12.2900,12.3200,23878465,294872209.0000,1,0,9.385732
2018-03-22,sh.600000,12.3500,12.3500,12.2500,12.2500,12.2900,22948484,281975042.0000,1,0,9.385732
2018-03-23,sh.600000,12.0000,12.0600,11.6400,11.7100,12.2500,57106391,676679666.0000,1,0,9.385732
2018-03-26,sh.600000,11.7100,11.7500,11.5000,11.6100,11.7100,36425054,422233460.0000,1,0,9.385732
2018-03-27,sh.600000,11.7000,11.7700,11.5600,11.6200,11.6100,27332809,318586664.0000,1,0,9.385732
2018-03-28,sh.600000,11.5300,11.7500,11.5200,11.5700,11.6200,22911282,266121467.0000,1,0,9.385732
2018-03-29,sh.600000,11.5700,11.7100,11.4500,11.6200,11.5700,33108805,383064999.0000,1,0,9.385732
2018-03-30,sh.600000,11.6300,11.6900,11.6100,11.6500,11.6200,23271965,270987701.0000,1,0,9.385732
2018-04-02,sh.600000,11.6800,11.8200,11.6500,11.7100,11.6500,27719599,325667590.0000,1,0,9.385732
2018-04-03,sh.600000,11.6600,11.6700,11.5400,11.5600,11.7100,18303514,211906876.0000,1,0,9.385732
2018-04-04,sh.600000,11.6100,11.6500,11.5300,11.5300,11.5600,19637509,227689712.0000,1,0,9.385732
2018-04-09,sh.600000,11.5300,11.5900,11.4900,11.5000,11.5300,16722481,192709506.0000,1,0,9.385732
2018-04-10,sh.600000,11.5200,11.7900,11.5100,11.7700,11.5000,28748298,336076808.0000,1,0,9.385732
2018-04-11,sh.600000,11.7900,12.0200,11.7500,11.9100,11.7700,31298519,372471249.0000,1,0,9.385732
2018-04-12,sh.600000,11.9100,11.9600,11.7600,11.7800,11.9100,18824289,222769476.0000,1,0,9.385732
2018-04-13,sh.600000,11.8300,11.8900,11.6900,11.6900,11.7800,14094853,166015524.0000,1,0,9.385732
2018-04-16,sh.600000,11.8000,11.8000,11.5400,11.5500,11.6900,23720095,275070676.0000,1,0,9.385732
2018-04-17,sh.600000,11.5600,11.7000,11.5500,11.5500,11.5500,25469983,296234022.0000,1,0,9.385732
2018-04-18,sh.600000,11.7500,11.7900,11.6600,11.7300,11.5500,26295275,308485462.0000,1,0,9.385732
2018-04-19,sh.600000,11.8000,11.8900,11.7600,11.8000,11.7300,16553270,195771190.0000,1,0,9.385732
2018-04-20,sh.600000,11.7400,11.7900,11.5700,11.6100,11.8000,18377407,213965166.0000,1,0,9.385732
2018-04-23,sh.600000,11.5600,11.7500,11.5300,11.6000,11.6100,18181610,211046456.0000,1,0,9.385732
2018-04-24,sh.600000,11.5600,11.7800,11.5600,11.7800,11.6000,23032861,269871844.0000,1,0,9.385732
2018-04-25,sh.600000,11.7100,11.7700,11.6500,11.6600,11.7800,16082634,188149247.0000,1,0,9.385732
2018-04-26,sh.600000,11.7300,11.7800,11.5500,11.5700,11.6600,18205794,211987526.0000,1,0,9.385732
2018-04-27,sh.600000,11.5800,11.6700,11.5500,11.6100,11.5700,23450783,272328553.0000,1,0,9.385732
2018-05-02,sh.600000,11.3300,11.3300,10.9700,11.0300,11.6100,69325684,769050164.0000,1,0,9.385732
2018-05-03,sh.600000,10.9900,11.0100,10.8300,10.9200,11.0300,34665572,378055362.0000,1,0,9.385732
2018-05-04,sh.600000,10.9100,10.9400,10.8000,10.8300,10.9200,22253089,241749748.0000,1,0,9.385732
2018-05-07,sh.600000,10.8200,10.8900,10.7600,10.8400,10.8300,27425378,297162770.0000,1,0,9.385732
2018-05-08,sh.600000,10.8400,10.9700,10.8100,10.9500,10.8400,28796453,314537694.0000,1,0,9.385732
2018-05-09,sh.600000,10.9500,11.0000,10.8900,10.9300,10.9500,18510621,202375456.0000,1,0,9.385732
2018-05-10,sh.600000,10.9800,11.0000,10.9100,10.9500,10.9300,16030500,175546224.0000,1,0,9.385732
2018-05-11,sh.600000,11.0000,11.0100,10.9400,10.9500,10.9500,22015135,241676135.0000,1,0,9.385732
2018-05-14,sh.600000,10.9700,11.0500,10.9600,11.0000,10.9500,23763310,261553535.0000,1,0,9.385732
2018-05-15,sh.600000,11.0300,11.0500,10.8800,10.9900,11.0000,23548459,258018710.0000,1,0,9.385732
2018-05-16,sh.600000,10.9300,10.9600,10.8600,10.8700,10.9900,23580345,257351420.0000,1,0,9.385732
2018-05-17,sh.600000,10.8600,10.9100,10.8100,10.8300,10.8700,18474690,200668980.0000,1,0,9.385732
2018-05-18,sh.600000,10.8500,10.9000,10.8100,10.9000,10.8300,21717105,235717339.0000,1,0,9.385732
2018-05-21,sh.600000,10.9800,10.9800,10.9000,10.9400,10.9000,23393724,255891648.0000,1,0,9.385732
2018-05-22,sh.600000,10.9400,10.9500,10.8500,10.8800,10.9400,16014501,174138743.0000,1,0,9.385732
2018-05-23,sh.600000,10.8800,10.8900,10.7900,10.8000,10.8800,21194469,229712309.0000,1,0,9.385732
2018-05-24,sh.600000,10.8300,10.8400,10.7600,10.7900,10.8000,15229580,164430466.0000,1,0,9.385732
2018-05-25,sh.600000,10.8300,10.8300,10.6800,10.7100,10.7900,19016226,204634790.0000,1,0,9.385732
2018-05-28,sh.600000,10.7100,10.7900,10.6100,10.7600,10.7100,18370343,196979804.0000,1,0,9.385732
2018-05-29,sh.600000,10.7000,10.7400,10.6100,10.6400,10.7600,16933980,180559166.0000,1,0,9.385732
2018-05-30,sh.600000,10.5600,10.6000,10.3900,10.4400,10.6400,32230788,338274421.0000,1,0,9.385732
2018-05-31,sh.600000,10.4600,10.6900,10.4600,10.5500,10.4400,45532670,480871723.0000,1,0,9.385732
2018-06-01,sh.600000,10.6000,10.6900,10.5300,10.6800,10.5500,18365527,195167690.0000,1,0,9.385732
2018-06-04,sh.600000,10.7600,10.8300,10.7000,10.7500,10.6800,16180325,174154210.0000,1,0,9.385732
2018-06-05,sh.600000,10.7100,10.7500,10.6100,10.6600,10.7500,18692609,199025891.0000,1,0,9.385732
2018-06-06,sh.600000,10.6400,10.6400,10.5300,10.5500,10.6600,14983603,158227437.0000,1,0,9.385732
2018-06-07,sh.600000,10.5600,10.6600,10.5100,10.6200,10.5500,23355633,247771033.0000,1,0,9.385732
2018-06-08,sh.600000,10.5500,10.5700,10.3700,10.4200,10.6200,27181997,283822904.0000,1,0,9.385732
2018-06-11,sh.600000,10.3800,10.4300,10.2800,10.4200,10.4200,18004293,186272758.0000,1,0,9.385732
2018-06-12,sh.600000,10.4100,10.4100,10.3000,10.3500,10.4200,16085667,166400389.0000,1,0,9.385732
2018-06-13,sh.600000,10.3000,10.3300,10.1800,10.2100,10.3500,19961576,204624613.0000,1,0,9.385732
2018-06-14,sh.600000,10.1600,10.2600,10.1600,10.2200,10.2100,17557528,179339350.0000,1,0,9.385732
2018-06-15,sh.600000,10.2200,10.3400,10.1900,10.3000,10.2200,19914990,204800278.0000,1,0,9.385732
2018-06-19,sh.600000,10.2300,10.2400,9.8100,9.9200,10.3000,42988471,432159776.0000,1,0,9.385732
2018-06-20,sh.600000,9.9200,9.9800,9.8700,9.8900,9.9200,18915740,187504468.0000,1,0,9.385732
2018-06-21,sh.600000,9.8800,9.9800,9.7500,9.8300,9.8900,23636961,234236776.0000,1,0,9.385732
2018-06-22,sh.600000,9.8300,9.8300,9.6700,9.7600,9.8300,25040001,243586307.0000,1,0,9.385732
2018-06-25,sh.600000,9.7700,9.8200,9.5500,9.5600,9.7600,24244380,234851670.0000,1,0,9.385732
2018-06-26,sh.600000,9.6000,9.6000,9.3500,9.4800,9.5600,24424095,231698549.0000,1,0,9.385732
2018-06-27,sh.600000,9.4100,9.5300,9.3600,9.3700,9.4800,24913770,234831869.0000,1,0,9.385732
2018-06-28,sh.600000,9.3300,9.6100,9.3200,9.5000,9.3700,30741337,290768015.0000,1,0,9.385732
2018-06-29,sh.600000,9.5600,9.6000,9.4500,9.5600,9.5000,19493546,185831802.0000,1,0,9.385732
2018-07-02,sh.600000,9.5500,9.5500,9.2300,9.2900,9.5600,22669089,212743905.0000,1,0,9.385732
2018-07-03,sh.600000,9.2900,9.3800,9.2000,9.3500,9.2900,24123551,224816757.0000,1,0,9.385732
2018-07-04,sh.600000,9.3400,9.4200,9.2800,9.3100,9.3500,14464777,135000876.0000,1,0,9.385732
2018-07-05,sh.600000,9.2600,9.3500,9.2200,9.2600,9.3100,16495438,152978661.0000,1,0,9.385732
2018-07-06,sh.600000,9.3100,9.4300,9.1700,9.3700,9.2600,22594443,210564106.0000,1,0,9.385732
2018-07-09,sh.600000,9.3700,9.6300,9.3700,9.6000,9.3700,22172565,212109327.0000,1,0,9.385732
2018-07-10,sh.600000,9.6100,9.6500,9.5000,9.5700,9.6000,12402837,118668133.0000,1,0,9.385732
2018-07-11,sh.600000,9.3700,9.4400,9.3200,9.3800,9.5700,15203933,142450919.0000,1,0,9.385732
2018-07-12,sh.600000,9.4100,9.6100,9.3900,9.5700,9.3800,19704837,188206858.0000,1,0,9.385732
2018-07-13,sh.600000,9.5700,9.5800,9.4600,9.4900,9.4700,15026339,142708347.0000,1,0,9.484842
2018-07-16,sh.600000,9.5000,9.5400,9.3400,9.4100,9.4900,14414119,135697106.0000,1,0,9.484842
2018-07-17,sh.600000,9.4100,9.4800,9.3800,9.4400,9.4100,13713495,129512091.0000,1,0,9.484842
2018-07-18,sh.600000,9.5100,9.6400,9.4800,9.5100,9.4400,18922700,180858003.0000,1,0,9.484842
2018-07-19,sh.600000,9.6000,9.6200,9.5300,9.5600,9.5100,18360482,175909129.0000,1,0,9.484842
2018-07-20,sh.600000,9.5600,9.9500,9.4700,9.8700,9.5600,33275650,325018010.0000,1,0,9.484842
2018-07-23,sh.600000,9.9100,10.0300,9.7400,9.9600,9.8700,31484434,311612051.0000,1,0,9.484842
2018-07-24,sh.600000,9.9800,10.1400,9.9700,10.0200,9.9600,36424560,365678865.0000,1,0,9.484842
2018-07-25,sh.600000,10.1200,10.1200,9.9600,10.0200,10.0200,15889970,159153073.0000,1,0,9.484842
2018-07-26,sh.600000,10.0700,10.0800,9.9500,9.9600,10.0200,15206330,151927483.0000,1,0,9.484842
2018-07-27,sh.600000,9.9600,10.0400,9.9300,9.9900,9.9600,12120067,121060815.0000,1,0,9.484842
2018-07-30,sh.600000,9.9900,10.1600,9.9700,10.1300,9.9900,20096364,202566237.0000,1,0,9.484842
2018-07-31,sh.600000,10.1200,10.2000,10.0000,10.1700,10.1300,18203008,184265064.0000,1,0,9.484842
2018-08-01,sh.600000,10.2600,10.2700,9.9000,9.9100,10.1700,20741884,209512354.0000,1,0,9.484842
2018-08-02,sh.600000,9.9100,10.0300,9.6600,9.7900,9.9100,24483871,240792864.0000,1,0,9.484842
2018-08-03,sh.600000,9.7900,9.9800,9.7600,9.8300,9.7900,16997939,168026922.0000,1,0,9.484842
2018-08-06,sh.600000,9.9700,10.0300,9.8700,9.9100,9.8300,17444492,173559265.0000,1,0,9.484842
2018-08-07,sh.600000,9.9400,10.1200,9.9400,10.1100,9.9100,21784661,218926426.0000,1,0,9.484842
2018-08-08,sh.600000,10.1500,10.1500,10.0100,10.0500,10.1100,13461992,135623302.0000,1,0,9.484842
2018-08-09,sh.600000,10.0000,10.1800,9.9900,10.1400,10.0500,17689853,179007673.0000,1,0,9.484842
2018-08-10,sh.600000,10.1400,10.1400,10.0200,10.0700,10.1400,13172633,132643603.0000,1,0,9.484842
2018-08-13,sh.600000,10.0000,10.0600,9.9000,9.9800,10.0700,17927668,178552668.0000,1,0,9.484842
2018-08-14,sh.600000,9.9800,10.0700,9.9500,10.0600,9.9800,15868585,158997523.0000,1,0,9.484842
2018-08-15,sh.600000,10.0600,10.0600,9.9000,9.9000,10.0600,14787033,147639905.0000,1,0,9.484842
2018-08-16,sh.600000,9.8700,10.1200,9.8400,10.0600,9.9000,24323652,243554060.0000,1,0,9.484842
2018-08-17,sh.600000,10.1600,10.1600,9.9300,9.9800,10.0600,15090455,151684025.0000,1,0,9.484842
2018-08-20,sh.600000,10.1700,10.1700,10.0100,10.1500,9.9800,26975300,272534557.0000,1,0,9.484842
2018-08-21,sh.600000,10.1800,10.2000,10.0900,10.1200,10.1500,19786535,200852851.0000,1,0,9.484842
2018-08-22,sh.600000,10.1200,10.1400,10.0000,10.0900,10.1200,11993541,120615691.0000,1,0,9.484842
2018-08-23,sh.600000,10.1300,10.1400,9.9800,10.0700,10.0900,15537812,156583263.0000,1,0,9.484842
2018-08-24,sh.600000,10.0600,10.4300,10.0200,10.3000,10.0700,32268837,330331268.0000,1,0,9.484842
2018-08-27,sh.600000,10.3300,10.3500,10.2100,10.3300,10.3000,23266645,239467138.0000,1,0,9.484842
2018-08-28,sh.600000,10.3000,10.3800,10.2500,10.3000,10.3300,14609685,150677769.0000,1,0,9.484842
2018-08-29,sh.600000,10.2900,10.3200,10.2600,10.3200,10.3000,10362000,106687297.0000,1,0,9.484842
2018-08-30,sh.600000,10.3000,10.4100,10.1700,10.1700,10.3200,18621890,191336868.0000,1,0,9.484842
2018-08-31,sh.600000,10.1600,10.3600,10.1600,10.3300,10.1700,37311724,383679854.0000,1,0,9.484842
2018-09-03,sh.600000,10.2700,10.3000,10.1700,10.2400,10.3300,14309539,146457275.0000,1,0,9.484842
2018-09-04,sh.600000,10.2100,10.4000,10.1800,10.3700,10.2400,16353060,168632347.0000,1,0,9.484842
2018-09-05,sh.600000,10.3100,10.3700,10.1200,10.1200,10.3700,22729232,232884783.0000,1,0,9.484842
2018-09-06,sh.600000,10.1200,10.2300,10.1200,10.1400,10.1200,10546916,107317753.0000,1,0,9.484842
2018-09-07,sh.600000,10.1500,10.2500,10.1200,10.1900,10.1400,8995716,91694437.0000,1,0,9.484842
2018-09-10,sh.600000,10.1600,10.2300,10.1300,10.1800,10.1900,11822813,120376355.0000,1,0,9.484842
2018-09-11,sh.600000,10.2200,10.2700,9.9800,10.0200,10.1800,19689042,199401394.0000,1,0,9.484842
2018-09-12,sh.600000,9.9900,10.0700,9.9500,10.0400,10.0200,16506103,165231589.0000,1,0,9.484842
2018-09-13,sh.600000,10.1700,10.3000,10.1100,10.2900,10.0400,29417198,300441533.0000,1,0,9.484842
2018-09-14,sh.600000,10.3600,10.3600,10.2100,10.2600,10.2900,16450780,169083471.0000,1,0,9.484842
2018-09-17,sh.600000,10.2600,10.2800,10.1000,10.1500,10.2600,10535343,107339083.0000,1,0,9.484842
2018-09-18,sh.600000,10.1600,10.2600,10.0900,10.2600,10.1500,16684789,170045729.0000,1,0,9.484842
2018-09-19,sh.600000,10.2800,10.2900,10.2000,10.2400,10.2600,18550643,190221692.0000,1,0,9.484842
2018-09-20,sh.600000,10.2600,10.2800,10.1800,10.2200,10.2400,16307051,166658023.0000,1,0,9.484842
2018-09-21,sh.600000,10.2400,10.4900,10.1500,10.4900,10.2200,37571431,388504217.0000,1,0,9.484842
2018-09-25,sh.600000,10.3800,10.4700,10.3200,10.3500,10.4900,15879199,164580504.0000,1,0,9.484842
2018-09-26,sh.600000,10.3900,10.5600,10.3400,10.4100,10.3500,31175799,326010701.0000,1,0,9.484842
2018-09-27,sh.600000,10.4500,10.4800,10.3800,10.4800,10.4100,24182714,252306120.0000,1,0,9.484842
2018-09-28,sh.600000,10.4900,10.7500,10.4400,10.6200,10.4800,37430602,396863685.0000,1,0,9.484842
2018-10-08,sh.600000,10.3900,10.4800,10.1500,10.1600,10.6200,41957276,432913252.0000,1,0,9.484842
2018-10-09,sh.600000,10.0800,10.2400,10.0700,10.1500,10.1600,23159026,234661842.0000,1,0,9.484842
2018-10-10,sh.600000,10.1400,10.2800,10.1300,10.1700,10.1500,18124701,184735118.0000,1,0,9.484842
2018-10-11,sh.600000,10.0000,10.0500,9.7100,9.8000,10.1700,39056785,386778863.0000,1,0,9.484842
2018-10-12,sh.600000,9.9000,10.1000,9.8300,10.0300,9.8000,25145127,250805638.0000,1,0,9.484842
2018-10-15,sh.600000,10.0500,10.1600,9.9700,10.0300,10.0300,13957844,140122866.0000,1,0,9.484842
2018-10-16,sh.600000,10.0300,10.1900,9.9700,10.0500,10.0300,15308344,154272073.0000,1,0,9.484842
2018-10-17,sh.600000,10.1800,10.3100,10.1400,10.2900,10.0500,26520895,271564080.0000,1,0,9.484842
2018-10-18,sh.600000,10.3500,10.3500,10.1600,10.1900,10.2900,22403988,229432798.0000,1,0,9.484842
2018-10-19,sh.600000,10.2500,10.4300,10.0700,10.3800,10.1900,40331386,414893373.0000,1,0,9.484842
2018-10-22,sh.600000,10.3200,10.7000,10.3200,10.6200,10.3800,47003409,497527573.0000,1,0,9.484842
2018-10-23,sh.600000,10.6400,10.7000,10.4500,10.4500,10.6200,38089035,403493088.0000,1,0,9.484842
2018-10-24,sh.600000,10.5700,11.0500,10.5200,10.7400,10.4500,59165552,639391016.0000,1,0,9.484842
2018-10-25,sh.600000,10.6000,10.8900,10.5400,10.8400,10.7400,36866593,393987422.0000,1,0,9.484842
2018-10-26,sh.600000,10.8500,10.9800,10.7400,10.9200,10.8400,27519309,298733755.0000,1,0,9.484842
2018-10-29,sh.600000,11.0800,11.1200,10.7100,10.7900,10.9200,35265959,385116491.0000,1,0,9.484842
2018-10-30,sh.600000,10.9300,11.0500,10.8900,10.9500,10.7900,33086049,363018055.0000,1,0,9.484842
2018-10-31,sh.600000,10.9900,11.0300,10.8700,10.9800,10.9500,21737114,237583046.0000,1,0,9.484842
2018-11-01,sh.600000,11.0500,11.0900,10.8600,10.8900,10.9800,23505322,257781673.0000,1,0,9.484842
2018-11-02,sh.600000,11.1000,11.2500,10.9400,11.1800,10.8900,47788920,530913675.0000,1,0,9.484842
2018-11-05,sh.600000,11.1500,11.2500,11.0800,11.1400,11.1800,17012759,189481162.0000,1,0,9.484842
2018-11-06,sh.600000,11.1300,11.1500,11.0000,11.0300,11.1400,18422477,203565760.0000,1,0,9.484842
2018-11-07,sh.600000,11.0900,11.1000,10.8700,10.9000,11.0300,20843864,228836505.0000,1,0,9.484842
2018-11-08,sh.600000,11.0500,11.1000,10.9000,11.0600,10.9000,19991683,220506116.0000,1,0,9.484842
2018-11-09,sh.600000,10.9900,11.0300,10.7000,10.7500,11.0600,25570050,277004944.0000,1,0,9.484842
2018-11-12,sh.600000,10.7700,10.9500,10.7500,10.8000,10.7500,27015827,292478247.0000,1,0,9.484842
2018-11-13,sh.600000,10.6800,10.9000,10.6800,10.8200,10.8000,20708729,223541479.0000,1,0,9.484842
2018-11-14,sh.600000,10.8700,10.8700,10.6800,10.7000,10.8200,17998183,193809658.0000,1,0,9.484842
2018-11-15,sh.600000,10.7200,10.8100,10.6500,10.7700,10.7000,16580059,178144575.0000,1,0,9.484842
2018-11-16,sh.600000,10.7700,10.8500,10.7100,10.7600,10.7700,21394417,230509596.0000,1,0,9.484842
2018-11-19,sh.600000,10.8600,10.9000,10.7700,10.8800,10.7600,21384793,231999662.0000,1,0,9.484842
2018-11-20,sh.600000,10.8700,10.8900,10.6500,10.6900,10.8800,21883780,234959214.0000,1,0,9.484842
2018-11-21,sh.600000,10.6100,10.7200,10.6100,10.6600,10.6900,16027458,170915676.0000,1,0,9.484842
2018-11-22,sh.600000,10.7300,10.7300,10.5700,10.6400,10.6600,14008305,148745106.0000,1,0,9.484842
2018-11-23,sh.600000,10.6000,10.6600,10.5000,10.5000,10.6400,14715010,155566104.0000,1,0,9.484842
2018-11-26,sh.600000,10.6600,10.6600,10.4300,10.5000,10.5000,14377396,151609376.0000,1,0,9.484842
2018-11-27,sh.600000,10.5000,10.6100,10.4500,10.4900,10.5000,15084666,158853285.0000,1,0,9.484842
2018-11-28,sh.600000,10.5600,10.6200,10.5000,10.5800,10.4900,18339621,193914889.0000,1,0,9.484842
2018-11-29,sh.600000,10.6400,10.7500,10.5400,10.6300,10.5800,20685685,220670065.0000,1,0,9.484842
2018-11-30,sh.600000,10.6500,10.7500,10.6200,10.7100,10.6300,28572651,305468672.0000,1,0,9.484842
2018-12-03,sh.600000,10.9900,11.0500,10.8400,11.0200,10.7100,43049070,472438382.0000,1,0,9.484842
2018-12-04,sh.600000,11.0000,11.0800,10.9700,11.0800,11.0200,20811293,229713745.0000,1,0,9.484842
2018-12-05,sh.600000,10.9900,11.1000,10.9600,11.0000,11.0800,25491217,281189602.0000,1,0,9.484842
2018-12-06,sh.600000,10.8200,10.9300,10.8200,10.9000,11.0000,23597997,256533148.0000,1,0,9.484842
2018-12-07,sh.600000,10.9400,11.0300,10.8800,10.8900,10.9000,10580550,115760323.0000,1,0,9.484842
2018-12-10,sh.600000,10.7700,10.9000,10.7700,10.8300,10.8900,15927563,172346141.0000,1,0,9.484842
2018-12-11,sh.600000,10.8400,10.9000,10.6900,10.7200,10.8300,17234222,185675067.0000,1,0,9.484842
2018-12-12,sh.600000,10.8900,10.8900,10.7000,10.7300,10.7200,12448791,134006589.0000,1,0,9.484842
2018-12-13,sh.600000,10.7600,10.8600,10.7300,10.8000,10.7300,19792340,213866046.0000,1,0,9.484842
2018-12-14,sh.600000,10.7400,10.8000,10.5900,10.6200,10.8000,24163831,257441060.0000,1,0,9.484842
2018-12-17,sh.600000,10.6500,10.7800,10.6200,10.7800,10.6200,19746228,211971706.0000,1,0,9.484842
2018-12-18,sh.600000,10.6800,10.8200,10.5400,10.5700,10.7800,19451677,207318277.0000,1,0,9.484842
2018-12-19,sh.600000,10.5900,10.6500,10.5400,10.5400,10.5700,13603633,144342542.0000,1,0,9.484842
2018-12-20,sh.600000,10.5300,10.5900,10.1100,10.2500,10.5400,30069914,309207188.0000,1,0,9.484842
2018-12-21,sh.600000,10.2300,10.2400,10.0000,10.0700,10.2500,20885862,209975605.0000,1,0,9.484842
2018-12-24,sh.600000,9.9800,10.0400,9.8600,9.9100,10.0700,22779882,225706451.0000,1,0,9.484842
2018-12-25,sh.600000,9.7700,9.8600,9.6000,9.7900,9.9100,34810397,337985911.0000,1,0,9.484842
2018-12-26,sh.600000,9.8100,9.8800,9.6400,9.6700,9.7900,20569202,200359184.0000,1,0,9.484842
2018-12-27,sh.600000,9.7700,9.8000,9.6600,9.6600,9.6700,27347564,266280883.0000,1,0,9.484842
2018-12-28,sh.600000,9.7200,9.9500,9.7100,9.8000,9.6600,27404028,269118592.0000,1,0,9.484842
2019-01-02,sh.600000,9.7400,9.7900,9.5800,9.7000,9.8000,23762822,229625669.0000,1,0,9.484842
2019-01-03,sh.600000,9.7000,9.8200,9.6600,9.8100,9.7000,18654262,181975985.0000,1,0,9.484842
2019-01-04,sh.600000,9.7300,10.0000,9.7000,9.9600,9.8100,27172844,268964563.0000,1,0,9.484842
2019-01-07,sh.600000,10.0900,10.0900,9.9200,9.9800,9.9600,23597376,235440197.0000,1,0,9.484842
2019-01-08,sh.600000,10.0300,10.0300,9.9100,9.9600,9.9800,15104933,150501650.0000,1,0,9.484842
2019-01-09,sh.600000,10.0600,10.1600,9.9800,9.9900,9.9600,23163720,233890281.0000,1,0,9.484842
2019-01-10,sh.600000,9.9400,10.0200,9.9200,9.9600,9.9900,15923566,158718755.0000,1,0,9.484842
2019-01-11,sh.600000,10.0300,10.1500,9.9600,10.0500,9.9600,19069069,191290102.0000,1,0,9.484842
2019-01-14,sh.600000,10.0300,10.1000,10.0100,10.0600,10.0500,20352840,204659052.0000,1,0,9.484842
2019-01-15,sh.600000,10.1000,10.1500,10.0500,10.1100,10.0600,15632125,158126136.0000,1,0,9.484842
2019-01-16,sh.600000,10.1000,10.1500,10.0700,10.1300,10.1100,12988340,131354721.0000,1,0,9.484842
2019-01-17,sh.600000,10.1700,10.2800,10.0700,10.1700,10.1300,22766048,232114667.0000,1,0,9.484842
2019-01-18,sh.600000,10.2900,10.4400,10.2200,10.4300,10.1700,29087141,300979124.0000,1,0,9.484842
2019-01-21,sh.600000,10.3600,10.4600,10.3000,10.3500,10.4300,18947789,196394076.0000,1,0,9.484842
2019-01-22,sh.600000,10.3800,10.3800,10.2300,10.2500,10.3500,16250557,167165417.0000,1,0,9.484842
2019-01-23,sh.600000,10.2900,10.3400,10.2500,10.2700,10.2500,16520327,170289907.0000,1,0,9.484842
2019-01-24,sh.600000,10.3400,10.3900,10.2700,10.3800,10.2700,15006699,155265972.0000,1,0,9.484842
2019-01-25,sh.600000,10.4500,10.5600,10.3800,10.5000,10.3800,19696587,206935398.0000,1,0,9.484842
2019-01-28,sh.600000,10.5300,10.6600,10.3900,10.4200,10.5000,21769073,229185387.0000,1,0,9.484842
2019-01-29,sh.600000,10.3900,10.6300,10.3800,10.5800,10.4200,23768004,250301612.0000,1,0,9.484842
2019-01-30,sh.600000,10.5900,10.6400,10.4700,10.5000,10.5800,16054256,169387635.0000,1,0,9.484842
2019-01-31,sh.600000,10.5900,10.7300,10.5100,10.7300,10.5000,25131034,267614893.0000,1,0,9.484842
2019-02-01,sh.600000,10.8200,10.8200,10.6200,10.7700,10.7300,19119343,204604273.0000,1,0,9.484842
2019-02-11,sh.600000,10.6200,10.7300,10.6200,10.7000,10.7700,20216568,215903077.0000,1,0,9.484842
2019-02-12,sh.600000,10.7100,10.7300,10.6300,10.7200,10.7000,16769601,179099038.0000,1,0,9.484842
2019-02-13,sh.600000,10.7400,10.9300,10.6800,10.8600,10.7200,30248695,325845959.0000,1,0,9.484842
2019-02-14,sh.600000,10.8500,10.9100,10.8000,10.8200,10.8600,19815286,215023175.0000,1,0,9.484842
2019-02-15,sh.600000,10.7800,10.8500,10.6600,10.6600,10.8200,17758789,190960435.0000,1,0,9.484842
2019-02-18,sh.600000,10.7500,10.8700,10.7000,10.8400,10.6600,20102219,217621153.0000,1,0,9.484842
2019-02-19,sh.600000,10.8500,10.9600,10.7800,10.8000,10.8400,25952745,281465131.0000,1,0,9.484842
2019-02-20,sh.600000,10.9200,10.9200,10.8100,10.8300,10.8000,22286311,242111573.0000,1,0,9.484842
2019-02-21,sh.600000,10.8300,10.9300,10.7500,10.7900,10.8300,25402390,275374197.0000,1,0,9.484842
2019-02-22,sh.600000,10.7600,11.0100,10.7600,11.0100,10.7900,25907438,281913760.0000,1,0,9.484842
2019-02-25,sh.600000,11.0300,11.9500,11.0300,11.9200,11.0100,93712264,1075040678.0000,1,0,9.484842
2019-02-26,sh.600000,11.9100,12.1500,11.6000,11.6500,11.9200,83643265,990289721.0000,1,0,9.484842
2019-02-27,sh.600000,11.7100,12.0700,11.6700,11.8300,11.6500,71201603,843023417.0000,1,0,9.484842
2019-02-28,sh.600000,11.8300,11.9200,11.6800,11.7400,11.8300,39393414,464139463.0000,1,0,9.484842
2019-03-01,sh.600000,11.8100,12.0600,11.6000,12.0200,11.7400,63254621,747753342.0000,1,0,9.484842
2019-03-04,sh.600000,12.1200,12.3800,11.9500,12.0200,12.0200,85024777,1030561509.0000,1,0,9.484842
2019-03-05,sh.600000,12.0100,12.0400,11.8700,11.9800,12.0200,54564202,652552200.0000,1,0,9.484842
2019-03-06,sh.600000,11.9900,12.1500,11.8600,12.0200,11.9800,53693164,644243050.0000,1,0,9.484842
2019-03-07,sh.600000,12.0300,12.0400,11.8700,11.8800,12.0200,52618824,628390863.0000,1,0,9.484842
2019-03-08,sh.600000,11.7200,11.7200,11.3600,11.5000,11.8800,52670531,609490591.0000,1,0,9.484842
2019-03-11,sh.600000,11.4400,11.5900,11.3600,11.4700,11.5000,39922020,457056506.0000,1,0,9.484842
2019-03-12,sh.600000,11.5900,11.6900,11.4000,11.4400,11.4700,52211807,602940683.0000,1,0,9.484842
2019-03-13,sh.600000,11.4100,11.5600,11.3000,11.4400,11.4400,41373014,472974759.0000,1,0,9.484842
2019-03-14,sh.600000,11.4600,11.5800,11.4300,11.4600,11.4400,34337899,395468492.0000,1,0,9.484842
2019-03-15,sh.600000,11.4700,11.6000,11.4300,11.4300,11.4600,33769320,388244487.0000,1,0,9.484842
2019-03-18,sh.600000,11.4500,11.6000,11.3700,11.5900,11.4300,43879562,503915219.0000,1,0,9.484842
2019-03-19,sh.600000,11.6300,11.6700,11.5100,11.5500,11.5900,27500231,318521475.0000,1,0,9.484842
2019-03-20,sh.600000,11.5200,11.6400,11.4900,11.5500,11.5500,27325424,315587208.0000,1,0,9.484842
2019-03-21,sh.600000,11.5600,11.5900,11.4400,11.4600,11.5500,35037035,403573243.0000,1,0,9.484842
2019-03-22,sh.600000,11.4900,11.5100,11.3100,11.3900,11.4600,35436446,403972783.0000,1,0,9.484842
2019-03-25,sh.600000,11.2800,11.2900,11.0100,11.0300,11.3900,57716577,642860108.0000,1,0,9.484842
2019-03-26,sh.600000,11.1100,11.1400,11.0300,11.0900,11.0300,30795722,341425280.0000,1,0,9.484842
2019-03-27,sh.600000,11.1100,11.2400,11.0400,11.0800,11.0900,42124489,469246326.0000,1,0,9.484842
2019-03-28,sh.600000,11.0300,11.0500,10.9000,11.0300,11.0800,29296120,321585861.0000,1,0,9.484842
2019-03-29,sh.600000,10.9800,11.3000,10.9800,11.2800,11.0300,60526266,678436536.0000,1,0,9.484842
2019-04-01,sh.600000,11.3600,11.5200,11.2900,11.4400,11.2800,70637405,808657530.0000,1,0,9.484842
2019-04-02,sh.600000,11.5000,11.5200,11.4100,11.4400,11.4400,46714710,534896816.0000,1,0,9.484842
2019-04-03,sh.600000,11.3700,11.5400,11.3400,11.5000,11.4400,50271029,575799446.0000,1,0,9.484842
2019-04-04,sh.600000,11.5500,11.7100,11.5400,11.7100,11.5000,75232527,876099547.0000,1,0,9.484842
2019-04-08,sh.600000,11.7900,11.9600,11.6500,11.7200,11.7100,77870373,920513531.0000,1,0,9.484842
2019-04-09,sh.600000,11.7200,11.7500,11.4900,11.5400,11.7200,56895992,660406225.0000,1,0,9.484842
2019-04-10,sh.600000,11.5000,11.5600,11.4200,11.4800,11.5400,41027539,470666649.0000,1,0,9.484842
2019-04-11,sh.600000,11.4700,11.5900,11.3500,11.4700,11.4800,50172794,575765348.0000,1,0,9.484842
2019-04-12,sh.600000,11.4700,11.5600,11.4300,11.4900,11.4700,26273690,301752036.0000,1,0,9.484842
2019-04-15,sh.600000,11.6700,11.7700,11.4600,11.4700,11.4900,70509167,823853432.0000,1,0,9.484842
2019-04-16,sh.600000,11.4600,11.9900,11.4300,11.9500,11.4700,100665400,1188260123.0000,1,0,9.484842
2019-04-17,sh.600000,11.9600,12.0900,11.8800,11.9100,11.9500,68157211,816127043.0000,1,0,9.484842
2019-04-18,sh.600000,11.9100,12.0500,11.8400,11.9100,11.9100,43048980,513835270.0000,1,0,9.484842
2019-04-19,sh.600000,12.0100,12.2000,11.8600,12.0100,11.9100,56013041,672739660.0000,1,0,9.484842
2019-04-22,sh.600000,12.0200,12.0700,11.6800,11.7100,12.0100,53389418,631192357.0000,1,0,9.484842
2019-04-23,sh.600000,11.6800,11.8000,11.6300,11.7000,11.7100,33847719,396659664.0000,1,0,9.484842
2019-04-24,sh.600000,11.7600,11.7700,11.5100,11.6200,11.7000,38201108,444929313.0000,1,0,9.484842
2019-04-25,sh.600000,11.5600,11.6900,11.4800,11.5400,11.6200,40876129,473973527.0000,1,0,9.484842
2019-04-26,sh.600000,11.4300,11.5600,11.2800,11.3200,11.5400,42469581,485267261.0000,1,0,9.484842
2019-04-29,sh.600000,11.3500,11.5400,11.3400,11.4800,11.3200,38586938,442046727.0000,1,0,9.484842
2019-04-30,sh.600000,11.7000,12.0900,11.7000,11.9700,11.4800,123474738,1466714710.0000,1,0,9.484842
2019-05-06,sh.600000,11.7500,11.8600,11.5400,11.8000,11.9700,124545414,1460217054.0000,1,0,9.484842
2019-05-07,sh.600000,11.8200,11.9400,11.6000,11.8000,11.8000,85489922,1010271124.0000,1,0,9.484842
2019-05-08,sh.600000,11.6400,11.7800,11.4900,11.5100,11.8000,58500103,677487368.0000,1,0,9.484842
2019-05-09,sh.600000,11.4800,11.5600,11.1000,11.1200,11.5100,64128049,722119098.0000,1,0,9.484842
2019-05-10,sh.600000,11.2300,11.4200,11.0600,11.3200,11.1200,48550722,548884302.0000,1,0,9.484842
2019-05-13,sh.600000,11.2000,11.4000,11.1500,11.3100,11.3200,40284963,455643057.0000,1,0,9.484842
2019-05-14,sh.600000,11.1800,11.4400,11.1700,11.2100,11.3100,41888998,473151522.0000,1,0,9.484842
2019-05-15,sh.600000,11.2800,11.4200,11.2300,11.3200,11.2100,34404465,389533437.0000,1,0,9.484842
2019-05-16,sh.600000,11.2800,11.3600,11.2200,11.3000,11.3200,34141755,385015233.0000,1,0,9.484842
2019-05-17,sh.600000,11.3200,11.3500,11.2000,11.2400,11.3000,38399831,433108021.0000,1,0,9.484842
2019-05-20,sh.600000,11.2800,11.4400,11.2500,11.3400,11.2400,34904438,396448397.0000,1,0,9.484842
2019-05-21,sh.600000,11.3300,11.4500,11.3100,11.3200,11.3400,32975873,374972621.0000,1,0,9.484842
2019-05-22,sh.600000,11.3200,11.3400,11.1200,11.1600,11.3200,40000391,447828812.0000,1,0,9.484842
2019-05-23,sh.600000,11.1200,11.1500,10.9500,11.1000,11.1600,36312689,401709177.0000,1,0,9.484842
2019-05-24,sh.600000,11.1700,11.2200,11.0000,11.1100,11.1000,24160265,269312449.0000,1,0,9.484842
2019-05-27,sh.600000,11.0900,11.2600,10.9600,11.2200,11.1100,35087915,390018809.0000,1,0,9.484842
2019-05-28,sh.600000,11.1900,11.3000,11.0200,11.2900,11.2200,72278135,809741253.0000,1,0,9.484842
2019-05-29,sh.600000,11.1700,11.2900,11.0700,11.1200,11.2900,40860970,455620583.0000,1,0,9.484842
2019-05-30,sh.600000,11.1800,11.1800,11.0300,11.1100,11.1200,26650033,295267455.0000,1,0,9.484842
2019-05-31,sh.600000,11.1100,11.2300,11.0500,11.1300,11.1100,36976728,412819768.0000,1,0,9.484842
2019-06-03,sh.600000,11.1700,11.2900,11.1300,11.2800,11.1300,30492063,342326268.0000,1,0,9.484842
2019-06-04,sh.600000,11.2900,11.3700,11.2600,11.3500,11.2800,25077393,283826808.0000,1,0,9.484842
2019-06-05,sh.600000,11.4300,11.5200,11.3500,11.4100,11.3500,31423641,359479709.0000,1,0,9.484842
2019-06-06,sh.600000,11.5100,11.5100,11.3800,11.4700,11.4100,26427215,303162728.0000,1,0,9.484842
2019-06-10,sh.600000,11.5700,11.7000,11.5300,11.6100,11.4700,43183779,502599177.0000,1,0,9.484842
2019-06-11,sh.600000,11.3500,11.4500,11.2700,11.4200,11.2600,52266217,594464068.0000,1,0,9.779664
2019-06-12,sh.600000,11.4200,11.7000,11.4000,11.6000,11.4200,50635228,584680927.0000,1,0,9.779664
2019-06-13,sh.600000,11.5700,11.7900,11.5000,11.7000,11.6000,46966016,548219997.0000,1,0,9.779664
2019-06-14,sh.600000,11.7400,11.8700,11.7100,11.7900,11.7000,47385174,558641883.0000,1,0,9.779664
2019-06-17,sh.600000,11.7800,11.9200,11.7500,11.7700,11.7900,35220103,416594828.0000,1,0,9.779664
2019-06-18,sh.600000,11.8200,11.9000,11.7200,11.8200,11.7700,28965124,341904864.0000,1,0,9.779664
2019-06-19,sh.600000,12.0400,12.0700,11.8100,11.8800,11.8200,44927745,537339845.0000,1,0,9.779664
2019-06-20,sh.600000,11.9500,12.3200,11.8500,12.2000,11.8800,71647496,869024541.0000,1,0,9.779664
2019-06-21,sh.600000,12.1800,12.3000,12.0300,12.0900,12.2000,55381180,670759370.0000,1,0,9.779664
2019-06-24,sh.600000,12.0900,12.1300,11.9600,12.0300,12.0900,34195336,411172373.0000,1,0,9.779664
2019-06-25,sh.600000,11.9800,11.9800,11.5100,11.6600,12.0300,80359367,940465134.0000,1,0,9.779664
2019-06-26,sh.600000,11.5600,11.7300,11.5500,11.6600,11.6600,36973199,431115050.0000,1,0,9.779664
2019-06-27,sh.600000,11.6800,11.8400,11.5500,11.6400,11.6600,47997783,561472043.0000,1,0,9.779664
2019-06-28,sh.600000,11.6700,11.6800,11.5400,11.6800,11.6400,29545173,343056316.0000,1,0,9.779664
2019-07-01,sh.600000,11.8600,11.9200,11.6900,11.7100,11.6800,54887882,646405195.0000,1,0,9.779664
2019-07-02,sh.600000,11.7200,11.7400,11.5700,11.6100,11.7100,51165729,595072188.0000,1,0,9.779664
2019-07-03,sh.600000,11.6200,11.6300,11.5100,11.5600,11.6100,36567085,422580470.0000,1,0,9.779664
2019-07-04,sh.600000,11.6100,11.6700,11.5700,11.6200,11.5600,30369201,352968330.0000,1,0,9.779664
2019-07-05,sh.600000,11.6300,11.6400,11.5300,11.5700,11.6200,25753241,298158887.0000,1,0,9.779664
2019-07-08,sh.600000,11.5600,11.5700,11.3100,11.3600,11.5700,34710676,395611376.0000,1,0,9.779664
2019-07-09,sh.600000,11.4000,11.4300,11.3300,11.3700,11.3600,21885404,248524017.0000,1,0,9.779664
2019-07-10,sh.600000,11.4300,11.4300,11.3100,11.3500,11.3700,23409890,265773696.0000,1,0,9.779664
2019-07-11,sh.600000,11.4300,11.4600,11.3400,11.4000,11.3500,23285835,265672149.0000,1,0,9.779664
2019-07-12,sh.600000,11.3900,11.6200,11.3900,11.5200,11.4000,34816996,400591791.0000,1,0,9.779664
2019-07-15,sh.600000,11.4000,11.5400,11.2200,11.5000,11.5200,40305603,459022365.0000,1,0,9.779664
2019-07-16,sh.600000,11.5000,11.5700,11.4400,11.5500,11.5000,21606007,248901949.0000,1,0,9.779664
2019-07-17,sh.600000,11.4900,11.5700,11.4600,11.4800,11.5500,17480372,201420080.0000,1,0,9.779664
2019-07-18,sh.600000,11.5300,11.5300,11.4500,11.4900,11.4800,18260034,209938962.0000,1,0,9.779664
2019-07-19,sh.600000,11.5100,11.6300,11.4900,11.5800,11.4900,19619622,227078769.0000,1,0,9.779664
2019-07-22,sh.600000,11.5400,11.6300,11.4700,11.4800,11.5800,25617875,295840612.0000,1,0,9.779664
2019-07-23,sh.600000,11.4300,11.5600,11.4300,11.4900,11.4800,17927898,206511000.0000,1,0,9.779664
2019-07-24,sh.600000,11.5400,11.6800,11.5300,11.5900,11.4900,24112288,279914884.0000,1,0,9.779664
2019-07-25,sh.600000,11.5700,11.9600,11.5700,11.8800,11.5900,55900219,660037408.0000,1,0,9.779664
2019-07-26,sh.600000,11.8300,11.9400,11.8100,11.8700,11.8800,30368988,360677451.0000,1,0,9.779664
2019-07-29,sh.600000,11.9000,11.9400,11.8000,11.8600,11.8700,21465011,254289650.0000,1,0,9.779664
2019-07-30,sh.600000,11.8400,12.0000,11.8400,11.8600,11.8600,33731002,401937925.0000,1,0,9.779664
2019-07-31,sh.600000,11.8100,11.9400,11.7300,11.8700,11.8600,30650758,362607630.0000,1,0,9.779664
2019-08-01,sh.600000,11.7600,11.8500,11.6300,11.6500,11.8700,32471702,380252159.0000,1,0,9.779664
2019-08-02,sh.600000,11.4800,11.5600,11.4100,11.4800,11.6500,38976091,447723838.0000,1,0,9.779664
2019-08-05,sh.600000,11.4200,11.4600,11.2300,11.2400,11.4800,42719073,483523857.0000,1,0,9.779664
2019-08-06,sh.600000,11.1000,11.2300,10.9700,11.0900,11.2400,45203853,501885625.0000,1,0,9.779664
2019-08-07,sh.600000,11.1400,11.1600,11.0500,11.0700,11.0900,31462085,349267412.0000,1,0,9.779664
2019-08-08,sh.600000,11.1500,11.3100,11.1100,11.2600,11.0700,33258085,373205583.0000,1,0,9.779664
2019-08-09,sh.600000,11.3100,11.4100,11.2600,11.3700,11.2600,40637993,461422060.0000,1,0,9.779664
2019-08-12,sh.600000,11.3300,11.4500,11.3100,11.4300,11.3700,34989082,398523209.0000,1,0,9.779664
2019-08-13,sh.600000,11.4000,11.4000,11.2900,11.3300,11.4300,18839979,213447653.0000,1,0,9.779664
2019-08-14,sh.600000,11.4200,11.4800,11.2800,11.2800,11.3300,19874457,225555663.0000,1,0,9.779664
2019-08-15,sh.600000,11.1600,11.3200,11.1200,11.2900,11.2800,19101192,214656224.0000,1,0,9.779664
2019-08-16,sh.600000,11.2500,11.3400,11.2100,11.2200,11.2900,24823561,279706602.0000,1,0,9.779664
2019-08-19,sh.600000,11.2200,11.3800,11.0800,11.3800,11.2200,38253341,430744321.0000,1,0,9.779664
2019-08-20,sh.600000,11.3000,11.4700,11.2800,11.3700,11.3800,23758050,270727986.0000,1,0,9.779664
2019-08-21,sh.600000,11.3500,11.4400,11.3400,11.4100,11.3700,14656537,167119481.0000,1,0,9.779664
2019-08-22,sh.600000,11.4300,11.4500,11.3700,11.4300,11.4100,15866836,180907933.0000,1,0,9.779664
2019-08-23,sh.600000,11.3900,11.5900,11.3800,11.5900,11.4300,33655377,387195405.0000,1,0,9.779664
2019-08-26,sh.600000,11.3900,11.4400,11.1500,11.3000,11.5900,41845176,472500378.0000,1,0,9.779664
2019-08-27,sh.600000,11.3700,11.5700,11.3000,11.3000,11.3000,66247458,756664142.0000,1,0,9.779664
2019-08-28,sh.600000,11.3700,11.4000,11.3000,11.3200,11.3000,25525597,289685352.0000,1,0,9.779664
2019-08-29,sh.600000,11.3000,11.3500,11.1800,11.2300,11.3200,28049594,315060610.0000,1,0,9.779664
2019-08-30,sh.600000,11.3400,11.3700,11.2200,11.2800,11.2300,25424004,287099396.0000,1,0,9.779664
2019-09-02,sh.600000,11.3000,11.4200,11.2400,11.3400,11.2800,27749879,315706922.0000,1,0,9.779664
2019-09-03,sh.600000,11.3900,11.4100,11.3100,11.3500,11.3400,16286609,184932344.0000,1,0,9.779664
2019-09-04,sh.600000,11.4000,11.5000,11.3600,11.4900,11.3500,30670961,350981214.0000,1,0,9.779664
2019-09-05,sh.600000,11.5000,11.7400,11.5000,11.6200,11.4900,46828000,544694736.0000,1,0,9.779664
2019-09-06,sh.600000,11.6800,11.7000,11.5800,11.6900,11.6200,34392057,400477410.0000,1,0,9.779664
2019-09-09,sh.600000,11.7800,11.7900,11.6800,11.7500,11.6900,40059368,470186970.0000,1,0,9.779664
2019-09-10,sh.600000,11.7900,11.8600,11.6900,11.8500,11.7500,37041097,437072473.0000,1,0,9.779664
2019-09-11,sh.600000,11.8500,12.0000,11.8500,11.9500,11.8500,39063654,466909327.0000,1,0,9.779664
2019-09-12,sh.600000,12.0800,12.0900,11.9200,12.0000,11.9500,26104824,313028158.0000,1,0,9.779664
2019-09-16,sh.600000,11.9900,12.0100,11.8300,11.9300,12.0000,25489116,303225647.0000,1,0,9.779664
2019-09-17,sh.600000,11.9600,12.0100,11.7700,11.8100,11.9300,33558932,399569109.0000,1,0,9.779664
2019-09-18,sh.600000,11.9400,12.0000,11.8700,11.9300,11.8100,31387271,375059086.0000,1,0,9.779664
2019-09-19,sh.600000,12.0000,12.0000,11.8800,11.9400,11.9300,23742171,283084515.0000,1,0,9.779664
2019-09-20,sh.600000,11.9900,11.9900,11.8500,11.9500,11.9400,40109279,478010547.0000,1,0,9.779664
2019-09-23,sh.600000,11.9000,11.9200,11.6800,11.7500,11.9500,27710795,325475285.0000,1,0,9.779664
2019-09-24,sh.600000,11.8100,11.8600,11.7300,11.7500,11.7500,21870962,257910160.0000,1,0,9.779664
2019-09-25,sh.600000,11.7500,11.9500,11.6900,11.8100,11.7500,30136356,356897100.0000,1,0,9.779664
2019-09-26,sh.600000,11.8800,12.1800,11.8400,11.9700,11.8100,72726461,876687793.0000,1,0,9.779664
2019-09-27,sh.600000,11.9500,11.9900,11.7600,11.9000,11.9700,36807878,437372188.0000,1,0,9.779664
2019-09-30,sh.600000,11.8500,12.0700,11.8100,11.8400,11.9000,35947577,430109099.0000,1,0,9.779664
2019-10-08,sh.600000,11.8000,12.0300,11.8000,11.9000,11.8400,32415886,386027564.0000,1,0,9.779664
2019-10-09,sh.600000,11.8200,12.1300,11.8000,11.9900,11.9000,42209602,506474302.0000,1,0,9.779664
2019-10-10,sh.600000,12.0200,12.0400,11.9100,11.9600,11.9900,27261229,326023332.0000,1,0,9.779664
2019-10-11,sh.600000,12.0500,12.4500,12.0000,12.4500,11.9600,92030800,1131441679.0000,1,0,9.779664
2019-10-14,sh.600000,12.5900,13.2200,12.5200,12.9400,12.4500,123970103,1596408955.0000,1,0,9.779664
2019-10-15,sh.600000,12.9500,13.1400,12.8600,13.0900,12.9400,73394591,952804782.0000,1,0,9.779664
2019-10-16,sh.600000,13.0800,13.3300,12.9000,13.0800,13.0900,67002223,876221010.0000,1,0,9.779664
2019-10-17,sh.600000,13.0700,13.2500,13.0300,13.1700,13.0800,47869313,628571153.0000,1,0,9.779664
2019-10-18,sh.600000,13.2400,13.2900,12.7200,12.7800,13.1700,64992896,840281772.0000,1,0,9.779664
2019-10-21,sh.600000,12.8000,13.0300,12.7500,12.9100,12.7800,38996287,502880211.0000,1,0,9.779664
2019-10-22,sh.600000,13.0300,13.0500,12.7700,12.9300,12.9100,31396257,404182674.0000,1,0,9.779664
2019-10-23,sh.600000,12.8900,12.9500,12.7700,12.8600,12.9300,32821414,422141011.0000,1,0,9.779664
2019-10-24,sh.600000,12.9800,13.2400,12.9500,13.0900,12.8600,103158806,1347032670.0000,1,0,9.779664
2019-10-25,sh.600000,13.0900,13.0900,12.7800,12.9000,13.0900,97876357,1260246484.0000,1,0,9.779664
2019-10-28,sh.600000,12.7500,12.8800,12.6500,12.7000,12.9000,72380466,919894887.0000,1,0,9.779664
2019-10-29,sh.600000,12.7400,12.8500,12.6200,12.7700,12.7000,52604090,669546625.0000,1,0,9.779664
2019-10-30,sh.600000,12.7500,12.7900,12.5200,12.5900,12.7700,53734730,678152770.0000,1,0,9.779664
2019-10-31,sh.600000,12.6800,12.7000,12.5000,12.5100,12.5900,33347533,419182995.0000,1,0,9.779664
2019-11-01,sh.600000,12.5000,12.8300,12.4400,12.7500,12.5100,62705733,793656950.0000,1,0,9.779664
2019-11-04,sh.600000,12.7500,12.8900,12.6900,12.7400,12.7500,49737996,634816416.0000,1,0,9.779664
2019-11-05,sh.600000,12.7400,13.1900,12.6900,12.9500,12.7400,74274389,962257376.0000,1,0,9.779664
2019-11-06,sh.600000,12.9500,13.1000,12.8600,12.9200,12.9500,46023920,597016896.0000,1,0,9.779664
2019-11-07,sh.600000,12.9500,12.9500,12.7100,12.7600,12.9200,46267281,592408771.0000,1,0,9.779664
2019-11-08,sh.600000,12.8000,12.8100,12.5600,12.5700,12.7600,48841866,617218205.0000,1,0,9.779664
2019-11-11,sh.600000,12.4800,12.4800,12.2900,12.2900,12.5700,38594267,477989511.0000,1,0,9.779664
2019-11-12,sh.600000,12.3100,12.3600,12.1700,12.2400,12.2900,39239395,480742763.0000,1,0,9.779664
2019-11-13,sh.600000,12.2100,12.2900,12.1500,12.2300,12.2400,32274979,394505189.0000,1,0,9.779664
2019-11-14,sh.600000,12.2300,12.2700,12.1000,12.1400,12.2300,28943647,351795388.0000,1,0,9.779664
2019-11-15,sh.600000,12.2200,12.2600,12.1200,12.1500,12.1400,27324299,332797325.0000,1,0,9.779664
2019-11-18,sh.600000,12.1700,12.3500,12.1300,12.2400,12.1500,28796529,352880166.0000,1,0,9.779664
2019-11-19,sh.600000,12.2000,12.3100,12.1800,12.2300,12.2400,29370803,359115488.0000,1,0,9.779664
2019-11-20,sh.600000,12.1700,12.2200,12.0100,12.0400,12.2300,38092059,460234691.0000,1,0,9.779664
2019-11-21,sh.600000,12.0000,12.0400,11.9100,11.9600,12.0400,34617175,414077527.0000,1,0,9.779664
2019-11-22,sh.600000,12.0100,12.0600,11.9400,11.9900,11.9600,29531099,354250530.0000,1,0,9.779664
2019-11-25,sh.600000,12.0300,12.1400,12.0000,12.0700,11.9900,25153256,303962341.0000,1,0,9.779664
2019-11-26,sh.600000,12.1500,12.1700,11.9800,12.0600,12.0700,59633264,719075408.0000,1,0,9.779664
2019-11-27,sh.600000,12.0700,12.0700,11.9000,11.9900,12.0600,28703956,343598879.0000,1,0,9.779664
2019-11-28,sh.600000,12.0000,12.0100,11.9200,11.9600,11.9900,17797225,212826181.0000,1,0,9.779664
2019-11-29,sh.600000,11.9300,12.0700,11.8900,11.9100,11.9600,24566935,293541788.0000,1,0,9.779664
2019-12-02,sh.600000,11.9600,11.9700,11.8200,11.8700,11.9100,22163020,263131788.0000,1,0,9.779664
2019-12-03,sh.600000,11.8100,11.9000,11.7700,11.8600,11.8700,19557865,231361399.0000,1,0,9.779664
2019-12-04,sh.600000,11.7800,11.8300,11.7000,11.7500,11.8600,24734662,290465763.0000,1,0,9.779664
2019-12-05,sh.600000,11.7900,11.8900,11.7600,11.8900,11.7500,24976130,295963968.0000,1,0,9.779664
2019-12-06,sh.600000,11.9200,11.9500,11.8300,11.9200,11.8900,20654438,245635919.0000,1,0,9.779664
2019-12-09,sh.600000,11.9000,11.9300,11.8500,11.9000,11.9200,17349258,206211639.0000,1,0,9.779664
2019-12-10,sh.600000,11.8800,11.9100,11.8600,11.8600,11.9000,15324640,181988682.0000,1,0,9.779664
2019-12-11,sh.600000,11.8800,11.9900,11.8500,11.9800,11.8600,33409045,398582360.0000,1,0,9.779664
2019-12-12,sh.600000,11.9900,11.9900,11.8800,11.9000,11.9800,27021203,321917933.0000,1,0,9.779664
2019-12-13,sh.600000,11.9800,12.1200,11.9400,12.1200,11.9000,59520554,716034787.0000,1,0,9.779664
2019-12-16,sh.600000,12.1200,12.1500,12.0000,12.1300,12.1200,37971632,458170277.0000,1,0,9.779664
2019-12-17,sh.600000,12.1700,12.5100,12.1000,12.3900,12.1300,57435605,707895681.0000,1,0,9.779664
2019-12-18,sh.600000,12.3600,12.5000,12.3400,12.4000,12.3900,34565268,428827229.0000,1,0,9.779664
2019-12-19,sh.600000,12.4000,12.5000,12.3800,12.4100,12.4000,23789907,295686647.0000,1,0,9.779664
2019-12-20,sh.600000,12.4100,12.5500,12.3800,12.4200,12.4100,40150148,500592355.0000,1,0,9.779664
2019-12-23,sh.600000,12.4600,12.4600,12.1700,12.2000,12.4200,37033891,455979055.0000,1,0,9.779664
2019-12-24,sh.600000,12.2100,12.2900,12.2000,12.2800,12.2000,21671029,265496459.0000,1,0,9.779664
2019-12-25,sh.600000,12.2900,12.2900,12.2000,12.2400,12.2800,13678175,167407896.0000,1,0,9.779664
2019-12-26,sh.600000,12.2600,12.3200,12.2300,12.2900,12.2400,15739054,193083033.0000,1,0,9.779664
2019-12-27,sh.600000,12.2500,12.4300,12.2500,12.3200,12.2900,27932109,344832499.0000,1,0,9.779664
2019-12-30,sh.600000,12.2700,12.3600,12.1200,12.3400,12.3200,41051555,503090483.0000,1,0,9.779664
2019-12-31,sh.600000,12.3200,12.3800,12.2100,12.3700,12.3400,31953628,392736236.0000,1,0,9.779664
2020-01-02,sh.600000,12.4700,12.6400,12.4500,12.4700,12.3700,51629079,647446166.0000,1,0,9.779664
2020-01-03,sh.600000,12.5700,12.6300,12.4700,12.6000,12.4700,38018810,477053357.0000,1,0,9.779664
2020-01-06,sh.600000,12.5200,12.6500,12.4200,12.4600,12.6000,41001193,514432551.0000,1,0,9.779664
2020-01-07,sh.600000,12.5100,12.6000,12.4600,12.5000,12.4600,28421482,355811756.0000,1,0,9.779664
2020-01-08,sh.600000,12.4100,12.4500,12.2500,12.3200,12.5000,35240536,434980266.0000,1,0,9.779664
2020-01-09,sh.600000,12.3900,12.4300,12.3500,12.3700,12.3200,26151448,324168061.0000,1,0,9.779664
2020-01-10,sh.600000,12.3700,12.4200,12.3100,12.3900,12.3700,18321252,226580302.0000,1,0,9.779664
2020-01-13,sh.600000,12.4000,12.4100,12.3100,12.4100,12.3900,20715566,255982380.0000,1,0,9.779664
2020-01-14,sh.600000,12.4000,12.6900,12.3900,12.4300,12.4100,29994561,374971640.0000,1,0,9.779664
2020-01-15,sh.600000,12.4100,12.4500,12.2500,12.2500,12.4300,31897217,392531149.0000,1,0,9.779664
2020-01-16,sh.600000,12.2800,12.3100,12.1600,12.2000,12.2500,22454876,274130148.0000,1,0,9.779664
2020-01-17,sh.600000,12.2200,12.2900,12.1600,12.2300,12.2000,17593111,215028083.0000,1,0,9.779664
2020-01-20,sh.600000,12.2600,12.2700,12.1900,12.2500,12.2300,23734609,290296136.0000,1,0,9.779664
2020-01-21,sh.600000,12.2000,12.2500,12.0400,12.0800,12.2500,31787474,384580844.0000,1,0,9.779664
2020-01-22,sh.600000,11.7000,11.8400,11.6500,11.7700,12.0800,78133556,917203481.0000,1,0,9.779664
2020-01-23,sh.600000,11.7500,11.7500,11.3200,11.3500,11.7700,76534796,879151046.0000,1,0,9.779664
2020-02-03,sh.600000,10.2200,10.6900,10.2200,10.4700,11.3500,95367382,997686058.0000,1,0,9.779664
2020-02-04,sh.600000,10.5100,10.7400,10.4800,10.6600,10.4700,66783767,710434836.0000,1,0,9.779664
2020-02-05,sh.600000,10.6900,10.7800,10.5800,10.7000,10.6600,45046658,481639081.0000,1,0,9.779664
2020-02-06,sh.600000,10.8100,10.8600,10.6500,10.7900,10.7000,38023801,408101901.0000,1,0,9.779664
2020-02-07,sh.600000,10.7300,10.9100,10.6700,10.8600,10.7900,31896956,342581621.0000,1,0,9.779664
2020-02-10,sh.600000,10.7600,10.8400,10.7100,10.7700,10.8600,34032121,366391170.0000,1,0,9.779664
2020-02-11,sh.600000,10.8200,10.9500,10.7800,10.8600,10.7700,34856302,378583345.0000,1,0,9.779664
2020-02-12,sh.600000,10.8400,10.8800,10.7600,10.8600,10.8600,26313927,284693716.0000,1,0,9.779664
2020-02-13,sh.600000,10.8200,10.8800,10.7600,10.7600,10.8600,22630613,244794981.0000,1,0,9.779664
2020-02-14,sh.600000,10.7600,10.8800,10.7400,10.8600,10.7600,22360549,242102421.0000,1,0,9.779664
2020-02-17,sh.600000,10.8800,11.2100,10.8600,11.1800,10.8600,41343320,457641227.0000,1,0,9.779664
2020-02-18,sh.600000,11.0900,11.1800,11.0400,11.0600,11.1800,30162703,334474238.0000,1,0,9.779664
2020-02-19,sh.600000,11.0800,11.2400,11.0400,11.1100,11.0600,25100157,279375283.0000,1,0,9.779664
2020-02-20,sh.600000,11.1700,11.2700,11.0600,11.2300,11.1100,36656416,408938116.0000,1,0,9.779664
2020-02-21,sh.600000,11.2300,11.3900,11.2100,11.3000,11.2300,38949418,439706991.0000,1,0,9.779664
2020-02-24,sh.600000,11.2300,11.3400,11.1000,11.1600,11.3000,44738622,501186013.0000,1,0,9.779664
2020-02-25,sh.600000,11.0700,11.1500,11.0100,11.0900,11.1600,48324564,535241824.0000,1,0,9.779664
2020-02-26,sh.600000,11.0100,11.3300,11.0100,11.2000,11.0900,51906287,581437742.0000,1,0,9.779664
2020-02-27,sh.600000,11.2000,11.3000,11.1300,11.2100,11.2000,33029824,370549707.0000,1,0,9.779664
2020-02-28,sh.600000,11.1100,11.1800,10.8500,10.8500,11.2100,50137988,550529618.0000,1,0,9.779664
2020-03-02,sh.600000,10.9500,11.1000,10.9200,11.0400,10.8500,39245056,432698824.0000,1,0,9.779664
2020-03-03,sh.600000,11.1300,11.2300,11.0400,11.0600,11.0400,39332460,437422565.0000,1,0,9.779664
2020-03-04,sh.600000,11.0100,11.1000,10.9500,11.0300,11.0600,34628358,381014627.0000,1,0,9.779664
2020-03-05,sh.600000,11.0800,11.3200,11.0300,11.3200,11.0300,73047882,819311470.0000,1,0,9.779664
2020-03-06,sh.600000,11.2300,11.2800,11.1100,11.1200,11.3200,41587820,464404003.0000,1,0,9.779664
2020-03-09,sh.600000,11.0000,11.0000,10.7500,10.7800,11.1200,59495242,644379973.0000,1,0,9.779664
2020-03-10,sh.600000,10.7100,10.9600,10.7000,10.8700,10.7800,44761737,485896696.0000,1,0,9.779664
2020-03-11,sh.600000,10.9300,10.9300,10.7700,10.7700,10.8700,31688826,343734180.0000,1,0,9.779664
2020-03-12,sh.600000,10.7500,10.7500,10.6100,10.6400,10.7700,32632350,348157969.0000,1,0,9.779664
2020-03-13,sh.600000,10.4000,10.7300,10.2800,10.7000,10.6400,57457109,603756305.0000,1,0,9.779664
2020-03-16,sh.600000,10.7000,10.7800,10.5000,10.5100,10.7000,47649924,507308318.0000,1,0,9.779664
2020-03-17,sh.600000,10.6800,10.6900,10.2900,10.4300,10.5100,42139008,440636619.0000,1,0,9.779664
2020-03-18,sh.600000,10.4000,10.5000,10.2000,10.2100,10.4300,33176646,343553119.0000,1,0,9.779664
2020-03-19,sh.600000,10.1900,10.3400,9.8600,9.9400,10.2100,55707113,558047012.0000,1,0,9.779664
2020-03-20,sh.600000,10.1200,10.1800,9.9600,10.0900,9.9400,42609358,428744766.0000,1,0,9.779664
2020-03-23,sh.600000,9.9500,9.9500,9.8200,9.8400,10.0900,28286030,279043930.0000,1,0,9.779664
2020-03-24,sh.600000,10.0300,10.1300,9.9800,10.0600,9.8400,28990754,291586379.0000,1,0,9.779664
2020-03-25,sh.600000,10.2000,10.2700,10.1200,10.1500,10.0600,32172278,327768574.0000,1,0,9.779664
2020-03-26,sh.600000,10.1000,10.3700,10.0800,10.2300,10.1500,30921803,315960382.0000,1,0,9.779664
2020-03-27,sh.600000,10.3500,10.3800,10.2000,10.2400,10.2300,27107951,278718751.0000,1,0,9.779664
2020-03-30,sh.600000,10.1800,10.2800,10.1100,10.2800,10.2400,26046018,265782024.0000,1,0,9.779664
2020-03-31,sh.600000,10.3000,10.3600,10.1300,10.1500,10.2800,26144854,267681227.0000,1,0,9.779664
2020-04-01,sh.600000,10.1100,10.2600,10.0900,10.0900,10.1500,22479192,228559545.0000,1,0,9.779664
2020-04-02,sh.600000,10.0900,10.2000,10.0700,10.2000,10.0900,17042135,172675321.0000,1,0,9.779664
2020-04-03,sh.600000,10.1300,10.2100,10.1200,10.1500,10.2000,14842382,150706819.0000,1,0,9.779664
2020-04-07,sh.600000,10.3000,10.3300,10.2300,10.2800,10.1500,23825611,244911012.0000,1,0,9.779664
2020-04-08,sh.600000,10.2500,10.2900,10.1800,10.2400,10.2800,17952255,183606904.0000,1,0,9.779664
2020-04-09,sh.600000,10.2600,10.2900,10.1800,10.2000,10.2400,13569586,138881044.0000,1,0,9.779664
2020-04-10,sh.600000,10.2200,10.2400,10.1500,10.2100,10.2000,16625528,169625912.0000,1,0,9.779664
2020-04-13,sh.600000,10.1500,10.2200,10.1000,10.1100,10.2100,11966986,121315470.0000,1,0,9.779664
2020-04-14,sh.600000,10.1700,10.2500,10.1200,10.2500,10.1100,17792926,181192027.0000,1,0,9.779664
2020-04-15,sh.600000,10.2000,10.2700,10.1500,10.1800,10.2500,14945608,152284659.0000,1,0,9.779664
2020-04-16,sh.600000,10.1000,10.1800,10.1000,10.1600,10.1800,14403197,145969853.0000,1,0,9.779664
2020-04-17,sh.600000,10.1800,10.2300,10.1500,10.2000,10.1600,22744411,231788988.0000,1,0,9.779664
2020-04-20,sh.600000,10.1500,10.1900,10.0900,10.1100,10.2000,23503715,237574344.0000,1,0,9.779664
2020-04-21,sh.600000,10.0700,10.1200,10.0100,10.0300,10.1100,17557525,176508085.0000,1,0,9.779664
2020-04-22,sh.600000,10.0200,10.0700,9.9800,10.0700,10.0300,15802441,158372535.0000,1,0,9.779664
2020-04-23,sh.600000,10.1000,10.1000,10.0100,10.0600,10.0700,16878643,169579075.0000,1,0,9.779664
2020-04-24,sh.600000,10.0600,10.0900,10.0100,10.0600,10.0600,16973113,170599170.0000,1,0,9.779664
2020-04-27,sh.600000,10.1500,10.4200,10.1500,10.3400,10.0600,50342806,520243997.0000,1,0,9.779664
2020-04-28,sh.600000,10.3600,10.3800,10.2200,10.3300,10.3400,29222578,301584635.0000,1,0,9.779664
2020-04-29,sh.600000,10.3500,10.6100,10.3300,10.6100,10.3300,35056836,367739389.0000,1,0,9.779664
2020-04-30,sh.600000,10.5800,10.7900,10.5600,10.6300,10.6100,30906971,330157488.0000,1,0,9.779664
2020-05-06,sh.600000,10.4400,10.4900,10.3600,10.4600,10.6300,41378362,431336740.0000,1,0,9.779664
2020-05-07,sh.600000,10.4500,10.4600,10.3700,10.3900,10.4600,26211656,272516386.0000,1,0,9.779664
2020-05-08,sh.600000,10.4400,10.4900,10.4000,10.4400,10.3900,20927670,218698514.0000,1,0,9.779664
2020-05-11,sh.600000,10.4400,10.5400,10.4200,10.4300,10.4400,21472495,224819916.0000,1,0,9.779664
2020-05-12,sh.600000,10.4400,10.4800,10.3400,10.3400,10.4300,19405945,201474588.0000,1,0,9.779664
2020-05-13,sh.600000,10.3100,10.3900,10.2800,10.3800,10.3400,15574310,160783648.0000,1,0,9.779664
2020-05-14,sh.600000,10.3200,10.3600,10.2700,10.3000,10.3800,15892376,163558192.0000,1,0,9.779664
2020-05-15,sh.600000,10.3600,10.3800,10.2600,10.2800,10.3000,13753770,141846602.0000,1,0,9.779664
2020-05-18,sh.600000,10.2800,10.4300,10.2500,10.3200,10.2800,15675941,162140715.0000,1,0,9.779664
2020-05-19,sh.600000,10.4500,10.4500,10.3400,10.3500,10.3200,12576997,130445254.0000,1,0,9.779664
2020-05-20,sh.600000,10.3700,10.4200,10.3300,10.4100,10.3500,20046300,208195248.0000,1,0,9.779664
2020-05-21,sh.600000,10.4400,10.4400,10.3300,10.3300,10.4100,14361684,149140643.0000,1,0,9.779664
2020-05-22,sh.600000,10.3000,10.3400,10.1400,10.1400,10.3300,23722915,243204611.0000,1,0,9.779664
2020-05-25,sh.600000,10.3000,10.3100,10.1300,10.2700,10.1400,15722012,160438358.0000,1,0,9.779664
2020-05-26,sh.600000,10.3200,10.3200,10.2500,10.2700,10.2700,14372249,147713417.0000,1,0,9.779664
2020-05-27,sh.600000,10.2800,10.3800,10.2500,10.3500,10.2700,20145712,208419130.0000,1,0,9.779664
2020-05-28,sh.600000,10.3600,10.5500,10.3600,10.5300,10.3500,38263189,401358593.0000,1,0,9.779664
2020-05-29,sh.600000,10.4500,10.5700,10.4500,10.5700,10.5300,30659227,322828566.0000,1,0,9.779664
2020-06-01,sh.600000,10.6300,10.7200,10.5700,10.6500,10.5700,28612841,304346423.0000,1,0,9.779664
2020-06-02,sh.600000,10.5800,10.7400,10.5800,10.6800,10.6500,25922545,276609954.0000,1,0,9.779664
2020-06-03,sh.600000,10.7500,10.8700,10.7000,10.7000,10.6800,27352188,294473001.0000,1,0,9.779664
2020-06-04,sh.600000,10.8000,10.8000,10.6400,10.6400,10.7000,17559033,187688384.0000,1,0,9.779664
2020-06-05,sh.600000,10.6800,10.6900,10.5600,10.6700,10.6400,20958291,222668156.0000,1,0,9.779664
2020-06-08,sh.600000,10.6400,10.7200,10.6000,10.6100,10.6700,18251152,194265349.0000,1,0,9.779664
2020-06-09,sh.600000,10.6200,10.7200,10.5800,10.6800,10.6100,17263160,184089097.0000,1,0,9.779664
2020-06-10,sh.600000,10.7100,10.7100,10.5800,10.5800,10.6800,16693480,177440922.0000,1,0,9.779664
2020-06-11,sh.600000,10.5800,10.6100,10.4500,10.4800,10.5800,25171455,264822302.0000,1,0,9.779664
2020-06-12,sh.600000,10.5800,10.5800,10.4300,10.5500,10.4800,25514482,267574331.0000,1,0,9.779664
2020-06-15,sh.600000,10.4100,10.4900,10.3500,10.3500,10.5500,25497883,265574307.0000,1,0,9.779664
2020-06-16,sh.600000,10.4400,10.5000,10.4000,10.4500,10.3500,17682742,184966297.0000,1,0,9.779664
2020-06-17,sh.600000,10.4400,10.5100,10.4300,10.4700,10.4500,16148594,169024390.0000,1,0,9.779664
2020-06-18,sh.600000,10.4200,10.5700,10.3900,10.5000,10.4700,20856551,218713603.0000,1,0,9.779664
2020-06-19,sh.600000,10.5600,10.6800,10.5000,10.6100,10.5000,39814479,422462428.0000,1,0,9.779664
2020-06-22,sh.600000,10.5700,10.6600,10.5300,10.5500,10.6100,24611903,260728901.0000,1,0,9.779664
2020-06-23,sh.600000,10.5100,10.5700,10.4700,10.4800,10.5500,19602212,206109220.0000,1,0,9.779664
2020-06-24,sh.600000,10.5400,10.6100,10.5000,10.6000,10.4800,22873884,241489165.0000,1,0,9.779664
2020-06-29,sh.600000,10.6300,10.7300,10.4900,10.5700,10.6000,27875619,295223647.0000,1,0,9.779664
2020-06-30,sh.600000,10.5900,10.6400,10.5400,10.5800,10.5700,22886764,242601910.0000,1,0,9.779664
2020-07-01,sh.600000,10.5900,10.7600,10.5500,10.7400,10.5800,36690710,390832225.0000,1,0,9.779664
2020-07-02,sh.600000,10.7300,11.0500,10.7000,11.0500,10.7400,60951268,663308323.0000,1,0,9.779664
2020-07-03,sh.600000,11.0800,11.2600,11.0200,11.1900,11.0500,82238477,916157920.0000,1,0,9.779664
2020-07-06,sh.600000,11.3000,12.3100,11.2900,12.2000,11.1900,149558001,1776417981.0000,1,0,9.779664
2020-07-07,sh.600000,12.4500,12.6900,12.1000,12.1100,12.2000,131469759,1621839646.0000,1,0,9.779664
2020-07-08,sh.600000,12.1700,12.4400,12.0300,12.1400,12.1100,104879230,1282339816.0000,1,0,9.779664
2020-07-09,sh.600000,12.2600,12.2600,11.9400,11.9900,12.1400,91311738,1101713242.0000,1,0,9.779664
2020-07-10,sh.600000,11.9800,12.0900,11.5500,11.6000,11.9900,78611864,925839420.0000,1,0,9.779664
2020-07-13,sh.600000,11.6000,11.8500,11.5600,11.6600,11.6000,96564333,1128297577.0000,1,0,9.779664
2020-07-14,sh.600000,11.6100,11.6900,11.3300,11.3800,11.6600,79944260,919482272.0000,1,0,9.779664
2020-07-15,sh.600000,11.4700,11.4700,11.1400,11.1800,11.3800,92438310,1042128861.0000,1,0,9.779664
2020-07-16,sh.600000,11.2500,11.4800,11.2000,11.2000,11.1800,96614162,1094090004.0000,1,0,9.779664
2020-07-17,sh.600000,11.3700,11.3900,11.1700,11.2700,11.2000,68639480,771657319.0000,1,0,9.779664
2020-07-20,sh.600000,11.3200,11.5700,11.2700,11.5200,11.2700,78766518,901216619.0000,1,0,9.779664
2020-07-21,sh.600000,11.5900,11.6100,11.4000,11.5400,11.5200,55004587,632576750.4800,1,0,9.779664
2020-07-22,sh.600000,11.5500,11.7500,11.5000,11.6200,11.5400,98687637,1147395851.0800,1,0,9.779664
2020-07-23,sh.600000,10.9900,10.9900,10.6100,10.8400,11.0200,86806896,937319747.4400,1,0,10.312133
2020-07-24,sh.600000,10.7800,10.8000,10.4000,10.4200,10.8400,72886391,769923511.0200,1,0,10.312133
2020-07-27,sh.600000,10.5500,10.5500,10.3200,10.3700,10.4200,44655910,465608566.0200,1,0,10.312133
2020-07-28,sh.600000,10.4600,10.5400,10.3500,10.3900,10.3700,32599274,339999710.6400,1,0,10.312133
2020-07-29,sh.600000,10.3500,10.5400,10.3200,10.5100,10.3900,45256602,474093212.7100,1,0,10.312133
2020-07-30,sh.600000,10.5100,10.5300,10.4000,10.4000,10.5100,40443481,422561053.5800,1,0,10.312133
2020-07-31,sh.600000,10.4100,10.5200,10.3100,10.3600,10.4000,65368427,679850126.0200,1,0,10.312133
2020-08-03,sh.600000,10.4000,10.4800,10.3700,10.4100,10.3600,56272005,586201746.4000,1,0,10.312133
2020-08-04,sh.600000,10.4600,10.7200,10.4300,10.6600,10.4100,88522454,937235108.7800,1,0,10.312133
2020-08-05,sh.600000,10.6400,10.6400,10.4500,10.5100,10.6600,46011280,483338972.0200,1,0,10.312133
2020-08-06,sh.600000,10.5700,10.6300,10.4100,10.5300,10.5100,42484232,445698833.1400,1,0,10.312133
2020-08-07,sh.600000,10.5100,10.5300,10.3600,10.4300,10.5300,44271966,461730420.8800,1,0,10.312133
2020-08-10,sh.600000,10.4200,10.5700,10.3900,10.5200,10.4300,48973967,514604347.7700,1,0,10.312133
2020-08-11,sh.600000,10.5800,10.6800,10.4500,10.4700,10.5200,63673224,676102351.1700,1,0,10.312133
2020-08-12,sh.600000,10.4900,10.6000,10.4600,10.5600,10.4700,43268629,455458282.1200,1,0,10.312133
2020-08-13,sh.600000,10.6000,10.6100,10.5000,10.5100,10.5600,25798477,271625415.1200,1,0,10.312133
2020-08-14,sh.600000,10.5300,10.6000,10.4800,10.5900,10.5100,37584530,396506222.6300,1,0,10.312133
2020-08-17,sh.600000,10.5900,10.9800,10.5700,10.8400,10.5900,98742699,1066482968.3100,1,0,10.312133
2020-08-18,sh.600000,10.8500,10.8500,10.6300,10.6900,10.8400,54091961,580056196.3200,1,0,10.312133
2020-08-19,sh.600000,10.6900,10.7400,10.5700,10.5800,10.6900,43448106,462151805.4300,1,0,10.312133
2020-08-20,sh.600000,10.5600,10.5700,10.4300,10.4700,10.5800,53539028,559975457.1000,1,0,10.312133
2020-08-21,sh.600000,10.5600,10.5600,10.4500,10.5000,10.4700,31451520,329790600.6200,1,0,10.312133
2020-08-24,sh.600000,10.5700,10.5700,10.4400,10.4600,10.5000,38982822,408922474.8500,1,0,10.312133
2020-08-25,sh.600000,10.4800,10.5100,10.4100,10.4500,10.4600,37897250,396122405.2800,1,0,10.312133
2020-08-26,sh.600000,10.4400,10.4500,10.3500,10.3700,10.4500,39278732,408174291.9000,1,0,10.312133
2020-08-27,sh.600000,10.3800,10.4000,10.3200,10.3500,10.3700,30462492,315213297.1200,1,0,10.312133
2020-08-28,sh.600000,10.3500,10.4600,10.3100,10.4600,10.3500,53131203,552429110.6800,1,0,10.312133
2020-08-31,sh.600000,10.4600,10.5100,10.3200,10.3600,10.4600,80037356,835524366.2700,1,0,10.312133
2020-09-01,sh.600000,10.3100,10.3600,10.2600,10.2900,10.3600,53931233,555922098.7400,1,0,10.312133
2020-09-02,sh.600000,10.2800,10.2900,10.1200,10.1800,10.2900,56787081,578763478.8800,1,0,10.312133
2020-09-03,sh.600000,10.1900,10.2300,10.1100,10.1200,10.1800,40832020,414701608.0100,1,0,10.312133
2020-09-04,sh.600000,10.0700,10.1500,10.0100,10.0700,10.1200,38443982,387141417.9400,1,0,10.312133
2020-09-07,sh.600000,10.0700,10.1600,10.0100,10.0100,10.0700,58564585,589509231.0200,1,0,10.312133
2020-09-08,sh.600000,10.0700,10.0900,10.0100,10.0500,10.0100,52972540,532346432.8700,1,0,10.312133
2020-09-09,sh.600000,10.0100,10.0800,10.0000,10.0100,10.0500,49418500,496009217.1600,1,0,10.312133
2020-09-10,sh.600000,10.0600,10.0600,9.9400,9.9600,10.0100,54169916,540727380.9400,1,0,10.312133
2020-09-11,sh.600000,9.9500,9.9600,9.8500,9.9200,9.9600,49947642,494619679.9000,1,0,10.312133
2020-09-14,sh.600000,9.9500,9.9500,9.8600,9.9000,9.9200,38851230,384257705.8000,1,0,10.312133
2020-09-15,sh.600000,9.9100,9.9200,9.8500,9.8600,9.9000,46601549,459933677.8500,1,0,10.312133
2020-09-16,sh.600000,9.8700,9.9000,9.8000,9.8600,9.8600,51470657,507227129.4500,1,0,10.312133
2020-09-17,sh.600000,9.8700,9.8900,9.8000,9.8300,9.8600,43171675,424496711.8200,1,0,10.312133
2020-09-18,sh.600000,9.8400,9.9400,9.8000,9.9400,9.8300,95230581,941630507.9200,1,0,10.312133
2020-09-21,sh.600000,9.9400,9.9700,9.8300,9.8400,9.9400,55998716,553037614.4800,1,0,10.312133
2020-09-22,sh.600000,9.8100,9.8400,9.6900,9.7000,9.8400,65952098,643194146.4000,1,0,10.312133
2020-09-23,sh.600000,9.7100,9.7200,9.6200,9.6300,9.7000,41909587,404393340.1600,1,0,10.312133
2020-09-24,sh.600000,9.6100,9.6200,9.4600,9.5000,9.6300,53858739,512493256.0400,1,0,10.312133
2020-09-25,sh.600000,9.5000,9.5300,9.4600,9.4700,9.5000,29487505,279750442.3200,1,0,10.312133
2020-09-28,sh.600000,9.4900,9.5300,9.4600,9.4600,9.4700,26257827,249063489.4100,1,0,10.312133
2020-09-29,sh.600000,9.5000,9.5200,9.4300,9.4300,9.4600,32988266,312583584.9800,1,0,10.312133
2020-09-30,sh.600000,9.4500,9.4900,9.3500,9.3900,9.4300,39006807,367745388.5700,1,0,10.312133
2020-10-09,sh.600000,9.4400,9.4800,9.4000,9.4200,9.3900,39772687,375559366.0100,1,0,10.312133
2020-10-12,sh.600000,9.4500,9.6300,9.4200,9.5900,9.4200,66671637,637356691.4000,1,0,10.312133
2020-10-13,sh.600000,9.5800,9.5900,9.5200,9.5400,9.5900,28059097,267595710.6100,1,0,10.312133
2020-10-14,sh.600000,9.5400,9.5600,9.5000,9.5300,9.5400,42969217,409511681.6600,1,0,10.312133
2020-10-15,sh.600000,9.5400,9.7200,9.5300,9.6200,9.5300,66146732,637856656.3500,1,0,10.312133
2020-10-16,sh.600000,9.6100,9.7700,9.6000,9.7200,9.6200,74850236,726361115.9100,1,0,10.312133
2020-10-19,sh.600000,9.7300,9.9300,9.6400,9.6500,9.7200,84532385,826077895.1900,1,0,10.312133
2020-10-20,sh.600000,9.6300,9.6500,9.5100,9.5800,9.6500,46687029,446894604.2400,1,0,10.312133
2020-10-21,sh.600000,9.5800,9.7000,9.5100,9.7000,9.5800,61622129,592503578.5200,1,0,10.312133
2020-10-22,sh.600000,9.6700,9.7600,9.5900,9.6500,9.7000,47288884,456765638.5400,1,0,10.312133
2020-10-23,sh.600000,9.6300,9.7900,9.6200,9.7000,9.6500,70954476,689493436.8500,1,0,10.312133
2020-10-26,sh.600000,9.7200,9.7500,9.5900,9.6000,9.7000,52711443,508770627.5400,1,0,10.312133
2020-10-27,sh.600000,9.5900,9.5900,9.4800,9.4800,9.6000,38062780,362632658.5400,1,0,10.312133
2020-10-28,sh.600000,9.4800,9.5200,9.3800,9.4000,9.4800,45881367,432093181.1100,1,0,10.312133
2020-10-29,sh.600000,9.3500,9.4500,9.3400,9.3700,9.4000,43707348,409990836.3800,1,0,10.312133
2020-10-30,sh.600000,9.3800,9.4500,9.2500,9.2600,9.3700,56060864,523487861.4900,1,0,10.312133
2020-11-02,sh.600000,9.2800,9.3300,9.2200,9.2500,9.2600,46542251,431202859.4800,1,0,10.312133
2020-11-03,sh.600000,9.3100,9.4000,9.2800,9.3000,9.2500,67876111,632973896.6100,1,0,10.312133
2020-11-04,sh.600000,9.3500,9.4000,9.2800,9.3400,9.3000,50256088,469008802.5000,1,0,10.312133
2020-11-05,sh.600000,9.4600,9.4600,9.3300,9.3600,9.3400,55873229,523812724.4800,1,0,10.312133
2020-11-06,sh.600000,9.3700,9.4300,9.3300,9.3900,9.3600,63919592,600129368.8900,1,0,10.312133
2020-11-09,sh.600000,9.4200,9.4800,9.3900,9.4300,9.3900,88937655,839142819.5600,1,0,10.312133
2020-11-10,sh.600000,9.4700,9.5900,9.4400,9.4600,9.4300,84217864,800256172.0500,1,0,10.312133
2020-11-11,sh.600000,9.4900,9.5800,9.4400,9.5600,9.4600,64171805,610306555.3300,1,0,10.312133
2020-11-12,sh.600000,9.5200,9.5300,9.4300,9.4300,9.5600,51891050,491018805.0800,1,0,10.312133
2020-11-13,sh.600000,9.4100,9.4100,9.3300,9.3600,9.4300,44910112,420337400.4700,1,0,10.312133
2020-11-16,sh.600000,9.3800,9.4600,9.3700,9.4500,9.3600,31878052,300508257.4300,1,0,10.312133
2020-11-17,sh.600000,9.4600,9.5300,9.4400,9.5300,9.4500,47293970,448873504.2400,1,0,10.312133
2020-11-18,sh.600000,9.5300,9.7700,9.5000,9.7000,9.5300,109417513,1059930872.6200,1,0,10.312133
2020-11-19,sh.600000,9.7000,9.7800,9.6400,9.7400,9.7000,63840056,620569637.9800,1,0,10.312133
2020-11-20,sh.600000,9.6800,9.7200,9.6100,9.6700,9.7400,46631360,450166503.4900,1,0,10.312133
2020-11-23,sh.600000,9.6600,9.9200,9.6300,9.9000,9.6700,92618240,909448904.4800,1,0,10.312133
2020-11-24,sh.600000,9.9200,9.9700,9.8200,9.8500,9.9000,61221709,605831670.5200,1,0,10.312133
2020-11-25,sh.600000,9.9000,9.9900,9.8100,9.8100,9.8500,61216111,606063472.4200,1,0,10.312133
2020-11-26,sh.600000,9.8400,9.9900,9.7600,9.9800,9.8100,71595543,709188720.7500,1,0,10.312133
2020-11-27,sh.600000,10.0100,10.2000,9.9600,10.2000,9.9800,113388037,1141650216.7000,1,0,10.312133
2020-11-30,sh.600000,10.3000,10.5300,10.0600,10.0600,10.2000,203498922,2102112685.6900,1,0,10.312133
2020-12-01,sh.600000,10.0800,10.3500,10.0100,10.3000,10.0600,107812159,1099269635.9300,1,0,10.312133
2020-12-02,sh.600000,10.2600,10.3900,10.1900,10.2500,10.3000,78702779,808812295.6100,1,0,10.312133
2020-12-03,sh.600000,10.2300,10.2800,10.1600,10.2400,10.2500,57195735,584153273.3800,1,0,10.312133
2020-12-04,sh.600000,10.2400,10.2500,10.0500,10.1700,10.2400,47336450,479183314.9700,1,0,10.312133
2020-12-07,sh.600000,10.1100,10.1700,9.9000,9.9900,10.1700,57810545,577584100.5400,1,0,10.312133
2020-12-08,sh.600000,9.9700,10.0600,9.9300,9.9800,9.9900,31522398,315079837.7200,1,0,10.312133
2020-12-09,sh.600000,9.9800,10.0900,9.9100,9.9100,9.9800,44090061,440752941.1800,1,0,10.312133
2020-12-10,sh.600000,9.9100,9.9600,9.7600,9.8200,9.9100,39400878,388252087.6400,1,0,10.312133
2020-12-11,sh.600000,9.8400,9.8800,9.6900,9.7000,9.8200,48386569,471620087.1100,1,0,10.312133
2020-12-14,sh.600000,9.7500,9.8000,9.6800,9.7500,9.7000,38743836,376928042.4700,1,0,10.312133
2020-12-15,sh.600000,9.7300,9.7400,9.6000,9.7100,9.7500,39323070,379468277.5000,1,0,10.312133
2020-12-16,sh.600000,9.7200,9.7800,9.6400,9.6500,9.7100,47998904,465187094.3600,1,0,10.312133
2020-12-17,sh.600000,9.6400,9.7900,9.5900,9.7700,9.6500,42901555,415257095.4500,1,0,10.312133
2020-12-18,sh.600000,9.7400,9.7900,9.6900,9.7600,9.7700,31884462,310411756.2600,1,0,10.312133
2020-12-21,sh.600000,9.7000,9.7700,9.6500,9.7500,9.7600,31965504,310813655.3600,1,0,10.312133
2020-12-22,sh.600000,9.7500,9.7500,9.5500,9.6100,9.7500,50418001,485974239.5300,1,0,10.312133
2020-12-23,sh.600000,9.6000,9.6400,9.4800,9.5500,9.6100,38656338,368816679.0900,1,0,10.312133
2020-12-24,sh.600000,9.5500,9.6600,9.5100,9.5500,9.5500,24871912,238279375.6100,1,0,10.312133
2020-12-25,sh.600000,9.5600,9.6100,9.5100,9.5800,9.5500,22420976,214427367.0900,1,0,10.312133
2020-12-28,sh.600000,9.5500,9.6300,9.5000,9.5700,9.5800,33765935,322826382.2700,1,0,10.312133
2020-12-29,sh.600000,9.5900,9.6200,9.5200,9.5300,9.5700,44150648,421945425.9600,1,0,10.312133
2020-12-30,sh.600000,9.5200,9.5400,9.4400,9.5000,9.5300,54885564,519975315.1900,1,0,10.312133
2020-12-31,sh.600000,9.5100,9.6900,9.4900,9.6800,9.5000,65992362,635666178.4700,1,0,10.312133
2021-01-04,sh.600000,9.6400,9.7300,9.5500,9.6900,9.6800,62906939,606364958.9400,1,0,10.312133
2021-01-05,sh.600000,9.6800,9.6800,9.5200,9.6800,9.6900,53859177,517135736.5900,1,0,10.312133
2021-01-06,sh.600000,9.6200,9.8300,9.6200,9.8200,9.6800,61881321,604071109.8900,1,0,10.312133
2021-01-07,sh.600000,9.8300,9.9300,9.6600,9.8100,9.8200,57090442,557051919.5600,1,0,10.312133
2021-01-08,sh.600000,9.8300,9.9000,9.7300,9.8300,9.8100,55801455,547035204.6600,1,0,10.312133
2021-01-11,sh.600000,9.8300,9.9400,9.6800,9.6900,9.8300,75984056,745359164.7200,1,0,10.312133
2021-01-12,sh.600000,9.7000,9.7900,9.5800,9.7800,9.6900,56732878,548277788.1600,1,0,10.312133
2021-01-13,sh.600000,9.7500,9.8800,9.7200,9.8400,9.7800,57145173,560579197.6600,1,0,10.312133
2021-01-14,sh.600000,9.8300,9.9600,9.7600,9.8700,9.8400,55338565,545908486.8800,1,0,10.312133
2021-01-15,sh.600000,9.9800,10.2300,9.9200,9.9200,9.8700,143067603,1440725952.4800,1,0,10.312133
2021-01-18,sh.600000,9.9200,10.1200,9.8700,10.0800,9.9200,96389498,962800689.2800,1,0,10.312133
2021-01-19,sh.600000,10.0700,10.2200,9.9800,10.1600,10.0800,82816180,837479675.0600,1,0,10.312133
2021-01-20,sh.600000,10.1300,10.1800,9.9600,9.9800,10.1600,66608913,669394442.0400,1,0,10.312133
2021-01-21,sh.600000,9.9900,10.0700,9.9300,9.9700,9.9800,53622907,536180004.0300,1,0,10.312133
2021-01-22,sh.600000,9.9600,9.9700,9.7600,9.7900,9.9700,61879785,607707949.2000,1,0,10.312133
2021-01-25,sh.600000,9.7700,9.7800,9.6700,9.7200,9.7900,51705648,501372367.7000,1,0,10.312133
2021-01-26,sh.600000,9.6900,9.7800,9.6600,9.6800,9.7200,39877611,386930899.3200,1,0,10.312133
2021-01-27,sh.600000,9.6700,9.8800,9.6600,9.7300,9.6800,55174457,539658291.6600,1,0,10.312133
2021-01-28,sh.600000,9.7300,9.7400,9.6100,9.6600,9.7300,52360924,506059207.0200,1,0,10.312133
2021-01-29,sh.600000,9.6900,10.1300,9.6500,9.9600,9.6600,115257482,1142597658.7300,1,0,10.312133
2021-02-01,sh.600000,9.9400,10.4800,9.9000,10.4400,9.9600,181883788,1867280982.5000,1,0,10.312133
2021-02-02,sh.600000,10.3500,10.4700,10.1500,10.2200,10.4400,131403970,1349638624.6300,1,0,10.312133
2021-02-03,sh.600000,10.1900,10.4300,10.0600,10.2600,10.2200,131150745,1346692050.1900,1,0,10.312133
2021-02-04,sh.600000,10.2100,10.4100,10.1200,10.2800,10.2600,92016450,944124557.5200,1,0,10.312133
2021-02-05,sh.600000,10.2800,10.8200,10.2500,10.7200,10.2800,195506162,2078645790.8200,1,0,10.312133
2021-02-08,sh.600000,10.7100,10.8100,10.5100,10.7200,10.7200,137089506,1467791360.0600,1,0,10.312133
2021-02-09,sh.600000,10.7000,10.7400,10.5400,10.6800,10.7200,99871998,1061301526.7800,1,0,10.312133
2021-02-10,sh.600000,10.6700,10.8500,10.5600,10.6900,10.6800,105092241,1123961356.4800,1,0,10.312133
2021-02-18,sh.600000,10.8000,11.0200,10.7400,10.8300,10.6900,143397923,1558504810.5900,1,0,10.312133
2021-02-19,sh.600000,10.8300,11.1200,10.7700,10.9700,10.8300,122926300,1351290390.6400,1,0,10.312133
2021-02-22,sh.600000,10.9200,10.9500,10.7000,10.7100,10.9700,127379414,1373533381.7900,1,0,10.312133
2021-02-23,sh.600000,10.7100,10.9900,10.7100,10.7800,10.7100,93327786,1010901315.5500,1,0,10.312133
2021-02-24,sh.600000,10.8100,10.8900,10.5500,10.6000,10.7800,97783999,1047470278.6800,1,0,10.312133
2021-02-25,sh.600000,10.6600,10.8500,10.6000,10.8000,10.6000,89855495,964732754.7100,1,0,10.312133
2021-02-26,sh.600000,10.7200,10.8200,10.5400,10.5400,10.8000,85386093,909298104.7600,1,0,10.312133
2021-03-01,sh.600000,10.5900,10.6400,10.5000,10.5800,10.5400,54746126,578491496.4100,1,0,10.312133
2021-03-02,sh.600000,10.6100,10.7000,10.3600,10.4700,10.5800,74763149,786616693.3100,1,0,10.312133
2021-03-03,sh.600000,10.4500,10.9200,10.4300,10.9200,10.4700,113570860,1224387994.2200,1,0,10.312133
2021-03-04,sh.600000,10.8000,10.9200,10.7600,10.8800,10.9200,75412865,817817158.7900,1,0,10.312133
2021-03-05,sh.600000,10.8700,10.9400,10.6900,10.8600,10.8800,72154782,778561759.3100,1,0,10.312133
2021-03-08,sh.600000,10.9800,11.0200,10.7100,10.7500,10.8600,80153097,869553732.9700,1,0,10.312133
2021-03-09,sh.600000,10.7800,10.9000,10.6500,10.7300,10.7500,83584061,900880588.8200,1,0,10.312133
2021-03-10,sh.600000,10.7600,10.7900,10.6300,10.7200,10.7300,50512161,542100935.2800,1,0,10.312133
2021-03-11,sh.600000,10.8000,10.9700,10.7600,10.9000,10.7200,76816962,836848985.2500,1,0,10.312133
2021-03-12,sh.600000,10.8900,11.0300,10.8200,10.9000,10.9000,79235629,866141110.8500,1,0,10.312133
2021-03-15,sh.600000,10.8800,11.2400,10.8800,11.1200,10.9000,113524449,1259911417.2400,1,0,10.312133
2021-03-16,sh.600000,11.0500,11.2400,11.0100,11.1100,11.1200,65502259,728108285.0500,1,0,10.312133
2021-03-17,sh.600000,11.1000,11.1200,10.8900,10.9200,11.1100,57821851,634262121.4800,1,0,10.312133
2021-03-18,sh.600000,10.9700,11.0500,10.9000,11.0300,10.9200,50943550,559643203.1400,1,0,10.312133
2021-03-19,sh.600000,11.0100,11.0500,10.5600,10.6500,11.0300,103359887,1110156577.3500,1,0,10.312133
2021-03-22,sh.600000,10.6200,10.8800,10.6200,10.7500,10.6500,66031003,710176261.0000,1,0,10.312133
2021-03-23,sh.600000,10.7600,10.8300,10.6800,10.7800,10.7500,47127710,506263415.8500,1,0,10.312133
2021-03-24,sh.600000,10.7700,10.8100,10.6300,10.6800,10.7800,44132642,472480387.6300,1,0,10.312133
2021-03-25,sh.600000,10.7200,10.7800,10.6100,10.6300,10.6800,43547662,465464538.5400,1,0,10.312133
2021-03-26,sh.600000,10.6800,10.7300,10.6100,10.6200,10.6300,40882734,435739848.2900,1,0,10.312133
2021-03-29,sh.600000,10.6000,10.6000,10.4000,10.4800,10.6200,92366772,964797269.3800,1,0,10.312133
2021-03-30,sh.600000,10.6500,11.0100,10.6200,11.0100,10.4800,173447215,1882440615.4600,1,0,10.312133
2021-03-31,sh.600000,11.0100,11.0400,10.8700,10.9900,11.0100,66813691,731611998.6100,1,0,10.312133
2021-04-01,sh.600000,10.9900,11.0100,10.8100,10.8900,10.9900,47781207,519576384.4800,1,0,10.312133
2021-04-02,sh.600000,10.9400,10.9500,10.6700,10.7600,10.8900,65365057,704137147.4600,1,0,10.312133
2021-04-06,sh.600000,10.7600,10.7900,10.6800,10.7000,10.7600,33911224,363567283.1500,1,0,10.312133
2021-04-07,sh.600000,10.7400,10.7500,10.5800,10.6500,10.7000,60988540,648631698.6600,1,0,10.312133
2021-04-08,sh.600000,10.6300,10.7000,10.5600,10.6600,10.6500,42047850,447410758.0100,1,0,10.312133
2021-04-09,sh.600000,10.6400,10.6400,10.5300,10.5900,10.6600,38683022,409118551.3800,1,0,10.312133
2021-04-12,sh.600000,10.5800,10.7500,10.5200,10.7300,10.5900,57023744,608748238.0200,1,0,10.312133
2021-04-13,sh.600000,10.7400,10.8200,10.6700,10.7600,10.7300,52756234,566984751.8100,1,0,10.312133
2021-04-14,sh.600000,10.8200,10.8200,10.5700,10.5900,10.7600,45686754,486204159.6500,1,0,10.312133
2021-04-15,sh.600000,10.5800,10.6100,10.3800,10.4300,10.5900,53172372,555086923.9300,1,0,10.312133
2021-04-16,sh.600000,10.4500,10.5500,10.4200,10.5400,10.4300,32895624,345237986.6700,1,0,10.312133
2021-04-19,sh.600000,10.5500,10.6400,10.4500,10.5800,10.5400,50203914,529864990.2600,1,0,10.312133
2021-04-20,sh.600000,10.5500,10.5800,10.4800,10.5000,10.5800,29450563,309777289.6900,1,0,10.312133
2021-04-21,sh.600000,10.4700,10.6200,10.4600,10.5800,10.5000,45439718,480039017.9100,1,0,10.312133
2021-04-22,sh.600000,10.6000,10.6000,10.4000,10.4300,10.5800,41793378,437919109.3100,1,0,10.312133
2021-04-23,sh.600000,10.4200,10.4700,10.3800,10.4300,10.4300,24825285,259051575.2300,1,0,10.312133
2021-04-26,sh.600000,10.4500,10.5000,10.2800,10.3000,10.4300,46387212,482566266.0800,1,0,10.312133
2021-04-27,sh.600000,10.3300,10.3400,10.2400,10.2700,10.3000,25042540,257631071.9400,1,0,10.312133
2021-04-28,sh.600000,10.3300,10.3300,10.1800,10.2500,10.2700,35321183,361207957.3900,1,0,10.312133
2021-04-29,sh.600000,10.2800,10.5500,10.2600,10.5400,10.2500,48194627,503908364.2100,1,0,10.312133
2021-04-30,sh.600000,10.2800,10.2800,9.9600,10.0500,10.5400,156103445,1570141012.4200,1,0,10.312133
2021-05-06,sh.600000,9.9700,10.1800,9.9700,10.1000,10.0500,61139167,616780671.5700,1,0,10.312133
2021-05-07,sh.600000,10.1000,10.1500,9.9900,10.0300,10.1000,72345288,728759605.3100,1,0,10.312133
2021-05-10,sh.600000,10.0600,10.0600,9.8800,9.9500,10.0300,61516454,610992515.4000,1,0,10.312133
2021-05-11,sh.600000,9.9200,10.0700,9.9000,10.0500,9.9500,42333780,423538344.9600,1,0,10.312133
2021-05-12,sh.600000,10.0400,10.2000,10.0200,10.1200,10.0500,52012085,526835922.5900,1,0,10.312133
2021-05-13,sh.600000,10.0900,10.1700,10.0100,10.0900,10.1200,47212565,475665503.3300,1,0,10.312133
2021-05-14,sh.600000,10.1000,10.2000,10.0300,10.1900,10.0900,47681403,483068526.7400,1,0,10.312133
2021-05-17,sh.600000,10.2000,10.2900,10.1300,10.2100,10.1900,46363314,473603666.3400,1,0,10.312133
2021-05-18,sh.600000,10.1800,10.2300,10.1500,10.2200,10.2100,19093505,194624788.0600,1,0,10.312133
2021-05-19,sh.600000,10.1900,10.2000,10.0700,10.1200,10.2200,29273907,296073789.3300,1,0,10.312133
2021-05-20,sh.600000,10.1000,10.1800,10.0200,10.1600,10.1200,35395264,357783848.2000,1,0,10.312133
2021-05-21,sh.600000,10.2000,10.2200,10.0700,10.0900,10.1600,28618932,289959892.9500,1,0,10.312133
2021-05-24,sh.600000,10.0800,10.1400,10.0500,10.0900,10.0900,23518901,237130459.3700,1,0,10.312133
2021-05-25,sh.600000,10.1000,10.3300,10.0600,10.3200,10.0900,75417564,771994298.4800,1,0,10.312133
2021-05-26,sh.600000,10.3100,10.4200,10.2800,10.3500,10.3200,54984815,568991552.4000,1,0,10.312133
2021-05-27,sh.600000,10.3200,10.4300,10.2600,10.2900,10.3500,52063330,536862488.3300,1,0,10.312133
2021-05-28,sh.600000,10.3300,10.3600,10.2500,10.3500,10.2900,34593293,356339747.2700,1,0,10.312133
2021-05-31,sh.600000,10.3400,10.3400,10.2200,10.2700,10.3500,37255726,381740399.5900,1,0,10.312133
2021-06-01,sh.600000,10.2300,10.2600,10.1800,10.1900,10.2700,41880384,427253268.7600,1,0,10.312133
2021-06-02,sh.600000,10.2100,10.2300,10.1300,10.2200,10.1900,35830478,364475986.3200,1,0,10.312133
2021-06-03,sh.600000,10.2100,10.3200,10.1800,10.2300,10.2200,52244908,535599653.0700,1,0,10.312133
2021-06-04,sh.600000,10.2500,10.3800,10.1900,10.2300,10.2300,71052432,729772587.1900,1,0,10.312133
2021-06-07,sh.600000,10.2600,10.2700,10.2000,10.2300,10.2300,36301400,371369101.7600,1,0,10.312133
2021-06-08,sh.600000,10.2400,10.3300,10.1800,10.3100,10.2300,50838116,522323155.3400,1,0,10.312133
2021-06-09,sh.600000,10.2900,10.3500,10.2100,10.2100,10.3100,56095091,575008506.5700,1,0,10.312133
2021-06-10,sh.600000,10.2100,10.3100,10.2000,10.2300,10.2100,45685432,467893685.0100,1,0,10.312133
2021-06-11,sh.600000,10.2400,10.2800,10.1100,10.1700,10.2300,58030251,591098508.1700,1,0,10.312133
2021-06-15,sh.600000,10.1500,10.1500,10.0100,10.0300,10.1700,46955773,472150826.0400,1,0,10.312133
2021-06-16,sh.600000,10.0400,10.1400,10.0100,10.0500,10.0300,32171081,324482531.7300,1,0,10.312133
2021-06-17,sh.600000,10.0500,10.1200,10.0300,10.0400,10.0500,29689848,298576626.2100,1,0,10.312133
2021-06-18,sh.600000,10.0400,10.1000,10.0000,10.1000,10.0400,44451210,446813170.5400,1,0,10.312133
2021-06-21,sh.600000,10.0600,10.0900,10.0100,10.0400,10.1000,39815744,399756078.5200,1,0,10.312133
2021-06-22,sh.600000,10.0600,10.1200,10.0000,10.0000,10.0400,45184564,453604603.9200,1,0,10.312133
2021-06-23,sh.600000,10.0100,10.0300,9.9600,9.9900,10.0000,34400099,343745818.9200,1,0,10.312133
2021-06-24,sh.600000,10.0000,10.0500,9.9700,10.0200,9.9900,31652661,316690710.4900,1,0,10.312133
2021-06-25,sh.600000,10.0200,10.1100,10.0100,10.0800,10.0200,48335388,486548041.5600,1,0,10.312133
2021-06-28,sh.600000,10.0600,10.0700,9.9900,10.0100,10.0800,32597114,326457360.3100,1,0,10.312133
2021-06-29,sh.600000,10.0100,10.0400,9.9800,9.9800,10.0100,32733370,327178180.2000,1,0,10.312133
2021-06-30,sh.600000,10.0000,10.0200,9.9700,10.0000,9.9800,21580051,215772914.0500,1,0,10.312133
2021-07-01,sh.600000,10.0100,10.0600,9.9900,10.0300,10.0000,36999138,370991509.2000,1,0,10.312133
2021-07-02,sh.600000,10.0100,10.0500,9.9200,9.9300,10.0300,51535129,513421350.3200,1,0,10.312133
2021-07-05,sh.600000,9.9500,9.9600,9.8500,9.9200,9.9300,44806863,442917699.0200,1,0,10.312133
2021-07-06,sh.600000,9.9100,10.0100,9.8800,9.9900,9.9200,37737379,375924559.3700,1,0,10.312133
2021-07-07,sh.600000,10.0100,10.0400,9.9400,10.0300,9.9900,35666988,356794175.1600,1,0,10.312133
2021-07-08,sh.600000,10.0500,10.0500,9.9200,9.9400,10.0300,30745176,306373156.4100,1,0,10.312133
2021-07-09,sh.600000,9.9300,10.0100,9.9000,9.9100,9.9400,34590087,343545046.8200,1,0,10.312133
2021-07-12,sh.600000,9.9600,9.9900,9.9000,9.9100,9.9100,33415612,332219127.8400,1,0,10.312133
2021-07-13,sh.600000,9.9400,9.9900,9.8800,9.9600,9.9100,34611654,344399322.1100,1,0,10.312133
2021-07-14,sh.600000,9.9700,9.9700,9.8000,9.8300,9.9600,52207557,514554736.2200,1,0,10.312133
2021-07-15,sh.600000,9.8300,9.9600,9.8100,9.9400,9.8300,45903396,454671007.7900,1,0,10.312133
2021-07-16,sh.600000,10.0100,10.0800,9.9600,9.9800,9.9400,45557802,455679342.7300,1,0,10.312133
2021-07-19,sh.600000,9.9800,10.0300,9.8500,10.0100,9.9800,53049438,527117554.0900,1,0,10.312133
2021-07-20,sh.600000,10.0100,10.0200,9.9400,9.9900,10.0100,36834727,367615290.5300,1,0,10.312133
2021-07-21,sh.600000,9.5100,9.6400,9.5100,9.5500,9.5100,58450876,558646899.8500,1,0,10.832619
2021-07-22,sh.600000,9.5800,9.7200,9.5600,9.6400,9.5500,43977169,424674365.9900,1,0,10.832619
2021-07-23,sh.600000,9.6000,9.6700,9.5700,9.5800,9.6400,30090322,289065062.5700,1,0,10.832619
2021-07-26,sh.600000,9.5700,9.5800,9.3000,9.3400,9.5800,51742715,486767435.1600,1,0,10.832619
2021-07-27,sh.600000,9.3600,9.4300,9.0900,9.1500,9.3400,53279860,494584132.3400,1,0,10.832619
2021-07-28,sh.600000,9.1600,9.3600,9.1600,9.2100,9.1500,46335875,428304155.7800,1,0,10.832619
2021-07-29,sh.600000,9.2500,9.2800,9.1000,9.1200,9.2100,43587733,398885079.3600,1,0,10.832619
2021-07-30,sh.600000,9.1300,9.1300,9.0100,9.0300,9.1200,35697122,323216885.3300,1,0,10.832619
2021-08-02,sh.600000,9.0300,9.2400,8.9700,9.1300,9.0300,45713350,416533736.8700,1,0,10.832619
2021-08-03,sh.600000,9.1300,9.1400,9.0400,9.1200,9.1300,33014050,300047780.1100,1,0,10.832619
2021-08-04,sh.600000,9.1200,9.1400,9.0500,9.0700,9.1200,25214494,229004469.3700,1,0,10.832619
2021-08-05,sh.600000,9.0600,9.1200,9.0400,9.0500,9.0700,24267799,220300799.2300,1,0,10.832619
2021-08-06,sh.600000,9.0500,9.0800,9.0000,9.0800,9.0500,22486126,203315737.6900,1,0,10.832619
2021-08-09,sh.600000,9.0600,9.2500,9.0500,9.1700,9.0800,37461914,344052120.3700,1,0,10.832619
2021-08-10,sh.600000,9.1800,9.2300,9.1000,9.2000,9.1700,34370935,314539916.2100,1,0,10.832619
2021-08-11,sh.600000,9.1800,9.2900,9.1600,9.2100,9.2000,37382098,345067501.8800,1,0,10.832619
2021-08-12,sh.600000,9.2100,9.2200,9.1600,9.1700,9.2100,22978467,211023249.9600,1,0,10.832619
2021-08-13,sh.600000,9.1600,9.2300,9.1400,9.1800,9.1700,21925988,201254904.2300,1,0,10.832619
2021-08-16,sh.600000,9.1900,9.2700,9.1600,9.2200,9.1800,27369511,252450157.4300,1,0,10.832619
2021-08-17,sh.600000,9.2300,9.2900,9.1700,9.1900,9.2200,38016760,350733814.6700,1,0,10.832619
2021-08-18,sh.600000,9.2000,9.3900,9.1600,9.3300,9.1900,43424745,403158874.4200,1,0,10.832619
2021-08-19,sh.600000,9.3400,9.3400,9.1900,9.2300,9.3300,36391371,336172105.1800,1,0,10.832619
2021-08-20,sh.600000,9.2500,9.3000,9.1800,9.2700,9.2300,35374387,327037545.2100,1,0,10.832619
2021-08-23,sh.600000,9.3000,9.3100,9.2000,9.2000,9.2700,32418942,299502500.6500,1,0,10.832619
2021-08-24,sh.600000,9.2200,9.3000,9.1700,9.2100,9.2000,40815968,376573365.5300,1,0,10.832619
2021-08-25,sh.600000,9.2300,9.2400,9.1600,9.1900,9.2100,34063999,313176526.9800,1,0,10.832619
2021-08-26,sh.600000,9.1800,9.2000,9.1300,9.1400,9.1900,29439149,269637951.0500,1,0,10.832619
2021-08-27,sh.600000,9.1600,9.2200,9.1400,9.1700,9.1400,27618817,253490155.8200,1,0,10.832619
2021-08-30,sh.600000,9.0500,9.0800,8.9200,8.9600,9.1700,80410279,721952836.2000,1,0,10.832619
2021-08-31,sh.600000,8.9800,9.0500,8.9300,9.0500,8.9600,44633690,401545634.4700,1,0,10.832619
2021-09-01,sh.600000,9.0300,9.2300,9.0100,9.1800,9.0500,58211312,532088406.3300,1,0,10.832619
2021-09-02,sh.600000,9.2000,9.2400,9.1600,9.2300,9.1800,40122727,369226845.8100,1,0,10.832619
2021-09-03,sh.600000,9.2400,9.3300,9.1600,9.2400,9.2300,50781588,470393997.2500,1,0,10.832619
2021-09-06,sh.600000,9.2200,9.3100,9.2000,9.2100,9.2400,35627742,329503565.5100,1,0,10.832619
2021-09-07,sh.600000,9.2100,9.3900,9.1600,9.3400,9.2100,64051787,594700224.4000,1,0,10.832619
2021-09-08,sh.600000,9.3400,9.3900,9.2900,9.3400,9.3400,40941784,382017869.1800,1,0,10.832619
2021-09-09,sh.600000,9.3200,9.3400,9.2500,9.3000,9.3400,31951355,297126954.1900,1,0,10.832619
2021-09-10,sh.600000,9.3200,9.4800,9.3100,9.4100,9.3000,57250718,537963808.5200,1,0,10.832619
2021-09-13,sh.600000,9.3800,9.4300,9.3400,9.3900,9.4100,29373307,275283515.4700,1,0,10.832619
2021-09-14,sh.600000,9.3900,9.4300,9.1700,9.2100,9.3900,53934721,500630063.1100,1,0,10.832619
2021-09-15,sh.600000,9.2100,9.2600,9.1300,9.1900,9.2100,38064766,349607327.8600,1,0,10.832619
2021-09-16,sh.600000,9.2000,9.2300,9.1100,9.1200,9.1900,49199895,450453204.4600,1,0,10.832619
2021-09-17,sh.600000,9.1100,9.1700,9.0800,9.1100,9.1200,30233529,275167575.0600,1,0,10.832619
2021-09-22,sh.600000,9.0000,9.0800,8.9600,9.0300,9.1100,35054148,316134897.2300,1,0,10.832619
2021-09-23,sh.600000,9.1000,9.1500,9.0100,9.0300,9.0300,39639967,359242361.3900,1,0,10.832619
2021-09-24,sh.600000,9.0400,9.0800,8.9900,9.0200,9.0300,39925596,360045375.4900,1,0,10.832619
2021-09-27,sh.600000,9.0200,9.0500,8.9400,9.0200,9.0200,41708355,374465142.4000,1,0,10.832619
2021-09-28,sh.600000,8.9800,9.0900,8.9800,9.0300,9.0200,33340762,301762292.3700,1,0,10.832619
2021-09-29,sh.600000,9.0100,9.0900,8.9700,9.0200,9.0300,40008268,361288902.3600,1,0,10.832619
2021-09-30,sh.600000,9.0300,9.0500,8.9800,9.0000,9.0200,29190245,262917686.7400,1,0,10.832619
2021-10-08,sh.600000,9.0500,9.1500,9.0300,9.0800,9.0000,39080557,354870725.3100,1,0,10.832619
2021-10-11,sh.600000,9.1200,9.2500,9.1000,9.1500,9.0800,46632488,427661681.1200,1,0,10.832619
2021-10-12,sh.600000,9.1200,9.1900,9.0900,9.1400,9.1500,35725751,326390581.4300,1,0,10.832619
2021-10-13,sh.600000,9.1400,9.1500,9.0500,9.0700,9.1400,22538281,204856493.9000,1,0,10.832619
2021-10-14,sh.600000,9.0700,9.0900,9.0200,9.0400,9.0700,22584606,204329606.5900,1,0,10.832619
2021-10-15,sh.600000,9.0500,9.1100,9.0200,9.0700,9.0400,27525449,249700096.1000,1,0,10.832619
2021-10-18,sh.600000,9.0600,9.1000,8.9800,9.0200,9.0700,25964695,234209596.7500,1,0,10.832619
2021-10-19,sh.600000,9.0300,9.0700,9.0100,9.0100,9.0200,28636166,258552846.4100,1,0,10.832619
2021-10-20,sh.600000,9.0300,9.0600,8.9900,9.0200,9.0100,27482428,247758528.8000,1,0,10.832619
2021-10-21,sh.600000,9.0500,9.0900,9.0100,9.0400,9.0200,44074576,398999703.5000,1,0,10.832619
2021-10-22,sh.600000,9.0700,9.1300,9.0200,9.0700,9.0400,38669415,350441991.4700,1,0,10.832619
2021-10-25,sh.600000,9.0300,9.0600,9.0200,9.0300,9.0700,26585515,240319367.4500,1,0,10.832619
2021-10-26,sh.600000,9.0600,9.0900,9.0100,9.0300,9.0300,30751828,277872449.3100,1,0,10.832619
2021-10-27,sh.600000,9.0100,9.0200,8.9600,8.9900,9.0300,34197280,307379955.9200,1,0,10.832619
2021-10-28,sh.600000,8.9900,9.0100,8.9500,8.9600,8.9900,28165181,252660139.6800,1,0,10.832619
2021-10-29,sh.600000,8.9600,9.0000,8.9300,8.9400,8.9600,35990731,322416660.8200,1,0,10.832619
2021-11-01,sh.600000,8.6900,8.7800,8.6000,8.7200,8.9400,64940974,564516752.3700,1,0,10.832619
2021-11-02,sh.600000,8.7100,8.7500,8.5000,8.5400,8.7200,70034623,602023097.2100,1,0,10.832619
2021-11-03,sh.600000,8.5900,8.5900,8.5100,8.5300,8.5400,29785185,254382300.5500,1,0,10.832619
2021-11-04,sh.600000,8.5300,8.5400,8.5000,8.5100,8.5300,26148859,222785141.9300,1,0,10.832619
2021-11-05,sh.600000,8.5100,8.5400,8.4900,8.5300,8.5100,22913355,195212631.3300,1,0,10.832619
2021-11-08,sh.600000,8.4800,8.5300,8.4600,8.4900,8.5300,24353008,206985049.6000,1,0,10.832619
2021-11-09,sh.600000,8.5000,8.5500,8.4900,8.5400,8.4900,19548518,166547490.7200,1,0,10.832619
2021-11-10,sh.600000,8.5300,8.5300,8.4400,8.4800,8.5400,27478869,232796692.1300,1,0,10.832619
2021-11-11,sh.600000,8.4800,8.6200,8.4700,8.6200,8.4800,31419321,269103086.2500,1,0,10.832619
2021-11-12,sh.600000,8.6400,8.6500,8.5800,8.6500,8.6200,20498205,176737118.9000,1,0,10.832619
2021-11-15,sh.600000,8.6600,8.7500,8.6500,8.7500,8.6500,27625801,240602623.6700,1,0,10.832619
2021-11-16,sh.600000,8.7000,8.7400,8.6300,8.7300,8.7500,24030066,208943546.9700,1,0,10.832619
2021-11-17,sh.600000,8.6700,8.7200,8.6500,8.6500,8.7300,19301599,167446823.9000,1,0,10.832619
2021-11-18,sh.600000,8.6100,8.6600,8.5300,8.5600,8.6500,20465395,175306638.4700,1,0,10.832619
2021-11-19,sh.600000,8.5600,8.7000,8.5500,8.6500,8.5600,20471995,176572248.4400,1,0,10.832619
2021-11-22,sh.600000,8.6300,8.6600,8.5900,8.6000,8.6500,20983745,180823526.8300,1,0,10.832619
2021-11-23,sh.600000,8.6100,8.7000,8.6100,8.6300,8.6000,21502374,185927806.7100,1,0,10.832619
2021-11-24,sh.600000,8.6100,8.6900,8.5900,8.6800,8.6300,19342692,167133727.1600,1,0,10.832619
2021-11-25,sh.600000,8.6800,8.6900,8.6100,8.6400,8.6800,13169070,113743004.8700,1,0,10.832619
2021-11-26,sh.600000,8.6100,8.6200,8.5500,8.5600,8.6400,21199061,181698146.0700,1,0,10.832619
2021-11-29,sh.600000,8.5700,8.5900,8.5000,8.5900,8.5600,23746400,202736522.1800,1,0,10.832619
2021-11-30,sh.600000,8.5400,8.5900,8.5100,8.5100,8.5900,30900124,263703121.3600,1,0,10.832619
2021-12-01,sh.600000,8.5300,8.5800,8.5100,8.5600,8.5100,19333856,165443380.6500,1,0,10.832619
2021-12-02,sh.600000,8.5600,8.6100,8.5200,8.5800,8.5600,22906201,196509475.3200,1,0,10.832619
2021-12-03,sh.600000,8.5800,8.6000,8.5200,8.5900,8.5800,23848744,204050794.7000,1,0,10.832619
2021-12-06,sh.600000,8.5900,8.6400,8.5700,8.6000,8.5900,33882029,291593648.0900,1,0,10.832619
2021-12-07,sh.600000,8.6900,8.7000,8.6000,8.6800,8.6000,40016290,346582038.5600,1,0,10.832619
2021-12-08,sh.600000,8.7000,8.7000,8.6300,8.6700,8.6800,28605916,247833289.8200,1,0,10.832619
2021-12-09,sh.600000,8.6900,8.8000,8.6600,8.7500,8.6700,51186201,447467444.5100,1,0,10.832619
2021-12-10,sh.600000,8.7300,8.7800,8.7200,8.7700,8.7500,42494890,371969042.0100,1,0,10.832619
2021-12-13,sh.600000,8.7900,8.8100,8.6200,8.6500,8.7700,56234006,488480938.5200,1,0,10.832619
2021-12-14,sh.600000,8.6400,8.6500,8.5400,8.5700,8.6500,49389318,423738409.4200,1,0,10.832619
2021-12-15,sh.600000,8.5400,8.5800,8.5300,8.5500,8.5700,20664239,176754858.0000,1,0,10.832619
2021-12-16,sh.600000,8.5600,8.6100,8.5500,8.6000,8.5500,26899524,230865611.9600,1,0,10.832619
2021-12-17,sh.600000,8.6100,8.6200,8.5600,8.5600,8.6000,27269580,234082747.7300,1,0,10.832619
2021-12-20,sh.600000,8.5500,8.6100,8.5500,8.5800,8.5600,27786123,238630277.9600,1,0,10.832619
2021-12-21,sh.600000,8.5500,8.6500,8.5500,8.6100,8.5800,26310957,226526115.7300,1,0,10.832619
2021-12-22,sh.600000,8.6200,8.6400,8.5700,8.5700,8.6100,21618063,185663515.8200,1,0,10.832619
2021-12-23,sh.600000,8.5800,8.6000,8.5600,8.5800,8.5700,18901873,162106684.7000,1,0,10.832619
2021-12-24,sh.600000,8.5800,8.5900,8.5300,8.5400,8.5800,18252048,156027072.8000,1,0,10.832619
2021-12-27,sh.600000,8.5400,8.5700,8.5300,8.5600,8.5400,19527735,167009883.6200,1,0,10.832619
2021-12-28,sh.600000,8.5600,8.5900,8.5400,8.5700,8.5600,29833707,255590456.8500,1,0,10.832619
2021-12-29,sh.600000,8.5700,8.5800,8.5300,8.5400,8.5700,20050130,171393527.7200,1,0,10.832619
2021-12-30,sh.600000,8.5400,8.5800,8.5300,8.5400,8.5400,23272484,199031072.9800,1,0,10.832619
2021-12-31,sh.600000,8.5400,8.5700,8.5300,8.5300,8.5400,22929621,195941582.4200,1,0,10.832619
2022-01-04,sh.600000,8.5400,8.5800,8.5200,8.5700,8.5300,37707647,322145532.4000,1,0,10.832619
2022-01-05,sh.600000,8.5700,8.6800,8.5600,8.6400,8.5700,55459135,478834469.9200,1,0,10.832619
2022-01-06,sh.600000,8.6600,8.6600,8.5600,8.5700,8.6400,41031062,352720657.0900,1,0,10.832619
2022-01-07,sh.600000,8.5700,8.7300,8.5700,8.7100,8.5700,63018297,546456194.3700,1,0,10.832619
2022-01-10,sh.600000,8.7200,8.7800,8.6600,8.7200,8.7100,34055312,296601230.4100,1,0,10.832619
2022-01-11,sh.600000,8.7400,8.7800,8.6900,8.7300,8.7200,42646106,373093383.7400,1,0,10.832619
2022-01-12,sh.600000,8.7500,8.7500,8.6300,8.6900,8.7300,41240670,358535694.1400,1,0,10.832619
2022-01-13,sh.600000,8.7300,8.8500,8.6900,8.7200,8.6900,48923692,429003208.4400,1,0,10.832619
2022-01-14,sh.600000,8.7200,8.7200,8.5700,8.5900,8.7200,51060652,440215953.7200,1,0,10.832619
2022-01-17,sh.600000,8.5700,8.6300,8.5700,8.5700,8.5900,22177975,190459847.0600,1,0,10.832619
2022-01-18,sh.600000,8.5800,8.6600,8.5500,8.6300,8.5700,39995195,344181260.4900,1,0,10.832619
2022-01-19,sh.600000,8.6300,8.6600,8.6100,8.6400,8.6300,26257662,226931296.8300,1,0,10.832619
2022-01-20,sh.600000,8.6600,8.8200,8.6400,8.8000,8.6400,82842044,724160482.5900,1,0,10.832619
2022-01-21,sh.600000,8.7800,8.8000,8.7200,8.7600,8.8000,47572539,416684184.3000,1,0,10.832619
2022-01-24,sh.600000,8.7900,8.7900,8.6600,8.6900,8.7600,32489722,282465419.0500,1,0,10.832619
2022-01-25,sh.600000,8.6800,8.6800,8.5600,8.5600,8.6900,43312412,372488758.8800,1,0,10.832619
2022-01-26,sh.600000,8.5700,8.5900,8.5400,8.5700,8.5600,23481959,201130974.2700,1,0,10.832619
2022-01-27,sh.600000,8.5500,8.5600,8.4500,8.4500,8.5700,56281031,477716811.3400,1,0,10.832619
2022-01-28,sh.600000,8.4800,8.5100,8.4100,8.4100,8.4500,43993766,372256637.0700,1,0,10.832619
2022-02-07,sh.600000,8.4800,8.5500,8.4400,8.5200,8.4100,39988312,340086709.1100,1,0,10.832619
2022-02-08,sh.600000,8.5300,8.6700,8.5100,8.6500,8.5200,47572520,409206610.6900,1,0,10.832619
2022-02-09,sh.600000,8.6400,8.7100,8.6200,8.6400,8.6500,36223235,313861238.6700,1,0,10.832619
2022-02-10,sh.600000,8.6600,8.7100,8.6200,8.6900,8.6400,28716174,249045193.5500,1,0,10.832619
2022-02-11,sh.600000,8.7000,8.7600,8.6700,8.7400,8.6900,37682874,328719166.0900,1,0,10.832619
2022-02-14,sh.600000,8.6900,8.7100,8.5800,8.6000,8.7400,34727078,299136397.9200,1,0,10.832619
2022-02-15,sh.600000,8.5900,8.6300,8.5200,8.5500,8.6000,31680750,271300746.9500,1,0,10.832619
2022-02-16,sh.600000,8.5800,8.6400,8.5600,8.5900,8.5500,28609574,246064337.0200,1,0,10.832619
2022-02-17,sh.600000,8.6000,8.6300,8.5600,8.5600,8.5900,24533221,210822959.4100,1,0,10.832619
2022-02-18,sh.600000,8.5500,8.6700,8.5300,8.6700,8.5600,34384620,296119868.3800,1,0,10.832619
2022-02-21,sh.600000,8.6400,8.6400,8.5500,8.6000,8.6700,24334270,208998929.5600,1,0,10.832619
2022-02-22,sh.600000,8.5700,8.5900,8.5300,8.5800,8.6000,32497174,278140362.1900,1,0,10.832619
2022-02-23,sh.600000,8.5900,8.5900,8.5300,8.5400,8.5800,29476392,251902283.1900,1,0,10.832619
2022-02-24,sh.600000,8.5400,8.5500,8.4000,8.4400,8.5400,47703559,404232342.3300,1,0,10.832619
2022-02-25,sh.600000,8.4400,8.4800,8.4100,8.4300,8.4400,32239910,272095573.8500,1,0,10.832619
2022-02-28,sh.600000,8.4400,8.4500,8.3600,8.3900,8.4300,23393262,196216444.0000,1,0,10.832619
2022-03-01,sh.600000,8.3900,8.4600,8.3900,8.4400,8.3900,23540305,198243687.0000,1,0,10.832619
2022-03-02,sh.600000,8.4100,8.4600,8.4000,8.4200,8.4400,16708051,140817898.0000,1,0,10.832619
2022-03-03,sh.600000,8.4400,8.5000,8.4300,8.4600,8.4200,19864647,167938715.0000,1,0,10.832619
2022-03-04,sh.600000,8.4400,8.4400,8.3600,8.4000,8.4600,26395729,221531967.0000,1,0,10.832619
2022-03-07,sh.600000,8.3800,8.4000,8.2800,8.2900,8.4000,37177243,309677984.0000,1,0,10.832619
2022-03-08,sh.600000,8.2900,8.3000,8.0500,8.0800,8.2900,46688059,381542336.0000,1,0,10.832619
2022-03-09,sh.600000,8.1100,8.1300,7.7600,7.9000,8.0800,46035702,367319440.0000,1,0,10.832619
2022-03-10,sh.600000,8.0100,8.0500,7.9200,7.9200,7.9000,25181489,200622345.0000,1,0,10.832619
2022-03-11,sh.600000,7.8900,8.0200,7.7700,8.0100,7.9200,33286005,262318143.0000,1,0,10.832619
2022-03-14,sh.600000,7.9500,8.0000,7.9000,7.9100,8.0100,22770866,180826437.0000,1,0,10.832619
2022-03-15,sh.600000,7.9200,7.9300,7.6100,7.6300,7.9100,48962295,379252432.0000,1,0,10.832619
2022-03-16,sh.600000,7.6900,7.8000,7.5200,7.7700,7.6300,41520083,318505392.0000,1,0,10.832619
2022-03-17,sh.600000,7.8500,7.8500,7.7100,7.7400,7.7700,41495556,322981456.0000,1,0,10.832619
2022-03-18,sh.600000,7.7300,7.9100,7.7100,7.9000,7.7400,53179530,417702651.8800,1,0,10.832619
2022-03-21,sh.600000,7.8400,7.8400,7.7300,7.7600,7.9000,38823962,302127785.8500,1,0,10.832619
2022-03-22,sh.600000,7.7700,7.8800,7.7500,7.8300,7.7600,28224469,220766831.5600,1,0,10.832619
2022-03-23,sh.600000,7.8300,7.8400,7.7700,7.8000,7.8300,25553686,199580747.3400,1,0,10.832619
2022-03-24,sh.600000,7.7800,7.8300,7.7600,7.8000,7.8000,16687677,130087627.4300,1,0,10.832619
2022-03-25,sh.600000,7.8000,7.8600,7.7800,7.8000,7.8000,16474442,128855055.0900,1,0,10.832619
2022-03-28,sh.600000,7.8000,7.8700,7.7100,7.8600,7.8000,28783984,224838880.0000,1,0,10.832619
2022-03-29,sh.600000,7.8300,7.8600,7.8000,7.8200,7.8600,22516978,176131297.0700,1,0,10.832619
2022-03-30,sh.600000,7.8400,7.9200,7.8200,7.9200,7.8200,29854369,235127475.0300,1,0,10.832619
2022-03-31,sh.600000,7.8900,8.0200,7.8600,8.0000,7.9200,25969772,206902403.8500,1,0,10.832619
2022-04-01,sh.600000,7.9500,8.0700,7.9400,8.0700,8.0000,31881345,255823775.3900,1,0,10.832619
2022-04-06,sh.600000,8.0000,8.1800,8.0000,8.1700,8.0700,42546117,345601824.9400,1,0,10.832619
2022-04-07,sh.600000,8.1600,8.1800,8.0600,8.0700,8.1700,31712143,257349868.4700,1,0,10.832619
2022-04-08,sh.600000,8.0700,8.1200,8.0200,8.1100,8.0700,24089173,194553784.7300,1,0,10.832619
2022-04-11,sh.600000,8.1100,8.1100,7.9700,8.0100,8.1100,30015679,240997447.8000,1,0,10.832619
2022-04-12,sh.600000,8.0200,8.1500,7.9800,8.1100,8.0100,31331939,252435317.7000,1,0,10.832619
2022-04-13,sh.600000,8.0900,8.1400,8.0500,8.1000,8.1100,18501150,149849341.7100,1,0,10.832619
2022-04-14,sh.600000,8.1100,8.1500,8.1000,8.1100,8.1000,18973150,154167548.1800,1,0,10.832619
2022-04-15,sh.600000,8.1100,8.1800,8.0900,8.1500,8.1100,21811956,177849450.0900,1,0,10.832619
2022-04-18,sh.600000,8.1200,8.1400,8.0100,8.0300,8.1500,21022369,169238878.9400,1,0,10.832619
2022-04-19,sh.600000,8.0400,8.1400,8.0300,8.1400,8.0300,24564490,198485790.3200,1,0,10.832619
2022-04-20,sh.600000,8.1300,8.1500,8.0800,8.1100,8.1400,19143935,155238284.0200,1,0,10.832619
2022-04-21,sh.600000,8.0800,8.1600,7.9900,8.0700,8.1100,29228035,236728146.0000,1,0,10.832619
2022-04-22,sh.600000,8.0100,8.1200,8.0100,8.0900,8.0700,27612017,222997628.4100,1,0,10.832619
2022-04-25,sh.600000,8.0200,8.1000,7.8100,7.8200,8.0900,53311550,426094147.7600,1,0,10.832619
2022-04-26,sh.600000,7.8400,7.9900,7.7900,7.8700,7.8200,38204259,301693697.6200,1,0,10.832619
2022-04-27,sh.600000,7.9100,7.9500,7.8100,7.8300,7.8700,38688614,304687721.4500,1,0,10.832619
2022-04-28,sh.600000,7.8600,7.9900,7.8600,7.9900,7.8300,45175169,358888163.3500,1,0,10.832619
2022-04-29,sh.600000,7.9800,8.0600,7.8600,8.0300,7.9900,44512846,354246099.7000,1,0,10.832619
2022-05-05,sh.600000,8.0300,8.0800,7.9600,7.9900,8.0300,29133140,233186177.3600,1,0,10.832619
2022-05-06,sh.600000,7.9400,7.9800,7.8200,7.8500,7.9900,31795578,250345902.6500,1,0,10.832619
2022-05-09,sh.600000,7.8500,7.8600,7.8000,7.8200,7.8500,16035420,125476461.2000,1,0,10.832619
2022-05-10,sh.600000,7.8000,7.8900,7.7100,7.8500,7.8200,32991018,257366421.5800,1,0,10.832619
2022-05-11,sh.600000,7.8400,7.9000,7.8100,7.8600,7.8500,25116815,197407269.4600,1,0,10.832619
2022-05-12,sh.600000,7.8300,7.9100,7.8300,7.8700,7.8600,22352229,176091168.0900,1,0,10.832619
2022-05-13,sh.600000,7.9100,8.0500,7.9000,8.0500,7.8700,37343358,298941532.9300,1,0,10.832619
2022-05-16,sh.600000,8.0500,8.0700,7.9300,7.9700,8.0500,20990826,167326391.8400,1,0,10.832619
2022-05-17,sh.600000,8.0100,8.0400,7.9500,8.0200,7.9700,18714191,149733542.9900,1,0,10.832619
2022-05-18,sh.600000,7.9800,8.0100,7.9200,7.9500,8.0200,19463913,154781980.2000,1,0,10.832619
2022-05-19,sh.600000,7.9200,7.9800,7.8900,7.9100,7.9500,19904191,157705908.8500,1,0,10.832619
2022-05-20,sh.600000,7.9400,8.0500,7.9200,8.0400,7.9100,32699572,262095154.1000,1,0,10.832619
2022-05-23,sh.600000,8.0600,8.0600,7.9500,7.9500,8.0400,25527572,203770115.6000,1,0,10.832619
2022-05-24,sh.600000,7.9600,7.9700,7.8700,7.8800,7.9500,26028514,205916168.0300,1,0,10.832619
2022-05-25,sh.600000,7.9200,7.9300,7.8500,7.8800,7.8800,21003364,165613956.5900,1,0,10.832619
2022-05-26,sh.600000,7.8900,7.9200,7.8400,7.9000,7.8800,23401589,184331253.0100,1,0,10.832619
2022-05-27,sh.600000,7.9200,8.0100,7.8800,8.0000,7.9000,31755338,252802576.6400,1,0,10.832619
2022-05-30,sh.600000,8.0100,8.0200,7.8700,7.8800,8.0000,35696257,282538705.1400,1,0,10.832619
2022-05-31,sh.600000,7.9000,7.9800,7.8800,7.9400,7.8800,31750884,251916051.2100,1,0,10.832619
2022-06-01,sh.600000,7.9400,7.9400,7.8900,7.9100,7.9400,18401941,145647638.3900,1,0,10.832619
2022-06-02,sh.600000,7.8900,7.9100,7.8700,7.8900,7.9100,18931116,149199713.0100,1,0,10.832619
2022-06-06,sh.600000,7.8700,7.9000,7.8200,7.8600,7.8900,33010527,259403166.9200,1,0,10.832619
2022-06-07,sh.600000,7.8400,7.8900,7.8300,7.8800,7.8600,30623076,240941764.4800,1,0,10.832619
2022-06-08,sh.600000,7.8700,7.8800,7.8300,7.8600,7.8800,39555666,310775180.4700,1,0,10.832619
2022-06-09,sh.600000,7.8600,7.9600,7.8400,7.9500,7.8600,60606956,480180511.5600,1,0,10.832619
2022-06-10,sh.600000,7.9300,8.0500,7.8900,7.9300,7.9500,123446198,984436172.5200,1,0,10.832619
2022-06-13,sh.600000,7.9100,7.9300,7.7400,7.7700,7.9300,104597235,816472114.7700,1,0,10.832619
2022-06-14,sh.600000,7.7400,7.8900,7.7300,7.8700,7.7700,55047795,428964423.9900,1,0,10.832619
2022-06-15,sh.600000,7.8600,8.1300,7.8500,8.0300,7.8700,112759058,906495919.1800,1,0,10.832619
2022-06-16,sh.600000,8.0500,8.0800,7.9200,7.9200,8.0300,56889689,453897643.1300,1,0,10.832619
2022-06-17,sh.600000,7.9100,8.0000,7.8900,7.9700,7.9200,35612494,283173437.1500,1,0,10.832619
2022-06-20,sh.600000,7.9500,7.9800,7.9100,7.9100,7.9700,30065154,238320268.4500,1,0,10.832619
2022-06-21,sh.600000,7.9200,7.9800,7.9200,7.9700,7.9100,23245677,185071903.2300,1,0,10.832619
2022-06-22,sh.600000,7.9600,7.9700,7.9100,7.9200,7.9700,20635582,163685600.6200,1,0,10.832619
2022-06-23,sh.600000,7.9400,7.9700,7.9100,7.9700,7.9200,23255144,184864875.4100,1,0,10.832619
2022-06-24,sh.600000,7.9700,7.9800,7.9300,7.9500,7.9700,23665322,188294112.8500,1,0,10.832619
2022-06-27,sh.600000,7.9500,8.0100,7.9400,7.9700,7.9500,24067719,192131005.8500,1,0,10.832619
2022-06-28,sh.600000,7.9700,8.0400,7.9600,8.0400,7.9700,25729078,205871661.6700,1,0,10.832619
2022-06-29,sh.600000,8.0100,8.0600,8.0000,8.0500,8.0400,30299747,243477295.2400,1,0,10.832619
2022-06-30,sh.600000,8.0500,8.0600,8.0000,8.0100,8.0500,23369617,187691079.9400,1,0,10.832619
2022-07-01,sh.600000,8.0100,8.0400,7.9800,7.9900,8.0100,17846787,142651655.1700,1,0,10.832619
2022-07-04,sh.600000,7.9900,8.0000,7.9400,7.9600,7.9900,18222009,145047089.1700,1,0,10.832619
2022-07-05,sh.600000,7.9600,8.0000,7.9400,7.9800,7.9600,21322243,169924262.9100,1,0,10.832619
2022-07-06,sh.600000,7.9700,7.9800,7.8700,7.9000,7.9800,28829658,227963132.4700,1,0,10.832619
2022-07-07,sh.600000,7.8800,7.9200,7.8600,7.8700,7.9000,18636395,147034169.9300,1,0,10.832619
2022-07-08,sh.600000,7.9000,7.9000,7.8700,7.8800,7.8700,12379190,97665056.8800,1,0,10.832619
2022-07-11,sh.600000,7.8700,7.9000,7.8600,7.8700,7.8800,16195472,127636556.9700,1,0,10.832619
2022-07-12,sh.600000,7.8600,7.9400,7.8600,7.9100,7.8700,19889798,157433751.9200,1,0,10.832619
2022-07-13,sh.600000,7.9300,7.9400,7.8500,7.8500,7.9100,30506523,240374854.3500,1,0,10.832619
2022-07-14,sh.600000,7.8400,7.8600,7.7500,7.7900,7.8500,40565878,315441408.7600,1,0,10.832619
2022-07-15,sh.600000,7.7600,7.8000,7.6500,7.6700,7.7900,47127632,364457390.7800,1,0,10.832619
2022-07-18,sh.600000,7.6800,7.7900,7.6800,7.7900,7.6700,25164232,195287190.7300,1,0,10.832619
2022-07-19,sh.600000,7.7900,7.8200,7.7700,7.8100,7.7900,28872304,224891813.3500,1,0,10.832619
2022-07-20,sh.600000,7.8500,7.8500,7.7700,7.7900,7.8100,39713402,309465405.6900,1,0,10.832619
2022-07-21,sh.600000,7.4000,7.4100,7.3300,7.3300,7.3800,41541585,305408212.2200,1,0,11.434431
2022-07-22,sh.600000,7.3400,7.3800,7.3400,7.3500,7.3300,19660796,144713989.7500,1,0,11.434431
2022-07-25,sh.600000,7.3300,7.3800,7.3300,7.3500,7.3500,17093960,125744844.4600,1,0,11.434431
2022-07-26,sh.600000,7.3600,7.3900,7.3400,7.3800,7.3500,18730569,138030623.4000,1,0,11.434431
2022-07-27,sh.600000,7.3600,7.3700,7.3300,7.3400,7.3800,17036417,125085329.4300,1,0,11.434431
2022-07-28,sh.600000,7.3500,7.3700,7.3200,7.3300,7.3400,21524372,158047423.2700,1,0,11.434431
2022-07-29,sh.600000,7.3500,7.3500,7.2300,7.2600,7.3300,43873316,319838541.1900,1,0,11.434431
2022-08-01,sh.600000,7.2600,7.2800,7.2100,7.2300,7.2600,24438011,176997248.6800,1,0,11.434431
2022-08-02,sh.600000,7.2200,7.2200,7.0700,7.1400,7.2300,40986083,291570126.8400,1,0,11.434431
2022-08-03,sh.600000,7.1300,7.1700,7.0700,7.0700,7.1400,28144846,199887999.4900,1,0,11.434431
2022-08-04,sh.600000,7.0900,7.1000,7.0600,7.0900,7.0700,21294463,150760431.0000,1,0,11.434431
2022-08-05,sh.600000,7.0900,7.1800,7.0800,7.1500,7.0900,22554203,160555049.0000,1,0,11.434431
2022-08-08,sh.600000,7.1700,7.1800,7.1200,7.1200,7.1500,12981219,92667054.0000,1,0,11.434431
2022-08-09,sh.600000,7.1300,7.1500,7.1000,7.1200,7.1200,13023820,92757272.0000,1,0,11.434431
2022-08-10,sh.600000,7.1200,7.1300,7.0800,7.0900,7.1200,11674742,82872444.0000,1,0,11.434431
2022-08-11,sh.600000,7.1200,7.1900,7.1000,7.1800,7.0900,21910821,156858352.0000,1,0,11.434431
2022-08-12,sh.600000,7.1900,7.2600,7.1700,7.2400,7.1800,22253354,160666706.0000,1,0,11.434431
2022-08-15,sh.600000,7.2400,7.2900,7.2000,7.2100,7.2400,20451392,148015692.8300,1,0,11.434431
2022-08-16,sh.600000,7.2100,7.2600,7.1800,7.1900,7.2100,17910142,129120992.6100,1,0,11.434431
2022-08-17,sh.600000,7.2100,7.3000,7.1800,7.2800,7.1900,20980840,152061978.5400,1,0,11.434431
2022-08-18,sh.600000,7.2700,7.2700,7.1900,7.2100,7.2800,12991819,93820911.1800,1,0,11.434431
2022-08-19,sh.600000,7.1800,7.2800,7.1800,7.2000,7.2100,17544569,126989201.8600,1,0,11.434431
2022-08-22,sh.600000,7.1800,7.2400,7.1600,7.2300,7.2000,13776616,99353492.4400,1,0,11.434431
2022-08-23,sh.600000,7.2100,7.2200,7.1700,7.1700,7.2300,15047471,108111339.9300,1,0,11.434431
2022-08-24,sh.600000,7.1700,7.2200,7.1400,7.1500,7.1700,16855765,120996052.8000,1,0,11.434431
2022-08-25,sh.600000,7.1600,7.2200,7.1500,7.2000,7.1500,15772556,113287116.5200,1,0,11.434431
2022-08-26,sh.600000,7.2300,7.2600,7.1800,7.2200,7.2000,17576235,126876440.7100,1,0,11.434431
2022-08-29,sh.600000,7.1600,7.2100,7.1200,7.1500,7.2200,27600324,197253687.4600,1,0,11.434431
2022-08-30,sh.600000,7.1400,7.2000,7.1300,7.1900,7.1500,22541928,161534932.8000,1,0,11.434431
2022-08-31,sh.600000,7.1700,7.2800,7.1500,7.2700,7.1900,39566130,286509308.7500,1,0,11.434431
2022-09-01,sh.600000,7.2300,7.2900,7.2000,7.2300,7.2700,23298388,169134999.2700,1,0,11.434431
2022-09-02,sh.600000,7.2400,7.2700,7.2000,7.2100,7.2300,19975499,144236248.5300,1,0,11.434431
2022-09-05,sh.600000,7.1800,7.2700,7.1400,7.2600,7.2100,26646247,192171036.5800,1,0,11.434431
2022-09-06,sh.600000,7.2500,7.3000,7.2400,7.2600,7.2600,21866681,159009208.0900,1,0,11.434431
2022-09-07,sh.600000,7.2300,7.2600,7.2200,7.2200,7.2600,16568470,119766057.0600,1,0,11.434431
2022-09-08,sh.600000,7.2400,7.2700,7.2200,7.2400,7.2200,14478347,104930852.8500,1,0,11.434431
2022-09-09,sh.600000,7.2700,7.3400,7.2400,7.3100,7.2400,32423037,236986664.9300,1,0,11.434431
2022-09-13,sh.600000,7.2800,7.3600,7.2700,7.3500,7.3100,23795140,174338448.0000,1,0,11.434431
2022-09-14,sh.600000,7.2900,7.3400,7.2700,7.2800,7.3500,18649011,136014993.7400,1,0,11.434431
2022-09-15,sh.600000,7.2900,7.3700,7.2800,7.3200,7.2800,31940343,233945046.6400,1,0,11.434431
2022-09-16,sh.600000,7.3000,7.3200,7.1400,7.1400,7.3200,33979138,245252583.8700,1,0,11.434431
2022-09-19,sh.600000,7.1600,7.2000,7.1000,7.1600,7.1400,22388073,160021576.5700,1,0,11.434431
2022-09-20,sh.600000,7.1600,7.1800,7.1000,7.1100,7.1600,22247046,158496620.2400,1,0,11.434431
2022-09-21,sh.600000,7.1000,7.1600,7.0800,7.1300,7.1100,20026161,142605615.8800,1,0,11.434431
2022-09-22,sh.600000,7.1100,7.1400,7.0800,7.1200,7.1300,19540404,138786681.5400,1,0,11.434431
2022-09-23,sh.600000,7.1200,7.1800,7.0900,7.1600,7.1200,21806262,155805817.2300,1,0,11.434431
2022-09-26,sh.600000,7.1200,7.1700,7.0500,7.0600,7.1600,29503476,209607846.6600,1,0,11.434431
2022-09-27,sh.600000,7.0400,7.0900,7.0200,7.0700,7.0600,20128163,142035077.2300,1,0,11.434431
2022-09-28,sh.600000,7.0500,7.1200,7.0200,7.0800,7.0700,25197590,178257967.4900,1,0,11.434431
2022-09-29,sh.600000,7.1100,7.1300,6.9500,6.9900,7.0800,37072647,260386962.1000,1,0,11.434431
2022-09-30,sh.600000,7.0200,7.0700,6.9900,7.0400,6.9900,21572691,151907573.3900,1,0,11.434431
2022-10-10,sh.600000,7.0400,7.0900,7.0100,7.0300,7.0400,20028296,141308416.0000,1,0,11.434431
2022-10-11,sh.600000,7.0700,7.0800,7.0000,7.0100,7.0300,18613647,130804312.0300,1,0,11.434431
2022-10-12,sh.600000,7.0100,7.0500,6.9600,7.0500,7.0100,20354488,142570655.0900,1,0,11.434431
2022-10-13,sh.600000,7.0300,7.0400,6.9700,7.0000,7.0500,24107256,168676264.3200,1,0,11.434431
2022-10-14,sh.600000,7.0300,7.0700,7.0100,7.0300,7.0000,27342763,192757732.6700,1,0,11.434431
2022-10-17,sh.600000,7.0500,7.0500,7.0000,7.0200,7.0300,20616536,144892075.7700,1,0,11.434431
2022-10-18,sh.600000,7.0400,7.0600,7.0100,7.0200,7.0200,21908675,154099279.6200,1,0,11.434431
2022-10-19,sh.600000,7.0200,7.0400,6.9700,6.9700,7.0200,17988215,125873057.6700,1,0,11.434431
2022-10-20,sh.600000,6.9700,7.0000,6.9600,6.9700,6.9700,19765093,137810612.9400,1,0,11.434431
2022-10-21,sh.600000,6.9900,7.0200,6.9100,6.9200,6.9700,24567888,170868902.5300,1,0,11.434431
2022-10-24,sh.600000,6.9300,6.9400,6.8000,6.8100,6.9200,38610105,265091387.6200,1,0,11.434431
2022-10-25,sh.600000,6.8800,6.8800,6.8000,6.8400,6.8100,26539881,181269047.4800,1,0,11.434431
2022-10-26,sh.600000,6.8300,6.8600,6.8000,6.8200,6.8400,20377311,139135071.2400,1,0,11.434431
2022-10-27,sh.600000,6.8300,6.8700,6.8100,6.8200,6.8200,21293652,145765770.2300,1,0,11.434431
2022-10-28,sh.600000,6.8400,6.8700,6.7500,6.8000,6.8200,28234295,192577659.8700,1,0,11.434431
2022-10-31,sh.600000,6.7300,6.7500,6.6300,6.6400,6.8000,32237373,215102267.5700,1,0,11.434431
2022-11-01,sh.600000,6.6800,6.7400,6.6500,6.7400,6.6400,27035074,181314549.4500,1,0,11.434431
2022-11-02,sh.600000,6.7000,6.7400,6.6600,6.7100,6.7400,24034116,160891463.4900,1,0,11.434431
2022-11-03,sh.600000,6.7100,6.7100,6.6400,6.6600,6.7100,21251911,141624735.1400,1,0,11.434431
2022-11-04,sh.600000,6.6500,6.8000,6.6400,6.7900,6.6600,32665677,220460181.1200,1,0,11.434431
2022-11-07,sh.600000,6.7500,6.8300,6.7400,6.8100,6.7900,16269623,110507706.4300,1,0,11.434431
2022-11-08,sh.600000,6.8300,6.8300,6.7700,6.7900,6.8100,15282862,103708976.9100,1,0,11.434431
2022-11-09,sh.600000,6.7700,6.8200,6.7700,6.7900,6.7900,13127494,89138502.1700,1,0,11.434431
2022-11-10,sh.600000,6.7500,6.8000,6.7400,6.7800,6.7900,12601008,85330918.6600,1,0,11.434431
2022-11-11,sh.600000,6.8300,6.9800,6.8300,6.9400,6.7800,40237053,277525770.2600,1,0,11.434431
2022-11-14,sh.600000,6.9800,7.0900,6.9600,7.0300,6.9400,43777420,308265880.9900,1,0,11.434431
2022-11-15,sh.600000,7.0100,7.0900,7.0000,7.0600,7.0300,25212063,177876453.1200,1,0,11.434431
2022-11-16,sh.600000,7.0300,7.0600,7.0100,7.0300,7.0600,17398102,122332873.4700,1,0,11.434431
2022-11-17,sh.600000,7.0200,7.0200,6.9500,6.9800,7.0300,22026825,153691239.7200,1,0,11.434431
2022-11-18,sh.600000,6.9900,7.0000,6.9100,6.9100,6.9800,22662930,157460686.0300,1,0,11.434431
2022-11-21,sh.600000,6.9000,6.9100,6.8300,6.8800,6.9100,22374965,153475265.8300,1,0,11.434431
2022-11-22,sh.600000,6.8900,7.0400,6.8900,7.0200,6.8800,33424530,233200479.2600,1,0,11.434431
2022-11-23,sh.600000,7.0100,7.1200,6.9900,7.0500,7.0200,36694389,259475308.3800,1,0,11.434431
2022-11-24,sh.600000,7.0600,7.1400,7.0300,7.0300,7.0500,21534531,152263201.7300,1,0,11.434431
2022-11-25,sh.600000,7.0400,7.1800,7.0400,7.1700,7.0300,43033799,307087081.8100,1,0,11.434431
2022-11-28,sh.600000,7.1000,7.1000,6.9800,7.0700,7.1700,37873189,266592726.1100,1,0,11.434431
2022-11-29,sh.600000,7.1000,7.3000,7.0800,7.2700,7.0700,68171227,492975278.3000,1,0,11.434431
2022-11-30,sh.600000,7.2400,7.3000,7.2200,7.2200,7.2700,32346981,234334306.2400,1,0,11.434431
2022-12-01,sh.600000,7.2800,7.3400,7.2100,7.2200,7.2200,30040435,217886966.6300,1,0,11.434431
2022-12-02,sh.600000,7.2500,7.2500,7.1700,7.2300,7.2200,25722026,185354138.2700,1,0,11.434431
2022-12-05,sh.600000,7.2800,7.3700,7.2400,7.3600,7.2300,47367357,346640963.0100,1,0,11.434431
2022-12-06,sh.600000,7.3200,7.3900,7.3000,7.3600,7.3600,30550306,224448680.3800,1,0,11.434431
2022-12-07,sh.600000,7.3500,7.4000,7.3000,7.3400,7.3600,31176550,229009592.5300,1,0,11.434431
2022-12-08,sh.600000,7.3200,7.3900,7.3100,7.3800,7.3400,25551776,187977673.6700,1,0,11.434431
2022-12-09,sh.600000,7.3700,7.3900,7.3000,7.3200,7.3800,38192346,280350287.4800,1,0,11.434431
2022-12-12,sh.600000,7.3100,7.3600,7.2300,7.2600,7.3200,26708550,194644289.6200,1,0,11.434431
2022-12-13,sh.600000,7.2700,7.3500,7.2500,7.3200,7.2600,18253626,133464501.5800,1,0,11.434431
2022-12-14,sh.600000,7.3700,7.3700,7.2600,7.3200,7.3200,16180635,118352408.6600,1,0,11.434431
2022-12-15,sh.600000,7.2800,7.3200,7.2300,7.2400,7.3200,17471770,126757095.6500,1,0,11.434431
2022-12-16,sh.600000,7.2500,7.3500,7.2300,7.3500,7.2400,31704629,232171543.6900,1,0,11.434431
2022-12-19,sh.600000,7.3700,7.3700,7.2100,7.2400,7.3500,20432546,148576218.2000,1,0,11.434431
2022-12-20,sh.600000,7.2300,7.2800,7.1300,7.1400,7.2400,24800259,178369739.9900,1,0,11.434431
2022-12-21,sh.600000,7.2200,7.2400,7.1300,7.1900,7.1400,17252934,124209180.5700,1,0,11.434431
2022-12-22,sh.600000,7.2800,7.3100,7.2000,7.2400,7.1900,18662641,135509039.2900,1,0,11.434431
2022-12-23,sh.600000,7.1900,7.2700,7.1700,7.1900,7.2400,12958464,93463047.0400,1,0,11.434431
2022-12-26,sh.600000,7.1900,7.2100,7.0800,7.1000,7.1900,20138533,143606823.7100,1,0,11.434431
2022-12-27,sh.600000,7.1300,7.2900,7.1200,7.2200,7.1000,24065192,173516852.3700,1,0,11.434431
2022-12-28,sh.600000,7.2200,7.3000,7.2000,7.3000,7.2200,20901364,152167733.8100,1,0,11.434431
2022-12-29,sh.600000,7.2700,7.2900,7.1800,7.2400,7.3000,18367088,132652083.0000,1,0,11.434431
2022-12-30,sh.600000,7.2300,7.3000,7.2200,7.2800,7.2400,20352397,147932730.7100,1,0,11.434431
2023-01-03,sh.600000,7.2700,7.2800,7.1700,7.2300,7.2800,25892521,187094064.4100,1,0,11.434431
2023-01-04,sh.600000,7.2700,7.3500,7.2300,7.3100,7.2300,30947081,226321372.0500,1,0,11.434431
2023-01-05,sh.600000,7.3700,7.3800,7.3000,7.3500,7.3100,30162154,221617354.6200,1,0,11.434431
2023-01-06,sh.600000,7.3500,7.3800,7.3100,7.3400,7.3500,20312881,149170537.8500,1,0,11.434431
2023-01-09,sh.600000,7.3800,7.3800,7.3000,7.3400,7.3400,19612260,143998210.6000,1,0,11.434431
2023-01-10,sh.600000,7.3500,7.3500,7.2800,7.2800,7.3400,16194647,118223821.8600,1,0,11.434431
2023-01-11,sh.600000,7.3100,7.3400,7.2700,7.3000,7.2800,19215541,140393995.9200,1,0,11.434431
2023-01-12,sh.600000,7.3300,7.3400,7.2400,7.2700,7.3000,16849908,122554362.2300,1,0,11.434431
2023-01-13,sh.600000,7.2900,7.3500,7.2700,7.3400,7.2700,21770211,159178131.6100,1,0,11.434431
2023-01-16,sh.600000,7.3500,7.3800,7.2800,7.3300,7.3400,36816941,270170018.1000,1,0,11.434431
2023-01-17,sh.600000,7.3400,7.3500,7.2700,7.3000,7.3300,24222613,176749046.1500,1,0,11.434431
2023-01-18,sh.600000,7.3100,7.3300,7.2700,7.3100,7.3000,24494551,178868884.9500,1,0,11.434431
2023-01-19,sh.600000,7.3100,7.3300,7.2600,7.3300,7.3100,16713352,121983725.8700,1,0,11.434431
2023-01-20,sh.600000,7.3400,7.3600,7.3200,7.3600,7.3300,20986958,154239831.2600,1,0,11.434431
2023-01-30,sh.600000,7.4300,7.4300,7.3700,7.4000,7.3600,31810739,235352030.4500,1,0,11.434431
2023-01-31,sh.600000,7.4200,7.4500,7.3700,7.3700,7.4000,28438220,210715444.2400,1,0,11.434431
2023-02-01,sh.600000,7.4000,7.4000,7.3300,7.3600,7.3700,18659542,137294549.4200,1,0,11.434431
2023-02-02,sh.600000,7.3900,7.3900,7.3200,7.3600,7.3600,21900191,160961795.1600,1,0,11.434431
2023-02-03,sh.600000,7.3300,7.3500,7.2700,7.2700,7.3600,29885527,217904607.7900,1,0,11.434431
2023-02-06,sh.600000,7.2500,7.2500,7.2100,7.2500,7.2700,22786780,164745210.2300,1,0,11.434431
2023-02-07,sh.600000,7.2700,7.2700,7.2200,7.2400,7.2500,15481821,112169271.3200,1,0,11.434431
2023-02-08,sh.600000,7.2400,7.2700,7.2200,7.2300,7.2400,13095025,94770356.7600,1,0,11.434431
2023-02-09,sh.600000,7.2300,7.2800,7.2200,7.2600,7.2300,10895965,79099151.1900,1,0,11.434431
2023-02-10,sh.600000,7.2500,7.2700,7.2200,7.2400,7.2600,11944106,86527412.0800,1,0,11.434431
2023-02-13,sh.600000,7.2200,7.2600,7.1800,7.2300,7.2400,20449779,147742689.0200,1,0,11.434431
2023-02-14,sh.600000,7.2400,7.2600,7.2300,7.2400,7.2300,11929853,86373390.4700,1,0,11.434431
2023-02-15,sh.600000,7.2400,7.2500,7.1900,7.2000,7.2400,15467693,111509087.5600,1,0,11.434431
2023-02-16,sh.600000,7.2100,7.2600,7.1800,7.1900,7.2000,18798353,135881168.8200,1,0,11.434431
2023-02-17,sh.600000,7.1900,7.2200,7.1300,7.1300,7.1900,21148914,151882567.4900,1,0,11.434431
2023-02-20,sh.600000,7.1600,7.2700,7.1500,7.2600,7.1300,25613504,184902604.4900,1,0,11.434431
2023-02-21,sh.600000,7.2600,7.3000,7.2300,7.2900,7.2600,16234446,118094160.8000,1,0,11.434431
2023-02-22,sh.600000,7.2800,7.2900,7.2400,7.2400,7.2900,12971392,94204601.1700,1,0,11.434431
2023-02-23,sh.600000,7.2500,7.2800,7.2300,7.2300,7.2400,11436536,82898811.5600,1,0,11.434431
2023-02-24,sh.600000,7.2200,7.2600,7.1800,7.1800,7.2300,16681114,120124647.8800,1,0,11.434431
2023-02-27,sh.600000,7.1600,7.2000,7.1600,7.1600,7.1800,15800639,113363321.6700,1,0,11.434431
2023-02-28,sh.600000,7.1800,7.2000,7.1400,7.1800,7.1600,17448100,125100407.8900,1,0,11.434431
2023-03-01,sh.600000,7.1700,7.2700,7.1700,7.2600,7.1800,25661325,185861461.9700,1,0,11.434431
2023-03-02,sh.600000,7.2300,7.2900,7.2300,7.2700,7.2600,17070002,124094304.5300,1,0,11.434431
2023-03-03,sh.600000,7.2900,7.3600,7.2600,7.3500,7.2700,31094168,227583047.8900,1,0,11.434431
2023-03-06,sh.600000,7.3500,7.3700,7.3100,7.3300,7.3500,24939950,182971731.4300,1,0,11.434431
2023-03-07,sh.600000,7.3200,7.4600,7.3000,7.3100,7.3300,56642781,417960791.2600,1,0,11.434431
2023-03-08,sh.600000,7.3000,7.3200,7.2500,7.3100,7.3100,19059038,138757482.3000,1,0,11.434431
2023-03-09,sh.600000,7.3100,7.3400,7.2500,7.2700,7.3100,18993344,138470614.8900,1,0,11.434431
2023-03-10,sh.600000,7.2400,7.2600,7.1500,7.1500,7.2700,27843826,200486041.8900,1,0,11.434431
2023-03-13,sh.600000,7.0500,7.0900,7.0300,7.0600,7.1500,51314997,362230489.5700,1,0,11.434431
2023-03-14,sh.600000,7.0600,7.0700,7.0000,7.0200,7.0600,32453388,228164817.7600,1,0,11.434431
2023-03-15,sh.600000,7.0700,7.1000,7.0600,7.0800,7.0200,25072976,177677434.5100,1,0,11.434431
2023-03-16,sh.600000,7.0800,7.1700,7.0500,7.1200,7.0800,28501314,203051783.7600,1,0,11.434431
2023-03-17,sh.600000,7.1400,7.2200,7.1000,7.1100,7.1200,36328142,260022747.7100,1,0,11.434431
2023-03-20,sh.600000,7.1000,7.2200,7.1000,7.1300,7.1100,26292154,188546315.8400,1,0,11.434431
2023-03-21,sh.600000,7.1600,7.2000,7.1300,7.1300,7.1300,18977675,135798122.4600,1,0,11.434431
2023-03-22,sh.600000,7.1500,7.1900,7.1400,7.1800,7.1300,16988375,121799288.5900,1,0,11.434431
2023-03-23,sh.600000,7.1500,7.2200,7.1400,7.2100,7.1800,21506296,154656983.1700,1,0,11.434431
2023-03-24,sh.600000,7.1900,7.2500,7.1800,7.2100,7.2100,25687826,185477855.9900,1,0,11.434431
2023-03-27,sh.600000,7.2300,7.2300,7.1500,7.1500,7.2100,19141397,137294385.8200,1,0,11.434431
2023-03-28,sh.600000,7.1600,7.1900,7.1400,7.1800,7.1500,16641290,119293208.8100,1,0,11.434431
2023-03-29,sh.600000,7.2300,7.2300,7.1600,7.1600,7.1800,12685806,91087594.0900,1,0,11.434431
2023-03-30,sh.600000,7.1800,7.2100,7.1200,7.1900,7.1600,22504756,161359032.2500,1,0,11.434431
2023-03-31,sh.600000,7.1900,7.2400,7.1700,7.1900,7.1900,20048925,144423997.5500,1,0,11.434431
2023-04-03,sh.600000,7.1900,7.2100,7.1600,7.1900,7.1900,20246596,145394355.6700,1,0,11.434431
2023-04-04,sh.600000,7.1900,7.2200,7.1600,7.2100,7.1900,25718197,184997550.0200,1,0,11.434431
2023-04-06,sh.600000,7.2100,7.2200,7.1800,7.1800,7.2100,14740291,106072546.2000,1,0,11.434431
2023-04-07,sh.600000,7.1900,7.2400,7.1600,7.2300,7.1800,17465820,125889350.1300,1,0,11.434431
2023-04-10,sh.600000,7.2100,7.2400,7.1900,7.2100,7.2300,17548307,126535778.9700,1,0,11.434431
2023-04-11,sh.600000,7.2300,7.2300,7.1800,7.1800,7.2100,20191251,145358006.5900,1,0,11.434431
2023-04-12,sh.600000,7.2000,7.2300,7.1700,7.2100,7.1800,19475694,140373569.7100,1,0,11.434431
2023-04-13,sh.600000,7.2200,7.2900,7.2000,7.2500,7.2100,25779019,186717623.6600,1,0,11.434431
2023-04-14,sh.600000,7.2800,7.3100,7.2500,7.2700,7.2500,25074604,182629852.3500,1,0,11.434431
2023-04-17,sh.600000,7.2600,7.4000,7.2600,7.3900,7.2700,36027756,264817274.9700,1,0,11.434431
2023-04-18,sh.600000,7.3800,7.5900,7.3700,7.5400,7.3900,77412335,582499847.8700,1,0,11.434431
2023-04-19,sh.600000,7.4900,7.5800,7.4300,7.5300,7.5400,52269783,393443029.2900,1,0,11.434431
2023-04-20,sh.600000,7.5000,7.6900,7.5000,7.6800,7.5300,72340661,550359765.7300,1,0,11.434431
2023-04-21,sh.600000,7.6700,7.7300,7.5700,7.5900,7.6800,50258973,383793225.2900,1,0,11.434431
2023-04-24,sh.600000,7.5900,7.6400,7.4700,7.4900,7.5900,43348471,326606926.2200,1,0,11.434431
2023-04-25,sh.600000,7.5300,7.6200,7.5200,7.5600,7.4900,42805282,323698544.5900,1,0,11.434431
2023-04-26,sh.600000,7.5600,7.5600,7.4200,7.4600,7.5600,50919367,380460212.9000,1,0,11.434431
2023-04-27,sh.600000,7.4800,7.5100,7.4200,7.4800,7.4600,49269460,367760166.5000,1,0,11.434431
2023-04-28,sh.600000,7.4700,7.6500,7.4700,7.6000,7.4800,38841289,294352873.0000,1,0,11.434431
2023-05-04,sh.600000,7.4800,7.7500,7.3500,7.6800,7.6000,75866605,575141257.4200,1,0,11.434431
2023-05-05,sh.600000,7.6800,7.9000,7.6600,7.7600,7.6800,67991125,529531596.7600,1,0,11.434431
2023-05-08,sh.600000,7.7700,8.1700,7.7600,8.0700,7.7600,143117862,1148389705.0000,1,0,11.434431
2023-05-09,sh.600000,8.1400,8.2200,7.9400,7.9600,8.0700,122058988,987860019.4500,1,0,11.434431
2023-05-10,sh.600000,7.9300,7.9500,7.6500,7.7000,7.9600,87338919,677598926.9200,1,0,11.434431
2023-05-11,sh.600000,7.7200,7.8000,7.6500,7.6700,7.7000,43135406,332304491.0000,1,0,11.434431
2023-05-12,sh.600000,7.7000,7.7100,7.5800,7.6200,7.6700,55003725,420040623.0900,1,0,11.434431
2023-05-15,sh.600000,7.6200,7.7100,7.5100,7.6900,7.6200,49175572,373081744.3500,1,0,11.434431
2023-05-16,sh.600000,7.7000,7.7800,7.6400,7.6700,7.6900,41397733,318997696.8800,1,0,11.434431
2023-05-17,sh.600000,7.6700,7.6900,7.5800,7.6100,7.6700,29442573,224614977.4200,1,0,11.434431
2023-05-18,sh.600000,7.6400,7.7500,7.6100,7.6800,7.6100,38714402,297590091.7300,1,0,11.434431
2023-05-19,sh.600000,7.6700,7.6700,7.5200,7.5400,7.6800,35072548,265388165.9800,1,0,11.434431
2023-05-22,sh.600000,7.5800,7.6000,7.5200,7.5400,7.5400,21174297,159997715.1300,1,0,11.434431
2023-05-23,sh.600000,7.5400,7.5900,7.4500,7.4500,7.5400,29213715,219372233.1400,1,0,11.434431
2023-05-24,sh.600000,7.4300,7.4400,7.2900,7.2900,7.4500,45145900,331690566.3600,1,0,11.434431
2023-05-25,sh.600000,7.2600,7.3300,7.2400,7.3100,7.2900,34408974,250361065.9800,1,0,11.434431
2023-05-26,sh.600000,7.3100,7.3600,7.2500,7.3200,7.3100,18912850,138237160.6200,1,0,11.434431
2023-05-29,sh.600000,7.3200,7.4600,7.3100,7.4100,7.3200,29624085,218780886.0400,1,0,11.434431
2023-05-30,sh.600000,7.4200,7.4400,7.3000,7.3700,7.4100,26942819,198416676.4900,1,0,11.434431
2023-05-31,sh.600000,7.3700,7.3700,7.2900,7.3500,7.3700,26569353,194680268.7500,1,0,11.434431
2023-06-01,sh.600000,7.3300,7.3500,7.2600,7.2800,7.3500,30606250,223217358.2300,1,0,11.434431
2023-06-02,sh.600000,7.2900,7.3600,7.2900,7.3500,7.2800,20697156,151681592.4000,1,0,11.434431
2023-06-05,sh.600000,7.3500,7.4300,7.3100,7.4100,7.3500,21286683,157069298.7400,1,0,11.434431
2023-06-06,sh.600000,7.4100,7.5300,7.3600,7.3800,7.4100,33736363,251262503.6200,1,0,11.434431
2023-06-07,sh.600000,7.4000,7.5000,7.4000,7.4600,7.3800,21593403,161137015.0200,1,0,11.434431
2023-06-08,sh.600000,7.4900,7.5900,7.4300,7.5700,7.4600,27634633,207840752.3100,1,0,11.434431
2023-06-09,sh.600000,7.5700,7.6000,7.5300,7.5600,7.5700,22288077,168547960.9900,1,0,11.434431
2023-06-12,sh.600000,7.5400,7.5400,7.4300,7.4300,7.5600,20300133,151516728.3100,1,0,11.434431
2023-06-13,sh.600000,7.4300,7.4800,7.4000,7.4600,7.4300,15724325,117086539.2500,1,0,11.434431
2023-06-14,sh.600000,7.4800,7.5100,7.4000,7.4000,7.4600,17986091,134018713.5900,1,0,11.434431
2023-06-15,sh.600000,7.4300,7.4900,7.3900,7.4500,7.4000,20936996,155705974.8300,1,0,11.434431
2023-06-16,sh.600000,7.4500,7.4700,7.3900,7.4300,7.4500,26908579,199680699.1800,1,0,11.434431
2023-06-19,sh.600000,7.4100,7.4200,7.3400,7.3400,7.4300,17368652,128045971.2000,1,0,11.434431
2023-06-20,sh.600000,7.3600,7.3700,7.2900,7.2900,7.3400,20417397,149411204.4800,1,0,11.434431
2023-06-21,sh.600000,7.2900,7.3700,7.2700,7.2700,7.2900,20122147,147098242.3900,1,0,11.434431
2023-06-26,sh.600000,7.2700,7.2800,7.1400,7.1600,7.2700,34007942,244185921.4600,1,0,11.434431
2023-06-27,sh.600000,7.1500,7.2300,7.1400,7.1900,7.1600,18412655,132407800.9900,1,0,11.434431
2023-06-28,sh.600000,7.2000,7.2200,7.1500,7.2100,7.1900,15806614,113547070.8100,1,0,11.434431
2023-06-29,sh.600000,7.2100,7.2500,7.1800,7.1800,7.2100,21627405,155944843.4000,1,0,11.434431
2023-06-30,sh.600000,7.1700,7.2700,7.1700,7.2400,7.1800,19425283,140653932.2100,1,0,11.434431
2023-07-03,sh.600000,7.2500,7.3300,7.2500,7.3200,7.2400,20873751,152174188.9900,1,0,11.434431
2023-07-04,sh.600000,7.3000,7.3300,7.2300,7.2800,7.3200,17447358,126841704.1800,1,0,11.434431
2023-07-05,sh.600000,7.2600,7.2800,7.2100,7.2500,7.2800,11396554,82596377.7800,1,0,11.434431
2023-07-06,sh.600000,7.2500,7.2700,7.1900,7.2100,7.2500,14827400,107119877.5000,1,0,11.434431
2023-07-07,sh.600000,7.2100,7.2500,7.1800,7.2200,7.2100,14748837,106398636.4700,1,0,11.434431
2023-07-10,sh.600000,7.2200,7.2500,7.2000,7.2200,7.2200,11410653,82406253.7200,1,0,11.434431
2023-07-11,sh.600000,7.2600,7.2900,7.2300,7.2800,7.2200,14074191,102272415.8800,1,0,11.434431
2023-07-12,sh.600000,7.2800,7.3200,7.2500,7.2500,7.2800,14414543,105021891.1500,1,0,11.434431
2023-07-13,sh.600000,7.3000,7.4000,7.2700,7.4000,7.2500,26925447,198390792.4600,1,0,11.434431
2023-07-14,sh.600000,7.4200,7.4500,7.3800,7.4400,7.4000,19569658,145348729.7600,1,0,11.434431
2023-07-17,sh.600000,7.4400,7.4500,7.3500,7.4200,7.4400,13992076,103339600.8300,1,0,11.434431
2023-07-18,sh.600000,7.4200,7.4200,7.3700,7.3900,7.4200,12026567,88895175.3100,1,0,11.434431
2023-07-19,sh.600000,7.3600,7.4300,7.3600,7.4100,7.3900,18189577,134677036.1600,1,0,11.434431
2023-07-20,sh.600000,7.4300,7.4800,7.4000,7.4200,7.4100,26686817,198503271.4000,1,0,11.434431
2023-07-21,sh.600000,7.1000,7.1500,7.0700,7.1200,7.1000,27661416,196813979.2400,1,0,11.949786
2023-07-24,sh.600000,7.0800,7.1600,7.0700,7.1300,7.1200,25840210,184072421.9600,1,0,11.949786
2023-07-25,sh.600000,7.1800,7.2900,7.1700,7.2700,7.1300,31444763,227784692.4200,1,0,11.949786
2023-07-26,sh.600000,7.2800,7.3400,7.2600,7.2900,7.2700,22818033,166416269.2700,1,0,11.949786
2023-07-27,sh.600000,7.3300,7.4000,7.2900,7.3700,7.2900,26198753,193006451.0500,1,0,11.949786
2023-07-28,sh.600000,7.3300,7.5200,7.3300,7.5000,7.3700,46528827,347454786.7700,1,0,11.949786
2023-07-31,sh.600000,7.5500,7.6400,7.5200,7.6000,7.5000,52804227,400087142.6400,1,0,11.949786
2023-08-01,sh.600000,7.5800,7.6300,7.5400,7.6000,7.6000,30934266,234625800.2200,1,0,11.949786
2023-08-02,sh.600000,7.5600,7.5900,7.4300,7.4800,7.6000,42654533,319717234.7300,1,0,11.949786
2023-08-03,sh.600000,7.5200,7.5800,7.4400,7.5600,7.4800,29329503,220449825.2400,1,0,11.949786
2023-08-04,sh.600000,7.5900,7.6500,7.5400,7.5800,7.5600,34256817,260297665.1300,1,0,11.949786
2023-08-07,sh.600000,7.5700,7.5700,7.4900,7.5200,7.5800,26012874,195449522.2600,1,0,11.949786
2023-08-08,sh.600000,7.4700,7.5500,7.4300,7.5200,7.5200,27001247,202344903.2700,1,0,11.949786
2023-08-09,sh.600000,7.5000,7.5500,7.4700,7.5500,7.5200,17792571,133937331.6300,1,0,11.949786
2023-08-10,sh.600000,7.4500,7.4600,7.3500,7.4200,7.5500,52865300,391107893.9300,1,0,11.949786
2023-08-11,sh.600000,7.4400,7.4400,7.2300,7.2300,7.4200,37051127,270665760.6300,1,0,11.949786
2023-08-14,sh.600000,7.1800,7.2000,7.0500,7.1000,7.2300,44245535,315007728.1300,1,0,11.949786
2023-08-15,sh.600000,7.1200,7.1900,7.0900,7.1700,7.1000,31218657,222582865.6200,1,0,11.949786
2023-08-16,sh.600000,7.1500,7.1900,7.1200,7.1400,7.1700,22953985,163923268.6400,1,0,11.949786
2023-08-17,sh.600000,7.1300,7.1400,7.0500,7.1000,7.1400,37202484,263598981.0800,1,0,11.949786
2023-08-18,sh.600000,7.1000,7.1700,7.0700,7.0700,7.1000,28150555,200372018.6800,1,0,11.949786
2023-08-21,sh.600000,7.0600,7.1100,6.9600,6.9600,7.0700,42517681,298419531.4400,1,0,11.949786
2023-08-22,sh.600000,6.9800,7.0400,6.9700,7.0100,6.9600,32939985,230491370.3100,1,0,11.949786
2023-08-23,sh.600000,7.0100,7.0900,6.9800,7.0200,7.0100,30151367,212210300.3400,1,0,11.949786
2023-08-24,sh.600000,7.0300,7.0600,6.9800,6.9900,7.0200,24604979,172413193.4900,1,0,11.949786
2023-08-25,sh.600000,6.9900,7.0900,6.9700,7.0500,6.9900,24703830,174021380.6300,1,0,11.949786
2023-08-28,sh.600000,7.3000,7.3200,7.1200,7.1500,7.0500,66648091,480922455.8700,1,0,11.949786
2023-08-29,sh.600000,7.2000,7.2000,7.0300,7.0700,7.1500,50437460,357554835.4100,1,0,11.949786
2023-08-30,sh.600000,7.1000,7.1000,7.0100,7.0300,7.0700,28718303,202072785.1800,1,0,11.949786
2023-08-31,sh.600000,7.0300,7.0900,6.9800,6.9800,7.0300,32933152,231268204.8600,1,0,11.949786
2023-09-01,sh.600000,6.9900,7.0400,6.9900,7.0100,6.9800,21792955,152752421.8200,1,0,11.949786
2023-09-04,sh.600000,7.0600,7.1400,7.0300,7.1100,7.0100,36814307,261369413.4800,1,0,11.949786
2023-09-05,sh.600000,7.1000,7.1200,7.0300,7.0400,7.1100,22326770,157581031.8600,1,0,11.949786
2023-09-06,sh.600000,7.0200,7.0900,7.0200,7.0900,7.0400,16736457,118026826.2300,1,0,11.949786
2023-09-07,sh.600000,7.0900,7.1000,7.0200,7.0400,7.0900,20271873,143062805.7600,1,0,11.949786
2023-09-08,sh.600000,7.0300,7.0500,7.0000,7.0000,7.0400,18416554,129109493.5700,1,0,11.949786
2023-09-11,sh.600000,7.0200,7.0900,7.0000,7.0400,7.0000,24884950,175285112.3100,1,0,11.949786
2023-09-12,sh.600000,7.0300,7.0700,7.0300,7.0600,7.0400,20976211,147913331.9200,1,0,11.949786
2023-09-13,sh.600000,7.0900,7.1000,7.0400,7.0500,7.0600,20049817,141654379.5600,1,0,11.949786
2023-09-14,sh.600000,7.0800,7.1200,7.0600,7.1100,7.0500,35579855,252575927.9000,1,0,11.949786
2023-09-15,sh.600000,7.1200,7.1600,7.0700,7.1200,7.1100,34081942,242512745.1400,1,0,11.949786
2023-09-18,sh.600000,7.0900,7.1000,7.0300,7.0700,7.1200,22282093,157407866.8100,1,0,11.949786
2023-09-19,sh.600000,7.0800,7.1300,7.0500,7.1300,7.0700,28234575,200455770.6300,1,0,11.949786
2023-09-20,sh.600000,7.1200,7.1500,7.0800,7.1300,7.1300,16303047,116256770.9300,1,0,11.949786
2023-09-21,sh.600000,7.1300,7.1700,7.0900,7.1000,7.1300,27306965,194557948.3300,1,0,11.949786
2023-09-22,sh.600000,7.1000,7.1800,7.0700,7.1800,7.1000,32181271,229743638.4600,1,0,11.949786
2023-09-25,sh.600000,7.1800,7.2000,7.1300,7.1600,7.1800,30717443,220116848.4800,1,0,11.949786
2023-09-26,sh.600000,7.1700,7.1900,7.1200,7.1500,7.1600,21886050,156520401.9100,1,0,11.949786
2023-09-27,sh.600000,7.1900,7.1900,7.1100,7.1300,7.1500,32067290,229044782.9100,1,0,11.949786
2023-09-28,sh.600000,7.1500,7.1700,7.1000,7.1000,7.1300,22435320,159899371.9200,1,0,11.949786
2023-10-09,sh.600000,7.0800,7.0800,7.0000,7.0300,7.1000,27763130,195214392.3900,1,0,11.949786
2023-10-10,sh.600000,7.1300,7.1400,7.0100,7.0100,7.0300,24095561,169856240.6700,1,0,11.949786
2023-10-11,sh.600000,7.0600,7.0800,7.0100,7.0200,7.0100,24057412,169371363.4600,1,0,11.949786
2023-10-12,sh.600000,7.0900,7.1700,7.0600,7.1400,7.0200,36346964,259223143.1800,1,0,11.949786
2023-10-13,sh.600000,7.1100,7.1500,7.0800,7.1000,7.1400,19650410,139771981.9300,1,0,11.949786
2023-10-16,sh.600000,7.1200,7.1300,7.0400,7.0700,7.1000,24907733,176097574.1100,1,0,11.949786
2023-10-17,sh.600000,7.0900,7.1000,7.0500,7.0900,7.0700,19029143,134630097.4800,1,0,11.949786
2023-10-18,sh.600000,7.0700,7.1100,7.0500,7.0500,7.0900,21485721,152063023.6400,1,0,11.949786
2023-10-19,sh.600000,7.0400,7.0500,6.8300,6.8400,7.0500,61679771,425956887.3600,1,0,11.949786
2023-10-20,sh.600000,6.8100,6.9300,6.8000,6.8700,6.8400,31067950,213203780.5800,1,0,11.949786
2023-10-23,sh.600000,6.8700,6.8900,6.8000,6.8300,6.8700,23824321,163199041.1600,1,0,11.949786
2023-10-24,sh.600000,6.8500,6.8600,6.8100,6.8200,6.8300,28129297,192108544.1100,1,0,11.949786
2023-10-25,sh.600000,6.8600,6.9300,6.8300,6.9300,6.8200,26841192,184734449.6100,1,0,11.949786
2023-10-26,sh.600000,6.9300,7.0200,6.8900,6.9600,6.9300,24739484,172369037.7700,1,0,11.949786
2023-10-27,sh.600000,6.9600,7.0200,6.9400,6.9900,6.9600,19465758,136008279.6300,1,0,11.949786
2023-10-30,sh.600000,6.8600,6.8900,6.7700,6.8000,6.9900,52388866,357184227.0000,1,0,11.949786
2023-10-31,sh.600000,6.7900,6.8400,6.7800,6.8200,6.8000,26173217,178254033.8900,1,0,11.949786
2023-11-01,sh.600000,6.8300,6.8800,6.8000,6.8600,6.8200,28272210,193451603.1100,1,0,11.949786
2023-11-02,sh.600000,6.9000,6.9500,6.8600,6.9400,6.8600,24611088,170407885.6200,1,0,11.949786
2023-11-03,sh.600000,6.9400,6.9500,6.8900,6.8900,6.9400,22202536,153480943.0500,1,0,11.949786
2023-11-06,sh.600000,6.8900,6.9600,6.8900,6.9400,6.8900,19432835,134702056.9000,1,0,11.949786
2023-11-07,sh.600000,6.9200,6.9400,6.8900,6.9100,6.9400,15913010,110004329.3900,1,0,11.949786
2023-11-08,sh.600000,6.9000,6.9200,6.8700,6.9000,6.9100,17761233,122454641.5900,1,0,11.949786
2023-11-09,sh.600000,6.9000,6.9600,6.8800,6.9300,6.9000,21910350,151983647.3300,1,0,11.949786
2023-11-10,sh.600000,6.9100,6.9600,6.8600,6.8800,6.9300,20458993,141085870.4000,1,0,11.949786
2023-11-13,sh.600000,6.8800,6.9000,6.8200,6.8800,6.8800,14168068,97098284.7800,1,0,11.949786
2023-11-14,sh.600000,6.8700,6.9100,6.8700,6.8800,6.8800,13777480,94936059.6400,1,0,11.949786
2023-11-15,sh.600000,6.9300,6.9900,6.9100,6.9600,6.8800,24340030,169286980.7300,1,0,11.949786
2023-11-16,sh.600000,6.9700,6.9800,6.9200,6.9300,6.9600,14412881,100069369.4600,1,0,11.949786
2023-11-17,sh.600000,6.9400,6.9400,6.8500,6.8600,6.9300,20775396,142782027.6800,1,0,11.949786
2023-11-20,sh.600000,6.8800,6.9200,6.8300,6.9100,6.8600,18326582,126204997.1100,1,0,11.949786
2023-11-21,sh.600000,6.9400,7.0000,6.9200,6.9600,6.9100,29684278,206909185.0400,1,0,11.949786
2023-11-22,sh.600000,6.9700,6.9900,6.9400,6.9400,6.9600,17540802,122178498.1100,1,0,11.949786
2023-11-23,sh.600000,6.9300,6.9600,6.8900,6.9300,6.9400,15742059,108872443.5800,1,0,11.949786
2023-11-24,sh.600000,6.9300,6.9800,6.9200,6.9500,6.9300,20165282,140204488.6600,1,0,11.949786
2023-11-27,sh.600000,6.9600,6.9700,6.8600,6.9000,6.9500,23107698,159319644.9600,1,0,11.949786
2023-11-28,sh.600000,6.9200,6.9200,6.8600,6.8700,6.9000,18249280,125495682.6000,1,0,11.949786
2023-11-29,sh.600000,6.8800,6.8800,6.8000,6.8200,6.8700,28416567,193955098.3400,1,0,11.949786
2023-11-30,sh.600000,6.8200,6.8900,6.8200,6.8500,6.8200,31711200,217508581.9000,1,0,11.949786
2023-12-01,sh.600000,6.8500,6.9000,6.8200,6.8500,6.8500,28946191,198723791.1000,1,0,11.949786
2023-12-04,sh.600000,6.8600,6.8700,6.8100,6.8100,6.8500,18858701,128887073.7600,1,0,11.949786
2023-12-05,sh.600000,6.8200,6.8200,6.6900,6.7100,6.8100,34604936,233696141.3600,1,0,11.949786
2023-12-06,sh.600000,6.7000,6.7100,6.6100,6.6100,6.7100,39833177,264013330.6200,1,0,11.949786
2023-12-07,sh.600000,6.6100,6.6400,6.5300,6.6100,6.6100,30541661,201249908.8400,1,0,11.949786
2023-12-08,sh.600000,6.6000,6.6800,6.5800,6.6700,6.6100,29519687,196385671.9800,1,0,11.949786
2023-12-11,sh.600000,6.6400,6.7200,6.5300,6.7200,6.6700,33616409,222209869.2500,1,0,11.949786
2023-12-12,sh.600000,6.6800,6.7300,6.6400,6.7100,6.7200,17003582,113954197.7300,1,0,11.949786
2023-12-13,sh.600000,6.7000,6.7500,6.6700,6.7100,6.7100,28683394,192579846.3300,1,0,11.949786
2023-12-14,sh.600000,6.7000,6.7200,6.6300,6.6400,6.7100,19863107,132441280.6800,1,0,11.949786
2023-12-15,sh.600000,6.6600,6.7000,6.5700,6.5700,6.6400,33702985,223425091.6500,1,0,11.949786
2023-12-18,sh.600000,6.5700,6.6100,6.5100,6.5800,6.5700,27523762,180979296.5400,1,0,11.949786
2023-12-19,sh.600000,6.5800,6.5900,6.5300,6.5600,6.5800,18988512,124564888.1800,1,0,11.949786
2023-12-20,sh.600000,6.5800,6.6200,6.5300,6.5300,6.5600,19369874,127359291.1800,1,0,11.949786
2023-12-21,sh.600000,6.5200,6.5900,6.4900,6.5700,6.5300,28140927,184156559.8900,1,0,11.949786
2023-12-22,sh.600000,6.5700,6.6100,6.5300,6.5800,6.5700,23589282,155129803.2200,1,0,11.949786
2023-12-25,sh.600000,6.5600,6.6100,6.5500,6.5800,6.5800,12904349,84908527.8400,1,0,11.949786
2023-12-26,sh.600000,6.5700,6.6000,6.5400,6.5600,6.5800,11934542,78321375.7400,1,0,11.949786
2023-12-27,sh.600000,6.5600,6.6100,6.5100,6.6000,6.5600,18422704,120867594.4600,1,0,11.949786
2023-12-28,sh.600000,6.6000,6.6900,6.5900,6.6800,6.6000,34802733,231691607.7000,1,0,11.949786
2023-12-29,sh.600000,6.6600,6.7000,6.6100,6.6200,6.6800,33801429,224306296.9000,1,0,11.949786
2024-01-02,sh.600000,6.6300,6.6500,6.6000,6.6000,6.6200,22066700,146066303.7200,1,0,11.949786
2024-01-03,sh.600000,6.5900,6.6500,6.5900,6.6400,6.6000,18203654,120639706.0100,1,0,11.949786
2024-01-04,sh.600000,6.6400,6.6700,6.5500,6.6200,6.6400,28885978,190580609.9900,1,0,11.949786
2024-01-05,sh.600000,6.6000,6.7600,6.5900,6.6800,6.6200,44421387,296976885.7900,1,0,11.949786
2024-01-08,sh.600000,6.6800,6.7100,6.5600,6.5900,6.6800,37520337,247977824.9800,1,0,11.949786
2024-01-09,sh.600000,6.6000,6.6400,6.5400,6.6100,6.5900,30741897,202647645.7300,1,0,11.949786
2024-01-10,sh.600000,6.6100,6.6300,6.5700,6.5700,6.6100,22240946,146695926.3000,1,0,11.949786
2024-01-11,sh.600000,6.5600,6.5900,6.5200,6.5300,6.5700,35914708,235312057.5600,1,0,11.949786
2024-01-12,sh.600000,6.5200,6.5600,6.5000,6.5000,6.5300,34624053,225743841.4600,1,0,11.949786
2024-01-15,sh.600000,6.5000,6.5400,6.4700,6.5100,6.5000,28694155,186476697.9200,1,0,11.949786
2024-01-16,sh.600000,6.4900,6.6000,6.4900,6.5900,6.5100,53186496,348808283.0500,1,0,11.949786
2024-01-17,sh.600000,6.5800,6.6200,6.5200,6.5300,6.5900,48249869,316982892.4100,1,0,11.949786
2024-01-18,sh.600000,6.5300,6.5800,6.3600,6.5600,6.5300,73994422,477803910.0900,1,0,11.949786
2024-01-19,sh.600000,6.5200,6.6200,6.4700,6.5900,6.5600,57640079,378165074.8800,1,0,11.949786
2024-01-22,sh.600000,6.5800,6.6700,6.5300,6.5900,6.5900,67173480,445086464.9200,1,0,11.949786
2024-01-23,sh.600000,6.5800,6.6500,6.5000,6.6200,6.5900,33298531,218923249.1300,1,0,11.949786
2024-01-24,sh.600000,6.6400,6.7300,6.6000,6.7100,6.6200,53746498,358343156.5500,1,0,11.949786
2024-01-25,sh.600000,6.7300,6.8000,6.7000,6.7700,6.7100,50256871,339203853.2500,1,0,11.949786
2024-01-26,sh.600000,6.7800,6.9100,6.7500,6.8700,6.7700,70997933,485347720.8600,1,0,11.949786
2024-01-29,sh.600000,6.8600,6.9700,6.8500,6.9000,6.8700,55269921,381908899.0200,1,0,11.949786
2024-01-30,sh.600000,6.9000,6.9500,6.8200,6.8300,6.9000,40737046,280193765.6000,1,0,11.949786
2024-01-31,sh.600000,6.8100,6.8800,6.7400,6.8300,6.8300,45661999,311141441.3700,1,0,11.949786
2024-02-01,sh.600000,6.8300,6.8800,6.7800,6.8000,6.8300,44252421,302115559.8200,1,0,11.949786
2024-02-02,sh.600000,6.8200,6.9200,6.7200,6.8400,6.8000,59482913,407459709.5600,1,0,11.949786
2024-02-05,sh.600000,6.8400,6.9200,6.7600,6.8900,6.8400,82713695,566786780.1000,1,0,11.949786
2024-02-06,sh.600000,6.8900,7.0000,6.8600,7.0000,6.8900,71683218,498307470.7300,1,0,11.949786
2024-02-07,sh.600000,7.0200,7.0300,6.8500,6.9400,7.0000,83731296,580014440.6700,1,0,11.949786
2024-02-08,sh.600000,6.9500,6.9700,6.8200,6.9600,6.9400,67164744,463209887.7200,1,0,11.949786
2024-02-19,sh.600000,6.9800,7.1300,6.9500,7.1200,6.9600,57869788,407648425.0300,1,0,11.949786
2024-02-20,sh.600000,7.1300,7.1500,7.0600,7.1000,7.1200,32408954,230505757.0000,1,0,11.949786
2024-02-21,sh.600000,7.1100,7.3200,7.0900,7.2400,7.1000,58809554,426038720.0100,1,0,11.949786
2024-02-22,sh.600000,7.2400,7.2700,7.1800,7.2100,7.2400,33665209,242967428.0200,1,0,11.949786
2024-02-23,sh.600000,7.2100,7.3300,7.2000,7.2800,7.2100,37939600,276331223.8000,1,0,11.949786
2024-02-26,sh.600000,7.2600,7.2800,7.0900,7.1000,7.2800,42483070,304097863.9600,1,0,11.949786
2024-02-27,sh.600000,7.0700,7.1500,7.0600,7.1400,7.1000,24862246,176742731.7000,1,0,11.949786
2024-02-28,sh.600000,7.1200,7.1600,7.0800,7.1000,7.1400,35826714,255229185.7000,1,0,11.949786
2024-02-29,sh.600000,7.1100,7.1700,7.0900,7.1500,7.1000,34288217,244498953.2300,1,0,11.949786
2024-03-01,sh.600000,7.1300,7.1600,7.1000,7.1100,7.1500,29431801,209474047.7300,1,0,11.949786
2024-03-04,sh.600000,7.1200,7.1200,7.0500,7.0700,7.1100,27855963,197157049.9500,1,0,11.949786
2024-03-05,sh.600000,7.0500,7.1800,7.0400,7.1600,7.0700,41756232,297676104.1800,1,0,11.949786
2024-03-06,sh.600000,7.1700,7.2200,7.1200,7.1200,7.1600,25918749,185847810.3300,1,0,11.949786
2024-03-07,sh.600000,7.1200,7.2000,7.1100,7.1400,7.1200,24690348,176664368.6800,1,0,11.949786
2024-03-08,sh.600000,7.1200,7.1700,7.1100,7.1200,7.1400,19861794,141724066.3000,1,0,11.949786
2024-03-11,sh.600000,7.1300,7.1700,7.0600,7.1100,7.1200,26195498,185957986.4700,1,0,11.949786
2024-03-12,sh.600000,7.1100,7.1500,7.0800,7.1000,7.1100,29030476,206425806.4300,1,0,11.949786
2024-03-13,sh.600000,7.1200,7.1200,7.0300,7.0400,7.1000,25948461,183084895.2900,1,0,11.949786
2024-03-14,sh.600000,7.0400,7.0900,7.0300,7.0400,7.0400,18703556,131973016.0800,1,0,11.949786
2024-03-15,sh.600000,7.0400,7.0900,7.0300,7.0900,7.0400,29599544,208970012.2600,1,0,11.949786
2024-03-18,sh.600000,7.0600,7.1300,7.0600,7.0900,7.0900,26558472,188382260.4800,1,0,11.949786
2024-03-19,sh.600000,7.0800,7.0800,7.0100,7.0100,7.0900,22848715,160809197.7800,1,0,11.949786
2024-03-20,sh.600000,7.0100,7.0600,6.9800,7.0300,7.0100,19542993,137292231.6200,1,0,11.949786
2024-03-21,sh.600000,7.0600,7.1300,7.0300,7.1000,7.0300,41924870,297257990.3900,1,0,11.949786
2024-03-22,sh.600000,7.0800,7.1200,6.9600,7.0400,7.1000,35960453,252638801.7500,1,0,11.949786
2024-03-25,sh.600000,7.0600,7.0900,7.0100,7.0600,7.0400,24439536,172644826.7200,1,0,11.949786
2024-03-26,sh.600000,7.0900,7.1500,7.0700,7.1500,7.0600,35111522,250044910.2600,1,0,11.949786
2024-03-27,sh.600000,7.1400,7.2300,7.1100,7.1700,7.1500,41943066,301380699.6100,1,0,11.949786
2024-03-28,sh.600000,7.1900,7.2000,7.1100,7.1700,7.1700,34535966,246970623.0600,1,0,11.949786
2024-03-29,sh.600000,7.1300,7.1900,7.1100,7.1300,7.1700,18138885,129562450.7900,1,0,11.949786
2024-04-01,sh.600000,7.1500,7.2400,7.1400,7.2300,7.1300,36028832,259657243.8400,1,0,11.949786
2024-04-02,sh.600000,7.2400,7.3100,7.2200,7.2700,7.2300,35095170,255236209.7300,1,0,11.949786
2024-04-03,sh.600000,7.2300,7.2800,7.1900,7.2300,7.2700,25254107,182860243.7700,1,0,11.949786
2024-04-08,sh.600000,7.2300,7.3200,7.1900,7.2800,7.2300,32764493,238582732.1900,1,0,11.949786
2024-04-09,sh.600000,7.2900,7.3200,7.2500,7.2600,7.2800,20335543,147972234.2700,1,0,11.949786
2024-04-10,sh.600000,7.2600,7.3300,7.2300,7.2700,7.2600,22436726,163551937.2600,1,0,11.949786
2024-04-11,sh.600000,7.2300,7.2800,7.1900,7.2400,7.2700,25364241,183441391.9000,1,0,11.949786
2024-04-12,sh.600000,7.2000,7.2600,7.1200,7.1300,7.2400,32809731,235493709.5600,1,0,11.949786
2024-04-15,sh.600000,7.1200,7.3000,7.1200,7.3000,7.1300,48310304,350007625.5100,1,0,11.949786
2024-04-16,sh.600000,7.2500,7.3200,7.2100,7.2600,7.3000,40203325,292494125.5100,1,0,11.949786
2024-04-17,sh.600000,7.2600,7.3500,7.1800,7.3400,7.2600,43151857,314102077.4100,1,0,11.949786
2024-04-18,sh.600000,7.3400,7.4600,7.3100,7.3300,7.3400,46822476,345482145.7500,1,0,11.949786
2024-04-19,sh.600000,7.3200,7.4000,7.2600,7.3400,7.3300,38004160,278975860.1700,1,0,11.949786
2024-04-22,sh.600000,7.3600,7.4300,7.2800,7.2900,7.3400,32694690,240124243.6300,1,0,11.949786
2024-04-23,sh.600000,7.3200,7.4000,7.2500,7.3400,7.2900,44055644,323208600.3600,1,0,11.949786
2024-04-24,sh.600000,7.3800,7.4000,7.3000,7.3600,7.3400,24758859,181997245.4800,1,0,11.949786
2024-04-25,sh.600000,7.3300,7.4200,7.3100,7.4100,7.3600,24676934,182019255.1800,1,0,11.949786
2024-04-26,sh.600000,7.4100,7.4800,7.3500,7.4200,7.4100,45846571,339924206.1600,1,0,11.949786
2024-04-29,sh.600000,7.3900,7.5200,7.3000,7.4200,7.4200,39317757,292685761.3700,1,0,11.949786
2024-04-30,sh.600000,7.5800,7.8400,7.5600,7.7000,7.4200,105472788,813284484.0100,1,0,11.949786
2024-05-06,sh.600000,7.8200,7.8900,7.7500,7.8500,7.7000,85937325,673787209.3200,1,0,11.949786
2024-05-07,sh.600000,7.8500,7.8600,7.7200,7.8200,7.8500,46269505,360376177.5100,1,0,11.949786
2024-05-08,sh.600000,7.8100,7.8500,7.7800,7.8000,7.8200,30377893,237540800.0000,1,0,11.949786
2024-05-09,sh.600000,7.8000,7.8500,7.7600,7.8000,7.8000,33942090,264867395.7000,1,0,11.949786
2024-05-10,sh.600000,7.8100,7.9500,7.8000,7.9400,7.8000,52211612,412342284.5200,1,0,11.949786
2024-05-13,sh.600000,7.9300,7.9800,7.8700,7.9600,7.9400,40422120,320678360.7500,1,0,11.949786
2024-05-14,sh.600000,7.9700,7.9800,7.8600,7.8800,7.9600,39843641,314999430.4600,1,0,11.949786
2024-05-15,sh.600000,7.9000,7.9300,7.8400,7.8900,7.8800,31039103,244683418.4700,1,0,11.949786
2024-05-16,sh.600000,7.9200,8.0500,7.8800,8.0200,7.8900,60658707,485813395.3900,1,0,11.949786
2024-05-17,sh.600000,8.0400,8.1600,8.0000,8.1600,8.0200,69438051,561342801.8700,1,0,11.949786
2024-05-20,sh.600000,8.2000,8.3500,8.1500,8.3200,8.1600,88144991,731104374.2000,1,0,11.949786
2024-05-21,sh.600000,8.3100,8.4200,8.2600,8.4200,8.3200,53146295,445171662.6100,1,0,11.949786
2024-05-22,sh.600000,8.4100,8.6200,8.3800,8.5300,8.4200,71173213,605588075.6000,1,0,11.949786
2024-05-23,sh.600000,8.5200,8.6000,8.4800,8.5200,8.5300,61212293,522802575.2500,1,0,11.949786
2024-05-24,sh.600000,8.5100,8.5900,8.4100,8.4400,8.5200,60740601,516406884.1900,1,0,11.949786
2024-05-27,sh.600000,8.4500,8.5600,8.4300,8.5400,8.4400,52858689,449932564.3000,1,0,11.949786
2024-05-28,sh.600000,8.5800,8.6400,8.5100,8.5400,8.5400,40047322,342904480.0400,1,0,11.949786
2024-05-29,sh.600000,8.5300,8.5900,8.4500,8.4900,8.5400,40802385,347290250.2400,1,0,11.949786
2024-05-30,sh.600000,8.4700,8.5500,8.3600,8.4000,8.4900,56701595,479146210.6200,1,0,11.949786
2024-05-31,sh.600000,8.4500,8.4500,8.3100,8.3400,8.4000,53797304,449689001.8400,1,0,11.949786
2024-06-03,sh.600000,8.3000,8.3300,8.1900,8.2800,8.3400,60213694,496075055.5200,1,0,11.949786
2024-06-04,sh.600000,8.2800,8.3400,8.2300,8.3200,8.2800,39800453,330354916.2800,1,0,11.949786
2024-06-05,sh.600000,8.3300,8.3400,8.2600,8.2900,8.3200,31295787,259659810.6900,1,0,11.949786
2024-06-06,sh.600000,8.3100,8.3500,8.2400,8.2500,8.2900,34149589,283171544.4000,1,0,11.949786
2024-06-07,sh.600000,8.3200,8.3800,8.2000,8.3100,8.2500,41451677,344132158.5300,1,0,11.949786
2024-06-11,sh.600000,8.3400,8.3600,8.1100,8.1500,8.3100,41132394,337102414.5300,1,0,11.949786
2024-06-12,sh.600000,8.1500,8.1700,8.0400,8.1100,8.1500,38617741,312851350.9800,1,0,11.949786
2024-06-13,sh.600000,8.1000,8.2000,8.0900,8.1300,8.1100,40433704,329399974.3200,1,0,11.949786
2024-06-14,sh.600000,8.1000,8.1800,7.9900,8.1400,8.1300,44463016,359834401.6300,1,0,11.949786
2024-06-17,sh.600000,8.1500,8.1600,8.0300,8.1000,8.1400,36278423,293415747.9600,1,0,11.949786
2024-06-18,sh.600000,8.1000,8.1500,8.0200,8.0900,8.1000,32876191,265920570.9300,1,0,11.949786
2024-06-19,sh.600000,8.1000,8.2600,8.0900,8.2200,8.0900,40605109,332732412.3000,1,0,11.949786
2024-06-20,sh.600000,8.1800,8.2600,8.1500,8.2000,8.2200,25662317,210632866.0800,1,0,11.949786
2024-06-21,sh.600000,8.2000,8.2300,8.1200,8.1700,8.2000,40011366,327124974.4400,1,0,11.949786
2024-06-24,sh.600000,8.1900,8.2000,8.0300,8.1500,8.1700,37046666,301011768.2700,1,0,11.949786
2024-06-25,sh.600000,8.1800,8.2500,8.0900,8.2000,8.1500,39818093,326580575.7300,1,0,11.949786
2024-06-26,sh.600000,8.2000,8.2300,8.1300,8.2100,8.2000,33563736,274593634.7500,1,0,11.949786
2024-06-27,sh.600000,8.2100,8.3000,8.1300,8.2200,8.2100,44561528,366021815.9600,1,0,11.949786
2024-06-28,sh.600000,8.2200,8.2900,8.1700,8.2300,8.2200,37799680,311360173.9700,1,0,11.949786
2024-07-01,sh.600000,8.2200,8.3000,8.2000,8.2800,8.2300,28732962,237294502.0600,1,0,11.949786
2024-07-02,sh.600000,8.2700,8.5400,8.2700,8.5300,8.2800,57345810,485897423.6600,1,0,11.949786
2024-07-03,sh.600000,8.5300,8.6000,8.4800,8.5300,8.5300,46409668,396512668.3500,1,0,11.949786
2024-07-04,sh.600000,8.5900,8.6300,8.4800,8.5000,8.5300,44412066,379773335.1000,1,0,11.949786
2024-07-05,sh.600000,8.5400,8.5500,8.2900,8.3400,8.5000,51997018,436429580.8400,1,0,11.949786
2024-07-08,sh.600000,8.3400,8.4900,8.2600,8.4300,8.3400,45320796,381472461.1800,1,0,11.949786
2024-07-09,sh.600000,8.4700,8.6600,8.4100,8.6400,8.4300,54534187,466546716.6900,1,0,11.949786
2024-07-10,sh.600000,8.6400,8.7200,8.6000,8.6900,8.6400,40604560,352263035.8900,1,0,11.949786
2024-07-11,sh.600000,8.7100,8.7300,8.5600,8.6000,8.6900,34946181,301339420.5600,1,0,11.949786
2024-07-12,sh.600000,8.6300,8.8500,8.6100,8.8400,8.6000,57267692,503070724.4100,1,0,11.949786
2024-07-15,sh.600000,8.8300,8.9100,8.8000,8.8800,8.8400,46191487,409364219.8900,1,0,11.949786
2024-07-16,sh.600000,8.8700,8.9500,8.8200,8.8600,8.8800,44680322,397093120.0700,1,0,11.949786
2024-07-17,sh.600000,8.9000,9.0700,8.8600,9.0400,8.8600,88119289,794489955.7800,1,0,11.949786
2024-07-18,sh.600000,8.7500,8.7800,8.6100,8.7700,8.7200,66209504,575924982.4600,1,0,12.38831
2024-07-19,sh.600000,8.7900,8.7900,8.6200,8.7300,8.7700,61941334,539610902.6100,1,0,12.38831
2024-07-22,sh.600000,8.7100,8.7300,8.5200,8.5800,8.7300,63228917,543154122.4700,1,0,12.38831
2024-07-23,sh.600000,8.6200,8.6900,8.5900,8.5900,8.5800,41181512,356167715.4700,1,0,12.38831
2024-07-24,sh.600000,8.6100,8.6800,8.5400,8.5500,8.5900,37551729,322441687.4900,1,0,12.38831
2024-07-25,sh.600000,8.5800,8.5800,8.3200,8.5200,8.5500,60156087,508007084.4600,1,0,12.38831
2024-07-26,sh.600000,8.4800,8.5200,8.2400,8.3300,8.5200,49358978,411165379.6100,1,0,12.38831
2024-07-29,sh.600000,8.3300,8.5700,8.3000,8.5300,8.3300,46463848,395067012.5300,1,0,12.38831
2024-07-30,sh.600000,8.5400,8.5400,8.3600,8.3900,8.5300,40584273,341513549.6300,1,0,12.38831
2024-07-31,sh.600000,8.4500,8.4600,8.3500,8.4000,8.3900,43429641,365181480.2900,1,0,12.38831
2024-08-01,sh.600000,8.4000,8.6100,8.3400,8.5700,8.4000,54560150,464982609.9000,1,0,12.38831
2024-08-02,sh.600000,8.5600,8.6000,8.4000,8.4700,8.5700,31361531,266363128.8000,1,0,12.38831
2024-08-05,sh.600000,8.4700,8.5200,8.3500,8.3800,8.4700,41178838,346404332.2800,1,0,12.38831
2024-08-06,sh.600000,8.4300,8.4500,8.1900,8.2400,8.3800,41604073,344150544.5800,1,0,12.38831
2024-08-07,sh.600000,8.2300,8.3700,8.2200,8.3100,8.2400,26542223,220186458.7700,1,0,12.38831
2024-08-08,sh.600000,8.3600,8.4500,8.2900,8.3800,8.3100,27669055,231992004.2800,1,0,12.38831
2024-08-09,sh.600000,8.4100,8.6000,8.4100,8.5300,8.3800,39120101,334119265.4300,1,0,12.38831
2024-08-12,sh.600000,8.5100,8.6300,8.4900,8.5800,8.5300,29249959,250903225.1000,1,0,12.38831
2024-08-13,sh.600000,8.5600,8.6700,8.5400,8.5900,8.5800,27211550,234443968.6500,1,0,12.38831
2024-08-14,sh.600000,8.6300,8.6500,8.5400,8.5700,8.5900,21145686,181445554.7000,1,0,12.38831
2024-08-15,sh.600000,8.5100,8.7500,8.5100,8.7400,8.5700,45066216,392033450.4500,1,0,12.38831
2024-08-16,sh.600000,8.7400,8.8600,8.7000,8.8500,8.7400,37566933,331065667.3100,1,0,12.38831
2024-08-19,sh.600000,8.8600,9.0300,8.8400,9.0200,8.8500,58937989,528390433.9000,1,0,12.38831
2024-08-20,sh.600000,9.0100,9.0700,8.8800,8.9100,9.0200,50188819,449704844.3200,1,0,12.38831
2024-08-21,sh.600000,8.9100,9.0400,8.8200,8.9600,8.9100,43628079,390145316.8300,1,0,12.38831
2024-08-22,sh.600000,8.9600,9.0700,8.9300,9.0100,8.9600,36264260,327034942.7400,1,0,12.38831
2024-08-23,sh.600000,9.0100,9.0400,8.9000,9.0000,9.0100,31698749,284739204.5200,1,0,12.38831
2024-08-26,sh.600000,9.0000,9.0000,8.8300,8.8800,9.0000,51444628,457039668.6500,1,0,12.38831
2024-08-27,sh.600000,8.8700,8.9400,8.8200,8.8800,8.8800,30683375,272898055.6600,1,0,12.38831
2024-08-28,sh.600000,8.9200,8.9300,8.7600,8.8200,8.8800,32528523,287017717.6100,1,0,12.38831
2024-08-29,sh.600000,8.8200,8.8300,8.5300,8.5500,8.8200,50949648,438959413.7400,1,0,12.38831
2024-08-30,sh.600000,8.5400,8.6200,8.3800,8.4300,8.5500,68354443,579069797.0900,1,0,12.38831
2024-09-02,sh.600000,8.3700,8.5000,8.3500,8.3900,8.4300,42178596,355164736.1900,1,0,12.38831
2024-09-03,sh.600000,8.3800,8.4300,8.2000,8.2500,8.3900,41257157,340798501.8700,1,0,12.38831
2024-09-04,sh.600000,8.2900,8.3700,8.2300,8.3200,8.2500,34187190,284531822.3900,1,0,12.38831
2024-09-05,sh.600000,8.3800,8.4100,8.2300,8.3200,8.3200,36176713,300240961.2300,1,0,12.38831
2024-09-06,sh.600000,8.3300,8.5100,8.3200,8.4300,8.3200,32293701,273118541.7500,1,0,12.38831
2024-09-09,sh.600000,8.4400,8.4700,8.3200,8.3800,8.4300,34290373,287989234.1900,1,0,12.38831
2024-09-10,sh.600000,8.3800,8.5300,8.2900,8.5000,8.3800,39694136,333986131.9000,1,0,12.38831
2024-09-11,sh.600000,8.4800,8.4900,8.2100,8.2500,8.5000,29395961,244556166.2700,1,0,12.38831
2024-09-12,sh.600000,8.2100,8.4900,8.1900,8.4700,8.2500,43128108,362723423.3600,1,0,12.38831
2024-09-13,sh.600000,8.5000,8.5100,8.3200,8.3500,8.4700,28411141,238422068.6200,1,0,12.38831
2024-09-18,sh.600000,8.3500,8.4500,8.2600,8.3200,8.3500,20139428,167778133.3900,1,0,12.38831
2024-09-19,sh.600000,8.3700,8.5300,8.3000,8.5200,8.3200,39163824,330778713.8500,1,0,12.38831
2024-09-20,sh.600000,8.4900,8.5700,8.4300,8.5100,8.5200,42872330,364859461.8900,1,0,12.38831
2024-09-23,sh.600000,8.5300,8.6500,8.4600,8.6300,8.5100,30023895,257517875.2200,1,0,12.38831
2024-09-24,sh.600000,8.7500,9.0900,8.6600,9.0900,8.6300,89208035,795774265.4700,1,0,12.38831
2024-09-25,sh.600000,9.2700,9.5500,9.2500,9.4900,9.0900,119063522,1125665675.4100,1,0,12.38831
2024-09-26,sh.600000,9.5000,9.8400,9.4300,9.8400,9.4900,89839005,867160021.1800,1,0,12.38831
2024-09-27,sh.600000,9.9900,10.0800,9.6000,9.8700,9.8400,57039467,560481160.6900,1,0,12.38831
2024-09-30,sh.600000,10.0600,10.2900,9.8200,10.1300,9.8700,188375605,1892937391.6600,1,0,12.38831
2024-10-08,sh.600000,10.8800,11.0200,10.2000,10.5000,10.1300,192133102,2037070000.5700,1,0,12.38831
2024-10-09,sh.600000,10.5000,10.5000,9.9100,9.9100,10.5000,116072715,1183819439.6100,1,0,12.38831
2024-10-10,sh.600000,10.0600,10.4900,10.0500,10.3100,9.9100,101639927,1044726818.6000,1,0,12.38831
2024-10-11,sh.600000,10.3700,10.5200,10.0200,10.1600,10.3100,58937652,606557617.7600,1,0,12.38831
2024-10-14,sh.600000,10.3100,10.5400,10.2500,10.4000,10.1600,88307795,918408286.4600,1,0,12.38831
2024-10-15,sh.600000,10.4500,10.5300,10.2500,10.2500,10.4000,62939733,654527534.4900,1,0,12.38831
2024-10-16,sh.600000,10.1500,10.4600,10.1500,10.3400,10.2500,52614974,545095953.2400,1,0,12.38831
2024-10-17,sh.600000,10.3400,10.4800,10.2200,10.2200,10.3400,45576672,471133860.4000,1,0,12.38831
2024-10-18,sh.600000,10.1800,10.3300,10.0200,10.1500,10.2200,62206282,633125532.2500,1,0,12.38831
2024-10-21,sh.600000,10.1800,10.2200,9.9500,10.1600,10.1500,64523034,651623310.1100,1,0,12.38831
2024-10-22,sh.600000,10.1600,10.2700,10.0100,10.1300,10.1600,42803387,432235690.5600,1,0,12.38831
2024-10-23,sh.600000,10.1200,10.2500,10.1000,10.1800,10.1300,33566174,341483787.0800,1,0,12.38831
2024-10-24,sh.600000,10.1200,10.2500,10.1200,10.1400,10.1800,24017341,244345561.6800,1,0,12.38831
2024-10-25,sh.600000,10.1400,10.2000,10.0700,10.0800,10.1400,28419908,287640630.8900,1,0,12.38831
2024-10-28,sh.600000,10.1000,10.1000,9.9500,10.0600,10.0800,31702745,317673595.0600,1,0,12.38831
2024-10-29,sh.600000,10.0100,10.1500,9.9700,9.9900,10.0600,34069864,341853848.1800,1,0,12.38831
2024-10-30,sh.600000,9.9900,10.1200,9.9100,9.9400,9.9900,42037416,419434796.5700,1,0,12.38831
2024-10-31,sh.600000,10.0100,10.0500,9.7100,9.8400,9.9400,60021367,589919637.8500,1,0,12.38831
2024-11-01,sh.600000,9.8600,10.0000,9.7700,9.9400,9.8400,43939258,435757873.3400,1,0,12.38831
2024-11-04,sh.600000,9.9700,10.0000,9.8400,9.9900,9.9400,33773247,335231218.5700,1,0,12.38831
2024-11-05,sh.600000,9.9700,10.0600,9.9100,10.0600,9.9900,41474815,414411280.1800,1,0,12.38831
2024-11-06,sh.600000,10.0400,10.1400,9.9000,9.9500,10.0600,74208723,740524750.7600,1,0,12.38831
2024-11-07,sh.600000,9.9400,10.2800,9.9200,10.2800,9.9500,64397191,650432795.7400,1,0,12.38831
2024-11-08,sh.600000,10.3300,10.3600,10.0300,10.0600,10.2800,53764728,545876292.6800,1,0,12.38831
2024-11-11,sh.600000,9.9000,10.1200,9.6600,9.7200,10.0600,80000294,779227779.9700,1,0,12.38831
2024-11-12,sh.600000,9.7300,9.8200,9.6600,9.6600,9.7200,49682703,483318065.2300,1,0,12.38831
2024-11-13,sh.600000,9.6300,9.7400,9.6000,9.6300,9.6600,43872201,423812435.1600,1,0,12.38831
2024-11-14,sh.600000,9.6100,9.7100,9.5700,9.6500,9.6300,45451896,438914971.6400,1,0,12.38831
2024-11-15,sh.600000,9.6100,9.7000,9.5000,9.5400,9.6500,48821231,469147894.3900,1,0,12.38831
2024-11-18,sh.600000,9.6500,10.1000,9.6400,9.8300,9.5400,100696552,999828599.1300,1,0,12.38831
2024-11-19,sh.600000,9.8500,10.0500,9.6700,9.7900,9.8300,73998208,728900945.5400,1,0,12.38831
2024-11-20,sh.600000,9.7700,9.8500,9.6900,9.7100,9.7900,45465799,442364519.9600,1,0,12.38831
2024-11-21,sh.600000,9.7100,9.7700,9.6800,9.7200,9.7100,29612755,287464178.3200,1,0,12.38831
2024-11-22,sh.600000,9.7200,9.7500,9.4700,9.4800,9.7200,44359024,425677484.6500,1,0,12.38831
2024-11-25,sh.600000,9.6100,9.6100,9.3100,9.3300,9.4800,60921995,573140419.7700,1,0,12.38831
2024-11-26,sh.600000,9.3200,9.3300,9.2200,9.3100,9.3300,48983389,454616327.4700,1,0,12.38831
2024-11-27,sh.600000,9.3100,9.4700,9.1800,9.4300,9.3100,43007443,401498754.5000,1,0,12.38831
2024-11-28,sh.600000,9.4900,9.5400,9.3300,9.4400,9.4300,39154733,370385580.0700,1,0,12.38831
2024-11-29,sh.600000,9.5200,9.6100,9.4300,9.4600,9.4400,46540742,443290384.7100,1,0,12.38831
2024-12-02,sh.600000,9.4500,9.5000,9.3700,9.4900,9.4600,46604260,440070881.2600,1,0,12.38831
2024-12-03,sh.600000,9.4600,9.6500,9.4100,9.6500,9.4900,41926355,400570470.5900,1,0,12.38831
2024-12-04,sh.600000,9.6500,9.7800,9.5500,9.7500,9.6500,51193385,496410994.9900,1,0,12.38831
2024-12-05,sh.600000,9.6800,9.7800,9.6300,9.6400,9.7500,29173571,282719716.6700,1,0,12.38831
2024-12-06,sh.600000,9.6200,9.7900,9.6200,9.7000,9.6400,40629685,394516284.9600,1,0,12.38831
2024-12-09,sh.600000,9.6500,9.7500,9.6300,9.6600,9.7000,32582928,315468553.6100,1,0,12.38831
2024-12-10,sh.600000,9.8200,9.9200,9.7100,9.8000,9.6600,58338643,572248613.9500,1,0,12.38831
2024-12-11,sh.600000,9.8000,9.8400,9.6200,9.6300,9.8000,48762796,472263000.4200,1,0,12.38831
2024-12-12,sh.600000,9.6500,9.8200,9.5900,9.8200,9.6300,49651526,482603362.1600,1,0,12.38831
2024-12-13,sh.600000,9.7600,9.8000,9.6000,9.6600,9.8200,67266875,652085646.9800,1,0,12.38831
2024-12-16,sh.600000,9.6200,9.7500,9.6200,9.6400,9.6600,34183618,331030756.3100,1,0,12.38831
2024-12-17,sh.600000,9.6500,9.7000,9.5000,9.5300,9.6400,41185694,394758764.1200,1,0,12.38831
2024-12-18,sh.600000,9.5600,9.6800,9.5100,9.5400,9.5300,39798741,381602845.0500,1,0,12.38831
2024-12-19,sh.600000,9.5100,9.5600,9.4200,9.5300,9.5400,42987772,408829151.4200,1,0,12.38831
2024-12-20,sh.600000,9.5700,9.7200,9.5500,9.5800,9.5300,49298094,473948599.4100,1,0,12.38831
2024-12-23,sh.600000,9.6300,10.0800,9.6000,9.9300,9.5800,116444693,1156091291.0300,1,0,12.38831
2024-12-24,sh.600000,9.8900,10.1700,9.8900,10.1300,9.9300,84438152,851921287.1400,1,0,12.38831
2024-12-25,sh.600000,10.1300,10.3900,10.1300,10.3500,10.1300,72739600,749135068.9400,1,0,12.38831
2024-12-26,sh.600000,10.3500,10.3900,10.1600,10.3400,10.3500,61152236,628394286.5800,1,0,12.38831
2024-12-27,sh.600000,10.3300,10.3900,10.1200,10.3600,10.3400,69506374,714702133.5700,1,0,12.38831
2024-12-30,sh.600000,10.3400,10.4900,10.3100,10.4700,10.3600,78477805,818657791.7100,1,0,12.38831
2024-12-31,sh.600000,10.4300,10.5600,10.2800,10.2900,10.4700,57783443,602393523.1200,1,0,12.38831
2025-01-02,sh.600000,10.3000,10.4200,10.0500,10.1300,10.2900,78907129,803904040.2300,1,0,12.38831
2025-01-03,sh.600000,10.1200,10.2200,10.0200,10.0600,10.1300,50693944,511576493.6000,1,0,12.38831
2025-01-06,sh.600000,10.1300,10.2000,9.8100,10.1500,10.0600,79801276,804593503.5600,1,0,12.38831
2025-01-07,sh.600000,10.1100,10.3000,10.1100,10.2700,10.1500,40265146,411488491.5100,1,0,12.38831
2025-01-08,sh.600000,10.2600,10.3700,10.2000,10.3000,10.2700,48237450,496301044.8100,1,0,12.38831
2025-01-09,sh.600000,10.3300,10.3300,10.1300,10.1900,10.3000,39221854,401208214.9300,1,0,12.38831
2025-01-10,sh.600000,10.2300,10.2800,10.0300,10.1300,10.1900,31933534,324388873.2600,1,0,12.38831
2025-01-13,sh.600000,10.0600,10.1300,9.8500,10.0000,10.1300,38217749,381632220.0900,1,0,12.38831
2025-01-14,sh.600000,10.0300,10.2100,9.9400,10.1600,10.0000,38658714,390328865.8300,1,0,12.38831
2025-01-15,sh.600000,10.1600,10.3900,10.1300,10.2100,10.1600,38460814,394080519.9700,1,0,12.38831
2025-01-16,sh.600000,10.2900,10.3100,10.1300,10.2100,10.2100,33768888,344708149.6900,1,0,12.38831
2025-01-17,sh.600000,10.2500,10.3000,10.0800,10.2700,10.2100,41663218,426549432.1800,1,0,12.38831
2025-01-20,sh.600000,10.3200,10.4500,10.2300,10.3700,10.2700,37442622,388948241.4700,1,0,12.38831
2025-01-21,sh.600000,10.3600,10.4800,10.2700,10.3700,10.3700,30852134,320946733.2000,1,0,12.38831
2025-01-22,sh.600000,10.3300,10.3800,10.0100,10.0300,10.3700,58374206,589944613.7000,1,0,12.38831
2025-01-23,sh.600000,10.1100,10.3700,10.0600,10.3100,10.0300,65580692,670951809.4200,1,0,12.38831
2025-01-24,sh.600000,10.2600,10.4900,10.1700,10.3900,10.3100,72463834,752560118.1100,1,0,12.38831
2025-01-27,sh.600000,10.4200,10.7000,10.4000,10.6500,10.3900,59488208,632694603.2700,1,0,12.38831
2025-02-05,sh.600000,10.6600,10.6900,10.4000,10.4100,10.6500,51723455,542382244.5300,1,0,12.38831
2025-02-06,sh.600000,10.3800,10.5000,10.3000,10.4300,10.4100,38598431,400818916.7100,1,0,12.38831
2025-02-07,sh.600000,10.4300,10.4500,10.3000,10.3400,10.4300,45600119,472723880.7700,1,0,12.38831
2025-02-10,sh.600000,10.3200,10.4400,10.2300,10.2700,10.3400,41234671,426297964.4000,1,0,12.38831
2025-02-11,sh.600000,10.2900,10.3800,10.2300,10.3000,10.2700,34651727,356843469.5200,1,0,12.38831
2025-02-12,sh.600000,10.3200,10.4200,10.2400,10.4100,10.3000,33100308,342797073.5200,1,0,12.38831
2025-02-13,sh.600000,10.3900,10.4400,10.3000,10.3100,10.4100,48454342,501218511.0600,1,0,12.38831
2025-02-14,sh.600000,10.3500,10.4300,10.2500,10.4100,10.3100,56300581,581842513.4400,1,0,12.38831
2025-02-17,sh.600000,10.4400,10.4600,10.2000,10.2700,10.4100,52311132,538356330.5200,1,0,12.38831
2025-02-18,sh.600000,10.2600,10.5400,10.2100,10.5000,10.2700,62783988,654395130.6400,1,0,12.38831
2025-02-19,sh.600000,10.4500,10.5900,10.4200,10.4400,10.5000,42364339,444710362.3200,1,0,12.38831
2025-02-20,sh.600000,10.4200,10.4900,10.3400,10.3900,10.4400,27223599,283297509.8500,1,0,12.38831
2025-02-21,sh.600000,10.3900,10.4300,10.2300,10.2900,10.3900,50391537,519161892.6100,1,0,12.38831
2025-02-24,sh.600000,10.2700,10.3100,10.1900,10.2100,10.2900,43741415,447600690.0000,1,0,12.38831
2025-02-25,sh.600000,10.2000,10.2500,10.0700,10.1000,10.2100,37159866,377213136.9500,1,0,12.38831
2025-02-26,sh.600000,10.1500,10.3200,10.1200,10.1800,10.1000,55536705,567601087.6200,1,0,12.38831
2025-02-27,sh.600000,10.2200,10.2600,10.1100,10.2400,10.1800,37999169,387232885.4000,1,0,12.38831
2025-02-28,sh.600000,10.2300,10.3000,10.1700,10.1700,10.2400,44651100,457102787.8200,1,0,12.38831
2025-03-03,sh.600000,10.1900,10.2200,10.0800,10.1500,10.1700,43010899,436849849.8500,1,0,12.38831
2025-03-04,sh.600000,10.1000,10.1900,10.1000,10.1000,10.1500,29769782,301634439.3500,1,0,12.38831
2025-03-05,sh.600000,10.1400,10.2600,10.0500,10.2500,10.1000,41686357,424730035.9800,1,0,12.38831
2025-03-06,sh.600000,10.2500,10.2600,10.0800,10.1300,10.2500,43499424,441681583.7600,1,0,12.38831
2025-03-07,sh.600000,10.1500,10.1900,10.0600,10.1400,10.1300,37005882,374991809.2300,1,0,12.38831
2025-03-10,sh.600000,10.1000,10.1400,10.0100,10.1000,10.1400,43594496,438534235.8900,1,0,12.38831
2025-03-11,sh.600000,10.0400,10.1200,10.0300,10.1200,10.1000,35208198,354675246.8800,1,0,12.38831
2025-03-12,sh.600000,10.1200,10.1800,10.0100,10.1200,10.1200,42868920,433414444.5400,1,0,12.38831
2025-03-13,sh.600000,10.1600,10.2500,10.1200,10.2200,10.1200,46714351,476613668.5900,1,0,12.38831
2025-03-14,sh.600000,10.2800,10.4900,10.2400,10.4200,10.2200,78422138,815108919.0000,1,0,12.38831
2025-03-17,sh.600000,10.5500,10.6600,10.3900,10.6000,10.4200,59251416,626647199.4900,1,0,12.38831
2025-03-18,sh.600000,10.6300,10.7200,10.5200,10.6400,10.6000,40970582,436226250.2700,1,0,12.38831
2025-03-19,sh.600000,10.5900,10.6800,10.5600,10.6500,10.6400,34604830,367827208.7400,1,0,12.38831
2025-03-20,sh.600000,10.6400,10.6900,10.6000,10.6600,10.6500,29548507,314685882.2200,1,0,12.38831
2025-03-21,sh.600000,10.6300,10.7200,10.4100,10.4700,10.6600,56344163,594649833.7900,1,0,12.38831
2025-03-24,sh.600000,10.4200,10.6300,10.4200,10.6100,10.4700,46449659,489527179.2300,1,0,12.38831
2025-03-25,sh.600000,10.6500,10.6900,10.5000,10.6100,10.6100,37875416,401332739.2900,1,0,12.38831
2025-03-26,sh.600000,10.6000,10.6100,10.4500,10.4700,10.6100,36660981,385049553.5800,1,0,12.38831
2025-03-27,sh.600000,10.5000,10.6600,10.4700,10.5500,10.4700,42508671,449288518.5700,1,0,12.38831
2025-03-28,sh.600000,10.5300,10.5700,10.4100,10.4400,10.5500,36572944,382165241.2900,1,0,12.38831
2025-03-31,sh.600000,10.4700,10.6300,10.3500,10.4300,10.4400,49360687,518371937.1300,1,0,12.38831
2025-04-01,sh.600000,10.4300,10.4600,10.2200,10.3500,10.4300,63920348,659250549.5200,1,0,12.38831
2025-04-02,sh.600000,10.2900,10.5600,10.2900,10.4600,10.3500,45625673,477144592.5700,1,0,12.38831
2025-04-03,sh.600000,10.2900,10.5000,10.2900,10.4800,10.4600,36919313,384886879.9200,1,0,12.38831
2025-04-07,sh.600000,10.2700,10.2800,9.4600,9.6500,10.4800,142399646,1395103301.6200,1,0,12.38831
2025-04-08,sh.600000,9.7700,10.2900,9.7500,10.2000,9.6500,149422915,1501459277.5200,1,0,12.38831
2025-04-09,sh.600000,10.1900,10.1900,9.8600,10.0100,10.2000,99714563,997750442.7400,1,0,12.38831
2025-04-10,sh.600000,10.1800,10.1800,9.9100,10.0000,10.0100,78108087,781663685.8800,1,0,12.38831
2025-04-11,sh.600000,10.0600,10.1200,9.9200,10.0700,10.0000,56246196,564930748.3600,1,0,12.38831
2025-04-14,sh.600000,10.0400,10.2200,10.0000,10.1800,10.0700,62154163,629562547.7500,1,0,12.38831
2025-04-15,sh.600000,10.1800,10.4800,10.1700,10.4700,10.1800,68556308,712990091.2000,1,0,12.38831
2025-04-16,sh.600000,10.4500,10.6000,10.3500,10.6000,10.4700,74094520,777378645.1900,1,0,12.38831
2025-04-17,sh.600000,10.6000,10.7500,10.4300,10.7500,10.6000,70420291,748750237.3800,1,0,12.38831
2025-04-18,sh.600000,10.7000,10.8700,10.6600,10.8100,10.7500,48024169,518493333.6400,1,0,12.38831
2025-04-21,sh.600000,10.7800,10.8800,10.5600,10.5700,10.8100,50053475,533248958.4600,1,0,12.38831
2025-04-22,sh.600000,10.5600,10.7400,10.5500,10.7100,10.5700,46047223,491852201.1600,1,0,12.38831
2025-04-23,sh.600000,10.7100,10.7500,10.5800,10.6700,10.7100,33992733,362271178.0000,1,0,12.38831
2025-04-24,sh.600000,10.6900,10.8500,10.6700,10.7400,10.6700,39754164,428435900.0700,1,0,12.38831
2025-04-25,sh.600000,10.7500,10.8000,10.5700,10.5900,10.7400,45447179,483223746.1600,1,0,12.38831
2025-04-28,sh.600000,10.6000,10.7400,10.5900,10.7400,10.5900,48382197,517574619.9100,1,0,12.38831
2025-04-29,sh.600000,10.6600,10.8700,10.6500,10.8300,10.7400,52112683,562869895.5300,1,0,12.38831
2025-04-30,sh.600000,10.8200,11.0300,10.6000,10.9600,10.8300,92838022,1011035958.8200,1,0,12.38831
2025-05-06,sh.600000,11.0000,11.1900,10.8000,11.1700,10.9600,97264620,1076041107.1800,1,0,12.38831
2025-05-07,sh.600000,11.3600,11.3800,11.0800,11.3700,11.1700,71916086,811933127.1600,1,0,12.38831
2025-05-08,sh.600000,11.3500,11.6900,11.3300,11.6300,11.3700,77598543,899909970.1000,1,0,12.38831
2025-05-09,sh.600000,11.6500,11.8800,11.6200,11.8000,11.6300,82148077,967087777.8400,1,0,12.38831
2025-05-12,sh.600000,11.8300,11.9800,11.6500,11.7100,11.8000,106436592,1258603165.8400,1,0,12.38831
2025-05-13,sh.600000,11.7300,12.1500,11.6700,12.0800,11.7100,85038009,1017847179.3500,1,0,12.38831
2025-05-14,sh.600000,11.9900,12.1900,11.9600,12.1500,12.0800,72183353,873575368.4800,1,0,12.38831
2025-05-15,sh.600000,12.1700,12.3500,12.0900,12.2900,12.1500,64989861,796202036.1500,1,0,12.38831
2025-05-16,sh.600000,12.3100,12.3800,12.0500,12.1000,12.2900,61049671,742473908.2800,1,0,12.38831
2025-05-19,sh.600000,12.2000,12.2500,11.9700,12.0000,12.1000,63137397,762689367.4600,1,0,12.38831
2025-05-20,sh.600000,12.0200,12.3400,12.0100,12.2700,12.0000,80013453,976894438.9700,1,0,12.38831
2025-05-21,sh.600000,12.2700,12.4200,12.2000,12.2700,12.2700,41672064,513339136.1500,1,0,12.38831
2025-05-22,sh.600000,12.2200,12.5300,12.1900,12.4300,12.2700,63895089,792331666.6900,1,0,12.38831
2025-05-23,sh.600000,12.3900,12.4800,12.2200,12.2300,12.4300,57961597,712934903.4000,1,0,12.38831
2025-05-26,sh.600000,12.1900,12.2500,11.9900,12.0500,12.2300,86375810,1043951444.2600,1,0,12.38831
2025-05-27,sh.600000,12.1100,12.2500,12.0500,12.1900,12.0500,51170123,622457334.2300,1,0,12.38831
2025-05-28,sh.600000,12.2000,12.3300,12.1300,12.2200,12.1900,45763183,559946076.0200,1,0,12.38831
2025-05-29,sh.600000,12.2100,12.2700,12.1700,12.1700,12.2200,39604139,483788795.6400,1,0,12.38831
2025-05-30,sh.600000,12.2000,12.4100,12.1700,12.3300,12.1700,74173919,912668309.6900,1,0,12.38831
2025-06-03,sh.600000,12.3100,12.5700,12.2300,12.5400,12.3300,83435308,1038149397.0800,1,0,12.38831
2025-06-04,sh.600000,12.4800,12.5300,12.3300,12.3800,12.5400,54685133,677861305.3000,1,0,12.38831
2025-06-05,sh.600000,12.4200,12.4500,12.2800,12.3200,12.3800,37014523,456671679.6100,1,0,12.38831
2025-06-06,sh.600000,12.3300,12.3900,12.2100,12.3200,12.3200,43240203,531488384.3700,1,0,12.38831
2025-06-09,sh.600000,12.3100,12.3400,12.1000,12.3100,12.3200,56578144,691788948.9900,1,0,12.38831
2025-06-10,sh.600000,12.2800,12.4500,12.2600,12.3600,12.3100,49879732,616254415.7600,1,0,12.38831
2025-06-11,sh.600000,12.3600,12.4200,12.2400,12.3500,12.3600,44114064,544126474.7300,1,0,12.38831
2025-06-12,sh.600000,12.3500,12.5000,12.2300,12.4600,12.3500,47676653,592474539.1900,1,0,12.38831
2025-06-13,sh.600000,12.5000,12.5500,12.2800,12.3400,12.4600,61844935,764861363.2100,1,0,12.38831
2025-06-16,sh.600000,12.3400,12.6000,12.2100,12.5800,12.3400,51085389,635504882.1700,1,0,12.38831
2025-06-17,sh.600000,12.5800,12.6500,12.4500,12.5400,12.5800,37369806,468354085.7300,1,0,12.38831
2025-06-18,sh.600000,12.5600,12.8300,12.5100,12.7800,12.5400,69853954,890776691.5300,1,0,12.38831
2025-06-19,sh.600000,12.7800,12.8400,12.6400,12.7400,12.7800,43768050,557599592.6700,1,0,12.38831
2025-06-20,sh.600000,12.7800,13.0200,12.7300,13.0200,12.7400,69793426,903428590.6000,1,0,12.38831
2025-06-23,sh.600000,12.9800,13.3600,12.8800,13.3100,13.0200,81059193,1067412053.3600,1,0,12.38831
2025-06-24,sh.600000,13.3100,13.5400,13.1600,13.3100,13.3100,84287565,1123477728.3900,1,0,12.38831
2025-06-25,sh.600000,13.3100,13.5200,13.2000,13.4600,13.3100,56329911,752682258.5600,1,0,12.38831
2025-06-26,sh.600000,13.4000,13.6500,13.3000,13.6200,13.4600,66332882,895310745.4700,1,0,12.38831
2025-06-27,sh.600000,13.6300,13.9900,13.4400,13.5500,13.6200,145112686,1990098971.0500,1,0,12.38831
2025-06-30,sh.600000,13.4000,13.9800,13.2500,13.8800,13.5500,95051500,1297775515.0900,1,0,12.38831
2025-07-01,sh.600000,13.8800,14.3300,13.8700,14.1800,13.8800,87707054,1242184692.5600,1,0,12.38831
2025-07-02,sh.600000,14.2000,14.4000,14.1000,14.2000,14.1800,68484199,977656404.7000,1,0,12.38831
2025-07-03,sh.600000,14.2100,14.2800,14.0900,14.1800,14.2000,50965551,722233396.1400,1,0,12.38831
2025-07-04,sh.600000,14.1500,14.7500,14.1400,14.5800,14.1800,93567870,1359237790.0600,1,0,12.38831
2025-07-07,sh.600000,14.6600,14.8000,14.5100,14.6000,14.5800,64970474,951840346.3200,1,0,12.38831
2025-07-08,sh.600000,14.5800,14.6200,14.1500,14.2300,14.6000,113914556,1624827333.4500,1,0,12.38831
2025-07-09,sh.600000,14.2000,14.3000,14.1200,14.1700,14.2300,81762955,1162380709.4100,1,0,12.38831
2025-07-10,sh.600000,14.1700,14.3400,14.1300,14.2000,14.1700,115968328,1652800753.3400,1,0,12.38831
2025-07-11,sh.600000,14.1700,14.2400,13.8000,13.8000,14.2000,161683677,2258575043.9400,1,0,12.38831
2025-07-14,sh.600000,13.7500,14.1500,13.7500,14.1100,13.8000,114977276,1614456120.9400,1,0,12.38831
2025-07-15,sh.600000,14.1500,14.2000,13.8300,13.9300,14.1100,76673245,1073790980.7800,1,0,12.38831
2025-07-16,sh.600000,13.5400,13.6000,13.2600,13.4800,13.5200,81426935,1092141761.0300,1,0,12.763991
2025-07-17,sh.600000,13.4800,13.5800,13.4000,13.4400,13.4800,47080750,633619314.8800,1,0,12.763991
2025-07-18,sh.600000,13.4700,13.6500,13.3900,13.4600,13.4400,56174733,758987555.4600,1,0,12.763991
2025-07-21,sh.600000,13.4600,13.5400,13.3600,13.4800,13.4600,55881659,751457579.1700,1,0,12.763991
2025-07-22,sh.600000,13.4600,13.5100,13.2000,13.2300,13.4800,91190502,1212020033.7900,1,0,12.763991
2025-07-23,sh.600000,13.2000,13.4900,13.2000,13.3300,13.2300,67673356,904049598.9600,1,0,12.763991
2025-07-24,sh.600000,13.3700,13.3700,13.0500,13.0600,13.3300,97343311,1280091394.1100,1,0,12.763991
2025-07-25,sh.600000,13.0300,13.2300,13.0300,13.0700,13.0600,65621788,860317426.2700,1,0,12.763991
2025-07-28,sh.600000,13.1200,13.2000,13.0300,13.0800,13.0700,76297474,1002195904.3600,1,0,12.763991
2025-07-29,sh.600000,13.0700,13.1200,12.7800,12.7900,13.0800,78919964,1017205989.2700,1,0,12.763991
2025-07-30,sh.600000,12.8400,12.9300,12.7300,12.8800,12.7900,72158148,928059541.7600,1,0,12.763991
2025-07-31,sh.600000,12.8700,12.9000,12.7100,12.8100,12.8800,68538701,875810524.0100,1,0,12.763991
2025-08-01,sh.600000,12.8200,12.9800,12.5800,12.9200,12.8100,79386102,1018578952.1500,1,0,12.763991
2025-08-04,sh.600000,12.9000,13.4500,12.9000,13.1300,12.9200,99782728,1321632122.7300,1,0,12.763991
2025-08-05,sh.600000,13.1500,13.7800,13.1400,13.7500,13.1300,133646594,1812399937.5300,1,0,12.763991
2025-08-06,sh.600000,13.7500,13.8500,13.6300,13.7900,13.7500,84891798,1170588593.9400,1,0,12.763991
2025-08-07,sh.600000,14.0800,14.0800,13.6600,13.9300,13.7900,96558141,1337645650.2800,1,0,12.763991
2025-08-08,sh.600000,13.9600,14.2900,13.9100,14.1700,13.9300,96742884,1367882502.4500,1,0,12.763991
2025-08-11,sh.600000,14.1000,14.2000,13.8500,13.9800,14.1700,89510437,1249751391.1200,1,0,12.763991
2025-08-12,sh.600000,13.9700,14.1200,13.8700,13.8900,13.9800,76628234,1072660845.0900,1,0,12.763991
2025-08-13,sh.600000,13.9800,14.0300,13.8000,13.8300,13.8900,79039619,1097891524.7300,1,0,12.763991
2025-08-14,sh.600000,13.8300,13.9800,13.7900,13.8700,13.8300,71279949,990881028.7400,1,0,12.763991
2025-08-15,sh.600000,13.8500,13.9500,13.5500,13.5900,13.8700,93067809,1271714019.1500,1,0,12.763991
2025-08-18,sh.600000,13.5300,13.7200,13.4700,13.6400,13.5900,83579911,1134949185.4000,1,0,12.763991
2025-08-19,sh.600000,13.6400,13.7600,13.5800,13.6900,13.6400,49497253,678047554.4600,1,0,12.763991
2025-08-20,sh.600000,13.6900,13.8700,13.6000,13.7200,13.6900,60322243,829302743.8500,1,0,12.763991
2025-08-21,sh.600000,13.7000,13.8600,13.5900,13.7800,13.7200,57468516,791948363.6900,1,0,12.763991
2025-08-22,sh.600000,13.8100,13.9500,13.7700,13.9400,13.7800,64098054,888813234.0700,1,0,12.763991
2025-08-25,sh.600000,13.9000,14.0500,13.7600,14.0300,13.9400,63137208,877162424.5100,1,0,12.763991
2025-08-26,sh.600000,14.0000,14.1500,13.8200,14.0300,14.0300,59365845,831883207.3700,1,0,12.763991
2025-08-27,sh.600000,13.9500,14.0000,13.7000,13.7500,14.0300,76975407,1065617631.0500,1,0,12.763991
2025-08-28,sh.600000,13.6500,13.9400,13.4400,13.8600,13.7500,95618144,1314340523.8800,1,0,12.763991
2025-08-29,sh.600000,13.8100,13.9900,13.6300,13.6300,13.8600,128276384,1769227973.0200,1,0,12.763991
2025-09-01,sh.600000,13.6800,13.9000,13.4500,13.4900,13.6300,116131640,1584600426.0300,1,0,12.763991
2025-09-02,sh.600000,13.4300,13.7500,13.3900,13.7300,13.4900,79527127,1078332698.3500,1,0,12.763991
2025-09-03,sh.600000,13.7300,13.8700,13.6100,13.7800,13.7300,75418875,1039563267.5600,1,0,12.763991
2025-09-04,sh.600000,13.7000,13.8500,13.5000,13.7700,13.7800,101214019,1382067032.7200,1,0,12.763991
2025-09-05,sh.600000,13.7400,13.7800,13.4700,13.6900,13.7700,79038636,1081534596.0100,1,0,12.763991
2025-09-08,sh.600000,13.6900,13.9800,13.5300,13.5800,13.6900,123553472,1702186554.0700,1,0,12.763991
2025-09-09,sh.600000,13.6900,14.0200,13.6200,14.0200,13.5800,117067240,1622965820.5700,1,0,12.763991
2025-09-10,sh.600000,14.0600,14.0700,13.8300,13.9700,14.0200,83617788,1169472183.6700,1,0,12.763991
2025-09-11,sh.600000,13.9300,14.1700,13.8800,14.1200,13.9700,83259271,1168876344.1100,1,0,12.763991
2025-09-12,sh.600000,14.1400,14.2500,13.4500,13.6000,14.1200,137797397,1890112473.4100,1,0,12.763991
2025-09-15,sh.600000,13.5100,13.6900,13.3700,13.4300,13.6000,84060835,1136419803.5000,1,0,12.763991
2025-09-16,sh.600000,13.4100,13.4400,13.1300,13.1600,13.4300,88505780,1171744735.8300,1,0,12.763991
2025-09-17,sh.600000,13.1500,13.2500,12.9500,12.9600,13.1600,66621805,869297895.1500,1,0,12.763991
2025-09-18,sh.600000,12.9600,13.0100,12.6800,12.7500,12.9600,106507276,1365758685.4600,1,0,12.763991
2025-09-19,sh.600000,12.6900,12.9000,12.5600,12.8100,12.7500,79638295,1015780801.3300,1,0,12.763991
2025-09-22,sh.600000,12.7800,12.8000,12.5000,12.5400,12.8100,49180587,620006457.9700,1,0,12.763991
2025-09-23,sh.600000,12.5100,12.6500,12.3600,12.4500,12.5400,77159109,962632051.8400,1,0,12.763991
2025-09-24,sh.600000,12.4500,12.5400,12.0600,12.2200,12.4500,102755861,1255684175.9600,1,0,12.763991
2025-09-25,sh.600000,12.2300,12.5500,12.1300,12.4300,12.2200,128885102,1599981440.2600,1,0,12.763991
2025-09-26,sh.600000,12.3700,12.4800,11.9000,12.2500,12.4300,84171099,1024777755.5900,1,0,12.763991
2025-09-29,sh.600000,12.2500,12.2600,11.9500,12.0600,12.2500,86111735,1041131901.0800,1,0,12.763991
2025-09-30,sh.600000,12.0700,12.1100,11.8100,11.9000,12.0600,90383609,1077479637.7000,1,0,12.763991
2025-10-09,sh.600000,11.7500,11.8700,11.6300,11.8000,11.9000,81279059,957141423.0800,1,0,12.763991
2025-10-10,sh.600000,11.7900,12.0300,11.6800,11.8400,11.8000,93757429,1113065249.9900,1,0,12.763991
2025-10-13,sh.600000,11.9700,12.6000,11.7800,12.5100,11.8400,209588223,2580353841.5700,1,0,12.763991
2025-10-14,sh.600000,12.4500,12.8700,12.3100,12.7700,12.5100,146399373,1860041653.7500,1,0,12.763991
2025-10-15,sh.600000,12.7500,13.2400,12.6300,13.1700,12.7700,122625265,1591811158.5300,1,0,12.763991
2025-10-16,sh.600000,13.1600,13.5300,13.1100,13.3200,13.1700,99838590,1328610596.6500,1,0,12.763991
2025-10-17,sh.600000,13.2900,13.4400,13.1100,13.3200,13.3200,81693218,1084436740.1500,1,0,12.763991
2025-10-20,sh.600000,13.2700,13.2700,12.9300,12.9900,13.3200,80678774,1053892619.8900,1,0,12.763991
2025-10-21,sh.600000,12.9900,13.3000,12.9200,12.9900,12.9900,154403206,2026895575.9500,1,0,12.763991
2025-10-22,sh.600000,12.9700,13.1500,12.8100,13.0300,12.9900,119621745,1553039597.0400,1,0,12.763991
2025-10-23,sh.600000,13.0300,13.1000,12.8400,12.9700,13.0300,80652260,1045171787.5900,1,0,12.763991
2025-10-24,sh.600000,12.9900,13.1000,12.8300,12.9800,12.9700,183342863,2383331324.7100,1,0,12.763991
2025-10-27,sh.600000,12.9200,13.0600,12.8300,12.9700,12.9800,151665963,1964302302.0200,1,0,12.763991
2025-10-28,sh.600000,13.0100,13.0700,12.2300,12.3900,12.9700,159866315,1992336125.9700,1,0,12.763991
2025-10-29,sh.600000,12.3100,12.3600,11.7500,11.8100,12.3900,165619780,1970345899.7700,1,0,12.763991
2025-10-30,sh.600000,11.7900,11.8300,11.6200,11.6400,11.8100,122375784,1430066830.9500,1,0,12.763991
2025-10-31,sh.600000,11.7200,11.7400,11.4900,11.4900,11.6400,143534203,1657883721.0800,1,0,12.763991
2025-11-03,sh.600000,11.4900,11.6400,11.3700,11.4100,11.4900,123384169,1414090218.4300,1,0,12.763991
2025-11-04,sh.600000,11.4000,11.6300,11.3600,11.6200,11.4100,134964340,1553428253.4600,1,0,12.763991
2025-11-05,sh.600000,11.6400,11.9600,11.5800,11.8600,11.6200,162186560,1915573359.0800,1,0,12.763991
2025-11-06,sh.600000,11.8000,11.8000,11.5900,11.6600,11.8600,127867343,1491236057.4000,1,0,12.763991
2025-11-07,sh.600000,11.6400,11.7500,11.5900,11.7000,11.6600,93125152,1088148705.1900,1,0,12.763991
2025-11-10,sh.600000,11.6500,11.8000,11.6100,11.6900,11.7000,90615790,1060061828.1700,1,0,12.763991
2025-11-11,sh.600000,11.6700,11.7300,11.6000,11.6700,11.6900,78910662,920057996.7700,1,0,12.763991
2025-11-12,sh.600000,11.6900,11.9200,11.6600,11.6800,11.6700,150937630,1773400017.8600,1,0,12.763991
2025-11-13,sh.600000,11.6600,11.7200,11.5100,11.6600,11.6800,121769523,1414343346.5300,1,0,12.763991
2025-11-14,sh.600000,11.6100,11.7700,11.6100,11.6200,11.6600,113543245,1326048680.5000,1,0,12.763991
2025-11-17,sh.600000,11.6000,11.6500,11.3500,11.3700,11.6200,98485526,1127109373.2900,1,0,12.763991
2025-11-18,sh.600000,11.3500,11.4500,11.2500,11.4500,11.3700,56503139,642965676.8600,1,0,12.763991
2025-11-19,sh.600000,11.4300,11.6200,11.4000,11.5600,11.4500,93264386,1078378238.5300,1,0,12.763991
2025-11-20,sh.600000,11.5400,11.8100,11.4900,11.7000,11.5600,116125007,1361974217.2100,1,0,12.763991
2025-11-21,sh.600000,11.7000,11.7400,11.5000,11.5200,11.7000,100248709,1161931513.3400,1,0,12.763991
2025-11-24,sh.600000,11.5400,11.6500,11.4900,11.5300,11.5200,94815363,1097744266.5900,1,0,12.763991
2025-11-25,sh.600000,11.5300,11.6400,11.4500,11.6100,11.5300,55709457,643212946.2200,1,0,12.763991
2025-11-26,sh.600000,11.6300,11.6700,11.4500,11.4800,11.6100,60876972,702261810.1300,1,0,12.763991
2025-11-27,sh.600000,11.4200,11.7800,11.3100,11.6200,11.4800,93698611,1086584193.1600,1,0,12.763991
2025-11-28,sh.600000,11.6000,11.7000,11.4600,11.4800,11.6200,79682706,921539831.5300,1,0,12.763991
2025-12-01,sh.600000,11.4100,11.5500,11.3700,11.5400,11.4800,68000214,779356764.1000,1,0,12.763991
2025-12-02,sh.600000,11.5100,11.5800,11.4300,11.4500,11.5400,50331401,577904085.2800,1,0,12.763991
2025-12-03,sh.600000,11.4200,11.5000,11.3000,11.3000,11.4500,65916685,751358254.9100,1,0,12.763991
2025-12-04,sh.600000,11.3300,11.3300,11.1500,11.2500,11.3000,45066850,506206455.8400,1,0,12.763991
2025-12-05,sh.600000,11.2300,11.3200,11.1400,11.2600,11.2500,56770710,637399477.8400,1,0,12.763991
2025-12-08,sh.600000,11.2600,11.4300,11.2300,11.3900,11.2600,89418386,1017232427.1500,1,0,12.763991
2025-12-09,sh.600000,11.4100,11.4300,11.3100,11.3200,11.3900,58585930,664542013.9800,1,0,12.763991
2025-12-10,sh.600000,11.3200,11.3300,11.1400,11.2800,11.3200,70831411,794675027.7100,1,0,12.763991
2025-12-11,sh.600000,11.3000,11.4500,11.2200,11.4400,11.2800,107586743,1222579775.2700,1,0,12.763991
2025-12-12,sh.600000,11.4100,11.6100,11.3500,11.6100,11.4400,145372658,1672795399.4200,1,0,12.763991
2025-12-15,sh.600000,11.5900,11.7500,11.5000,11.6600,11.6100,111508150,1302167030.1400,1,0,12.763991
2025-12-16,sh.600000,11.6700,11.7200,11.4200,11.5500,11.6600,86733417,1000970373.5500,1,0,12.763991
2025-12-17,sh.600000,11.5400,11.6700,11.4500,11.5400,11.5500,60894791,704546773.9600,1,0,12.763991
2025-12-18,sh.600000,11.5900,11.7900,11.4800,11.7800,11.5400,69201006,809469482.7000,1,0,12.763991
2025-12-19,sh.600000,11.7200,11.8000,11.6500,11.6900,11.7800,67815119,794336354.3900,1,0,12.763991
2025-12-22,sh.600000,11.6500,11.6900,11.5400,11.6400,11.6900,49907269,580340537.9400,1,0,12.763991
2025-12-23,sh.600000,11.6700,11.8800,11.6200,11.8300,11.6400,61488273,724111795.7500,1,0,12.763991
2025-12-24,sh.600000,11.8300,11.9000,11.7500,11.8100,11.8300,46510627,550611164.2500,1,0,12.763991
2025-12-25,sh.600000,11.8000,11.8600,11.7400,11.7700,11.8100,30326271,357369168.1600,1,0,12.763991
2025-12-26,sh.600000,11.7700,11.8200,11.7100,11.7200,11.7700,29816927,350344914.4700,1,0,12.763991
2025-12-29,sh.600000,11.7400,12.2200,11.6800,12.1700,11.7200,87875772,1055110814.0500,1,0,12.763991
2025-12-30,sh.600000,12.1700,12.4100,12.1000,12.3900,12.1700,74051075,910372295.0000,1,0,12.763991
2025-12-31,sh.600000,12.3500,12.4500,12.1400,12.4400,12.3900,82445909,1016605870.1800,1,0,12.763991
