date,code,open,high,low,close,preclose,volume,amount,tradestatus,isST,backAdjustFactor
2018-01-02,sh.601318,70.2100,72.8000,70.1800,72.5900,69.9800,123616317,8873521553.0000,1,0,2.284396
2018-01-03,sh.601318,73.4000,73.9000,70.1100,70.9700,72.5900,179405492,12887286352.0000,1,0,2.284396
2018-01-04,sh.601318,71.0200,72.2000,70.5500,71.1800,70.9700,106115784,7558632047.0000,1,0,2.284396
2018-01-05,sh.601318,71.5900,71.8800,70.4500,70.8900,71.1800,77207581,5478422385.0000,1,0,2.284396
2018-01-08,sh.601318,70.7900,70.7900,69.3200,70.0100,70.8900,122872953,8582728348.0000,1,0,2.284396
2018-01-09,sh.601318,70.3000,72.0800,70.0300,71.8700,70.0100,123949115,8846740744.0000,1,0,2.284396
2018-01-10,sh.601318,71.6000,71.8700,70.7100,71.7200,71.8700,82812301,5908131847.0000,1,0,2.284396
2018-01-11,sh.601318,71.0500,73.1200,71.0000,72.6500,71.7200,109628895,7942591596.0000,1,0,2.284396
2018-01-12,sh.601318,72.6600,74.5000,72.3300,74.4100,72.6500,128266294,9412700286.0000,1,0,2.284396
2018-01-15,sh.601318,75.3500,78.5000,75.3500,77.6500,74.4100,200659866,15506926306.0000,1,0,2.284396
2018-01-16,sh.601318,77.6800,79.4800,77.2000,77.8100,77.6500,150164317,11730259422.0000,1,0,2.284396
2018-01-17,sh.601318,78.1000,79.3500,76.5000,77.3400,77.8100,141357416,11007901753.0000,1,0,2.284396
2018-01-18,sh.601318,78.5600,80.1100,77.0800,77.6100,77.3400,207447138,16276293928.0000,1,0,2.284396
2018-01-19,sh.601318,78.3000,79.0600,76.8900,77.5900,77.6100,155380912,12121952907.0000,1,0,2.284396
2018-01-22,sh.601318,77.1100,79.2000,77.0500,78.7400,77.5900,121588286,9519920005.0000,1,0,2.284396
2018-01-23,sh.601318,80.3000,81.2800,78.2900,78.7600,78.7400,191989840,15307309842.0000,1,0,2.284396
2018-01-24,sh.601318,79.0000,79.4400,76.3800,76.4400,78.7600,168914104,13089919947.0000,1,0,2.284396
2018-01-25,sh.601318,75.9300,75.9900,74.8000,75.2900,76.4400,123439652,9292249846.0000,1,0,2.284396
2018-01-26,sh.601318,75.3000,76.8500,75.2100,76.1000,75.2900,112554650,8558720967.0000,1,0,2.284396
2018-01-29,sh.601318,76.6600,76.7000,72.8900,73.3600,76.1000,151784351,11341796885.0000,1,0,2.284396
2018-01-30,sh.601318,72.9000,74.3600,72.8000,73.3800,73.3600,86781693,6389286977.0000,1,0,2.284396
2018-01-31,sh.601318,72.6500,75.1500,72.5200,75.0800,73.3800,93472629,6959739461.0000,1,0,2.284396
2018-02-01,sh.601318,75.0000,75.6000,74.0500,75.4800,75.0800,141576291,10624480475.0000,1,0,2.284396
2018-02-02,sh.601318,74.8700,76.3800,74.1300,76.0100,75.4800,100758337,7592895872.0000,1,0,2.284396
2018-02-05,sh.601318,74.4000,75.9500,74.3000,75.7100,76.0100,94805442,7124096934.0000,1,0,2.284396
2018-02-06,sh.601318,73.8500,74.7000,72.5000,73.7700,75.7100,204966683,15035748671.0000,1,0,2.284396
2018-02-07,sh.601318,74.6000,74.6500,70.5000,71.3800,73.7700,174784083,12632931016.0000,1,0,2.284396
2018-02-08,sh.601318,70.6100,71.5000,68.3700,68.9900,71.3800,153010890,10664335041.0000,1,0,2.284396
2018-02-09,sh.601318,66.5000,66.9700,62.2000,64.4300,68.9900,249202978,16087878594.0000,1,0,2.284396
2018-02-12,sh.601318,64.6600,65.6500,64.0000,64.9600,64.4300,102961177,6677189824.0000,1,0,2.284396
2018-02-13,sh.601318,66.2000,68.3500,66.0600,67.0200,64.9600,114795720,7736172612.0000,1,0,2.284396
2018-02-14,sh.601318,67.5000,69.1900,67.2000,68.8900,67.0200,64650188,4399687785.0000,1,0,2.284396
2018-02-22,sh.601318,70.2300,70.4200,69.2300,69.7700,68.8900,78364999,5477772497.0000,1,0,2.284396
2018-02-23,sh.601318,70.2500,71.4600,69.8300,70.6400,69.7700,55601107,3929000289.0000,1,0,2.284396
2018-02-26,sh.601318,70.9900,71.5800,69.6000,70.8000,70.6400,69384092,4900094210.0000,1,0,2.284396
2018-02-27,sh.601318,71.0200,71.1900,69.4700,69.8100,70.8000,78099482,5485814912.0000,1,0,2.284396
2018-02-28,sh.601318,69.2000,69.2400,67.7000,67.7600,69.8100,78217046,5354288636.0000,1,0,2.284396
2018-03-01,sh.601318,67.1800,69.3800,66.8800,68.9300,67.7600,66329617,4535163832.0000,1,0,2.284396
2018-03-02,sh.601318,68.0000,68.6600,67.4500,67.6800,68.9300,58143932,3950841316.0000,1,0,2.284396
2018-03-05,sh.601318,67.6600,68.5900,67.0000,67.8800,67.6800,60982380,4123448692.0000,1,0,2.284396
2018-03-06,sh.601318,68.4000,69.3900,67.4000,69.3200,67.8800,65707723,4498428233.0000,1,0,2.284396
2018-03-07,sh.601318,68.9800,70.1800,68.1800,68.7800,69.3200,59055501,4086838910.0000,1,0,2.284396
2018-03-08,sh.601318,69.0600,70.8400,68.7600,70.5400,68.7800,69268165,4847200944.0000,1,0,2.284396
2018-03-09,sh.601318,71.0000,71.4600,70.3100,70.8900,70.5400,47622200,3371832639.0000,1,0,2.284396
2018-03-12,sh.601318,71.6000,71.8600,70.6000,71.1200,70.8900,58335147,4159385529.0000,1,0,2.284396
2018-03-13,sh.601318,71.2000,71.3500,69.1800,69.4200,71.1200,60949227,4270300750.0000,1,0,2.284396
2018-03-14,sh.601318,68.8500,69.2000,68.2600,68.8200,69.4200,51476079,3538649610.0000,1,0,2.284396
2018-03-15,sh.601318,68.4100,70.7000,68.4000,70.4900,68.8200,62711086,4389005513.0000,1,0,2.284396
2018-03-16,sh.601318,70.7000,71.9500,70.4500,70.5100,70.4900,70132623,4999966474.0000,1,0,2.284396
2018-03-19,sh.601318,70.8900,73.8800,70.4800,73.8100,70.5100,92449982,6687346253.0000,1,0,2.284396
2018-03-20,sh.601318,73.1000,74.1900,72.7000,74.0900,73.8100,65977835,4847776967.0000,1,0,2.284396
2018-03-21,sh.601318,76.7000,76.7100,73.0300,73.8200,74.0900,136748593,10277152012.0000,1,0,2.284396
2018-03-22,sh.601318,73.5100,74.1700,71.6800,72.8800,73.8200,90287752,6578006315.0000,1,0,2.284396
2018-03-23,sh.601318,70.0000,70.7700,69.4200,70.3000,72.8800,148695492,10435410981.0000,1,0,2.284396
2018-03-26,sh.601318,69.2000,69.9700,66.9800,68.2800,70.3000,138098519,9441425605.0000,1,0,2.284396
2018-03-27,sh.601318,69.5800,69.6600,67.5000,68.1600,68.2800,103992027,7111483067.0000,1,0,2.284396
2018-03-28,sh.601318,67.0000,67.6800,64.8800,65.4000,68.1600,142078782,9380984826.0000,1,0,2.284396
2018-03-29,sh.601318,65.4200,67.2800,63.5100,66.3900,65.4000,146254573,9514381379.0000,1,0,2.284396
2018-03-30,sh.601318,66.0100,66.2700,64.8000,65.3100,66.3900,84202251,5499095858.0000,1,0,2.284396
2018-04-02,sh.601318,64.2500,66.2500,64.2200,64.6600,65.3100,80555909,5242356770.0000,1,0,2.284396
2018-04-03,sh.601318,63.9500,64.9500,63.8400,64.5100,64.6600,60407068,3885145804.0000,1,0,2.284396
2018-04-04,sh.601318,64.9000,65.5800,63.9800,64.5500,64.5100,67998953,4414551485.0000,1,0,2.284396
2018-04-09,sh.601318,64.9900,65.9900,64.0500,65.9600,64.5500,71614285,4679345562.0000,1,0,2.284396
2018-04-10,sh.601318,65.6900,68.4000,65.3900,68.2500,65.9600,90513972,6064986129.0000,1,0,2.284396
2018-04-11,sh.601318,68.3000,68.5700,67.4800,67.6700,68.2500,72092432,4894354063.0000,1,0,2.284396
2018-04-12,sh.601318,67.9100,67.9700,66.6900,66.7200,67.6700,54450250,3659539916.0000,1,0,2.284396
2018-04-13,sh.601318,67.4300,67.4500,66.0500,66.1800,66.7200,46638574,3114028929.0000,1,0,2.284396
2018-04-16,sh.601318,66.0100,66.6600,63.8800,64.3000,66.1800,80963957,5244687540.0000,1,0,2.284396
2018-04-17,sh.601318,64.4400,64.8600,62.8300,63.1300,64.3000,83167288,5312790696.0000,1,0,2.284396
2018-04-18,sh.601318,63.7800,63.9500,62.6000,63.5100,63.1300,76484549,4841197668.0000,1,0,2.284396
2018-04-19,sh.601318,63.9000,64.9500,63.6600,64.4800,63.5100,72647375,4680959624.0000,1,0,2.284396
2018-04-20,sh.601318,64.2000,64.8700,63.5100,64.1500,64.4800,60334073,3871514930.0000,1,0,2.284396
2018-04-23,sh.601318,64.1500,65.1600,63.7800,64.9900,64.1500,54446666,3516175405.0000,1,0,2.284396
2018-04-24,sh.601318,65.4000,67.0600,65.2800,66.5600,64.9900,90695407,6024928823.0000,1,0,2.284396
2018-04-25,sh.601318,66.0400,66.4600,65.3100,65.5000,66.5600,47782761,3141687154.0000,1,0,2.284396
2018-04-26,sh.601318,65.6800,65.8900,62.8100,63.1200,65.5000,84155382,5364614954.0000,1,0,2.284396
2018-04-27,sh.601318,63.5500,63.7300,58.3400,60.8900,63.1200,260286257,15747812239.0000,1,0,2.284396
2018-05-02,sh.601318,61.3600,61.7900,60.7500,61.3400,60.8900,70890842,4341690751.0000,1,0,2.284396
2018-05-03,sh.601318,60.8800,61.5800,59.9000,61.4400,61.3400,62912538,3831120277.0000,1,0,2.284396
2018-05-04,sh.601318,61.3300,61.6400,60.6400,60.7100,61.4400,44158675,2694568405.0000,1,0,2.284396
2018-05-07,sh.601318,60.5500,61.4700,59.7100,61.1900,60.7100,82944783,5035372512.0000,1,0,2.284396
2018-05-08,sh.601318,61.3600,63.8800,61.2400,63.0800,61.1900,117472062,7388303870.0000,1,0,2.284396
2018-05-09,sh.601318,63.1000,63.4000,62.5200,62.9500,63.0800,48443100,3048008852.0000,1,0,2.284396
2018-05-10,sh.601318,63.3000,63.7500,62.6100,63.1800,62.9500,49817832,3143778292.0000,1,0,2.284396
2018-05-11,sh.601318,63.5800,63.6600,62.8100,63.1000,63.1800,45210551,2859210137.0000,1,0,2.284396
2018-05-14,sh.601318,63.7000,64.5800,63.5000,64.1000,63.1000,68370916,4387898493.0000,1,0,2.284396
2018-05-15,sh.601318,64.5000,64.5900,63.4000,63.9700,64.1000,52952916,3376776321.0000,1,0,2.284396
2018-05-16,sh.601318,63.6800,63.9200,62.6300,62.8100,63.9700,55951439,3539081154.0000,1,0,2.284396
2018-05-17,sh.601318,63.0900,63.1900,61.9400,62.0000,62.8100,47778223,2981258093.0000,1,0,2.284396
2018-05-18,sh.601318,61.8800,63.1200,61.5900,63.0400,62.0000,56625326,3532704058.0000,1,0,2.284396
2018-05-21,sh.601318,63.5500,64.1500,63.2700,63.6600,63.0400,70506571,4492367179.0000,1,0,2.284396
2018-05-22,sh.601318,63.5800,63.8400,62.5000,63.0100,63.6600,43769214,2757950408.0000,1,0,2.284396
2018-05-23,sh.601318,62.9500,62.9500,61.6700,61.7600,63.0100,56915452,3531232659.0000,1,0,2.284396
2018-05-24,sh.601318,61.9600,62.2700,61.1600,61.2200,61.7600,44151327,2725820768.0000,1,0,2.284396
2018-05-25,sh.601318,61.3800,62.1800,61.3400,61.5300,61.2200,35392969,2183913985.0000,1,0,2.284396
2018-05-28,sh.601318,61.8000,62.8800,61.5500,62.5000,61.5300,45894875,2861428758.0000,1,0,2.284396
2018-05-29,sh.601318,62.3200,62.6600,61.3000,62.3800,62.5000,63647446,3944873803.0000,1,0,2.284396
2018-05-30,sh.601318,61.3100,61.7000,60.5800,60.6500,62.3800,49083664,2998177225.0000,1,0,2.284396
2018-05-31,sh.601318,61.1100,62.1800,60.7100,62.1300,60.6500,66538831,4096852001.0000,1,0,2.284396
2018-06-01,sh.601318,61.9100,62.1900,61.2800,61.6400,62.1300,40800764,2516195954.0000,1,0,2.284396
2018-06-04,sh.601318,62.1000,63.7100,61.9000,63.5300,61.6400,85889740,5418564799.0000,1,0,2.284396
2018-06-05,sh.601318,63.5900,65.0000,63.2100,64.5800,63.5300,88517255,5683935967.0000,1,0,2.284396
2018-06-06,sh.601318,64.4300,64.4500,63.7100,63.8100,64.5800,49022028,3140622782.0000,1,0,2.284396
2018-06-07,sh.601318,63.2700,64.5400,63.0200,63.2400,62.6100,74626679,4763077383.0000,1,0,2.328179
2018-06-08,sh.601318,62.9700,63.2400,61.9500,62.3900,63.2400,57939137,3617103478.0000,1,0,2.328179
2018-06-11,sh.601318,62.2500,63.2000,61.8500,63.0300,62.3900,51280313,3204236377.0000,1,0,2.328179
2018-06-12,sh.601318,63.2000,64.2500,62.8200,63.9000,63.0300,76355925,4866437060.0000,1,0,2.328179
2018-06-13,sh.601318,63.8000,63.9100,63.3500,63.7500,63.9000,45905326,2922589416.0000,1,0,2.328179
2018-06-14,sh.601318,63.5800,65.3500,63.4500,64.4400,63.7500,79848471,5164445267.0000,1,0,2.328179
2018-06-15,sh.601318,64.1000,65.1600,64.0200,64.6300,64.4400,66658272,4315505697.0000,1,0,2.328179
2018-06-19,sh.601318,63.8000,64.2000,61.8000,62.0900,64.6300,127826360,8087342652.0000,1,0,2.328179
2018-06-20,sh.601318,61.9000,62.5400,60.7800,61.8500,62.0900,74319522,4589333023.0000,1,0,2.328179
2018-06-21,sh.601318,61.8600,62.5600,61.0000,61.0900,61.8500,60549396,3743256874.0000,1,0,2.328179
2018-06-22,sh.601318,60.6000,61.5000,60.6000,61.0700,61.0900,46537639,2837582693.0000,1,0,2.328179
2018-06-25,sh.601318,61.2800,61.3500,59.6000,59.7900,61.0700,60749672,3673033330.0000,1,0,2.328179
2018-06-26,sh.601318,59.1000,59.6100,57.8000,59.2400,59.7900,71792764,4222114929.0000,1,0,2.328179
2018-06-27,sh.601318,59.1000,59.4500,57.4400,57.5000,59.2400,69708410,4051818403.0000,1,0,2.328179
2018-06-28,sh.601318,57.1100,57.9500,56.5300,56.8300,57.5000,73599124,4196752214.0000,1,0,2.328179
2018-06-29,sh.601318,57.1200,58.6300,57.1000,58.5800,56.8300,64511204,3729377800.0000,1,0,2.328179
2018-07-02,sh.601318,58.2800,58.2800,54.6500,55.2200,58.5800,90018916,5082587156.0000,1,0,2.328179
2018-07-03,sh.601318,55.6000,56.5600,54.3300,56.3400,55.2200,94916701,5276896813.0000,1,0,2.328179
2018-07-04,sh.601318,56.2300,56.8800,55.3700,55.5200,56.3400,51949368,2909529851.0000,1,0,2.328179
2018-07-05,sh.601318,55.7000,56.2700,55.1800,55.5300,55.5200,54843432,3054478672.0000,1,0,2.328179
2018-07-06,sh.601318,55.9800,57.6500,55.5400,56.9400,55.5300,82431119,4674671786.0000,1,0,2.328179
2018-07-09,sh.601318,57.6000,58.9100,57.2000,58.8800,56.9400,69604304,4054246964.0000,1,0,2.328179
2018-07-10,sh.601318,59.0000,59.0500,57.5500,58.1800,58.8800,55562743,3233279752.0000,1,0,2.328179
2018-07-11,sh.601318,56.7500,57.5100,56.5600,57.0900,58.1800,47378185,2701645194.0000,1,0,2.328179
2018-07-12,sh.601318,57.2400,58.8900,57.2400,58.3800,57.0900,64770763,3777942008.0000,1,0,2.328179
2018-07-13,sh.601318,58.7700,58.9200,58.2800,58.5400,58.3800,39378546,2307228865.0000,1,0,2.328179
2018-07-16,sh.601318,58.3000,58.7800,57.3800,57.7200,58.5400,43194208,2494024299.0000,1,0,2.328179
2018-07-17,sh.601318,57.9000,58.2600,57.4200,58.0200,57.7200,37994302,2195501138.0000,1,0,2.328179
2018-07-18,sh.601318,58.2800,59.1100,57.7500,57.8100,58.0200,46448505,2717273919.0000,1,0,2.328179
2018-07-19,sh.601318,58.3600,59.3000,58.3500,58.7100,57.8100,70369903,4143173505.0000,1,0,2.328179
2018-07-20,sh.601318,58.6000,61.6100,58.2300,60.8400,58.7100,106935078,6433573521.0000,1,0,2.328179
2018-07-23,sh.601318,60.3500,61.6000,60.2500,61.0800,60.8400,80457337,4898411219.0000,1,0,2.328179
2018-07-24,sh.601318,61.0600,63.0000,61.0300,61.7400,61.0800,83684707,5207884860.0000,1,0,2.328179
2018-07-25,sh.601318,62.2300,62.2400,61.4000,62.1600,61.7400,40900624,2529701219.0000,1,0,2.328179
2018-07-26,sh.601318,62.2800,62.4800,60.6800,60.8000,62.1600,48259331,2960086715.0000,1,0,2.328179
2018-07-27,sh.601318,60.9800,61.3300,60.5700,60.8700,60.8000,33417159,2037644574.0000,1,0,2.328179
2018-07-30,sh.601318,60.9000,61.9200,60.7500,61.5600,60.8700,37637018,2303730924.0000,1,0,2.328179
2018-07-31,sh.601318,61.6000,61.8900,60.8200,61.6000,61.5600,26069859,1600697232.0000,1,0,2.328179
2018-08-01,sh.601318,61.8000,62.4100,59.6200,59.7000,61.6000,56343432,3440050571.0000,1,0,2.328179
2018-08-02,sh.601318,59.4100,59.4900,57.8000,58.2600,59.7000,64680428,3782255927.0000,1,0,2.328179
2018-08-03,sh.601318,58.4300,58.7600,57.7800,57.8200,58.2600,36208330,2109021439.0000,1,0,2.328179
2018-08-06,sh.601318,57.8100,58.8600,57.3600,57.8300,57.8200,41978566,2438442832.0000,1,0,2.328179
2018-08-07,sh.601318,58.1100,59.6000,57.9600,59.5600,57.8300,56186121,3306492624.0000,1,0,2.328179
2018-08-08,sh.601318,59.5500,59.7000,58.1900,58.3800,59.5600,41210911,2426952929.0000,1,0,2.328179
2018-08-09,sh.601318,58.3800,60.9900,58.1800,60.6200,58.3800,63543307,3820214646.0000,1,0,2.328179
2018-08-10,sh.601318,60.5600,60.9600,59.8300,60.4400,60.6200,34904151,2108590693.0000,1,0,2.328179
2018-08-13,sh.601318,59.8000,59.8500,58.6600,59.5500,60.4400,45464948,2692879775.0000,1,0,2.328179
2018-08-14,sh.601318,59.5600,59.7200,58.5800,59.0500,59.5500,30874067,1824184784.0000,1,0,2.328179
2018-08-15,sh.601318,59.0300,59.0500,56.6700,57.0300,59.0500,61374792,3531927672.0000,1,0,2.328179
2018-08-16,sh.601318,56.3800,57.9500,55.8800,56.9800,57.0300,47507498,2710351662.0000,1,0,2.328179
2018-08-17,sh.601318,57.7000,57.8200,56.4600,56.5800,56.9800,35136005,2009697401.0000,1,0,2.328179
2018-08-20,sh.601318,56.9400,57.8200,56.7600,57.8100,56.5800,46214266,2653996237.0000,1,0,2.328179
2018-08-21,sh.601318,57.8600,59.6500,57.8600,59.4200,57.8100,63665064,3768112543.0000,1,0,2.328179
2018-08-22,sh.601318,61.2800,61.5000,60.3700,60.9300,59.4200,104185714,6355540682.0000,1,0,2.328179
2018-08-23,sh.601318,61.0100,62.3800,61.0100,62.1300,60.9300,75611130,4682981908.0000,1,0,2.328179
2018-08-24,sh.601318,61.7000,63.3300,61.5000,62.4700,62.1300,57263151,3574475333.0000,1,0,2.328179
2018-08-27,sh.601318,63.0800,63.6800,62.7200,63.4700,62.4700,58579343,3706028568.0000,1,0,2.328179
2018-08-28,sh.601318,63.8000,63.8400,62.6000,62.9000,63.4700,42494421,2683512093.0000,1,0,2.328179
2018-08-29,sh.601318,62.6800,63.3000,62.6500,63.0100,62.9000,27892679,1757300920.0000,1,0,2.328179
2018-08-30,sh.601318,63.5000,64.0500,63.0200,63.1600,63.0100,45849633,2916938041.0000,1,0,2.328179
2018-08-31,sh.601318,62.4000,63.4300,62.2000,62.9800,63.1600,52111400,3273908661.0000,1,0,2.328179
2018-09-03,sh.601318,62.6000,63.0000,62.1100,62.7300,62.9800,32379059,2027395425.0000,1,0,2.328179
2018-09-04,sh.601318,62.8500,64.9300,62.5400,64.8000,62.7300,65837878,4208358192.0000,1,0,2.328179
2018-09-05,sh.601318,64.4100,64.6400,62.8000,62.8000,64.8000,50743718,3235414305.0000,1,0,2.328179
2018-09-06,sh.601318,62.1000,62.5200,61.0100,61.3200,62.1800,45742629,2827435706.0000,1,0,2.351393
2018-09-07,sh.601318,61.8800,63.5000,61.6000,62.7800,61.3200,49471165,3105514558.0000,1,0,2.351393
2018-09-10,sh.601318,62.6000,62.8700,61.6000,62.0300,62.7800,32339001,2008532822.0000,1,0,2.351393
2018-09-11,sh.601318,62.0000,62.5800,61.2500,61.6800,62.0300,34707057,2147831325.0000,1,0,2.351393
2018-09-12,sh.601318,61.3100,61.4600,60.2800,60.6000,61.6800,43546028,2644081431.0000,1,0,2.351393
2018-09-13,sh.601318,61.7800,62.4000,61.0100,62.4000,60.6000,53884697,3328513240.0000,1,0,2.351393
2018-09-14,sh.601318,62.5700,63.7600,62.4200,63.3000,62.4000,55837041,3529776705.0000,1,0,2.351393
2018-09-17,sh.601318,62.3000,63.1800,62.2500,62.5100,63.3000,26959587,1686602295.0000,1,0,2.351393
2018-09-18,sh.601318,62.1500,64.3000,62.1000,64.1200,62.5100,63556933,4033820471.0000,1,0,2.351393
2018-09-19,sh.601318,64.0900,65.8000,63.8100,65.1500,64.1200,83470507,5411874454.0000,1,0,2.351393
2018-09-20,sh.601318,65.2000,65.5600,64.6100,64.8000,65.1500,41892378,2721332741.0000,1,0,2.351393
2018-09-21,sh.601318,65.2800,67.5000,64.9700,67.4900,64.8000,81043109,5386807332.0000,1,0,2.351393
2018-09-25,sh.601318,66.9000,67.7300,66.4800,67.1900,67.4900,57810389,3878568209.0000,1,0,2.351393
2018-09-26,sh.601318,67.2300,69.0000,66.8300,67.9600,67.1900,90852551,6186718195.0000,1,0,2.351393
2018-09-27,sh.601318,67.7300,67.7500,66.8600,67.2000,67.9600,62357433,4190581061.0000,1,0,2.351393
2018-09-28,sh.601318,67.5000,69.1000,67.4400,68.5000,67.2000,73952387,5052835863.0000,1,0,2.351393
2018-10-08,sh.601318,66.8000,66.8400,64.7100,64.7800,68.5000,112844471,7402497487.0000,1,0,2.351393
2018-10-09,sh.601318,64.6300,65.3800,64.3300,65.0000,64.7800,48631908,3155728031.0000,1,0,2.351393
2018-10-10,sh.601318,65.0900,65.5800,64.2000,64.6500,65.0000,58279902,3780647727.0000,1,0,2.351393
2018-10-11,sh.601318,62.1000,63.2000,61.3800,61.8500,64.6500,114532745,7141404125.0000,1,0,2.351393
2018-10-12,sh.601318,62.5000,64.2500,62.3000,63.8700,61.8500,77461671,4901391148.0000,1,0,2.351393
2018-10-15,sh.601318,63.9000,64.4400,63.0900,63.2000,63.8700,53974326,3437483874.0000,1,0,2.351393
2018-10-16,sh.601318,63.3500,65.1800,63.3300,64.0000,63.2000,58403499,3761333740.0000,1,0,2.351393
2018-10-17,sh.601318,65.1700,65.3200,62.4100,64.1600,64.0000,76140192,4861851849.0000,1,0,2.351393
2018-10-18,sh.601318,63.4900,63.5200,62.2500,62.4500,64.1600,60301984,3788520129.0000,1,0,2.351393
2018-10-19,sh.601318,61.9900,66.1000,61.8800,65.6200,62.4500,113881516,7314843218.0000,1,0,2.351393
2018-10-22,sh.601318,66.0100,69.4200,65.6200,67.9300,65.6200,161688174,10961620260.0000,1,0,2.351393
2018-10-23,sh.601318,68.0000,68.3200,64.8800,65.5100,67.9300,117213446,7814653832.0000,1,0,2.351393
2018-10-24,sh.601318,65.7800,67.8500,65.5600,66.2500,65.5100,81063205,5398315014.0000,1,0,2.351393
2018-10-25,sh.601318,64.2000,66.6600,64.2000,66.6600,66.2500,73620253,4816111122.0000,1,0,2.351393
2018-10-26,sh.601318,66.3000,66.7700,64.3800,65.5400,66.6600,79741104,5212551961.0000,1,0,2.351393
2018-10-29,sh.601318,65.8700,65.9900,61.9000,62.0000,65.5400,121641942,7666491234.0000,1,0,2.351393
2018-10-30,sh.601318,60.0000,64.6300,59.5000,62.8000,62.0000,126920829,7969650420.0000,1,0,2.351393
2018-10-31,sh.601318,63.0100,63.9500,62.1600,63.6300,62.8000,78283525,4948893033.0000,1,0,2.351393
2018-11-01,sh.601318,64.2200,65.5000,64.0800,64.3000,63.6300,68987109,4463737106.0000,1,0,2.351393
2018-11-02,sh.601318,66.9200,67.3500,65.5500,67.3500,64.3000,117394937,7821171766.0000,1,0,2.351393
2018-11-05,sh.601318,66.5000,67.0500,65.7000,66.5800,67.3500,54713186,3634382539.0000,1,0,2.351393
2018-11-06,sh.601318,66.2000,66.8000,65.8000,66.8000,66.5800,38508185,2553280683.0000,1,0,2.351393
2018-11-07,sh.601318,66.8900,67.3400,65.9000,66.1200,66.8000,51065843,3393066441.0000,1,0,2.351393
2018-11-08,sh.601318,66.9300,67.1700,66.0000,66.3000,66.1200,50494617,3364558944.0000,1,0,2.351393
2018-11-09,sh.601318,65.7500,65.9800,64.3800,64.6200,66.3000,54468970,3544347557.0000,1,0,2.351393
2018-11-12,sh.601318,64.4000,65.1400,63.7500,64.6600,64.6200,45851164,2956910272.0000,1,0,2.351393
2018-11-13,sh.601318,63.7800,65.5700,63.5000,65.0100,64.6600,52099795,3362080743.0000,1,0,2.351393
2018-11-14,sh.601318,65.0500,65.0900,63.6000,63.9500,65.0100,57381407,3680152361.0000,1,0,2.351393
2018-11-15,sh.601318,64.0000,65.1400,63.7700,65.1000,63.9500,50057986,3231462676.0000,1,0,2.351393
2018-11-16,sh.601318,65.0000,66.3900,64.6900,65.2500,65.1000,61987908,4063786057.0000,1,0,2.351393
2018-11-19,sh.601318,65.2500,66.2000,64.8000,65.7200,65.2500,50762891,3324370817.0000,1,0,2.351393
2018-11-20,sh.601318,65.0000,65.4400,63.9100,64.1000,65.7200,59176258,3810974173.0000,1,0,2.351393
2018-11-21,sh.601318,63.5300,64.1400,63.5300,64.0100,64.1000,38524931,2459066015.0000,1,0,2.351393
2018-11-22,sh.601318,64.1800,64.2000,62.8200,63.1400,64.0100,44368353,2803339519.0000,1,0,2.351393
2018-11-23,sh.601318,63.1500,63.5900,62.5200,62.6400,63.1400,37233517,2339115029.0000,1,0,2.351393
2018-11-26,sh.601318,63.0000,63.8700,62.8000,63.2000,62.6400,36998907,2340406531.0000,1,0,2.351393
2018-11-27,sh.601318,63.3100,63.8800,62.9100,63.1100,63.2000,37559684,2377828917.0000,1,0,2.351393
2018-11-28,sh.601318,63.1200,63.9600,63.0100,63.7700,63.1100,41169032,2616356268.0000,1,0,2.351393
2018-11-29,sh.601318,64.3000,64.3800,63.0000,63.0500,63.7700,38665389,2460470881.0000,1,0,2.351393
2018-11-30,sh.601318,63.0600,63.6500,62.9000,63.4900,63.0500,34917109,2212885743.0000,1,0,2.351393
2018-12-03,sh.601318,65.2000,66.0500,64.7700,64.9900,63.4900,112194302,7325910545.0000,1,0,2.351393
2018-12-04,sh.601318,64.9500,65.0800,64.1600,64.8900,64.9900,56247314,3640115194.0000,1,0,2.351393
2018-12-05,sh.601318,64.0500,64.6000,63.9800,64.2500,64.8900,45020712,2892938998.0000,1,0,2.351393
2018-12-06,sh.601318,63.6600,63.8800,62.8900,63.0000,64.2500,58586513,3710782048.0000,1,0,2.351393
2018-12-07,sh.601318,63.3200,63.5300,62.9800,63.0000,63.0000,27029717,1709048611.0000,1,0,2.351393
2018-12-10,sh.601318,62.5000,62.6800,61.8200,62.1800,63.0000,49465059,3075386868.0000,1,0,2.351393
2018-12-11,sh.601318,62.1800,62.5700,61.8200,62.1700,62.1800,41994888,2605529172.0000,1,0,2.351393
2018-12-12,sh.601318,62.8000,62.8300,62.0400,62.4600,62.1700,38739232,2415069230.0000,1,0,2.351393
2018-12-13,sh.601318,62.7000,63.5000,62.4000,63.2000,62.4600,78275417,4938706633.0000,1,0,2.351393
2018-12-14,sh.601318,62.9000,62.9400,61.7300,61.9400,63.2000,75075554,4664205074.0000,1,0,2.351393
2018-12-17,sh.601318,61.8700,62.2600,61.0300,61.2700,61.9400,71213138,4372511195.0000,1,0,2.351393
2018-12-18,sh.601318,60.9000,61.6800,60.4700,60.8500,61.2700,53230206,3244689448.0000,1,0,2.351393
2018-12-19,sh.601318,61.0000,61.2600,59.8800,60.1200,60.8500,51553816,3118190766.0000,1,0,2.351393
2018-12-20,sh.601318,59.9500,60.1800,58.5800,59.0000,60.1200,80695579,4779472466.0000,1,0,2.351393
2018-12-21,sh.601318,58.7500,58.8500,57.4500,58.3400,59.0000,73912789,4287044788.0000,1,0,2.351393
2018-12-24,sh.601318,58.0000,58.3000,57.7500,58.2500,58.3400,35874842,2084472986.0000,1,0,2.351393
2018-12-25,sh.601318,57.5400,58.7800,56.8800,58.2100,58.2500,66463319,3837466568.0000,1,0,2.351393
2018-12-26,sh.601318,58.1700,58.2500,57.2000,57.3000,58.2100,39782133,2293584057.0000,1,0,2.351393
2018-12-27,sh.601318,58.2800,58.3800,56.9000,56.9000,57.3000,75189050,4329636520.0000,1,0,2.351393
2018-12-28,sh.601318,57.0000,57.2300,56.1000,56.1000,56.9000,91498805,5177718206.0000,1,0,2.351393
2019-01-02,sh.601318,56.0400,56.1800,54.9400,55.1800,56.1000,82554243,4573024812.0000,1,0,2.351393
2019-01-03,sh.601318,55.1500,56.3300,55.0600,55.6800,55.1800,69271124,3864646451.0000,1,0,2.351393
2019-01-04,sh.601318,55.2800,57.0000,55.2300,56.5900,55.6800,112985585,6376773583.0000,1,0,2.351393
2019-01-07,sh.601318,57.0900,57.1700,55.9000,56.3000,56.5900,76593007,4326151604.0000,1,0,2.351393
2019-01-08,sh.601318,56.0500,56.0900,55.2000,55.8000,56.3000,55992092,3116381576.0000,1,0,2.351393
2019-01-09,sh.601318,56.2000,57.6000,55.9600,56.9500,55.8000,81914613,4673997766.0000,1,0,2.351393
2019-01-10,sh.601318,56.8700,57.8200,56.5500,57.5000,56.9500,67328223,3858446844.0000,1,0,2.351393
2019-01-11,sh.601318,58.0000,58.2900,57.5000,58.0700,57.5000,45756973,2650921529.0000,1,0,2.351393
2019-01-14,sh.601318,57.7400,57.9500,56.9000,57.1200,58.0700,47532651,2723611890.0000,1,0,2.351393
2019-01-15,sh.601318,57.2600,58.6900,57.0600,58.5900,57.1200,58626487,3413728308.0000,1,0,2.351393
2019-01-16,sh.601318,58.4200,58.9600,58.0100,58.7400,58.5900,40411183,2368178488.0000,1,0,2.351393
2019-01-17,sh.601318,59.0500,59.8000,58.5600,58.7300,58.7400,53505039,3168128862.0000,1,0,2.351393
2019-01-18,sh.601318,59.2300,60.0200,58.6900,59.9200,58.7300,56175665,3350801454.0000,1,0,2.351393
2019-01-21,sh.601318,59.9300,61.1100,59.8500,60.7900,59.9200,55984277,3395168935.0000,1,0,2.351393
2019-01-22,sh.601318,60.6000,60.6400,59.7400,60.0700,60.7900,41950761,2524729521.0000,1,0,2.351393
2019-01-23,sh.601318,59.8200,60.4000,59.4500,59.4900,60.0700,37493263,2243882420.0000,1,0,2.351393
2019-01-24,sh.601318,59.6100,60.5200,59.2200,60.4300,59.4900,44940618,2694967118.0000,1,0,2.351393
2019-01-25,sh.601318,60.5000,61.7800,60.4300,61.2900,60.4300,67245911,4129885331.0000,1,0,2.351393
2019-01-28,sh.601318,61.8000,62.4100,61.2000,61.5200,61.2900,58164884,3603129774.0000,1,0,2.351393
2019-01-29,sh.601318,61.3800,61.9000,60.9800,61.6500,61.5200,39519294,2428493652.0000,1,0,2.351393
2019-01-30,sh.601318,60.8800,61.8600,60.7800,61.2500,61.6500,31000323,1904411131.0000,1,0,2.351393
2019-01-31,sh.601318,61.8000,63.1900,61.5500,62.9800,61.2500,69226532,4336690723.0000,1,0,2.351393
2019-02-01,sh.601318,63.5000,63.7800,62.8500,63.2100,62.9800,43792470,2771783993.0000,1,0,2.351393
2019-02-11,sh.601318,62.8800,64.5100,62.8800,64.3900,63.2100,54181551,3456061479.0000,1,0,2.351393
2019-02-12,sh.601318,64.4000,64.4200,63.6900,64.2700,64.3900,38519306,2468628211.0000,1,0,2.351393
2019-02-13,sh.601318,64.6600,65.4000,64.0300,65.0200,64.2700,57865813,3743367744.0000,1,0,2.351393
2019-02-14,sh.601318,64.8800,65.4000,64.7800,65.1000,65.0200,39620277,2577578444.0000,1,0,2.351393
2019-02-15,sh.601318,64.8000,65.0100,63.2200,63.2500,65.1000,53401148,3418044695.0000,1,0,2.351393
2019-02-18,sh.601318,63.9000,65.4200,63.7800,65.2900,63.2500,72136106,4677674823.0000,1,0,2.351393
2019-02-19,sh.601318,65.5800,67.2700,65.2800,65.6800,65.2900,78595146,5198252133.0000,1,0,2.351393
2019-02-20,sh.601318,66.3000,66.3800,65.1900,65.8800,65.6800,39350882,2592496357.0000,1,0,2.351393
2019-02-21,sh.601318,65.8000,66.6800,65.0900,65.3900,65.8800,54369401,3588406874.0000,1,0,2.351393
2019-02-22,sh.601318,65.3600,67.0700,64.8000,67.0200,65.3900,76221888,5022163621.0000,1,0,2.351393
2019-02-25,sh.601318,68.2200,73.0000,68.1400,73.0000,67.0200,222238240,15601216189.0000,1,0,2.351393
2019-02-26,sh.601318,71.7100,72.6000,69.9200,70.0100,73.0000,155563881,11039492176.0000,1,0,2.351393
2019-02-27,sh.601318,70.3000,71.4300,68.9900,69.9800,70.0100,101766358,7169557279.0000,1,0,2.351393
2019-02-28,sh.601318,69.9800,70.9500,69.4100,70.0100,69.9800,59888970,4212441293.0000,1,0,2.351393
2019-03-01,sh.601318,70.6900,72.6000,70.2500,72.3900,70.0100,92075183,6586194402.0000,1,0,2.351393
2019-03-04,sh.601318,73.0000,75.1000,72.2100,72.5800,72.3900,126327504,9279004181.0000,1,0,2.351393
2019-03-05,sh.601318,72.4800,72.7400,71.5700,72.0700,72.5800,65968035,4759711070.0000,1,0,2.351393
2019-03-06,sh.601318,72.3900,72.4800,71.1100,72.1600,72.0700,78465361,5640683407.0000,1,0,2.351393
2019-03-07,sh.601318,72.1500,72.1500,70.0000,70.2900,72.1600,101347308,7171432249.0000,1,0,2.351393
2019-03-08,sh.601318,68.6600,70.2000,68.2500,68.7000,70.2900,91325604,6295287173.0000,1,0,2.351393
2019-03-11,sh.601318,68.8000,69.6900,68.2200,68.7900,68.7000,75185765,5173828938.0000,1,0,2.351393
2019-03-12,sh.601318,69.6000,70.9200,68.9600,69.2500,68.7900,96921901,6776280865.0000,1,0,2.351393
2019-03-13,sh.601318,71.3800,72.1000,70.2700,71.5400,69.2500,140546408,10026174511.0000,1,0,2.351393
2019-03-14,sh.601318,71.7700,73.2000,71.7000,72.8000,71.5400,105597033,7670039178.0000,1,0,2.351393
2019-03-15,sh.601318,73.1000,75.5000,73.0800,73.8500,72.8000,125524638,9342867722.0000,1,0,2.351393
2019-03-18,sh.601318,74.4300,75.3400,73.4500,75.0000,73.8500,115639210,8622875430.0000,1,0,2.351393
2019-03-19,sh.601318,75.7300,76.8500,74.9600,75.3500,75.0000,101209656,7669753047.0000,1,0,2.351393
2019-03-20,sh.601318,75.0600,77.4800,74.7500,76.5500,75.3500,107843910,8223832015.0000,1,0,2.351393
2019-03-21,sh.601318,77.0000,77.2500,75.6000,75.8000,76.5500,84625878,6432258633.0000,1,0,2.351393
2019-03-22,sh.601318,75.7600,76.2600,74.0600,74.7200,75.8000,77200428,5793145970.0000,1,0,2.351393
2019-03-25,sh.601318,73.4100,73.9900,72.1800,72.2900,74.7200,99105240,7240888365.0000,1,0,2.351393
2019-03-26,sh.601318,72.9900,73.2300,72.1500,72.6900,72.2900,63447472,4610495784.0000,1,0,2.351393
2019-03-27,sh.601318,73.2000,74.6300,72.7000,74.2200,72.6900,75981776,5612313473.0000,1,0,2.351393
2019-03-28,sh.601318,73.4000,73.9400,72.8800,73.4000,74.2200,48420875,3553347624.0000,1,0,2.351393
2019-03-29,sh.601318,74.1000,77.1000,74.1000,77.1000,73.4000,142935526,10870048907.0000,1,0,2.351393
2019-04-01,sh.601318,78.0000,79.2300,77.5000,78.6000,77.1000,116811347,9182647666.0000,1,0,2.351393
2019-04-02,sh.601318,78.5400,79.0000,78.0500,78.9600,78.6000,77117540,6059549184.0000,1,0,2.351393
2019-04-03,sh.601318,78.4800,80.1500,78.3700,79.8600,78.9600,76021980,6045909504.0000,1,0,2.351393
2019-04-04,sh.601318,80.0800,80.9600,79.2500,80.2000,79.8600,79562603,6378852748.0000,1,0,2.351393
2019-04-08,sh.601318,80.7000,82.2500,80.0200,80.5900,80.2000,91612230,7448621190.0000,1,0,2.351393
2019-04-09,sh.601318,80.4000,82.0000,80.3700,81.1000,80.5900,60173789,4887104136.0000,1,0,2.351393
2019-04-10,sh.601318,80.8000,82.1100,79.6600,82.0300,81.1000,78362038,6347140293.0000,1,0,2.351393
2019-04-11,sh.601318,82.6500,83.6200,80.1600,80.7100,82.0300,75662885,6180144016.0000,1,0,2.351393
2019-04-12,sh.601318,80.3500,81.1600,79.9000,80.4400,80.7100,52677940,4235942763.0000,1,0,2.351393
2019-04-15,sh.601318,82.2300,83.8800,81.6000,81.6600,80.4400,98995302,8203396924.0000,1,0,2.351393
2019-04-16,sh.601318,81.2200,85.1300,80.9000,85.0100,81.6600,103622277,8642148123.0000,1,0,2.351393
2019-04-17,sh.601318,84.9200,85.3500,83.8000,84.4800,85.0100,63191560,5350101242.0000,1,0,2.351393
2019-04-18,sh.601318,84.6900,85.0200,83.8800,84.3000,84.4800,39728704,3354513849.0000,1,0,2.351393
2019-04-19,sh.601318,85.2700,87.0000,84.2000,87.0000,84.3000,78913196,6768190588.0000,1,0,2.351393
2019-04-22,sh.601318,87.2200,88.0900,84.5000,84.9600,87.0000,93211520,8032960471.0000,1,0,2.351393
2019-04-23,sh.601318,84.7500,87.3800,84.5000,86.0600,84.9600,67811637,5833032636.0000,1,0,2.351393
2019-04-24,sh.601318,86.0800,86.8800,83.5500,85.0300,86.0600,81285189,6916666438.0000,1,0,2.351393
2019-04-25,sh.601318,84.3500,84.9900,83.1500,83.4000,85.0300,65576928,5505578220.0000,1,0,2.351393
2019-04-26,sh.601318,83.0000,84.4300,82.8000,83.1100,83.4000,64895907,5424636666.0000,1,0,2.351393
2019-04-29,sh.601318,83.8800,87.1300,83.3000,86.4300,83.1100,94657603,8097224931.0000,1,0,2.351393
2019-04-30,sh.601318,86.5000,87.4800,84.5300,86.1000,86.4300,91790202,7894165649.0000,1,0,2.351393
2019-05-06,sh.601318,82.8000,83.6000,79.6600,81.2000,86.1000,180860945,14725465894.0000,1,0,2.351393
2019-05-07,sh.601318,81.7800,82.2800,79.8900,81.1700,81.2000,97495129,7910860379.0000,1,0,2.351393
2019-05-08,sh.601318,78.7300,80.5500,78.3800,78.7800,81.1700,86837572,6904377645.0000,1,0,2.351393
2019-05-09,sh.601318,78.2600,78.2600,76.1100,76.6600,78.7800,112572186,8689046105.0000,1,0,2.351393
2019-05-10,sh.601318,77.9500,81.8700,77.3000,81.3800,76.6600,139209828,11083158281.0000,1,0,2.351393
2019-05-13,sh.601318,79.2500,80.1800,78.5000,78.6500,81.3800,84235081,6668703693.0000,1,0,2.351393
2019-05-14,sh.601318,77.9600,79.4000,77.8500,78.3000,78.6500,78278137,6165448232.0000,1,0,2.351393
2019-05-15,sh.601318,78.9500,81.3700,78.9000,80.5400,78.3000,80330024,6430783480.0000,1,0,2.351393
2019-05-16,sh.601318,80.8200,81.5300,80.0000,80.9700,80.5400,63083136,5101228351.0000,1,0,2.351393
2019-05-17,sh.601318,81.0600,81.2000,78.9800,79.1000,80.9700,68580202,5464921484.0000,1,0,2.351393
2019-05-20,sh.601318,78.5000,79.2800,77.1900,77.8700,79.1000,74500390,5810214619.0000,1,0,2.351393
2019-05-21,sh.601318,78.0500,79.2500,77.6800,78.2000,77.8700,63019796,4945455898.0000,1,0,2.351393
2019-05-22,sh.601318,78.2200,78.5000,77.2000,77.6400,78.2000,51673193,4013374792.0000,1,0,2.351393
2019-05-23,sh.601318,76.5000,76.8300,75.0500,75.4400,76.5400,64567076,4884305938.0000,1,0,2.385187
2019-05-24,sh.601318,75.9000,77.2700,75.8000,76.5000,75.4400,51235315,3923969868.0000,1,0,2.385187
2019-05-27,sh.601318,76.2500,77.6600,75.3500,77.1800,76.5000,58973173,4515690456.0000,1,0,2.385187
2019-05-28,sh.601318,77.4400,78.7700,77.2100,78.1900,77.1800,89383992,6978721843.0000,1,0,2.385187
2019-05-29,sh.601318,77.5000,80.9800,77.1800,79.7800,78.1900,96827316,7677708159.0000,1,0,2.385187
2019-05-30,sh.601318,79.4000,79.7500,78.5900,79.0900,79.7800,48847670,3863896327.0000,1,0,2.385187
2019-05-31,sh.601318,79.1500,80.5700,79.0000,79.0000,79.0900,49666990,3960219553.0000,1,0,2.385187
2019-06-03,sh.601318,79.7700,80.2000,78.6900,79.2500,79.0000,52130833,4135810656.0000,1,0,2.385187
2019-06-04,sh.601318,79.1800,79.4800,77.8600,77.9700,79.2500,51212147,4016614538.0000,1,0,2.385187
2019-06-05,sh.601318,78.7500,78.9000,77.4600,77.5000,77.9700,48717131,3810584967.0000,1,0,2.385187
2019-06-06,sh.601318,77.7500,77.9000,76.8800,77.1100,77.5000,42252296,3268509624.0000,1,0,2.385187
2019-06-10,sh.601318,77.7900,79.3800,77.4900,79.1000,77.1100,64574804,5078787335.0000,1,0,2.385187
2019-06-11,sh.601318,79.2600,81.9100,79.1300,81.7000,79.1000,94131765,7598394618.0000,1,0,2.385187
2019-06-12,sh.601318,81.1000,81.4200,80.3300,80.5200,81.7000,47795293,3861456619.0000,1,0,2.385187
2019-06-13,sh.601318,80.8000,81.0000,79.8000,80.4900,80.5200,46145583,3708068738.0000,1,0,2.385187
2019-06-14,sh.601318,80.5100,81.0500,79.6700,79.7500,80.4900,40873298,3280402761.0000,1,0,2.385187
2019-06-17,sh.601318,79.8000,80.6700,79.5000,79.9200,79.7500,36388172,2914253957.0000,1,0,2.385187
2019-06-18,sh.601318,80.1200,81.1800,79.8500,80.9700,79.9200,46407362,3741319743.0000,1,0,2.385187
2019-06-19,sh.601318,84.0100,84.5700,83.5000,83.5400,80.9700,111871582,9389806918.0000,1,0,2.385187
2019-06-20,sh.601318,83.9200,88.5000,83.9200,88.5000,83.5400,153321332,13312984390.0000,1,0,2.385187
2019-06-21,sh.601318,87.9500,88.5600,87.2300,87.9700,88.5000,85806014,7534703117.0000,1,0,2.385187
2019-06-24,sh.601318,87.9000,88.5400,87.2200,88.2100,87.9700,59405200,5226583057.0000,1,0,2.385187
2019-06-25,sh.601318,88.1000,88.1800,85.3200,86.6300,88.2100,105193653,9119809214.0000,1,0,2.385187
2019-06-26,sh.601318,86.7500,87.3000,86.4000,86.4000,86.6300,45763035,3973049206.0000,1,0,2.385187
2019-06-27,sh.601318,87.0000,88.4700,86.9900,88.0500,86.4000,81454553,7159650023.0000,1,0,2.385187
2019-06-28,sh.601318,87.9600,89.3200,87.6300,88.6100,88.0500,59553439,5265100136.0000,1,0,2.385187
2019-07-01,sh.601318,90.6000,92.4700,90.6000,91.8400,88.6100,92609753,8488849611.0000,1,0,2.385187
2019-07-02,sh.601318,91.6900,91.6900,90.8800,91.0600,91.8400,60649656,5535115699.0000,1,0,2.385187
2019-07-03,sh.601318,91.1600,91.6000,89.8000,90.6600,91.0600,65098801,5908542213.0000,1,0,2.385187
2019-07-04,sh.601318,90.7000,91.1400,89.3500,89.9000,90.6600,59366727,5341056830.0000,1,0,2.385187
2019-07-05,sh.601318,90.0000,91.1400,89.8300,90.8500,89.9000,51052242,4623825137.0000,1,0,2.385187
2019-07-08,sh.601318,89.9900,89.9900,87.7800,88.5900,90.8500,78776550,6981871334.0000,1,0,2.385187
2019-07-09,sh.601318,88.6800,88.8500,86.9900,87.5300,88.5900,55703430,4890272738.0000,1,0,2.385187
2019-07-10,sh.601318,88.1900,88.2100,87.5200,87.8800,87.5300,35616458,3128598068.0000,1,0,2.385187
2019-07-11,sh.601318,88.4900,89.3000,87.6900,87.9800,87.8800,51486886,4553497823.0000,1,0,2.385187
2019-07-12,sh.601318,88.1500,89.4700,88.1500,88.7500,87.9800,57671774,5130242055.0000,1,0,2.385187
2019-07-15,sh.601318,88.1000,88.7700,86.6200,88.0800,88.7500,59452589,5209370935.0000,1,0,2.385187
2019-07-16,sh.601318,87.9700,88.1800,86.9000,86.9500,88.0800,43086922,3758156348.0000,1,0,2.385187
2019-07-17,sh.601318,86.9500,87.5800,86.4000,86.9900,86.9500,43834956,3808604487.0000,1,0,2.385187
2019-07-18,sh.601318,86.6000,87.3900,86.3300,86.7300,86.9900,37781666,3283524659.0000,1,0,2.385187
2019-07-19,sh.601318,87.3100,88.7000,87.3100,88.3500,86.7300,60359099,5322866936.0000,1,0,2.385187
2019-07-22,sh.601318,88.3200,88.9800,87.6800,87.6800,88.3500,42622726,3763713785.0000,1,0,2.385187
2019-07-23,sh.601318,87.9100,88.2000,87.1000,87.5000,87.6800,38182988,3342183667.0000,1,0,2.385187
2019-07-24,sh.601318,87.9700,89.4600,87.8000,88.8500,87.5000,59457876,5285935227.0000,1,0,2.385187
2019-07-25,sh.601318,89.1000,89.5500,88.5400,89.4100,88.8500,45606184,4065314394.0000,1,0,2.385187
2019-07-26,sh.601318,88.8200,90.1700,88.8200,90.1000,89.4100,46153438,4145210524.0000,1,0,2.385187
2019-07-29,sh.601318,89.8400,90.0800,89.0500,89.4500,90.1000,36824643,3294553172.0000,1,0,2.385187
2019-07-30,sh.601318,90.3500,90.9000,89.6800,89.9800,89.4500,46479947,4198043686.0000,1,0,2.385187
2019-07-31,sh.601318,89.4100,89.5000,87.8800,88.0900,89.9800,59275484,5249081796.0000,1,0,2.385187
2019-08-01,sh.601318,87.5000,88.3400,87.0100,87.5100,88.0900,42759682,3743916591.0000,1,0,2.385187
2019-08-02,sh.601318,86.1000,86.4900,85.5000,86.0300,87.5100,72897093,6268998438.0000,1,0,2.385187
2019-08-05,sh.601318,85.0600,85.8600,84.5800,84.6100,86.0300,68484703,5821899847.0000,1,0,2.385187
2019-08-06,sh.601318,83.1000,84.8800,82.1500,84.5100,84.6100,101034081,8429945011.0000,1,0,2.385187
2019-08-07,sh.601318,84.8100,84.9500,83.3500,83.4700,84.5100,53235572,4470107316.0000,1,0,2.385187
2019-08-08,sh.601318,83.9900,84.5500,83.4000,84.5100,83.4700,56726429,4770686076.0000,1,0,2.385187
2019-08-09,sh.601318,85.1000,85.2800,84.0200,84.3500,84.5100,44936180,3800362685.0000,1,0,2.385187
2019-08-12,sh.601318,84.4600,86.7700,84.4600,86.5000,84.3500,59423858,5084372810.0000,1,0,2.385187
2019-08-13,sh.601318,85.9500,86.2500,84.7700,85.0100,86.5000,51501773,4401472137.0000,1,0,2.385187
2019-08-14,sh.601318,86.3800,86.5700,85.0100,85.0400,85.0100,53336342,4576817836.0000,1,0,2.385187
2019-08-15,sh.601318,83.8000,86.3400,83.5300,86.3100,85.0400,70227378,5987124720.0000,1,0,2.385187
2019-08-16,sh.601318,87.0000,88.3000,86.3500,87.4600,86.3100,93231155,8148943124.0000,1,0,2.385187
2019-08-19,sh.601318,88.3000,88.4600,87.2500,88.4500,87.4600,83735472,7360284611.0000,1,0,2.385187
2019-08-20,sh.601318,88.3000,88.3300,87.6200,87.9400,88.4500,50439359,4435790961.0000,1,0,2.385187
2019-08-21,sh.601318,87.6500,88.1700,87.3500,87.7300,87.9400,33532073,2943814928.0000,1,0,2.385187
2019-08-22,sh.601318,87.8600,88.0800,87.4000,87.9800,87.7300,36503738,3202804688.0000,1,0,2.385187
2019-08-23,sh.601318,87.9500,90.2600,87.8200,89.8900,87.9800,88568977,7930036407.0000,1,0,2.385187
2019-08-26,sh.601318,88.3000,88.6000,87.1500,87.5000,89.8900,99026844,8701773329.0000,1,0,2.385187
2019-08-27,sh.601318,88.0500,88.8000,87.5700,87.6800,87.5000,76782700,6765874677.0000,1,0,2.385187
2019-08-28,sh.601318,87.6100,87.9200,86.8500,86.9000,87.6800,51609230,4497895399.0000,1,0,2.385187
2019-08-29,sh.601318,87.1500,87.4800,86.1700,86.7000,86.9000,46433200,4028377004.0000,1,0,2.385187
2019-08-30,sh.601318,87.7000,88.1500,86.4100,87.3200,86.7000,56465513,4932841956.0000,1,0,2.385187
2019-09-02,sh.601318,87.0000,88.8800,86.8800,88.5000,87.3200,63580615,5619499370.0000,1,0,2.385187
2019-09-03,sh.601318,88.6000,88.9000,87.7900,88.2500,88.5000,51275196,4525884596.0000,1,0,2.385187
2019-09-04,sh.601318,87.8300,88.4000,87.2200,88.3000,87.5000,60595398,5325414023.0000,1,0,2.405631
2019-09-05,sh.601318,88.8000,90.3100,88.3100,89.2300,88.3000,100756554,9016307901.0000,1,0,2.405631
2019-09-06,sh.601318,89.9500,90.7000,89.2800,90.7000,89.2300,68875243,6204699653.0000,1,0,2.405631
2019-09-09,sh.601318,91.3700,91.5300,89.9800,90.4000,90.7000,70240149,6374337298.0000,1,0,2.405631
2019-09-10,sh.601318,90.4900,90.5500,88.9000,89.4400,90.4000,48454825,4336398320.0000,1,0,2.405631
2019-09-11,sh.601318,89.8000,90.0800,88.7500,89.5600,89.4400,45586002,4081637789.0000,1,0,2.405631
2019-09-12,sh.601318,90.0900,92.5000,89.7500,92.3400,89.5600,79304852,7231017511.0000,1,0,2.405631
2019-09-16,sh.601318,92.3000,92.3300,91.1200,91.3500,92.3400,54841299,5026202112.0000,1,0,2.405631
2019-09-17,sh.601318,90.9000,90.9200,89.2200,89.5200,91.3500,64033353,5773323708.0000,1,0,2.405631
2019-09-18,sh.601318,89.8200,90.4800,89.5800,90.0000,89.5200,41977115,3778486404.0000,1,0,2.405631
2019-09-19,sh.601318,90.5000,90.6200,89.0100,89.6000,90.0000,42158001,3773996564.0000,1,0,2.405631
2019-09-20,sh.601318,89.8900,90.2900,89.4500,89.8500,89.6000,45692318,4105057124.0000,1,0,2.405631
2019-09-23,sh.601318,89.4400,89.4400,88.1500,88.9100,89.8500,51366718,4548689259.0000,1,0,2.405631
2019-09-24,sh.601318,89.0000,89.4100,88.4000,88.9500,88.9100,40535098,3607588863.0000,1,0,2.405631
2019-09-25,sh.601318,88.3900,89.1700,88.1500,88.7800,88.9500,38858400,3446057682.0000,1,0,2.405631
2019-09-26,sh.601318,89.2000,89.7700,88.3300,88.3500,88.7800,48637079,4330579276.0000,1,0,2.405631
2019-09-27,sh.601318,88.5300,88.6800,87.8800,88.3000,88.3500,32955411,2904720762.0000,1,0,2.405631
2019-09-30,sh.601318,87.9400,88.1900,87.0100,87.0400,88.3000,46078453,4034487316.0000,1,0,2.405631
2019-10-08,sh.601318,87.1400,88.7200,87.1000,88.0000,87.0400,40531309,3569131700.0000,1,0,2.405631
2019-10-09,sh.601318,87.4400,88.6000,87.3300,88.1800,88.0000,36058049,3172233255.0000,1,0,2.405631
2019-10-10,sh.601318,88.1900,88.6500,87.5100,88.5000,88.1800,34092732,3007521492.0000,1,0,2.405631
2019-10-11,sh.601318,88.8900,90.2700,88.5000,89.9000,88.5000,60047559,5375760781.0000,1,0,2.405631
2019-10-14,sh.601318,90.8000,91.4500,90.1800,90.4500,89.9000,63044309,5727381883.0000,1,0,2.405631
2019-10-15,sh.601318,90.8000,90.8000,89.9400,90.2000,90.4500,35087394,3166954955.0000,1,0,2.405631
2019-10-16,sh.601318,90.7000,91.8200,90.4800,90.5800,90.2000,49907711,4545146043.0000,1,0,2.405631
2019-10-17,sh.601318,91.2000,92.1700,90.6000,91.7200,90.5800,61942504,5676854079.0000,1,0,2.405631
2019-10-18,sh.601318,92.3000,92.4500,89.6800,89.7500,91.7200,59091288,5362644272.0000,1,0,2.405631
2019-10-21,sh.601318,89.4700,90.4500,88.9300,90.0700,89.7500,36089979,3244118888.0000,1,0,2.405631
2019-10-22,sh.601318,90.7900,90.7900,89.5800,90.2900,90.0700,31078867,2799494104.0000,1,0,2.405631
2019-10-23,sh.601318,90.2000,90.6300,89.2100,89.5000,90.2900,31879766,2865170064.0000,1,0,2.405631
2019-10-24,sh.601318,89.8500,90.0400,88.9500,89.8000,89.5000,36053744,3227250654.0000,1,0,2.405631
2019-10-25,sh.601318,88.0000,88.4700,87.1000,88.0000,89.8000,112919539,9913999269.0000,1,0,2.405631
2019-10-28,sh.601318,88.3900,88.8700,87.8700,88.6400,88.0000,65103168,5752480357.0000,1,0,2.405631
2019-10-29,sh.601318,88.6700,89.0400,87.9600,88.2000,88.6400,43155769,3820534875.0000,1,0,2.405631
2019-10-30,sh.601318,88.0000,88.3700,87.6700,87.9500,88.2000,43651663,3841077900.0000,1,0,2.405631
2019-10-31,sh.601318,87.8000,88.7100,87.8000,88.1200,87.9500,37368766,3300159121.0000,1,0,2.405631
2019-11-01,sh.601318,88.1200,90.0600,88.0100,90.0400,88.1200,65094033,5816594688.0000,1,0,2.405631
2019-11-04,sh.601318,90.3500,90.6400,89.9100,90.2900,90.0400,50570567,4563537529.0000,1,0,2.405631
2019-11-05,sh.601318,90.3000,91.2600,89.6600,90.0600,90.2900,65484954,5916481105.0000,1,0,2.405631
2019-11-06,sh.601318,90.0400,90.4000,89.6700,90.0000,90.0600,38630541,3474136442.0000,1,0,2.405631
2019-11-07,sh.601318,90.0000,90.1000,89.2800,89.7700,90.0000,31983102,2868909390.0000,1,0,2.405631
2019-11-08,sh.601318,90.4900,90.5500,89.1700,89.1700,89.7700,43627487,3913709229.0000,1,0,2.405631
2019-11-11,sh.601318,88.5000,88.5900,87.9000,88.2100,89.1700,44256217,3907738378.0000,1,0,2.405631
2019-11-12,sh.601318,88.3900,88.5500,87.8500,88.2200,88.2100,39545362,3484083834.0000,1,0,2.405631
2019-11-13,sh.601318,87.9700,88.3400,87.5300,88.0000,88.2200,38087162,3347570705.0000,1,0,2.405631
2019-11-14,sh.601318,88.4800,88.4900,87.8000,88.0300,88.0000,32350997,2851209745.0000,1,0,2.405631
2019-11-15,sh.601318,87.8100,88.2500,87.7000,87.9000,88.0300,36402686,3201969893.0000,1,0,2.405631
2019-11-18,sh.601318,87.8800,88.9800,87.6800,88.7100,87.9000,34481063,3049046341.0000,1,0,2.405631
2019-11-19,sh.601318,88.3000,89.1000,88.2200,88.8900,88.7100,30202126,2680997207.0000,1,0,2.405631
2019-11-20,sh.601318,88.5800,88.8000,87.9300,88.0500,88.8900,33229090,2931878778.0000,1,0,2.405631
2019-11-21,sh.601318,87.7200,87.7500,86.0100,86.3400,88.0500,75738164,6568187721.0000,1,0,2.405631
2019-11-22,sh.601318,86.4200,86.9500,84.6800,84.8900,86.3400,74746383,6400035302.0000,1,0,2.405631
2019-11-25,sh.601318,85.1000,85.5700,84.2800,85.5000,84.8900,54652722,4642913865.0000,1,0,2.405631
2019-11-26,sh.601318,86.0000,86.0200,84.9700,85.4000,85.5000,50928255,4348204545.0000,1,0,2.405631
2019-11-27,sh.601318,85.3600,85.3600,84.5000,84.9100,85.4000,39425692,3344756236.0000,1,0,2.405631
2019-11-28,sh.601318,85.0000,85.1600,84.2300,84.4000,84.9100,35809513,3029939624.0000,1,0,2.405631
2019-11-29,sh.601318,84.3900,84.7400,82.6900,83.6200,84.4000,57094415,4773939408.0000,1,0,2.405631
2019-12-02,sh.601318,83.6900,83.9800,83.0100,83.2900,83.6200,38600756,3225038202.0000,1,0,2.405631
2019-12-03,sh.601318,83.1800,84.2800,82.7900,84.2700,83.2900,39427024,3297499810.0000,1,0,2.405631
2019-12-04,sh.601318,83.6000,84.1300,83.3700,84.0700,84.2700,26202447,2197127278.0000,1,0,2.405631
2019-12-05,sh.601318,84.5100,85.0000,84.0800,84.6700,84.0700,34253468,2897557384.0000,1,0,2.405631
2019-12-06,sh.601318,84.9000,84.9500,84.3300,84.7400,84.6700,27211003,2301323965.0000,1,0,2.405631
2019-12-09,sh.601318,84.7600,84.8900,83.3400,83.6500,84.7400,46046040,3862862587.0000,1,0,2.405631
2019-12-10,sh.601318,83.5100,83.8800,83.3000,83.5900,83.6500,29554057,2467176771.0000,1,0,2.405631
2019-12-11,sh.601318,83.8000,84.1900,83.4000,84.0400,83.5900,36793322,3082011941.0000,1,0,2.405631
2019-12-12,sh.601318,84.4300,84.6400,84.0000,84.0400,84.0400,36646647,3086211341.0000,1,0,2.405631
2019-12-13,sh.601318,85.1800,86.7700,85.0800,86.7700,84.0400,77473290,6646262465.0000,1,0,2.405631
2019-12-16,sh.601318,85.6000,85.8500,84.9000,85.6400,86.7700,77967327,6661554489.0000,1,0,2.405631
2019-12-17,sh.601318,85.6800,86.8400,85.2500,86.1300,85.6400,75824561,6525266421.0000,1,0,2.405631
2019-12-18,sh.601318,86.0900,86.4500,85.8100,85.9800,86.1300,45375271,3907877181.0000,1,0,2.405631
2019-12-19,sh.601318,86.1200,86.1800,85.2800,85.7000,85.9800,33082215,2836413146.0000,1,0,2.405631
2019-12-20,sh.601318,85.7700,86.3100,85.5000,85.5300,85.7000,35830917,3075038037.0000,1,0,2.405631
2019-12-23,sh.601318,85.9500,85.9700,84.2500,84.2900,85.5300,45718175,3886531049.0000,1,0,2.405631
2019-12-24,sh.601318,84.2300,84.6000,84.0500,84.4600,84.2900,29220445,2463248181.0000,1,0,2.405631
2019-12-25,sh.601318,84.4000,84.5100,83.8100,83.9300,84.4600,31623037,2658560274.0000,1,0,2.405631
2019-12-26,sh.601318,84.0000,84.4300,83.9000,84.4300,83.9300,28652808,2411801765.0000,1,0,2.405631
2019-12-27,sh.601318,84.4400,85.6600,84.4200,84.7200,84.4300,49282919,4188069162.0000,1,0,2.405631
2019-12-30,sh.601318,84.7600,86.0200,83.9200,85.8900,84.7200,67618763,5768577656.0000,1,0,2.405631
2019-12-31,sh.601318,85.7500,85.9100,85.0100,85.4600,85.8900,43203635,3687624713.0000,1,0,2.405631
2020-01-02,sh.601318,85.9000,86.7900,85.8800,86.1200,85.4600,77825207,6712531637.0000,1,0,2.405631
2020-01-03,sh.601318,86.8100,86.8800,85.9000,86.2000,86.1200,59498001,5137311989.0000,1,0,2.405631
2020-01-06,sh.601318,85.9200,86.8700,85.5000,85.6000,86.2000,63644804,5487967678.0000,1,0,2.405631
2020-01-07,sh.601318,86.0100,86.4600,85.6700,86.1500,85.6000,45218832,3886450097.0000,1,0,2.405631
2020-01-08,sh.601318,85.9800,85.9800,84.5000,85.0000,86.1500,62805311,5347387392.0000,1,0,2.405631
2020-01-09,sh.601318,85.5800,85.6100,84.6900,85.0400,85.0000,59871202,5090240023.0000,1,0,2.405631
2020-01-10,sh.601318,85.3500,85.3900,84.6100,84.7800,85.0400,52586461,4460689400.0000,1,0,2.405631
2020-01-13,sh.601318,85.0100,86.4700,84.7800,86.4500,84.7800,81058866,6944781684.0000,1,0,2.405631
2020-01-14,sh.601318,87.2000,87.8200,86.6800,86.8300,86.4500,71668182,6246205825.0000,1,0,2.405631
2020-01-15,sh.601318,86.8100,87.1200,85.6800,85.8100,86.8300,52621657,4530511031.0000,1,0,2.405631
2020-01-16,sh.601318,86.3100,86.3700,85.5500,85.5500,85.8100,49857909,4283072147.0000,1,0,2.405631
2020-01-17,sh.601318,86.1500,86.9000,85.8500,86.2500,85.5500,55537018,4786520184.0000,1,0,2.405631
2020-01-20,sh.601318,88.3000,88.7000,87.3500,87.6000,86.2500,93605062,8248578935.0000,1,0,2.405631
2020-01-21,sh.601318,87.0000,87.2900,85.6000,85.6000,87.6000,72757941,6273908588.0000,1,0,2.405631
2020-01-22,sh.601318,85.0000,85.4800,83.8300,85.2200,85.6000,73657688,6235779993.0000,1,0,2.405631
2020-01-23,sh.601318,84.0100,84.5600,82.4800,83.4900,85.2200,108002062,9019354016.0000,1,0,2.405631
2020-02-03,sh.601318,76.5100,79.2500,76.4000,77.7100,83.4900,203149868,15779335422.0000,1,0,2.405631
2020-02-04,sh.601318,78.3000,80.9700,78.2000,80.4300,77.7100,121348050,9661568316.0000,1,0,2.405631
2020-02-05,sh.601318,80.5600,81.3300,79.7600,80.3800,80.4300,75319694,6062969630.0000,1,0,2.405631
2020-02-06,sh.601318,81.1800,81.9700,80.3800,81.5200,80.3800,67218969,5451123737.0000,1,0,2.405631
2020-02-07,sh.601318,80.6000,81.2000,80.4200,81.0300,81.5200,49163056,3968082289.0000,1,0,2.405631
2020-02-10,sh.601318,80.3500,80.6400,79.9000,80.3000,81.0300,59360447,4759660453.0000,1,0,2.405631
2020-02-11,sh.601318,80.8900,81.8600,80.5000,81.1300,80.3000,58432220,4748597561.0000,1,0,2.405631
2020-02-12,sh.601318,81.1000,81.4600,80.5500,81.2000,81.1300,44433902,3595991660.0000,1,0,2.405631
2020-02-13,sh.601318,81.2000,81.2000,80.3600,80.4500,81.2000,56260392,4532120660.0000,1,0,2.405631
2020-02-14,sh.601318,80.3700,81.2600,80.2100,81.0000,80.4500,42876535,3460459250.0000,1,0,2.405631
2020-02-17,sh.601318,81.0000,82.4900,80.7000,82.3900,81.0000,67811881,5545284407.0000,1,0,2.405631
2020-02-18,sh.601318,81.8100,82.1100,81.4400,81.5500,82.3900,51320023,4192774607.0000,1,0,2.405631
2020-02-19,sh.601318,81.0300,82.2400,81.0100,81.7000,81.5500,46047417,3760231172.0000,1,0,2.405631
2020-02-20,sh.601318,82.0000,83.6100,81.3500,83.2800,81.7000,83304258,6866907972.0000,1,0,2.405631
2020-02-21,sh.601318,82.5000,83.2300,82.0000,82.3800,83.2800,109390584,9020541385.0000,1,0,2.405631
2020-02-24,sh.601318,81.0000,81.3000,80.5000,80.7200,82.3800,103510293,8361285867.0000,1,0,2.405631
2020-02-25,sh.601318,79.8000,80.3200,79.5100,80.1900,80.7200,86900094,6948570625.0000,1,0,2.405631
2020-02-26,sh.601318,79.4500,80.7600,79.1100,79.8300,80.1900,84416650,6737173090.0000,1,0,2.405631
2020-02-27,sh.601318,79.6000,80.4000,79.3000,79.7900,79.8300,66679316,5318013519.0000,1,0,2.405631
2020-02-28,sh.601318,78.6000,79.2900,77.7100,77.7200,79.7900,98392314,7697148541.0000,1,0,2.405631
2020-03-02,sh.601318,78.3200,80.2000,78.3200,79.5800,77.7200,71232340,5669190141.0000,1,0,2.405631
2020-03-03,sh.601318,80.4800,80.5700,79.2600,79.4900,79.5800,67823840,5418803178.0000,1,0,2.405631
2020-03-04,sh.601318,79.9000,80.7500,79.9000,80.5800,79.4900,67757456,5443423591.0000,1,0,2.405631
2020-03-05,sh.601318,81.0100,82.7600,80.6200,82.4500,80.5800,96064271,7866801864.0000,1,0,2.405631
2020-03-06,sh.601318,81.5700,81.9200,80.8000,80.9100,82.4500,58418607,4739601763.0000,1,0,2.405631
2020-03-09,sh.601318,78.9100,79.0000,78.0200,78.1400,80.9100,105508261,8277312802.0000,1,0,2.405631
2020-03-10,sh.601318,78.1400,79.7800,77.8300,79.1800,78.1400,71700649,5645289830.0000,1,0,2.405631
2020-03-11,sh.601318,79.1800,79.2500,78.1500,78.1500,79.1800,59140393,4645175644.0000,1,0,2.405631
2020-03-12,sh.601318,77.2500,77.4800,76.5300,76.6500,78.1500,90129053,6925926414.0000,1,0,2.405631
2020-03-13,sh.601318,72.1400,75.9800,72.1000,74.7100,76.6500,116615744,8615758935.0000,1,0,2.405631
2020-03-16,sh.601318,74.5000,74.5200,71.8000,72.0000,74.7100,97917345,7135463717.0000,1,0,2.405631
2020-03-17,sh.601318,71.6500,73.0000,70.8900,72.1400,72.0000,95092287,6841593561.0000,1,0,2.405631
2020-03-18,sh.601318,72.5300,72.8800,69.8500,69.8700,72.1400,85218111,6077848896.0000,1,0,2.405631
2020-03-19,sh.601318,69.1000,69.8700,66.3200,67.8100,69.8700,123676064,8385522982.0000,1,0,2.405631
2020-03-20,sh.601318,68.7100,69.4000,67.3500,69.0000,67.8100,88726935,6081161074.0000,1,0,2.405631
2020-03-23,sh.601318,66.0000,67.5000,66.0000,66.7600,69.0000,68407966,4566662467.0000,1,0,2.405631
2020-03-24,sh.601318,67.9500,69.0500,67.8200,68.9500,66.7600,79163320,5419438569.0000,1,0,2.405631
2020-03-25,sh.601318,70.6000,71.2300,69.8800,70.3500,68.9500,92818620,6547779490.0000,1,0,2.405631
2020-03-26,sh.601318,69.4800,71.0000,69.3500,70.1900,70.3500,54986973,3859228586.0000,1,0,2.405631
2020-03-27,sh.601318,71.2500,71.2900,69.7200,69.7200,70.1900,60308423,4246255802.0000,1,0,2.405631
2020-03-30,sh.601318,68.6000,69.3900,68.4500,69.1500,69.7200,46795596,3222983516.0000,1,0,2.405631
2020-03-31,sh.601318,70.1100,70.3500,69.0100,69.1700,69.1500,42536786,2967824565.0000,1,0,2.405631
2020-04-01,sh.601318,69.0000,70.4700,68.9000,69.3200,69.1700,55692869,3887226530.0000,1,0,2.405631
2020-04-02,sh.601318,68.4000,69.6700,67.7600,69.6700,69.3200,51202929,3512800754.0000,1,0,2.405631
2020-04-03,sh.601318,69.1000,69.2600,68.4100,68.8600,69.6700,42025417,2892833242.0000,1,0,2.405631
2020-04-07,sh.601318,70.0800,70.3000,69.5600,69.9700,68.8600,61934765,4330830271.0000,1,0,2.405631
2020-04-08,sh.601318,69.5700,69.8000,69.3200,69.3900,69.9700,36245867,2521691766.0000,1,0,2.405631
2020-04-09,sh.601318,69.6500,69.9600,69.3800,69.6400,69.3900,36830815,2567770387.0000,1,0,2.405631
2020-04-10,sh.601318,69.6500,72.4300,69.3800,70.9900,69.6400,76624962,5445247152.0000,1,0,2.405631
2020-04-13,sh.601318,70.4500,70.7900,70.0000,70.1300,70.9900,35516987,2495812251.0000,1,0,2.405631
2020-04-14,sh.601318,70.6800,71.1700,70.2500,71.0200,70.1300,42969677,3041154493.0000,1,0,2.405631
2020-04-15,sh.601318,71.0700,71.3800,70.6500,70.8500,71.0200,38151523,2707408704.0000,1,0,2.405631
2020-04-16,sh.601318,70.5000,70.7100,70.1600,70.3800,70.8500,28294260,1992746679.0000,1,0,2.405631
2020-04-17,sh.601318,71.1000,73.3200,70.7900,72.4000,70.3800,90367948,6519197379.0000,1,0,2.405631
2020-04-20,sh.601318,72.8900,73.8000,72.1000,73.5000,72.4000,65419398,4785645886.0000,1,0,2.405631
2020-04-21,sh.601318,73.0500,73.4800,71.5100,72.3700,73.5000,56898431,4118269231.0000,1,0,2.405631
2020-04-22,sh.601318,72.0000,72.0700,71.4800,72.0700,72.3700,37767315,2709336486.0000,1,0,2.405631
2020-04-23,sh.601318,72.3900,72.8000,71.8200,72.1600,72.0700,32966612,2379812928.0000,1,0,2.405631
2020-04-24,sh.601318,71.0300,71.0300,70.3000,70.5000,72.1600,66711619,4705918849.0000,1,0,2.405631
2020-04-27,sh.601318,70.6200,71.6100,70.6200,71.2000,70.5000,48152784,3433518802.0000,1,0,2.405631
2020-04-28,sh.601318,71.5000,72.6800,70.9700,72.3800,71.2000,61387427,4420134600.0000,1,0,2.405631
2020-04-29,sh.601318,72.3800,74.2000,72.3800,74.0000,72.3800,53115638,3917886431.0000,1,0,2.405631
2020-04-30,sh.601318,74.4600,75.3000,74.2100,74.4600,74.0000,48625473,3635525684.0000,1,0,2.405631
2020-05-06,sh.601318,73.3000,73.9800,72.9000,73.8100,74.4600,62916787,4613009932.0000,1,0,2.405631
2020-05-07,sh.601318,73.7000,73.7000,72.8100,73.2300,73.8100,40312289,2946802572.0000,1,0,2.405631
2020-05-08,sh.601318,72.8000,73.2900,72.0600,72.9700,71.9400,40471960,2944390962.0000,1,0,2.448768
2020-05-11,sh.601318,73.1100,74.8000,73.1100,73.9000,72.9700,49575731,3677832430.0000,1,0,2.448768
2020-05-12,sh.601318,73.9000,74.3300,73.4700,73.9300,73.9000,41545036,3071895578.0000,1,0,2.448768
2020-05-13,sh.601318,73.6000,73.9300,72.6500,73.3400,73.9300,28897035,2118699108.0000,1,0,2.448768
2020-05-14,sh.601318,73.0000,73.0000,72.1700,72.2300,73.3400,34971511,2535717394.0000,1,0,2.448768
2020-05-15,sh.601318,72.6100,73.1000,72.1800,72.2300,72.2300,31750730,2301777679.0000,1,0,2.448768
2020-05-18,sh.601318,72.2000,72.9800,71.6900,72.2000,72.2300,30846266,2228956647.0000,1,0,2.448768
2020-05-19,sh.601318,73.1800,73.6000,72.6100,72.9000,72.2000,34158323,2493797102.0000,1,0,2.448768
2020-05-20,sh.601318,73.0000,73.1900,72.5000,72.9500,72.9000,27483484,2000585096.0000,1,0,2.448768
2020-05-21,sh.601318,73.2000,73.3000,72.3600,72.3800,72.9500,31268623,2277526278.0000,1,0,2.448768
2020-05-22,sh.601318,72.0600,72.1000,70.1000,70.1200,72.3800,57719422,4091224714.0000,1,0,2.448768
2020-05-25,sh.601318,70.0000,70.0800,69.0000,70.0300,70.1200,41710115,2901602627.0000,1,0,2.448768
2020-05-26,sh.601318,70.9900,71.0000,70.3200,70.5100,70.0300,27112848,1912577654.0000,1,0,2.448768
2020-05-27,sh.601318,70.7200,71.5800,70.5200,70.6500,70.5100,28715214,2036204894.0000,1,0,2.448768
2020-05-28,sh.601318,70.6800,71.9900,70.6800,71.5100,70.6500,41426045,2961421771.0000,1,0,2.448768
2020-05-29,sh.601318,70.9000,71.3000,70.4800,70.7100,71.5100,26844115,1901686644.0000,1,0,2.448768
2020-06-01,sh.601318,71.4000,72.2300,71.2300,72.1600,70.7100,45767284,3296218949.0000,1,0,2.448768
2020-06-02,sh.601318,72.0200,74.5300,72.0100,74.2800,72.1600,81052327,5968449049.0000,1,0,2.448768
2020-06-03,sh.601318,75.0000,76.6900,75.0000,75.0100,74.2800,99148840,7515763784.0000,1,0,2.448768
2020-06-04,sh.601318,75.4200,75.7100,74.5800,75.1400,75.0100,45388022,3410379332.0000,1,0,2.448768
2020-06-05,sh.601318,75.1400,75.4400,74.4000,75.3000,75.1400,34980754,2618665525.0000,1,0,2.448768
2020-06-08,sh.601318,75.7000,77.2200,75.7000,76.7200,75.3000,76697448,5884341883.0000,1,0,2.448768
2020-06-09,sh.601318,76.7300,77.1800,76.3200,76.5000,76.7200,38851680,2977854246.0000,1,0,2.448768
2020-06-10,sh.601318,76.5800,76.7000,75.4700,75.5800,76.5000,34545292,2619976605.0000,1,0,2.448768
2020-06-11,sh.601318,75.2100,75.4700,73.8000,74.2200,75.5800,58611342,4367908974.0000,1,0,2.448768
2020-06-12,sh.601318,73.1000,74.1500,72.9700,74.1500,74.2200,48825871,3587207261.0000,1,0,2.448768
2020-06-15,sh.601318,73.6800,73.7800,72.4500,72.5400,74.1500,55130379,4024617717.0000,1,0,2.448768
2020-06-16,sh.601318,73.6000,73.6800,73.1400,73.4600,72.5400,34190511,2510329760.0000,1,0,2.448768
2020-06-17,sh.601318,73.2000,73.3800,72.6000,73.0100,73.4600,32589579,2375228580.0000,1,0,2.448768
2020-06-18,sh.601318,72.8500,73.7700,72.3800,73.4000,73.0100,41863201,3062399434.0000,1,0,2.448768
2020-06-19,sh.601318,73.4400,74.0900,73.0000,73.4200,73.4000,63598984,4672211605.0000,1,0,2.448768
2020-06-22,sh.601318,73.0000,73.9200,72.6100,72.7700,73.4200,67183145,4908549057.0000,1,0,2.448768
2020-06-23,sh.601318,72.5000,72.6000,71.6700,71.9600,72.7700,77963604,5610392717.0000,1,0,2.448768
2020-06-24,sh.601318,72.2500,72.8500,72.0100,72.2600,71.9600,60513632,4380602931.0000,1,0,2.448768
2020-06-29,sh.601318,72.0700,72.2600,70.8000,71.0100,72.2600,71483781,5089513072.0000,1,0,2.448768
2020-06-30,sh.601318,71.3600,71.7800,71.0000,71.4000,71.0100,45150315,3222061872.0000,1,0,2.448768
2020-07-01,sh.601318,71.5900,73.5000,71.2000,73.5000,71.4000,96755992,7027221949.0000,1,0,2.448768
2020-07-02,sh.601318,73.2800,76.0100,73.0000,76.0000,73.5000,147446692,11001772289.0000,1,0,2.448768
2020-07-03,sh.601318,76.1500,78.4900,76.1400,77.9600,76.0000,170382002,13197963062.0000,1,0,2.448768
2020-07-06,sh.601318,79.1200,84.8800,79.1200,84.1200,77.9600,280669456,23106295707.0000,1,0,2.448768
2020-07-07,sh.601318,87.0000,87.6000,83.2000,83.2200,84.1200,222204141,18920029728.0000,1,0,2.448768
2020-07-08,sh.601318,84.1100,87.0000,83.8500,85.6900,83.2200,169638993,14486522558.0000,1,0,2.448768
2020-07-09,sh.601318,86.3000,86.8000,84.9000,85.9200,85.6900,142459727,12240651395.0000,1,0,2.448768
2020-07-10,sh.601318,85.0100,85.3700,82.1100,82.3400,85.9200,146661958,12251530199.0000,1,0,2.448768
2020-07-13,sh.601318,81.9100,83.6600,81.5100,82.3600,82.3400,117951579,9725535191.0000,1,0,2.448768
2020-07-14,sh.601318,82.3700,83.2300,80.6100,81.3000,82.3600,98855793,8093687566.0000,1,0,2.448768
2020-07-15,sh.601318,82.1500,82.3900,80.1200,80.2200,81.3000,92276793,7478183762.0000,1,0,2.448768
2020-07-16,sh.601318,81.3000,81.9700,78.1000,78.2200,80.2200,131817000,10546372452.0000,1,0,2.448768
2020-07-17,sh.601318,79.0000,79.3900,77.3100,78.0200,78.2200,87503528,6849600333.0000,1,0,2.448768
2020-07-20,sh.601318,79.0500,82.8200,79.0500,82.8000,78.0200,137754779,11212026913.0000,1,0,2.448768
2020-07-21,sh.601318,82.9500,83.2000,80.3700,80.7600,82.8000,90477483,7340189248.0000,1,0,2.448768
2020-07-22,sh.601318,80.2100,81.8500,79.4400,79.9300,80.7600,87751322,7056923502.4300,1,0,2.448768
2020-07-23,sh.601318,79.0000,79.8800,78.0200,79.0000,79.9300,78210045,6158187276.3700,1,0,2.448768
2020-07-24,sh.601318,78.8800,78.8900,76.3800,77.0000,79.0000,107269340,8306516311.2700,1,0,2.448768
2020-07-27,sh.601318,77.2800,77.7900,75.7000,76.4300,77.0000,73479899,5615185667.0300,1,0,2.448768
2020-07-28,sh.601318,76.9900,77.3000,75.9500,76.3800,76.4300,63985871,4893527504.8100,1,0,2.448768
2020-07-29,sh.601318,76.0000,78.0000,75.7500,77.3000,76.3800,70286526,5415279237.6800,1,0,2.448768
2020-07-30,sh.601318,77.3900,77.4300,76.0200,76.0300,77.3000,64624326,4940867628.3200,1,0,2.448768
2020-07-31,sh.601318,76.0000,77.2500,75.2000,75.9000,76.0300,74852042,5701005305.4600,1,0,2.448768
2020-08-03,sh.601318,76.3500,76.6800,75.7800,76.4400,75.9000,85524765,6513674698.5800,1,0,2.448768
2020-08-04,sh.601318,76.8100,79.3500,76.2000,78.6700,76.4400,148146165,11554011370.7500,1,0,2.448768
2020-08-05,sh.601318,77.9400,77.9500,76.6000,77.1300,78.6700,78780592,6075388455.5900,1,0,2.448768
2020-08-06,sh.601318,77.0000,77.8900,76.2100,77.1500,77.1300,64756303,4979623105.3700,1,0,2.448768
2020-08-07,sh.601318,76.9600,77.6700,76.0100,76.3300,77.1500,54980898,4215768273.1800,1,0,2.448768
2020-08-10,sh.601318,76.0200,77.6900,75.8200,77.0100,76.3300,70007323,5396774600.8600,1,0,2.448768
2020-08-11,sh.601318,77.4500,78.6800,76.5100,76.7700,77.0100,77530900,6036019283.6600,1,0,2.448768
2020-08-12,sh.601318,76.8000,77.4600,76.4000,77.1600,76.7700,58601265,4513022465.7800,1,0,2.448768
2020-08-13,sh.601318,77.5000,77.6000,76.5100,76.6000,77.1600,42135547,3236112230.1100,1,0,2.448768
2020-08-14,sh.601318,76.4700,78.4900,76.3400,78.1900,76.6000,63247371,4893057493.2000,1,0,2.448768
2020-08-17,sh.601318,78.2300,82.5700,78.2300,81.1000,78.1900,173940016,14077887672.5900,1,0,2.448768
2020-08-18,sh.601318,80.8000,80.9000,79.4000,79.7500,81.1000,84250596,6735058126.3200,1,0,2.448768
2020-08-19,sh.601318,79.6000,80.1100,78.1700,78.1700,79.7500,56473384,4458976787.7900,1,0,2.448768
2020-08-20,sh.601318,78.1000,78.1000,77.1500,77.6000,78.1700,49842248,3863022133.2200,1,0,2.448768
2020-08-21,sh.601318,78.3000,78.7600,77.5500,78.2500,77.6000,42445930,3315620079.5800,1,0,2.448768
2020-08-24,sh.601318,78.9500,79.0000,77.6300,77.8000,78.2500,47280441,3698163542.5900,1,0,2.448768
2020-08-25,sh.601318,78.0000,78.8800,77.6000,78.1100,77.8000,53047942,4149072333.8700,1,0,2.448768
2020-08-26,sh.601318,78.0000,78.0500,76.6000,76.8000,78.1100,54277509,4191632778.0000,1,0,2.448768
2020-08-27,sh.601318,77.1500,77.1700,76.0000,76.5400,76.8000,44883359,3425207258.8500,1,0,2.448768
2020-08-28,sh.601318,76.4700,78.2100,75.8500,77.8900,76.5400,76502813,5893644072.3600,1,0,2.448768
2020-08-31,sh.601318,77.8900,78.8000,76.5800,76.6200,77.8900,72312973,5624026414.4800,1,0,2.448768
2020-09-01,sh.601318,76.0800,76.5900,76.0000,76.3800,76.6200,47125055,3593513069.6900,1,0,2.448768
2020-09-02,sh.601318,76.6100,76.8000,75.6000,75.9300,76.3800,55637670,4229574502.9300,1,0,2.448768
2020-09-03,sh.601318,75.9900,76.4200,75.1500,75.3900,75.9300,59983664,4540579466.9300,1,0,2.448768
2020-09-04,sh.601318,74.8000,75.1000,74.5500,74.8200,75.3900,47825576,3575937386.1500,1,0,2.448768
2020-09-07,sh.601318,74.8200,76.2500,74.7500,75.0600,74.8200,63325076,4787525506.4400,1,0,2.448768
2020-09-08,sh.601318,75.9800,77.4600,75.7000,77.1400,75.0600,86603009,6642255588.2100,1,0,2.448768
2020-09-09,sh.601318,76.3800,77.5500,76.3300,76.4800,77.1400,52398217,4026858723.8900,1,0,2.448768
2020-09-10,sh.601318,76.9600,77.3400,76.4000,76.5200,76.4800,53035437,4078037119.4600,1,0,2.448768
2020-09-11,sh.601318,76.4100,77.5000,76.1600,77.2100,76.5200,46217823,3557564883.5500,1,0,2.448768
2020-09-14,sh.601318,77.6200,79.1000,77.6200,78.5500,77.2100,72999187,5730571509.4100,1,0,2.448768
2020-09-15,sh.601318,78.5500,80.4800,77.5500,79.9100,78.5500,101435044,8095818926.6100,1,0,2.448768
2020-09-16,sh.601318,79.2900,79.4900,78.4400,78.6000,79.1100,46794754,3693757688.6900,1,0,2.473531
2020-09-17,sh.601318,79.1100,79.7800,78.7000,79.0000,78.6000,66830642,5303741281.7700,1,0,2.473531
2020-09-18,sh.601318,79.6000,83.0600,79.4800,82.8900,79.0000,177600775,14522782208.0100,1,0,2.473531
2020-09-21,sh.601318,82.9000,83.0800,80.9300,80.9300,82.8900,84531359,6909679018.4500,1,0,2.473531
2020-09-22,sh.601318,79.7000,80.7300,79.0000,79.0700,80.9300,67938147,5407048621.6800,1,0,2.473531
2020-09-23,sh.601318,79.5000,79.5700,78.4400,78.5600,79.0700,36211616,2855189686.1200,1,0,2.473531
2020-09-24,sh.601318,78.1900,78.5000,77.0000,77.0700,78.5600,60837288,4720617558.4800,1,0,2.473531
2020-09-25,sh.601318,77.8600,77.8800,77.0000,77.5900,77.0700,35668375,2760347917.8500,1,0,2.473531
2020-09-28,sh.601318,77.5900,78.5900,77.4100,77.9500,77.5900,37177371,2897251524.2500,1,0,2.473531
2020-09-29,sh.601318,78.4900,78.5000,76.7000,76.8000,77.9500,51992004,4014297164.6200,1,0,2.473531
2020-09-30,sh.601318,76.9000,77.4400,76.0100,76.2600,76.8000,47625773,3652745796.0600,1,0,2.473531
2020-10-09,sh.601318,77.2700,78.4500,77.2600,77.9000,76.2600,47428848,3700952922.8900,1,0,2.473531
2020-10-12,sh.601318,78.3500,81.1500,78.3100,80.8600,77.9000,86992879,7002973824.3100,1,0,2.473531
2020-10-13,sh.601318,80.6700,81.8500,79.9600,81.3800,80.8600,56442934,4572861833.4000,1,0,2.473531
2020-10-14,sh.601318,81.5000,81.5100,80.5000,81.3800,81.3800,50039556,4060079461.9000,1,0,2.473531
2020-10-15,sh.601318,81.4000,82.8600,81.3000,81.4000,81.3800,55502187,4555169176.0700,1,0,2.473531
2020-10-16,sh.601318,81.8000,82.8900,81.5000,82.0000,81.4000,60703280,4992393587.5700,1,0,2.473531
2020-10-19,sh.601318,82.6700,84.3800,81.8100,81.8500,82.0000,91742376,7642713658.0100,1,0,2.473531
2020-10-20,sh.601318,81.7500,82.0000,81.1100,81.2300,81.8500,41318580,3363220838.6200,1,0,2.473531
2020-10-21,sh.601318,81.7500,82.5800,81.2700,82.4000,81.2300,49249162,4040506422.7400,1,0,2.473531
2020-10-22,sh.601318,82.5200,82.8800,80.2800,82.1000,82.4000,46697087,3811833387.3700,1,0,2.473531
2020-10-23,sh.601318,82.1200,84.8300,82.1200,83.5000,82.1000,93880947,7885042870.1500,1,0,2.473531
2020-10-26,sh.601318,83.6000,84.3700,81.1800,82.2000,83.5000,59632529,4915201799.0100,1,0,2.473531
2020-10-27,sh.601318,81.7800,82.2000,81.0000,81.0700,82.2000,55925690,4554557428.8900,1,0,2.473531
2020-10-28,sh.601318,80.5100,81.0600,79.0600,79.5800,81.0700,76979681,6137912536.3100,1,0,2.473531
2020-10-29,sh.601318,78.0800,79.8900,78.0200,78.6600,79.5800,72755430,5723421438.8800,1,0,2.473531
2020-10-30,sh.601318,78.6500,79.4500,77.6400,77.8300,78.6600,76459869,5985865621.2000,1,0,2.473531
2020-11-02,sh.601318,78.5000,78.8100,77.0100,77.2300,77.8300,63872032,4955636566.5000,1,0,2.473531
2020-11-03,sh.601318,77.7700,79.3400,77.4000,79.1600,77.2300,61543284,4838929214.8700,1,0,2.473531
2020-11-04,sh.601318,78.7800,79.8500,78.6000,79.5000,79.1600,43467076,3448542091.6900,1,0,2.473531
2020-11-05,sh.601318,80.3500,81.6800,80.2000,80.9400,79.5000,53709524,4346336859.1300,1,0,2.473531
2020-11-06,sh.601318,81.1000,81.7500,80.5200,81.3000,80.9400,51038925,4140944230.7100,1,0,2.473531
2020-11-09,sh.601318,82.5000,83.5000,82.3000,82.9800,81.3000,80996545,6726290347.5400,1,0,2.473531
2020-11-10,sh.601318,84.2400,84.7500,83.0500,83.2000,82.9800,78900305,6624999076.9400,1,0,2.473531
2020-11-11,sh.601318,83.2000,84.0300,82.6500,83.5200,83.2000,54282531,4534083952.5800,1,0,2.473531
2020-11-12,sh.601318,83.7500,84.4700,81.8000,82.2700,83.5200,49054364,4048788617.5900,1,0,2.473531
2020-11-13,sh.601318,81.0800,81.7000,79.6300,80.3400,82.2700,70794237,5675497103.9000,1,0,2.473531
2020-11-16,sh.601318,80.6900,83.2600,80.6900,83.1000,80.3400,70143403,5775792598.7400,1,0,2.473531
2020-11-17,sh.601318,83.1000,84.7200,83.0000,84.0300,83.1000,82506392,6945950433.6200,1,0,2.473531
2020-11-18,sh.601318,84.4000,86.1800,84.3300,85.3700,84.0300,96965774,8293242271.9400,1,0,2.473531
2020-11-19,sh.601318,85.2000,85.7500,84.5100,85.4200,85.3700,54900519,4675267716.8600,1,0,2.473531
2020-11-20,sh.601318,85.3000,85.3100,83.9000,84.5400,85.4200,45298594,3824038756.8800,1,0,2.473531
2020-11-23,sh.601318,85.0000,86.4400,84.6500,86.2200,84.5400,78377584,6717179289.2500,1,0,2.473531
2020-11-24,sh.601318,86.3000,86.9900,84.6900,85.0000,86.2200,49992972,4284342940.9600,1,0,2.473531
2020-11-25,sh.601318,85.9900,88.5500,85.9700,87.2500,85.0000,122368908,10732748795.0700,1,0,2.473531
2020-11-26,sh.601318,87.0100,89.3900,86.6500,89.1500,87.2500,90924011,8027343289.1700,1,0,2.473531
2020-11-27,sh.601318,89.5000,90.2600,88.5100,90.1000,89.1500,74795473,6694377072.4200,1,0,2.473531
2020-11-30,sh.601318,91.0000,94.6200,90.0300,90.0300,90.1000,153919637,14316071593.8600,1,0,2.473531
2020-12-01,sh.601318,90.7000,93.3800,89.6500,93.3800,90.0300,85420603,7840114574.1600,1,0,2.473531
2020-12-02,sh.601318,93.3800,93.8500,92.0900,92.8500,93.3800,65068818,6049580162.0900,1,0,2.473531
2020-12-03,sh.601318,92.7900,93.4300,91.2100,91.8700,92.8500,50991723,4689461116.9300,1,0,2.473531
2020-12-04,sh.601318,92.0500,92.5300,90.1900,92.1900,91.8700,48929502,4464927572.5400,1,0,2.473531
2020-12-07,sh.601318,92.7800,92.9800,89.0200,90.3800,92.1900,62778839,5675145574.6800,1,0,2.473531
2020-12-08,sh.601318,90.0000,90.7500,87.8000,88.0500,90.3800,86333963,7655879133.5900,1,0,2.473531
2020-12-09,sh.601318,88.5000,89.4800,87.7900,87.8700,88.0500,52500504,4650557072.1400,1,0,2.473531
2020-12-10,sh.601318,88.0000,88.6900,87.1500,87.6800,87.8700,40575298,3569375603.8000,1,0,2.473531
2020-12-11,sh.601318,88.5000,88.9000,85.4600,86.1000,87.6800,71494237,6185908146.8100,1,0,2.473531
2020-12-14,sh.601318,86.6500,88.1600,86.5000,87.6900,86.1000,58386154,5104281273.3500,1,0,2.473531
2020-12-15,sh.601318,86.9900,86.9900,85.3700,86.3000,87.6900,63310377,5440988906.2400,1,0,2.473531
2020-12-16,sh.601318,86.6000,87.4800,85.9500,86.8400,86.3000,47070489,4082011353.3300,1,0,2.473531
2020-12-17,sh.601318,86.9600,89.0600,86.5300,88.9800,86.8400,68546267,6030510870.8800,1,0,2.473531
2020-12-18,sh.601318,88.8000,89.2500,87.1200,87.7900,88.9800,49981599,4395183091.6000,1,0,2.473531
2020-12-21,sh.601318,87.0000,87.7500,86.0100,87.0500,87.7900,59973257,5206712773.2400,1,0,2.473531
2020-12-22,sh.601318,87.0400,87.0400,83.7500,84.1500,87.0500,98595963,8391031071.5200,1,0,2.473531
2020-12-23,sh.601318,84.2200,85.3900,83.7700,84.8500,84.1500,55037110,4650859410.1200,1,0,2.473531
2020-12-24,sh.601318,85.3000,85.3500,83.6900,84.2000,84.8500,52479068,4424690021.6100,1,0,2.473531
2020-12-25,sh.601318,83.6000,83.6000,81.8600,83.2000,84.2000,69140797,5712810723.8800,1,0,2.473531
2020-12-28,sh.601318,83.4500,85.1900,82.8500,84.6200,83.2000,63519948,5351448826.8200,1,0,2.473531
2020-12-29,sh.601318,84.9500,86.0800,84.6900,85.5000,84.6200,51931564,4440460409.8600,1,0,2.473531
2020-12-30,sh.601318,85.2000,85.8800,84.1800,85.8800,85.5000,56570726,4803060806.4400,1,0,2.473531
2020-12-31,sh.601318,85.5900,87.6800,85.5900,86.9800,85.8800,79580939,6906071808.6500,1,0,2.473531
2021-01-04,sh.601318,86.9100,86.9500,84.1000,85.1800,86.9800,103643104,8814286886.1600,1,0,2.473531
2021-01-05,sh.601318,84.5000,84.5000,82.8500,84.2700,85.1800,105478627,8795809651.6900,1,0,2.473531
2021-01-06,sh.601318,84.2900,85.7400,83.5500,85.7400,84.2700,93759848,7950362262.5000,1,0,2.473531
2021-01-07,sh.601318,85.8700,86.7600,84.3000,86.2600,85.7400,106968724,9137580589.1500,1,0,2.473531
2021-01-08,sh.601318,86.2200,87.2600,85.2100,86.1000,86.2600,116936795,10069057405.0400,1,0,2.473531
2021-01-11,sh.601318,86.2000,86.6000,84.0000,84.0300,86.1000,109860234,9329271307.3800,1,0,2.473531
2021-01-12,sh.601318,83.8800,87.8200,83.3300,87.8200,84.0300,146755609,12534640503.8000,1,0,2.473531
2021-01-13,sh.601318,88.8000,89.2800,86.8300,87.5400,87.8200,139094339,12223230668.7100,1,0,2.473531
2021-01-14,sh.601318,88.4000,88.5200,84.8800,85.2700,87.5400,137927380,11920236040.3900,1,0,2.473531
2021-01-15,sh.601318,85.9400,88.6500,85.2700,86.9000,85.2700,158708501,13814609039.6100,1,0,2.473531
2021-01-18,sh.601318,87.0000,87.6500,85.3000,87.2000,86.9000,116241991,10058906404.3600,1,0,2.473531
2021-01-19,sh.601318,87.5800,88.1500,86.0400,86.8000,87.2000,110332831,9590457419.9600,1,0,2.473531
2021-01-20,sh.601318,87.1200,87.3300,84.9100,85.2000,86.8000,131977553,11316059444.3200,1,0,2.473531
2021-01-21,sh.601318,85.3600,85.4100,83.8000,84.4400,85.2000,139305540,11761468221.7500,1,0,2.473531
2021-01-22,sh.601318,85.0000,85.1500,83.5200,83.8000,84.4400,116275248,9781081768.7300,1,0,2.473531
2021-01-25,sh.601318,83.7000,84.8800,82.5800,84.8800,83.8000,127980118,10711676899.1400,1,0,2.473531
2021-01-26,sh.601318,84.5000,84.8800,82.8800,83.0000,84.8800,105139741,8787960589.5700,1,0,2.473531
2021-01-27,sh.601318,82.9800,83.9100,82.5800,83.0400,83.0000,68273775,5679886868.6600,1,0,2.473531
2021-01-28,sh.601318,82.2000,82.5800,80.6500,80.9200,83.0400,106108731,8642469570.2400,1,0,2.473531
2021-01-29,sh.601318,80.9000,81.4400,78.5000,79.0800,80.9200,126980032,10098743883.4100,1,0,2.473531
2021-02-01,sh.601318,79.1000,79.7400,78.3700,79.2700,79.0800,72490144,5729483191.8200,1,0,2.473531
2021-02-02,sh.601318,79.2800,79.4500,77.9500,78.1800,79.2700,98836447,7742175158.8300,1,0,2.473531
2021-02-03,sh.601318,77.7400,77.7400,75.3000,76.5400,78.1800,134384298,10255482626.3200,1,0,2.473531
2021-02-04,sh.601318,78.0000,80.3200,77.7000,79.6200,76.5400,141654771,11200715085.8100,1,0,2.473531
2021-02-05,sh.601318,80.0000,80.2800,78.6100,79.7200,79.6200,84557225,6724535241.4000,1,0,2.473531
2021-02-08,sh.601318,79.7300,80.4300,78.2800,78.5700,79.7200,79654699,6286929302.5100,1,0,2.473531
2021-02-09,sh.601318,78.5600,78.5600,76.8000,78.1300,78.5700,91412187,7082935952.6600,1,0,2.473531
2021-02-10,sh.601318,77.9000,79.8100,77.4900,79.2500,78.1300,91968674,7280622421.5500,1,0,2.473531
2021-02-18,sh.601318,81.5000,82.8600,80.8900,82.3800,79.2500,146678205,12007277012.0900,1,0,2.473531
2021-02-19,sh.601318,82.0000,84.5600,81.6800,84.2000,82.3800,124061762,10401612526.2900,1,0,2.473531
2021-02-22,sh.601318,84.2500,85.2900,82.5800,83.0000,84.2000,113034110,9477375165.1200,1,0,2.473531
2021-02-23,sh.601318,82.5200,85.1900,82.5000,84.3200,83.0000,101660045,8580570535.4900,1,0,2.473531
2021-02-24,sh.601318,83.5000,85.7600,82.5000,83.7800,84.3200,117355482,9899984124.5300,1,0,2.473531
2021-02-25,sh.601318,84.5200,88.2800,83.3500,87.1400,83.7800,189748955,16396558899.9800,1,0,2.473531
2021-02-26,sh.601318,85.8000,87.1300,85.1800,85.1800,87.1400,118045513,10161431933.7600,1,0,2.473531
2021-03-01,sh.601318,86.0000,86.3800,83.8400,84.8400,85.1800,82300801,6965448429.3100,1,0,2.473531
2021-03-02,sh.601318,84.8400,84.9500,82.6000,83.2300,84.8400,85227395,7125570282.1400,1,0,2.473531
2021-03-03,sh.601318,82.7000,86.9400,82.6300,86.7500,83.2300,116697147,10011295959.3300,1,0,2.473531
2021-03-04,sh.601318,86.0000,87.4500,85.8000,86.3000,86.7500,94974599,8227101595.2900,1,0,2.473531
2021-03-05,sh.601318,85.4900,86.2900,83.3400,84.5000,86.3000,81417603,6869464665.9600,1,0,2.473531
2021-03-08,sh.601318,85.2000,87.7800,84.7500,84.9500,84.5000,105035653,9048690307.3000,1,0,2.473531
2021-03-09,sh.601318,85.5000,86.2600,83.8000,84.0500,84.9500,98217495,8338463778.2600,1,0,2.473531
2021-03-10,sh.601318,84.6200,84.6300,83.1200,83.2800,84.0500,64800135,5431067986.1900,1,0,2.473531
2021-03-11,sh.601318,83.9000,86.3600,83.8000,86.3600,83.2800,91252098,7777368999.2000,1,0,2.473531
2021-03-12,sh.601318,86.5100,86.6000,85.1300,85.5500,86.3600,64681200,5539349037.4800,1,0,2.473531
2021-03-15,sh.601318,85.3600,85.5000,84.2100,85.1100,85.5500,54551255,4629849997.4700,1,0,2.473531
2021-03-16,sh.601318,85.3000,85.6000,84.4100,85.4000,85.1100,54353955,4624281660.2100,1,0,2.473531
2021-03-17,sh.601318,85.0000,85.0000,82.4100,82.5400,85.4000,106478452,8863828593.4200,1,0,2.473531
2021-03-18,sh.601318,82.3000,82.7800,81.0700,81.4200,82.5400,80312095,6548492030.9700,1,0,2.473531
2021-03-19,sh.601318,81.2000,81.3000,79.5100,79.6400,81.4200,96102381,7701437283.5100,1,0,2.473531
2021-03-22,sh.601318,79.9900,80.2700,79.5300,79.8200,79.6400,54273091,4336966849.2100,1,0,2.473531
2021-03-23,sh.601318,79.8900,80.6000,79.1200,80.0500,79.8200,51116947,4079350322.5400,1,0,2.473531
2021-03-24,sh.601318,79.9900,80.3000,78.7100,79.0100,80.0500,63315814,5017219138.7100,1,0,2.473531
2021-03-25,sh.601318,79.2300,79.6600,78.9900,79.2000,79.0100,43650615,3463493421.9500,1,0,2.473531
2021-03-26,sh.601318,79.5800,80.3000,79.5600,80.0100,79.2000,45348477,3630749606.4600,1,0,2.473531
2021-03-29,sh.601318,80.0000,80.1000,78.8000,79.1300,80.0100,63234490,5001522654.7600,1,0,2.473531
2021-03-30,sh.601318,79.2000,79.3700,78.6000,79.3700,79.1300,51106025,4035933797.6800,1,0,2.473531
2021-03-31,sh.601318,79.5000,79.5500,78.5800,78.7000,79.3700,48358484,3810104160.2600,1,0,2.473531
2021-04-01,sh.601318,78.8000,79.2800,78.7500,79.2000,78.7000,36071335,2849514882.3900,1,0,2.473531
2021-04-02,sh.601318,79.2000,79.2000,78.5800,78.8800,79.2000,46931855,3694882980.3000,1,0,2.473531
2021-04-06,sh.601318,78.9200,79.4500,78.6900,79.0300,78.8800,35173602,2778107893.8600,1,0,2.473531
2021-04-07,sh.601318,79.3700,79.3700,78.1800,78.4500,79.0300,47501172,3729878594.4600,1,0,2.473531
2021-04-08,sh.601318,78.4300,78.9900,78.0100,78.6300,78.4500,37404801,2937859211.9000,1,0,2.473531
2021-04-09,sh.601318,78.6100,78.6200,76.9800,77.1600,78.6300,68801127,5322377558.4100,1,0,2.473531
2021-04-12,sh.601318,77.1500,77.5000,76.6200,77.1600,77.1600,45336602,3488299460.8000,1,0,2.473531
2021-04-13,sh.601318,77.4700,77.8200,76.2000,76.5600,77.1600,55250310,4254139272.8200,1,0,2.473531
2021-04-14,sh.601318,76.9900,77.4800,76.8000,77.1500,76.5600,38078954,2936032853.5700,1,0,2.473531
2021-04-15,sh.601318,76.1500,76.4000,75.1800,75.8100,77.1500,79358244,6004162227.6900,1,0,2.473531
2021-04-16,sh.601318,75.7900,75.8800,75.0000,75.7000,75.8100,55174264,4158750980.3200,1,0,2.473531
2021-04-19,sh.601318,75.4500,76.1900,75.0000,76.1800,75.7000,65367596,4949470613.8300,1,0,2.473531
2021-04-20,sh.601318,76.0500,76.1500,75.4800,76.0000,76.1800,49248467,3730599989.6500,1,0,2.473531
2021-04-21,sh.601318,75.6100,75.8600,75.2800,75.6200,76.0000,41754851,3156222890.7000,1,0,2.473531
2021-04-22,sh.601318,74.9000,74.9300,73.9800,74.3700,74.2300,56065363,4167214249.8700,1,0,2.519849
2021-04-23,sh.601318,74.3700,75.5800,73.8800,74.2600,74.3700,86784514,6466806593.4800,1,0,2.519849
2021-04-26,sh.601318,74.0200,74.0300,72.7600,72.8900,74.2600,106192950,7769915592.2400,1,0,2.519849
2021-04-27,sh.601318,72.7200,73.4600,72.0300,73.2700,72.8900,75969268,5520922252.6200,1,0,2.519849
2021-04-28,sh.601318,73.0000,73.1100,72.3900,72.8100,73.2700,57062742,4147666503.3400,1,0,2.519849
2021-04-29,sh.601318,72.8100,73.9600,72.5600,73.8200,72.8100,54441616,4003254829.0900,1,0,2.519849
2021-04-30,sh.601318,73.9800,73.9800,72.3600,72.5000,73.8200,52463043,3825446895.4500,1,0,2.519849
2021-05-06,sh.601318,71.2000,71.8000,70.3600,70.5300,72.5000,92009492,6525763344.0100,1,0,2.519849
2021-05-07,sh.601318,70.7500,71.0900,70.0200,70.1000,70.5300,56146188,3961363207.1600,1,0,2.519849
2021-05-10,sh.601318,70.1800,70.4900,69.5000,70.0300,70.1000,52456956,3669862807.7300,1,0,2.519849
2021-05-11,sh.601318,69.8500,70.5300,69.3700,70.2800,70.0300,50953234,3559079174.7100,1,0,2.519849
2021-05-12,sh.601318,70.0000,70.5200,69.6600,69.9300,70.2800,40995688,2870375901.8500,1,0,2.519849
2021-05-13,sh.601318,69.4900,69.8300,68.8800,69.1400,69.9300,50644837,3506048010.0000,1,0,2.519849
2021-05-14,sh.601318,69.4000,71.1800,69.0400,71.1800,69.1400,81877185,5771742191.4300,1,0,2.519849
2021-05-17,sh.601318,70.4000,70.8200,70.0000,70.3700,71.1800,63300366,4455919018.7800,1,0,2.519849
2021-05-18,sh.601318,70.6800,71.3900,70.4500,70.9000,70.3700,41807341,2965118195.1500,1,0,2.519849
2021-05-19,sh.601318,70.7000,70.7000,69.8900,69.9700,70.9000,46584951,3262720506.7200,1,0,2.519849
2021-05-20,sh.601318,70.0000,70.9700,69.6200,70.7200,69.9700,42247209,2973914637.8500,1,0,2.519849
2021-05-21,sh.601318,71.0000,71.3800,70.0100,70.0500,70.7200,41383646,2914326900.7800,1,0,2.519849
2021-05-24,sh.601318,70.0000,70.3700,69.6500,69.9400,70.0500,35092199,2457923779.0600,1,0,2.519849
2021-05-25,sh.601318,70.0900,72.7400,69.7100,72.4600,69.9400,121383184,8699286543.6700,1,0,2.519849
2021-05-26,sh.601318,73.0900,73.2400,72.1800,72.3800,72.4600,71239561,5172565986.6100,1,0,2.519849
2021-05-27,sh.601318,72.3600,73.1300,71.8000,72.9000,72.3800,58100823,4208094448.5400,1,0,2.519849
2021-05-28,sh.601318,72.8000,73.5000,72.5000,72.9700,72.9000,51011335,3719019607.7000,1,0,2.519849
2021-05-31,sh.601318,72.6500,72.8000,71.4700,71.8000,72.9700,62483434,4481120143.9400,1,0,2.519849
2021-06-01,sh.601318,71.6900,71.6900,70.9000,71.1300,71.8000,59372658,4219115465.8000,1,0,2.519849
2021-06-02,sh.601318,71.3800,71.3900,70.3100,70.8700,71.1300,48109829,3404859399.5700,1,0,2.519849
2021-06-03,sh.601318,70.9000,71.5000,70.5000,70.6800,70.8700,40951584,2905789644.4000,1,0,2.519849
2021-06-04,sh.601318,70.4000,71.5800,70.3400,70.8500,70.6800,51486786,3647302263.7600,1,0,2.519849
2021-06-07,sh.601318,70.6000,70.6800,70.0600,70.2800,70.8500,38673941,2716404171.6700,1,0,2.519849
2021-06-08,sh.601318,70.2700,70.9300,69.9500,70.4100,70.2800,40701681,2862378172.2900,1,0,2.519849
2021-06-09,sh.601318,70.3000,70.9500,70.2000,70.3000,70.4100,40195812,2835797953.3600,1,0,2.519849
2021-06-10,sh.601318,70.2700,70.7900,70.0000,70.0100,70.3000,52461130,3686772006.6700,1,0,2.519849
2021-06-11,sh.601318,70.0100,70.1800,69.2600,69.4000,70.0100,63032364,4392612851.2000,1,0,2.519849
2021-06-15,sh.601318,69.0100,69.0600,66.9500,67.0700,69.4000,107755687,7263765616.1300,1,0,2.519849
2021-06-16,sh.601318,67.0100,67.7500,66.8100,67.0000,67.0700,52726975,3540192781.4800,1,0,2.519849
2021-06-17,sh.601318,67.0100,67.1900,66.0200,66.2500,67.0000,54804038,3649035812.2800,1,0,2.519849
2021-06-18,sh.601318,66.0000,66.0000,65.0000,65.1000,66.2500,85707220,5593424920.4800,1,0,2.519849
2021-06-21,sh.601318,64.4900,64.6500,63.7600,64.1600,65.1000,81085363,5198754493.5200,1,0,2.519849
2021-06-22,sh.601318,64.5000,65.3000,64.1700,64.7300,64.1600,62012704,4014245115.4300,1,0,2.519849
2021-06-23,sh.601318,64.7500,65.9700,64.7300,65.8200,64.7300,58687335,3847510813.8000,1,0,2.519849
2021-06-24,sh.601318,65.8400,66.3800,65.4800,65.9600,65.8200,41789971,2758134576.7500,1,0,2.519849
2021-06-25,sh.601318,66.0300,66.7800,65.7100,66.6800,65.9600,53565358,3555544932.2600,1,0,2.519849
2021-06-28,sh.601318,66.6800,66.6900,65.2000,65.6000,66.6800,51013404,3342960298.4900,1,0,2.519849
2021-06-29,sh.601318,65.3500,65.4000,64.3000,64.3800,65.6000,54966804,3554647982.2800,1,0,2.519849
2021-06-30,sh.601318,64.2000,64.7400,63.8000,64.2800,64.3800,47636890,3053959406.0700,1,0,2.519849
2021-07-01,sh.601318,64.2600,65.1700,63.5800,64.7600,64.2800,69261735,4449223158.1300,1,0,2.519849
2021-07-02,sh.601318,64.0300,64.0700,62.1000,62.3000,64.7600,102808162,6464701802.0400,1,0,2.519849
2021-07-05,sh.601318,61.9900,62.2800,61.1300,61.9100,62.3000,75064675,4629283874.8900,1,0,2.519849
2021-07-06,sh.601318,62.4200,63.1400,61.8500,62.9000,61.9100,68581285,4296674949.0000,1,0,2.519849
2021-07-07,sh.601318,62.6900,63.4100,62.0900,62.3700,62.9000,52316754,3272128188.2500,1,0,2.519849
2021-07-08,sh.601318,62.3700,62.3700,60.5200,60.7800,62.3700,83755851,5109707957.7100,1,0,2.519849
2021-07-09,sh.601318,60.4800,61.1500,59.8100,60.0900,60.7800,70761585,4267722638.2900,1,0,2.519849
2021-07-12,sh.601318,60.3100,60.4800,59.3200,59.4000,60.0900,81898922,4899580737.1100,1,0,2.519849
2021-07-13,sh.601318,59.4000,59.8800,59.0500,59.7000,59.4000,51333745,3058865430.4300,1,0,2.519849
2021-07-14,sh.601318,59.6500,59.6500,57.7800,57.9100,59.7000,106561835,6199867459.2400,1,0,2.519849
2021-07-15,sh.601318,58.2900,60.1900,57.9900,59.9800,57.9100,108588585,6439233470.0900,1,0,2.519849
2021-07-16,sh.601318,59.6900,60.2900,58.8800,59.7000,59.9800,57820403,3441570856.9900,1,0,2.519849
2021-07-19,sh.601318,59.8800,59.8800,58.0500,59.3500,59.7000,66650056,3912636302.2800,1,0,2.519849
2021-07-20,sh.601318,58.7900,59.2000,58.1300,58.4600,59.3500,44931031,2629530313.8900,1,0,2.519849
2021-07-21,sh.601318,58.1500,58.8400,57.9000,58.0800,58.4600,58704444,3414125947.5700,1,0,2.519849
2021-07-22,sh.601318,57.8500,59.0700,57.5100,58.5400,58.0800,63661381,3727361014.2100,1,0,2.519849
2021-07-23,sh.601318,58.5000,58.7700,57.6200,57.6400,58.5400,59325514,3438617481.9800,1,0,2.519849
2021-07-26,sh.601318,57.0900,57.0900,54.3300,54.5000,57.6400,117486467,6496203840.1000,1,0,2.519849
2021-07-27,sh.601318,54.5000,54.6800,52.3600,52.6700,54.5000,93901074,5031582117.2600,1,0,2.519849
2021-07-28,sh.601318,52.7000,53.5900,52.5100,53.1100,52.6700,83836567,4457853454.7300,1,0,2.519849
2021-07-29,sh.601318,53.6500,53.6800,52.7500,53.2500,53.1100,76800442,4078215601.2500,1,0,2.519849
2021-07-30,sh.601318,53.1300,54.1500,52.6000,53.6700,53.2500,65088842,3480202766.8000,1,0,2.519849
2021-08-02,sh.601318,53.5000,54.9800,52.4900,54.0100,53.6700,97161064,5244071665.6600,1,0,2.519849
2021-08-03,sh.601318,53.8800,54.4100,53.5800,54.2400,54.0100,65820268,3558132760.1200,1,0,2.519849
2021-08-04,sh.601318,54.3000,54.3000,53.3300,53.6000,54.2400,64665951,3470521725.6500,1,0,2.519849
2021-08-05,sh.601318,53.5100,55.5000,53.3500,54.2000,53.6000,84322088,4596909874.0700,1,0,2.519849
2021-08-06,sh.601318,53.4500,53.8400,53.0500,53.6700,54.2000,50241086,2685679365.6900,1,0,2.519849
2021-08-09,sh.601318,53.2000,55.8600,53.1000,55.1200,53.6700,91882127,5048464776.3300,1,0,2.519849
2021-08-10,sh.601318,54.8500,55.8900,54.1800,55.7300,55.1200,76365642,4201861226.7800,1,0,2.519849
2021-08-11,sh.601318,55.7300,56.7900,55.4400,55.8000,55.7300,82202018,4613172522.5200,1,0,2.519849
2021-08-12,sh.601318,55.7300,55.8900,54.6400,54.7400,55.8000,57306968,3157627499.2600,1,0,2.519849
2021-08-13,sh.601318,54.2800,54.9700,54.0000,54.3100,54.7400,48471805,2633761393.8800,1,0,2.519849
2021-08-16,sh.601318,54.0000,55.3000,53.9000,54.9300,54.3100,46009551,2522890290.2400,1,0,2.519849
2021-08-17,sh.601318,54.6900,55.7000,54.1800,54.2100,54.9300,69026207,3790616958.6100,1,0,2.519849
2021-08-18,sh.601318,54.0200,56.1100,53.7700,56.0400,54.2100,96366560,5322900807.9700,1,0,2.519849
2021-08-19,sh.601318,55.5900,55.7600,53.6600,53.7100,56.0400,114860603,6231137141.5500,1,0,2.519849
2021-08-20,sh.601318,53.1100,53.6600,52.8100,53.0100,53.7100,67560655,3585422086.2400,1,0,2.519849
2021-08-23,sh.601318,53.0100,53.4600,52.6000,52.7000,53.0100,59491185,3146935844.4200,1,0,2.519849
2021-08-24,sh.601318,52.3000,52.7400,51.3900,51.8000,52.7000,94659663,4915208404.8100,1,0,2.519849
2021-08-25,sh.601318,51.9200,52.2200,51.4600,51.5800,51.8000,61059554,3156821226.6400,1,0,2.519849
2021-08-26,sh.601318,51.5000,51.5000,50.2900,50.3000,51.5800,88681394,4490652616.9600,1,0,2.519849
2021-08-27,sh.601318,51.0500,52.3300,51.0400,52.0000,50.3000,101781872,5267788079.6200,1,0,2.519849
2021-08-30,sh.601318,52.0000,52.0000,50.3500,50.7100,52.0000,95948717,4877480460.6800,1,0,2.519849
2021-08-31,sh.601318,50.2000,50.4700,48.8800,49.9000,50.7100,158678325,7870703426.1000,1,0,2.519849
2021-09-01,sh.601318,49.7800,52.0500,49.6100,51.4900,49.9000,163160036,8348618929.4700,1,0,2.519849
2021-09-02,sh.601318,51.0100,51.7400,50.6700,51.5500,51.4900,87858567,4502512755.9400,1,0,2.519849
2021-09-03,sh.601318,51.5600,52.5100,50.7000,51.7100,51.5500,90260347,4667297729.4800,1,0,2.519849
2021-09-06,sh.601318,51.6900,52.1500,51.1800,51.5800,51.7100,88301950,4554856268.5600,1,0,2.519849
2021-09-07,sh.601318,51.6200,52.5400,51.0800,52.3400,51.5800,94737441,4916249825.9000,1,0,2.519849
2021-09-08,sh.601318,52.0000,52.6300,51.6800,51.9500,52.3400,84399193,4395561676.2300,1,0,2.519849
2021-09-09,sh.601318,51.4000,51.7200,51.0100,51.6200,51.9500,73490775,3776998807.5200,1,0,2.519849
2021-09-10,sh.601318,51.3500,52.5000,51.2800,51.7100,51.6200,84549097,4382584447.2300,1,0,2.519849
2021-09-13,sh.601318,51.4800,51.5900,51.0600,51.1200,51.7100,66980000,3430907757.1200,1,0,2.519849
2021-09-14,sh.601318,51.4400,51.5800,49.8100,49.8600,51.1200,108266166,5452993892.7000,1,0,2.519849
2021-09-15,sh.601318,49.5000,49.8800,49.3000,49.4700,49.8600,64542318,3197409970.4500,1,0,2.519849
2021-09-16,sh.601318,49.3200,49.9800,49.2100,49.5100,49.4700,59115597,2930501964.8100,1,0,2.519849
2021-09-17,sh.601318,49.4000,49.7800,48.2200,48.6800,49.5100,92721442,4523289513.6500,1,0,2.519849
2021-09-22,sh.601318,47.5000,48.0800,47.3000,47.7800,48.6800,72393010,3447060473.7200,1,0,2.519849
2021-09-23,sh.601318,48.5000,49.3500,48.0100,48.2200,47.7800,75804482,3676425703.2300,1,0,2.519849
2021-09-24,sh.601318,48.2300,48.8800,47.9000,48.0800,48.2200,84358359,4074494916.6800,1,0,2.519849
2021-09-27,sh.601318,47.9000,49.2400,47.8200,49.0000,48.0800,99008099,4812486506.0700,1,0,2.519849
2021-09-28,sh.601318,48.9900,49.6300,48.5200,49.2600,49.0000,77950696,3832059452.4500,1,0,2.519849
2021-09-29,sh.601318,48.7700,49.5400,48.5200,49.1900,49.2600,63129533,3095105433.4100,1,0,2.519849
2021-09-30,sh.601318,49.3000,49.3000,48.2300,48.3600,49.1900,68007025,3300543923.2500,1,0,2.519849
2021-10-08,sh.601318,50.5000,52.1000,50.1100,52.1000,48.3600,218002823,11199501310.4000,1,0,2.519849
2021-10-11,sh.601318,52.1000,53.3900,51.9400,52.7400,52.1000,150449954,7944560508.6400,1,0,2.519849
2021-10-12,sh.601318,52.0500,53.0400,51.6800,52.2600,52.7400,94465572,4939402091.0700,1,0,2.519849
2021-10-13,sh.601318,52.1000,52.1900,50.9000,51.7500,52.2600,64988916,3345977424.7300,1,0,2.519849
2021-10-14,sh.601318,51.7000,52.0000,51.2000,51.4100,51.7500,42700600,2198216041.6200,1,0,2.519849
2021-10-15,sh.601318,51.1300,51.5800,50.6200,50.8800,51.4100,73301699,3738306563.0800,1,0,2.519849
2021-10-18,sh.601318,51.0800,51.2400,49.6800,49.8600,50.8800,77197137,3862682042.3700,1,0,2.519849
2021-10-19,sh.601318,49.8500,51.8500,49.7000,51.4500,49.8600,84752705,4332898990.0600,1,0,2.519849
2021-10-20,sh.601318,51.7000,52.0400,50.7900,51.3700,51.4500,66823896,3429513908.0100,1,0,2.519849
2021-10-21,sh.601318,51.5500,54.8800,51.5100,54.2800,51.3700,211005833,11318517616.1200,1,0,2.519849
2021-10-22,sh.601318,54.6800,54.8500,53.6000,54.2900,54.2800,102633032,5559123302.7900,1,0,2.519849
2021-10-25,sh.601318,53.2000,53.3700,52.4500,53.2100,53.4200,75444693,3999143837.9500,1,0,2.560888
2021-10-26,sh.601318,53.2100,53.9800,52.1000,52.1700,53.2100,74882514,3939605236.3000,1,0,2.560888
2021-10-27,sh.601318,51.9700,52.6500,51.5400,51.6500,52.1700,58905249,3060201711.5200,1,0,2.560888
2021-10-28,sh.601318,50.7300,51.4100,50.0500,51.3000,51.6500,85061904,4309021231.6900,1,0,2.560888
2021-10-29,sh.601318,50.8200,51.2300,49.2400,49.5700,51.3000,146662660,7317467292.4700,1,0,2.560888
2021-11-01,sh.601318,49.0000,50.4500,48.7500,50.1200,49.5700,62876101,3132879985.4100,1,0,2.560888
2021-11-02,sh.601318,50.2100,50.6700,49.2200,50.0100,50.1200,78272461,3909158858.9700,1,0,2.560888
2021-11-03,sh.601318,50.0000,50.7500,49.8500,50.0500,50.0100,47676290,2394903860.6900,1,0,2.560888
2021-11-04,sh.601318,49.9000,50.1400,49.5300,49.7000,50.0500,53205267,2651047241.8400,1,0,2.560888
2021-11-05,sh.601318,49.7000,50.3400,49.5900,49.9300,49.7000,41665467,2082833762.6200,1,0,2.560888
2021-11-08,sh.601318,49.8900,50.7000,49.3700,50.4000,49.9300,53172448,2672600378.2000,1,0,2.560888
2021-11-09,sh.601318,50.4800,50.8300,49.6000,49.6900,50.4000,64051070,3197023016.7900,1,0,2.560888
2021-11-10,sh.601318,49.5000,49.5600,48.3300,49.1300,49.6900,81604856,3984320340.6600,1,0,2.560888
2021-11-11,sh.601318,49.1100,51.1600,49.0000,51.1500,49.1300,111085845,5599660442.0500,1,0,2.560888
2021-11-12,sh.601318,51.1300,51.1300,50.1500,50.6100,51.1500,58595861,2959880934.3600,1,0,2.560888
2021-11-15,sh.601318,50.8500,51.2000,50.2300,50.6000,50.6100,44209113,2234792751.3300,1,0,2.560888
2021-11-16,sh.601318,50.6000,50.9400,50.0000,50.3600,50.6000,47743813,2408299421.8400,1,0,2.560888
2021-11-17,sh.601318,49.9900,50.5300,49.8800,50.0500,50.3600,35153171,1761772273.5500,1,0,2.560888
2021-11-18,sh.601318,49.9000,49.9100,49.5100,49.5100,50.0500,42332467,2100629356.1800,1,0,2.560888
2021-11-19,sh.601318,49.4000,50.1100,49.2500,49.9600,49.5100,42829007,2129834610.3800,1,0,2.560888
2021-11-22,sh.601318,49.8500,49.9400,49.5500,49.7100,49.9600,34005123,1689972482.2800,1,0,2.560888
2021-11-23,sh.601318,49.6800,50.1700,49.4900,49.6200,49.7100,40224098,1998608177.7200,1,0,2.560888
2021-11-24,sh.601318,49.6200,50.0000,49.3500,49.7500,49.6200,36196146,1797538854.7800,1,0,2.560888
2021-11-25,sh.601318,49.7600,49.7600,49.3600,49.4000,49.7500,40741147,2015604610.0300,1,0,2.560888
2021-11-26,sh.601318,49.2400,49.2600,48.7100,48.7200,49.4000,58902348,2877589396.6700,1,0,2.560888
2021-11-29,sh.601318,48.4900,48.8500,48.3200,48.6600,48.7200,40427298,1962257345.2700,1,0,2.560888
2021-11-30,sh.601318,48.5100,48.8300,48.1700,48.2200,48.6600,46694734,2261836624.8100,1,0,2.560888
2021-12-01,sh.601318,48.2700,48.9800,48.2700,48.8700,48.2200,42213672,2056563216.4000,1,0,2.560888
2021-12-02,sh.601318,48.6100,49.1400,48.4200,48.8800,48.8700,38330050,1872134786.9700,1,0,2.560888
2021-12-03,sh.601318,48.9800,49.2500,48.4800,48.9900,48.8800,42748910,2084975989.2500,1,0,2.560888
2021-12-06,sh.601318,49.1000,49.7500,49.1000,49.1500,48.9900,61036902,3015007470.4100,1,0,2.560888
2021-12-07,sh.601318,49.5000,50.5000,49.2100,50.3900,49.1500,101150186,5055319580.4400,1,0,2.560888
2021-12-08,sh.601318,50.3900,50.4000,49.9000,50.3400,50.3900,65354434,3276622572.5500,1,0,2.560888
2021-12-09,sh.601318,50.3600,51.8300,50.1300,51.3100,50.3400,124929614,6402621864.1100,1,0,2.560888
2021-12-10,sh.601318,51.0000,51.4900,50.9000,51.2200,51.3100,73770661,3780503004.9600,1,0,2.560888
2021-12-13,sh.601318,51.6600,52.5000,51.1200,51.1500,51.2200,91858148,4747262449.6900,1,0,2.560888
2021-12-14,sh.601318,50.9000,51.3500,50.7000,50.8500,51.1500,58733411,2990682219.2100,1,0,2.560888
2021-12-15,sh.601318,50.7900,51.0800,50.5300,50.7000,50.8500,36383253,1846757807.0500,1,0,2.560888
2021-12-16,sh.601318,50.7900,51.2900,50.5000,51.2000,50.7000,51436592,2622388752.4800,1,0,2.560888
2021-12-17,sh.601318,51.0200,51.4000,50.3800,50.5400,51.2000,53967033,2741367544.3400,1,0,2.560888
2021-12-20,sh.601318,50.2400,50.8500,50.2000,50.2800,50.5400,42844182,2164397413.8000,1,0,2.560888
2021-12-21,sh.601318,50.2900,51.1400,50.2800,50.8400,50.2800,39397878,2004481926.9800,1,0,2.560888
2021-12-22,sh.601318,50.9300,51.0000,50.1300,50.1800,50.8400,42540466,2143777013.5700,1,0,2.560888
2021-12-23,sh.601318,50.1900,50.4000,49.7500,50.2200,50.1800,40497888,2027860561.2000,1,0,2.560888
2021-12-24,sh.601318,50.1900,50.2000,49.7200,49.8200,50.2200,31293517,1560671249.2800,1,0,2.560888
2021-12-27,sh.601318,49.9600,50.2000,49.8700,49.9800,49.8200,27470106,1373481524.1800,1,0,2.560888
2021-12-28,sh.601318,50.3000,51.1300,50.1000,50.8700,49.9800,61735856,3137430543.7500,1,0,2.560888
2021-12-29,sh.601318,51.1000,51.1600,50.5200,50.8100,50.8700,37646906,1913669684.7200,1,0,2.560888
2021-12-30,sh.601318,50.9000,50.9900,50.4100,50.4100,50.8100,42787989,2167180059.7800,1,0,2.560888
2021-12-31,sh.601318,50.4300,50.8500,50.1500,50.4100,50.4100,35800024,1805071299.1200,1,0,2.560888
2022-01-04,sh.601318,50.4000,51.0600,50.1000,51.0000,50.4100,63583763,3221366643.3100,1,0,2.560888
2022-01-05,sh.601318,51.1100,52.4000,50.9700,52.0700,51.0000,118124669,6124173627.6600,1,0,2.560888
2022-01-06,sh.601318,51.9900,52.0200,51.2200,51.3000,52.0700,66165825,3408947587.6300,1,0,2.560888
2022-01-07,sh.601318,51.4900,53.3300,51.4500,52.9400,51.3000,123075974,6481039300.2800,1,0,2.560888
2022-01-10,sh.601318,52.9900,53.5600,52.5000,53.0800,52.9400,76113442,4033301414.6200,1,0,2.560888
2022-01-11,sh.601318,53.1700,53.7400,52.5400,52.8600,53.0800,68092028,3612879173.7400,1,0,2.560888
2022-01-12,sh.601318,52.6000,52.8100,51.8600,52.5000,52.8600,57292274,2998981426.7600,1,0,2.560888
2022-01-13,sh.601318,52.5500,53.6800,52.3000,52.3000,52.5000,72866329,3862897677.6600,1,0,2.560888
2022-01-14,sh.601318,52.3500,52.5000,51.0600,51.1000,52.3000,77939676,4014279655.6100,1,0,2.560888
2022-01-17,sh.601318,51.1100,51.4300,50.7500,50.9400,51.1000,46056724,2348769408.5400,1,0,2.560888
2022-01-18,sh.601318,50.9400,51.5900,50.6000,51.2300,50.9400,63697991,3252038698.2100,1,0,2.560888
2022-01-19,sh.601318,51.3000,51.8400,51.1100,51.4500,51.2300,48331572,2488231273.2200,1,0,2.560888
2022-01-20,sh.601318,51.5000,53.5200,51.4500,53.4000,51.4500,144835941,7661793651.1000,1,0,2.560888
2022-01-21,sh.601318,53.5000,53.8000,53.0000,53.5500,53.4000,104189534,5564930631.0100,1,0,2.560888
2022-01-24,sh.601318,53.5300,53.5300,52.5300,53.1300,53.5500,54264076,2873364828.6100,1,0,2.560888
2022-01-25,sh.601318,52.6000,52.9000,51.1000,51.2000,53.1300,77666210,4032087601.8200,1,0,2.560888
2022-01-26,sh.601318,51.6800,52.1900,51.2200,51.8300,51.2000,48327488,2502203699.9300,1,0,2.560888
2022-01-27,sh.601318,51.5000,51.5000,50.7700,50.7900,51.8300,58650221,2992952668.7500,1,0,2.560888
2022-01-28,sh.601318,51.0200,51.3500,49.8000,49.9700,50.7900,72935539,3688023391.4500,1,0,2.560888
2022-02-07,sh.601318,51.3400,52.4700,50.7000,51.9800,49.9700,94041650,4858781709.9000,1,0,2.560888
2022-02-08,sh.601318,51.7600,53.0300,51.7200,53.0000,51.9800,86611569,4567112317.0200,1,0,2.560888
2022-02-09,sh.601318,53.2400,54.0000,52.8800,53.0400,53.0000,88043453,4695366257.2100,1,0,2.560888
2022-02-10,sh.601318,53.1800,54.1800,52.8000,54.1800,53.0400,96278716,5186085981.0900,1,0,2.560888
2022-02-11,sh.601318,54.3500,56.2300,54.0800,55.5900,54.1800,158377687,8759711015.4700,1,0,2.560888
2022-02-14,sh.601318,55.0100,55.3000,53.6800,53.9000,55.5900,94465413,5121073204.6900,1,0,2.560888
2022-02-15,sh.601318,53.5500,53.9000,52.9100,53.2800,53.9000,63540572,3385015077.4500,1,0,2.560888
2022-02-16,sh.601318,53.5000,54.1800,53.2800,53.8400,53.2800,52320987,2818960513.0600,1,0,2.560888
2022-02-17,sh.601318,54.1000,54.6300,53.3600,53.6500,53.8400,50490447,2723626777.4900,1,0,2.560888
2022-02-18,sh.601318,53.6000,54.6000,53.4400,54.5000,53.6500,48422611,2621179790.3800,1,0,2.560888
2022-02-21,sh.601318,54.1000,54.2500,53.5100,54.1600,54.5000,38792845,2089115305.5200,1,0,2.560888
2022-02-22,sh.601318,53.5200,53.6000,52.7100,53.0700,54.1600,57749929,3064280601.3400,1,0,2.560888
2022-02-23,sh.601318,53.1000,53.3000,52.6900,52.8900,53.0700,46360166,2449763788.5700,1,0,2.560888
2022-02-24,sh.601318,52.1500,52.2500,51.0900,51.4600,52.8900,97539602,5039207432.7100,1,0,2.560888
2022-02-25,sh.601318,51.7000,52.0600,51.2100,51.4000,51.4600,54441639,2808109116.4300,1,0,2.560888
2022-02-28,sh.601318,51.1000,51.1000,50.2500,50.7600,51.4000,73188326,3707888592.0000,1,0,2.560888
2022-03-01,sh.601318,51.0100,51.4000,50.5700,51.3900,50.7600,56803579,2895181120.0000,1,0,2.560888
2022-03-02,sh.601318,50.9000,51.2300,50.7000,50.7600,51.3900,43692256,2222138928.0000,1,0,2.560888
2022-03-03,sh.601318,50.8000,51.1900,50.7000,50.9200,50.7600,35267571,1795901328.0000,1,0,2.560888
2022-03-04,sh.601318,50.4700,50.4800,49.9600,50.1000,50.9200,70086471,3510136272.0000,1,0,2.560888
2022-03-07,sh.601318,49.6200,49.6200,48.6600,48.8800,50.1000,78459673,3847577920.0000,1,0,2.560888
2022-03-08,sh.601318,48.7200,49.0600,47.3000,47.4700,48.8800,83440296,4021028000.0000,1,0,2.560888
2022-03-09,sh.601318,47.6100,47.9300,45.5000,46.9200,47.4700,82554495,3878723584.0000,1,0,2.560888
2022-03-10,sh.601318,47.9500,48.0400,46.8600,46.9100,46.9200,58775280,2783372912.0000,1,0,2.560888
2022-03-11,sh.601318,46.0000,47.4000,45.7000,47.1400,46.9100,66707823,3085709552.0000,1,0,2.560888
2022-03-14,sh.601318,46.0000,46.5700,45.7700,45.8100,47.1400,59257848,2734567248.0000,1,0,2.560888
2022-03-15,sh.601318,45.0500,45.2000,42.5500,42.6500,45.8100,126937879,5571772416.0000,1,0,2.560888
2022-03-16,sh.601318,43.2900,44.6500,42.3300,44.2900,42.6500,100969426,4391918336.0000,1,0,2.560888
2022-03-17,sh.601318,45.5000,46.2000,44.7500,45.5000,44.2900,109572199,4982734592.0000,1,0,2.560888
2022-03-18,sh.601318,45.0500,48.3800,44.9200,47.9300,45.5000,155232341,7308943910.1000,1,0,2.560888
2022-03-21,sh.601318,47.7700,47.7700,46.6300,47.0400,47.9300,94951866,4472952774.8700,1,0,2.560888
2022-03-22,sh.601318,46.5000,47.8600,46.4500,47.8000,47.0400,74211155,3516558053.6300,1,0,2.560888
2022-03-23,sh.601318,47.5600,48.1600,47.1500,47.9000,47.8000,57702918,2748027969.7500,1,0,2.560888
2022-03-24,sh.601318,47.5300,48.7200,47.4000,48.2500,47.9000,61075714,2943276289.0700,1,0,2.560888
2022-03-25,sh.601318,48.0100,48.7900,47.5800,47.6300,48.2500,55993803,2696644332.9000,1,0,2.560888
2022-03-28,sh.601318,47.4000,48.1200,46.9300,47.8500,47.6300,39368626,1872940910.8100,1,0,2.560888
2022-03-29,sh.601318,47.9500,48.2000,47.1500,47.2100,47.8500,32235684,1532063819.9600,1,0,2.560888
2022-03-30,sh.601318,47.5500,48.8300,47.4500,48.7000,47.2100,57542713,2776948845.1000,1,0,2.560888
2022-03-31,sh.601318,48.4000,49.2500,48.3000,48.4500,48.7000,42349781,2063589520.4700,1,0,2.560888
2022-04-01,sh.601318,48.3000,49.1100,48.1100,48.9600,48.4500,47367667,2307234644.4000,1,0,2.560888
2022-04-06,sh.601318,49.0500,49.9200,49.0000,49.5400,48.9600,64005275,3166678385.0000,1,0,2.560888
2022-04-07,sh.601318,49.2000,49.5200,48.2900,48.4800,49.5400,50112992,2447803110.4600,1,0,2.560888
2022-04-08,sh.601318,48.3500,49.2500,48.3500,49.2400,48.4800,43473184,2124961295.2100,1,0,2.560888
2022-04-11,sh.601318,48.9100,48.9800,47.5200,47.6200,49.2400,50640496,2433396185.5600,1,0,2.560888
2022-04-12,sh.601318,47.8600,48.8800,47.4800,48.4700,47.6200,46739555,2251825857.2700,1,0,2.560888
2022-04-13,sh.601318,48.2500,48.3800,47.6800,47.8200,48.4700,31775137,1524357800.9100,1,0,2.560888
2022-04-14,sh.601318,48.3700,48.5200,47.9000,48.1900,47.8200,35884891,1731655002.6900,1,0,2.560888
2022-04-15,sh.601318,48.0000,48.7400,47.9000,48.3000,48.1900,31411511,1520937850.5200,1,0,2.560888
2022-04-18,sh.601318,47.9900,47.9900,46.8300,47.0000,48.3000,40537521,1912485738.1100,1,0,2.560888
2022-04-19,sh.601318,47.0500,47.2700,46.1300,46.4400,47.0000,36954300,1723558436.0700,1,0,2.560888
2022-04-20,sh.601318,46.6500,46.7900,45.8300,45.9100,46.4400,38060988,1755500125.4100,1,0,2.560888
2022-04-21,sh.601318,45.8800,47.1800,45.8100,46.2200,45.9100,54904356,2554919426.4900,1,0,2.560888
2022-04-22,sh.601318,46.0100,46.9700,45.9100,46.4600,46.2200,39732577,1851934816.2600,1,0,2.560888
2022-04-25,sh.601318,45.0000,46.1800,44.7000,44.8500,46.4600,67392037,3063041721.9200,1,0,2.560888
2022-04-26,sh.601318,44.8400,45.1800,43.5100,43.5900,44.8500,63892364,2826379496.3100,1,0,2.560888
2022-04-27,sh.601318,43.4100,44.2000,43.1800,43.9100,43.5900,53108352,2325674730.2300,1,0,2.560888
2022-04-28,sh.601318,43.7900,43.9100,43.1600,43.6600,43.9100,52599939,2288623795.6200,1,0,2.560888
2022-04-29,sh.601318,43.8000,45.1200,43.6000,44.5600,43.6600,51638636,2285939805.0400,1,0,2.560888
2022-05-05,sh.601318,44.7900,45.5800,44.7500,45.0200,44.5600,42878154,1935547320.5500,1,0,2.560888
2022-05-06,sh.601318,44.4500,44.9800,44.0000,44.0600,45.0200,37231482,1649081440.2600,1,0,2.560888
2022-05-09,sh.601318,44.0800,44.4100,43.8700,44.3500,44.0600,25611950,1131162025.8100,1,0,2.560888
2022-05-10,sh.601318,43.8500,44.6800,43.7000,44.4700,44.3500,40469305,1788324114.4700,1,0,2.560888
2022-05-11,sh.601318,44.4400,45.0100,44.2100,44.7300,44.4700,60728482,2710550319.7900,1,0,2.560888
2022-05-12,sh.601318,44.3500,44.5800,43.8500,44.0000,44.7300,42773836,1889495299.0100,1,0,2.560888
2022-05-13,sh.601318,44.1800,44.5000,43.5900,43.9600,44.0000,41233483,1813781043.8500,1,0,2.560888
2022-05-16,sh.601318,44.1500,44.2100,43.1800,43.3600,43.9600,46886281,2039402750.5500,1,0,2.560888
2022-05-17,sh.601318,43.5000,43.8800,43.2700,43.8200,43.3600,40137298,1750419695.8200,1,0,2.560888
2022-05-18,sh.601318,43.9900,44.1000,43.3600,43.6300,43.8200,35234171,1534485032.0600,1,0,2.560888
2022-05-19,sh.601318,43.1000,43.4400,43.0300,43.2900,43.6300,28281629,1221097064.4100,1,0,2.560888
2022-05-20,sh.601318,43.4000,44.3600,43.4000,44.3100,43.2900,54975115,2416391969.2500,1,0,2.560888
2022-05-23,sh.601318,44.1500,44.2700,43.6900,43.8900,44.3100,35909822,1576944732.9100,1,0,2.560888
2022-05-24,sh.601318,43.8000,44.1100,43.1100,43.1400,43.8900,39342426,1713116639.6800,1,0,2.560888
2022-05-25,sh.601318,43.0300,43.5000,43.0200,43.2300,43.1400,26374891,1140221232.9600,1,0,2.560888
2022-05-26,sh.601318,43.3100,43.5500,42.9500,43.1500,43.2300,40099222,1731580780.7500,1,0,2.560888
2022-05-27,sh.601318,43.4100,43.8500,43.4000,43.5300,43.1500,38790063,1691969134.9500,1,0,2.560888
2022-05-30,sh.601318,43.9300,44.3600,43.7200,44.1500,43.5300,52217489,2305387119.7500,1,0,2.560888
2022-05-31,sh.601318,44.2300,44.7800,44.0000,44.2000,44.1500,54065261,2405912876.9000,1,0,2.560888
2022-06-01,sh.601318,44.2500,44.5500,43.9100,44.1700,44.2000,32852073,1451299033.2500,1,0,2.560888
2022-06-02,sh.601318,43.8000,44.0300,43.5500,44.0000,44.1700,34082891,1492824853.0800,1,0,2.560888
2022-06-06,sh.601318,43.9900,44.2700,43.3300,44.2600,44.0000,54326745,2379234042.9200,1,0,2.560888
2022-06-07,sh.601318,44.2600,44.3800,43.9500,44.1500,44.2600,43157460,1905453944.0100,1,0,2.560888
2022-06-08,sh.601318,44.2500,44.7100,44.0600,44.5900,44.1500,52956201,2348846220.9800,1,0,2.560888
2022-06-09,sh.601318,44.7000,45.0300,44.4700,44.6200,44.5900,53243046,2381813808.6400,1,0,2.560888
2022-06-10,sh.601318,44.3500,45.0000,44.0800,44.9400,44.6200,56531953,2516496822.9400,1,0,2.560888
2022-06-13,sh.601318,44.5000,44.6000,44.0200,44.1400,44.9400,53712124,2376099097.5500,1,0,2.560888
2022-06-14,sh.601318,43.9000,45.2500,43.8000,45.2200,44.1400,62895792,2792817385.8500,1,0,2.560888
2022-06-15,sh.601318,45.0000,48.5600,44.9100,47.6500,45.2200,198589228,9379923905.9800,1,0,2.560888
2022-06-16,sh.601318,47.3800,47.5000,46.5000,46.5000,47.6500,84493103,3962136640.0000,1,0,2.560888
2022-06-17,sh.601318,46.3700,47.2600,46.2500,47.0300,46.5000,56670396,2653020562.9200,1,0,2.560888
2022-06-20,sh.601318,45.7200,45.8500,45.0500,45.3600,45.5400,57061489,2589929720.8400,1,0,2.644676
2022-06-21,sh.601318,45.6800,46.7800,45.4500,46.1300,45.3600,68456932,3156745208.7300,1,0,2.644676
2022-06-22,sh.601318,46.2000,46.3200,45.4000,45.4000,46.1300,43690689,2001539979.7100,1,0,2.644676
2022-06-23,sh.601318,45.6300,46.5000,45.6300,46.2500,45.4000,49426523,2279310521.0900,1,0,2.644676
2022-06-24,sh.601318,46.4300,46.8500,46.2200,46.7600,46.2500,53672389,2498586724.9100,1,0,2.644676
2022-06-27,sh.601318,46.8500,47.1000,46.5000,46.8000,46.7600,44985821,2106674710.6600,1,0,2.644676
2022-06-28,sh.601318,46.8200,47.1900,46.3500,46.9000,46.8000,35170689,1642425116.7100,1,0,2.644676
2022-06-29,sh.601318,46.8900,47.4400,46.5800,46.7900,46.9000,41277246,1939726830.3000,1,0,2.644676
2022-06-30,sh.601318,46.8000,47.2000,46.4600,46.6900,46.7900,39185266,1837626219.3200,1,0,2.644676
2022-07-01,sh.601318,46.7000,46.9800,46.1200,46.3100,46.6900,35756842,1657492966.0900,1,0,2.644676
2022-07-04,sh.601318,46.2000,46.5000,45.8000,46.4600,46.3100,40712960,1877564068.6800,1,0,2.644676
2022-07-05,sh.601318,46.4800,47.5500,46.3800,46.6100,46.4600,45256850,2123843408.8600,1,0,2.644676
2022-07-06,sh.601318,46.6200,46.6300,45.7500,45.8500,46.6100,38956093,1790455442.3900,1,0,2.644676
2022-07-07,sh.601318,45.6500,46.1400,45.5900,45.6000,45.8500,29372210,1344724699.7200,1,0,2.644676
2022-07-08,sh.601318,45.9100,46.3800,45.6800,45.8200,45.6000,29228342,1342052753.7900,1,0,2.644676
2022-07-11,sh.601318,45.6100,45.7700,45.2200,45.3800,45.8200,28113511,1278575006.2500,1,0,2.644676
2022-07-12,sh.601318,45.3800,45.7400,45.1200,45.5100,45.3800,25405548,1155657116.9300,1,0,2.644676
2022-07-13,sh.601318,45.4200,45.6300,45.0000,45.0800,45.5100,29658829,1343407215.8400,1,0,2.644676
2022-07-14,sh.601318,44.9000,45.0400,43.4300,43.6000,45.0800,90304414,3963303834.9400,1,0,2.644676
2022-07-15,sh.601318,43.6100,44.0900,42.7000,42.7100,43.6000,69404157,3006689109.1500,1,0,2.644676
2022-07-18,sh.601318,42.7500,43.6900,42.7200,43.4500,42.7100,35524425,1539005270.6900,1,0,2.644676
2022-07-19,sh.601318,43.4200,43.7700,42.9000,43.4000,43.4500,35610607,1540543118.6200,1,0,2.644676
2022-07-20,sh.601318,43.7800,43.8300,43.3600,43.4000,43.4000,24956569,1086228779.2100,1,0,2.644676
2022-07-21,sh.601318,43.2300,43.2500,42.6500,42.7400,43.4000,40556770,1740841568.4200,1,0,2.644676
2022-07-22,sh.601318,42.8000,43.3600,42.7800,43.0500,42.7400,29435598,1268468017.3400,1,0,2.644676
2022-07-25,sh.601318,43.0000,43.1200,42.7200,42.9200,43.0500,22513504,965101818.4900,1,0,2.644676
2022-07-26,sh.601318,42.9500,43.2900,42.9200,43.2000,42.9200,22847447,986279479.3500,1,0,2.644676
2022-07-27,sh.601318,43.0600,43.1800,42.7000,42.7900,43.2000,29639869,1269990090.9300,1,0,2.644676
2022-07-28,sh.601318,42.9000,43.2500,42.7100,42.7200,42.7900,34874952,1497610794.9700,1,0,2.644676
2022-07-29,sh.601318,42.7900,43.1500,42.1000,42.1200,42.7200,46070387,1954616264.8000,1,0,2.644676
2022-08-01,sh.601318,42.1100,42.1200,41.7500,41.8400,42.1200,30655094,1283322796.9900,1,0,2.644676
2022-08-02,sh.601318,41.5300,41.5500,40.5300,41.1700,41.8400,60400823,2476611786.0000,1,0,2.644676
2022-08-03,sh.601318,41.1400,41.4000,40.7400,40.8300,41.1700,40785171,1673612767.9800,1,0,2.644676
2022-08-04,sh.601318,41.1200,41.3000,40.9000,41.0800,40.8300,25116335,1032245453.0000,1,0,2.644676
2022-08-05,sh.601318,41.2900,41.6800,40.9800,41.5400,41.0800,29671019,1224704136.0000,1,0,2.644676
2022-08-08,sh.601318,41.3000,41.5400,41.0000,41.1800,41.5400,30159403,1242870500.0000,1,0,2.644676
2022-08-09,sh.601318,41.1700,41.2100,40.9200,40.9600,41.1800,25139703,1031147757.0000,1,0,2.644676
2022-08-10,sh.601318,40.9600,41.0800,40.3600,40.4000,40.9600,46008881,1866972936.0000,1,0,2.644676
2022-08-11,sh.601318,40.5900,41.6800,40.4200,41.4600,40.4000,61070138,2510973870.0000,1,0,2.644676
2022-08-12,sh.601318,41.2600,41.7600,41.1400,41.6100,41.4600,35993337,1493312068.0000,1,0,2.644676
2022-08-15,sh.601318,41.4300,41.7600,41.1300,41.1400,41.6100,33276942,1373975116.5300,1,0,2.644676
2022-08-16,sh.601318,41.3400,41.4700,40.9000,40.9900,41.1400,27739045,1140974334.1200,1,0,2.644676
2022-08-17,sh.601318,41.0500,41.4800,40.7200,41.2900,40.9900,37572182,1546602943.6100,1,0,2.644676
2022-08-18,sh.601318,41.1500,41.1800,40.7600,40.8100,41.2900,29407958,1202109471.0700,1,0,2.644676
2022-08-19,sh.601318,40.7000,41.2600,40.6200,40.9700,40.8100,32462874,1333438492.1800,1,0,2.644676
2022-08-22,sh.601318,40.8500,41.3900,40.8000,41.1500,40.9700,33971901,1399254503.8500,1,0,2.644676
2022-08-23,sh.601318,41.0200,41.1500,40.6800,40.7200,41.1500,33148018,1352611307.5700,1,0,2.644676
2022-08-24,sh.601318,41.3500,42.4400,41.3500,41.6100,40.7200,115732982,4847936957.6900,1,0,2.644676
2022-08-25,sh.601318,41.8500,43.2300,41.6800,43.1000,41.6100,110572586,4693638177.3200,1,0,2.644676
2022-08-26,sh.601318,43.1100,43.3200,42.5200,43.1200,43.1000,72672640,3125914707.2600,1,0,2.644676
2022-08-29,sh.601318,42.8000,43.2200,42.4900,43.0700,43.1200,44989303,1928428298.5900,1,0,2.644676
2022-08-30,sh.601318,42.9800,43.2900,42.5100,42.8900,43.0700,38892928,1667749812.0100,1,0,2.644676
2022-08-31,sh.601318,42.7100,44.2700,42.6600,43.8400,42.8900,84223803,3683929174.6000,1,0,2.644676
2022-09-01,sh.601318,43.6000,44.1300,43.4100,43.6500,43.8400,45521324,1994635784.0400,1,0,2.644676
2022-09-02,sh.601318,43.8900,44.2800,43.2600,43.7000,43.6500,44914485,1962968879.5500,1,0,2.644676
2022-09-05,sh.601318,43.5000,43.9000,43.0200,43.8000,43.7000,41749075,1817090269.4900,1,0,2.644676
2022-09-06,sh.601318,43.9000,44.4500,43.5200,43.9000,43.8000,44977165,1978062625.3600,1,0,2.644676
2022-09-07,sh.601318,43.6000,43.8100,43.1600,43.6000,43.9000,37641074,1635174365.1000,1,0,2.644676
2022-09-08,sh.601318,43.8400,44.2500,43.6600,43.8400,43.6000,32129830,1412332843.6900,1,0,2.644676
2022-09-09,sh.601318,43.9900,44.7800,43.8500,44.6900,43.8400,57786668,2574448405.6100,1,0,2.644676
2022-09-13,sh.601318,44.6800,45.3700,44.3500,45.0600,44.6900,52966319,2382977236.3900,1,0,2.644676
2022-09-14,sh.601318,44.5300,45.1800,44.5100,44.6500,45.0600,35508365,1588553120.7800,1,0,2.644676
2022-09-15,sh.601318,44.6700,45.6000,44.6600,45.0900,44.6500,59444223,2686935858.9500,1,0,2.644676
2022-09-16,sh.601318,44.8200,44.9700,43.8700,43.9300,45.0900,62492037,2762703828.5200,1,0,2.644676
2022-09-19,sh.601318,43.9200,44.4800,43.5600,43.9300,43.9300,40538305,1781779182.0200,1,0,2.644676
2022-09-20,sh.601318,44.1500,44.1900,43.1200,43.2400,43.9300,35764951,1553335669.1500,1,0,2.644676
2022-09-21,sh.601318,43.1000,43.4600,42.9000,43.1500,43.2400,30353672,1310421740.9000,1,0,2.644676
2022-09-22,sh.601318,42.6000,42.8300,42.4100,42.4800,43.1500,37622972,1602976215.5500,1,0,2.644676
2022-09-23,sh.601318,42.4100,43.4400,42.4100,43.0200,42.4800,37532565,1617285955.2600,1,0,2.644676
2022-09-26,sh.601318,42.7400,43.3200,42.4200,42.4900,43.0200,30712391,1314360554.6300,1,0,2.644676
2022-09-27,sh.601318,42.4300,42.7400,42.2700,42.4400,42.4900,31229142,1325580710.1700,1,0,2.644676
2022-09-28,sh.601318,42.2000,42.5000,41.8500,41.8900,42.4400,42204372,1776629020.9900,1,0,2.644676
2022-09-29,sh.601318,42.2300,42.3400,41.1500,41.3200,41.8900,42655827,1779041935.5100,1,0,2.644676
2022-09-30,sh.601318,41.3500,41.9800,41.3500,41.5800,41.3200,33161940,1383518533.4200,1,0,2.644676
2022-10-10,sh.601318,41.5800,42.1800,41.3800,41.4300,41.5800,41387647,1727384869.8800,1,0,2.644676
2022-10-11,sh.601318,41.6700,41.8700,41.1200,41.2000,41.4300,26931732,1114241528.3400,1,0,2.644676
2022-10-12,sh.601318,41.2100,42.0000,40.8000,41.9200,41.2000,36247330,1501647669.5300,1,0,2.644676
2022-10-13,sh.601318,41.8000,41.9000,41.2000,41.3600,41.9200,38384620,1588577622.6500,1,0,2.644676
2022-10-14,sh.601318,41.7500,42.3300,41.6200,41.9400,41.3600,43441714,1827652558.8200,1,0,2.644676
2022-10-17,sh.601318,41.7100,42.1500,41.5600,42.1000,41.9400,34142518,1430847500.4700,1,0,2.644676
2022-10-18,sh.601318,42.4000,42.4400,41.6700,41.7500,42.1000,41635680,1742913095.7600,1,0,2.644676
2022-10-19,sh.601318,41.6500,41.9800,41.2600,41.2700,41.7500,36436126,1509504643.0700,1,0,2.644676
2022-10-20,sh.601318,40.4000,40.4900,39.9000,40.0100,40.3600,45021418,1807514975.5700,1,0,2.704306
2022-10-21,sh.601318,40.1000,40.2500,39.5000,39.6500,40.0100,45737748,1824460317.2600,1,0,2.704306
2022-10-24,sh.601318,39.6600,39.9300,37.6100,37.7000,39.6500,95125183,3662221955.3000,1,0,2.704306
2022-10-25,sh.601318,37.5800,38.3800,37.1600,37.7200,37.7000,55354891,2086575116.5800,1,0,2.704306
2022-10-26,sh.601318,37.5400,38.1500,37.5100,37.6700,37.7200,49839519,1881859736.2800,1,0,2.704306
2022-10-27,sh.601318,37.7100,38.0900,37.5500,37.6600,37.6700,45749726,1730022256.4600,1,0,2.704306
2022-10-28,sh.601318,37.5100,37.7000,36.7300,36.7300,37.6600,50769159,1886380447.7700,1,0,2.704306
2022-10-31,sh.601318,36.3900,36.6700,35.9000,36.1500,36.7300,56203354,2037108321.2000,1,0,2.704306
2022-11-01,sh.601318,36.4500,37.4800,36.3700,37.4600,36.1500,56566488,2091019366.1700,1,0,2.704306
2022-11-02,sh.601318,37.2900,37.6000,37.1300,37.4000,37.4600,45038490,1680470476.3600,1,0,2.704306
2022-11-03,sh.601318,37.1800,37.3000,36.7000,36.9300,37.4000,34933463,1290754485.3100,1,0,2.704306
2022-11-04,sh.601318,36.9300,38.6500,36.9100,38.3100,36.9300,69205474,2627221798.4500,1,0,2.704306
2022-11-07,sh.601318,38.0000,39.1800,37.9200,38.7900,38.3100,57480970,2221943095.5500,1,0,2.704306
2022-11-08,sh.601318,38.7900,39.0000,38.3800,38.6900,38.7900,37048271,1430329888.0600,1,0,2.704306
2022-11-09,sh.601318,38.7900,38.8900,38.2900,38.3700,38.6900,26768675,1031501782.2400,1,0,2.704306
2022-11-10,sh.601318,38.0000,38.7000,37.7800,38.4600,38.3700,32317534,1236147200.5900,1,0,2.704306
2022-11-11,sh.601318,39.4400,40.9700,39.3200,40.3300,38.4600,104667558,4184006245.8500,1,0,2.704306
2022-11-14,sh.601318,41.6600,42.1200,41.2100,41.6000,40.3300,121668038,5070952841.0600,1,0,2.704306
2022-11-15,sh.601318,41.4800,42.9500,41.3100,42.4900,41.6000,93442402,3962244632.5500,1,0,2.704306
2022-11-16,sh.601318,42.6200,42.8200,42.2700,42.3000,42.4900,59652791,2535605301.5300,1,0,2.704306
2022-11-17,sh.601318,42.2900,42.7500,41.9500,42.5600,42.3000,50398025,2132247153.5000,1,0,2.704306
2022-11-18,sh.601318,42.6800,42.8100,42.0600,42.1600,42.5600,39246432,1662329884.7500,1,0,2.704306
2022-11-21,sh.601318,41.7500,41.7500,40.6600,41.2100,42.1600,51118530,2095472926.4600,1,0,2.704306
2022-11-22,sh.601318,41.2000,42.3800,41.0000,41.9700,41.2100,47181359,1972258355.4200,1,0,2.704306
2022-11-23,sh.601318,42.0200,42.4400,41.7600,41.7700,41.9700,44962046,1891828116.8400,1,0,2.704306
2022-11-24,sh.601318,42.2100,42.3800,41.6700,41.8000,41.7700,24907646,1045792694.6200,1,0,2.704306
2022-11-25,sh.601318,41.7800,42.9500,41.7500,42.7500,41.8000,59795984,2548257668.2800,1,0,2.704306
2022-11-28,sh.601318,41.6300,41.8400,40.9900,41.4100,42.7500,51031527,2109183792.2200,1,0,2.704306
2022-11-29,sh.601318,42.3200,44.9000,42.3200,44.7800,41.4100,175320480,7711820166.7100,1,0,2.704306
2022-11-30,sh.601318,44.8200,46.1700,44.6000,44.9500,44.7800,116501586,5275015084.0400,1,0,2.704306
2022-12-01,sh.601318,45.9800,46.2900,44.6800,44.8300,44.9500,85932650,3903629717.5100,1,0,2.704306
2022-12-02,sh.601318,44.8200,45.0000,44.0000,44.6200,44.8300,60778715,2706020114.6900,1,0,2.704306
2022-12-05,sh.601318,45.5500,47.3100,45.3500,47.2800,44.6200,138043595,6429395575.7500,1,0,2.704306
2022-12-06,sh.601318,47.2800,47.6800,46.7400,47.4400,47.2800,87827308,4150406717.1600,1,0,2.704306
2022-12-07,sh.601318,47.4400,47.4800,46.3700,46.7000,47.4400,83145478,3892709694.5500,1,0,2.704306
2022-12-08,sh.601318,46.3800,47.2000,46.3000,47.1500,46.7000,44836406,2105302840.9600,1,0,2.704306
2022-12-09,sh.601318,47.0700,47.8800,46.7000,47.6000,47.1500,70957885,3366745982.0100,1,0,2.704306
2022-12-12,sh.601318,47.2000,47.2800,46.0800,46.1700,47.6000,65647053,3059653870.9300,1,0,2.704306
2022-12-13,sh.601318,46.4600,47.0900,46.3000,46.7000,46.1700,42366316,1979657202.8600,1,0,2.704306
2022-12-14,sh.601318,47.0800,47.1100,46.1400,46.8900,46.7000,34697318,1619354234.9800,1,0,2.704306
2022-12-15,sh.601318,46.8000,47.0900,45.8000,46.4300,46.8900,40402095,1868384990.8100,1,0,2.704306
2022-12-16,sh.601318,46.1100,47.0100,46.0700,46.9000,46.4300,42134762,1968605781.4300,1,0,2.704306
2022-12-19,sh.601318,46.9000,47.2700,45.4500,45.7700,46.9000,50589649,2332626031.8500,1,0,2.704306
2022-12-20,sh.601318,45.5600,45.8800,44.5800,44.9300,45.7700,49524516,2234976304.6800,1,0,2.704306
2022-12-21,sh.601318,45.1000,45.6000,44.9400,45.2600,44.9300,29789568,1349879759.4200,1,0,2.704306
2022-12-22,sh.601318,46.0000,46.1800,45.6500,45.8800,45.2600,35346187,1622741420.7300,1,0,2.704306
2022-12-23,sh.601318,45.5300,46.0100,45.3200,45.6400,45.8800,30647249,1399528669.8000,1,0,2.704306
2022-12-26,sh.601318,45.6400,45.8800,44.6600,44.6600,45.6400,40328181,1814152592.9500,1,0,2.704306
2022-12-27,sh.601318,45.2700,45.9500,45.0300,45.5800,44.6600,34779327,1583385185.3800,1,0,2.704306
2022-12-28,sh.601318,45.4300,46.4500,45.3000,46.2800,45.5800,45626696,2106156212.5400,1,0,2.704306
2022-12-29,sh.601318,45.9500,46.0100,45.1100,45.8200,46.2800,46957620,2138459930.4100,1,0,2.704306
2022-12-30,sh.601318,46.0000,47.2000,46.0000,47.0000,45.8200,55300540,2594030159.9000,1,0,2.704306
2023-01-03,sh.601318,46.5900,47.2600,46.0600,47.1500,47.0000,60230443,2815200403.8500,1,0,2.704306
2023-01-04,sh.601318,47.3000,48.6300,47.3000,48.5300,47.1500,86949610,4183124625.3300,1,0,2.704306
2023-01-05,sh.601318,49.2000,49.5000,48.5000,48.9300,48.5300,73704809,3608715198.0200,1,0,2.704306
2023-01-06,sh.601318,49.5000,49.8300,49.0500,49.7400,48.9300,78034581,3867148878.0800,1,0,2.704306
2023-01-09,sh.601318,50.0000,50.9500,49.7000,50.9100,49.7400,88185743,4446813320.9200,1,0,2.704306
2023-01-10,sh.601318,50.9000,50.9100,49.1400,49.2100,50.9100,83794865,4173814429.2300,1,0,2.704306
2023-01-11,sh.601318,49.5000,51.0000,49.4400,50.7000,49.2100,96689497,4881812303.7900,1,0,2.704306
2023-01-12,sh.601318,50.9000,51.1100,50.4300,50.9100,50.7000,60025574,3057087227.8600,1,0,2.704306
2023-01-13,sh.601318,51.2000,52.3500,51.0500,52.3500,50.9100,89625747,4644412350.3600,1,0,2.704306
2023-01-16,sh.601318,52.5200,53.4800,51.4900,52.0900,52.3500,122979440,6455990322.7500,1,0,2.704306
2023-01-17,sh.601318,51.9600,52.0700,51.0000,51.5000,52.0900,69887253,3592536755.5200,1,0,2.704306
2023-01-18,sh.601318,51.5000,51.8700,51.1600,51.5500,51.5000,41960296,2162689505.6100,1,0,2.704306
2023-01-19,sh.601318,51.4000,51.8700,51.1500,51.8100,51.5500,51046054,2627239788.1400,1,0,2.704306
2023-01-20,sh.601318,52.1000,52.2400,51.5000,52.1000,51.8100,49706934,2584605516.2600,1,0,2.704306
2023-01-30,sh.601318,53.5900,53.6000,51.4800,51.4800,52.1000,85757885,4495653729.4200,1,0,2.704306
2023-01-31,sh.601318,51.7600,52.2800,50.8500,50.9800,51.4800,61241827,3152658911.1800,1,0,2.704306
2023-02-01,sh.601318,51.5500,51.7500,50.4100,51.3500,50.9800,56530105,2882194846.0400,1,0,2.704306
2023-02-02,sh.601318,51.6000,51.6000,50.4000,50.8300,51.3500,63621734,3228009417.3400,1,0,2.704306
2023-02-03,sh.601318,50.5000,50.5500,48.9000,49.6000,50.8300,92731026,4582149777.4800,1,0,2.704306
2023-02-06,sh.601318,48.8000,48.8600,47.7200,48.1600,49.6000,92159525,4431728035.6200,1,0,2.704306
2023-02-07,sh.601318,48.5000,48.8400,48.2000,48.7000,48.1600,44436330,2159384253.6200,1,0,2.704306
2023-02-08,sh.601318,48.7500,49.1900,48.3800,48.5000,48.7000,34718961,1690893371.1800,1,0,2.704306
2023-02-09,sh.601318,48.5000,49.5500,48.3900,49.3200,48.5000,56490688,2781766992.6200,1,0,2.704306
2023-02-10,sh.601318,49.4600,49.5500,49.0100,49.3000,49.3200,30917292,1523061150.7600,1,0,2.704306
2023-02-13,sh.601318,49.1900,49.3000,48.2900,49.2500,49.3000,45797264,2238401665.2200,1,0,2.704306
2023-02-14,sh.601318,49.3000,49.9000,49.1700,49.9000,49.2500,37040170,1835463536.4000,1,0,2.704306
2023-02-15,sh.601318,49.8400,49.8900,48.7100,48.8800,49.9000,46102667,2259845454.5000,1,0,2.704306
2023-02-16,sh.601318,49.0800,50.0500,49.0000,49.2000,48.8800,57689131,2860716311.3100,1,0,2.704306
2023-02-17,sh.601318,49.2000,49.8300,48.7100,48.8000,49.2000,41751901,2060475453.0500,1,0,2.704306
2023-02-20,sh.601318,48.8500,49.9900,48.7500,49.9500,48.8000,66428495,3282290632.6400,1,0,2.704306
2023-02-21,sh.601318,49.8600,50.1200,49.4500,50.0100,49.9500,42665990,2125602115.6500,1,0,2.704306
2023-02-22,sh.601318,49.5000,49.9600,49.1100,49.1800,50.0100,44604615,2203189302.4300,1,0,2.704306
2023-02-23,sh.601318,49.0000,49.7000,48.8100,48.9800,49.1800,38525359,1892251718.1600,1,0,2.704306
2023-02-24,sh.601318,48.8900,49.0100,48.1100,48.2000,48.9800,44654799,2161452475.6700,1,0,2.704306
2023-02-27,sh.601318,48.0000,48.3900,47.7800,47.8000,48.2000,46791711,2244410610.8400,1,0,2.704306
2023-02-28,sh.601318,48.0100,48.2800,47.5100,48.2000,47.8000,38041710,1823303792.6400,1,0,2.704306
2023-03-01,sh.601318,48.0200,50.0000,48.0100,49.9900,48.2000,72432311,3581072360.8800,1,0,2.704306
2023-03-02,sh.601318,49.9700,50.4600,49.7200,50.2000,49.9900,38088855,1909221050.4800,1,0,2.704306
2023-03-03,sh.601318,50.4800,50.6600,49.8500,50.2800,50.2000,28413325,1427339464.8100,1,0,2.704306
2023-03-06,sh.601318,50.0000,50.1700,48.4500,48.5800,50.2800,77323721,3780641354.0800,1,0,2.704306
2023-03-07,sh.601318,48.5500,49.2000,47.7500,47.9100,48.5800,58730233,2843224085.5500,1,0,2.704306
2023-03-08,sh.601318,47.5500,47.6100,46.9900,47.2300,47.9100,52741684,2488962344.7500,1,0,2.704306
2023-03-09,sh.601318,47.3800,47.3800,46.4700,46.6400,47.2300,51832490,2426875267.3100,1,0,2.704306
2023-03-10,sh.601318,46.0600,46.6500,46.0000,46.0000,46.6400,45709202,2110237421.5200,1,0,2.704306
2023-03-13,sh.601318,46.0000,46.7900,45.9100,46.5000,46.0000,39948280,1851804404.8700,1,0,2.704306
2023-03-14,sh.601318,46.2200,46.2200,45.3900,45.4600,46.5000,49073263,2241541531.1300,1,0,2.704306
2023-03-15,sh.601318,46.0300,46.6600,45.7800,45.9500,45.4600,44364320,2047438825.1200,1,0,2.704306
2023-03-16,sh.601318,44.9000,45.8300,44.7500,45.2300,45.9500,78960922,3568856007.0400,1,0,2.704306
2023-03-17,sh.601318,45.8100,46.9600,45.8100,46.2000,45.2300,95019092,4408443468.6500,1,0,2.704306
2023-03-20,sh.601318,46.0000,46.5800,45.5600,45.5800,46.2000,71924435,3301843809.1300,1,0,2.704306
2023-03-21,sh.601318,45.8900,46.4000,45.7800,46.0100,45.5800,44665895,2056710351.7800,1,0,2.704306
2023-03-22,sh.601318,46.2500,46.7700,46.2200,46.5000,46.0100,55225117,2572426395.5400,1,0,2.704306
2023-03-23,sh.601318,46.3000,46.8900,46.3000,46.8800,46.5000,55427358,2584644862.0700,1,0,2.704306
2023-03-24,sh.601318,46.8000,46.8000,46.0600,46.2000,46.8800,43769382,2023789516.0300,1,0,2.704306
2023-03-27,sh.601318,46.2600,46.3300,45.5000,45.9900,46.2000,36217267,1658727909.9100,1,0,2.704306
2023-03-28,sh.601318,46.0900,46.3800,45.6800,45.8800,45.9900,28332434,1300822901.5000,1,0,2.704306
2023-03-29,sh.601318,46.3300,46.5800,45.4000,45.4200,45.8800,40902005,1872693108.9600,1,0,2.704306
2023-03-30,sh.601318,45.5100,45.7000,44.9400,45.4800,45.4200,45003047,2035988418.5900,1,0,2.704306
2023-03-31,sh.601318,45.6000,46.3000,45.3800,45.6000,45.4800,52453993,2401305125.0000,1,0,2.704306
2023-04-03,sh.601318,45.5500,45.9000,45.2900,45.6800,45.6000,45121453,2056827917.3000,1,0,2.704306
2023-04-04,sh.601318,45.6700,45.8600,45.2300,45.5700,45.6800,47348640,2156604419.5200,1,0,2.704306
2023-04-06,sh.601318,45.5500,45.5500,45.0300,45.0800,45.5700,36162706,1634323042.9800,1,0,2.704306
2023-04-07,sh.601318,45.2900,45.7800,45.1500,45.6300,45.0800,32633630,1487335020.8300,1,0,2.704306
2023-04-10,sh.601318,45.7300,46.2700,45.5000,46.0600,45.6300,52736929,2426394064.2700,1,0,2.704306
2023-04-11,sh.601318,46.0200,46.3000,45.6300,45.6600,46.0600,54309402,2495273529.1200,1,0,2.704306
2023-04-12,sh.601318,45.8000,46.0800,45.4500,45.6000,45.6600,46093797,2107727787.7000,1,0,2.704306
2023-04-13,sh.601318,45.3000,45.3700,44.8100,45.1200,45.6000,56947936,2561593685.6400,1,0,2.704306
2023-04-14,sh.601318,45.3500,45.9700,45.2000,45.4900,45.1200,42891917,1954054640.3200,1,0,2.704306
2023-04-17,sh.601318,45.3300,47.4800,45.0200,47.4800,45.4900,103616133,4813786756.7000,1,0,2.704306
2023-04-18,sh.601318,47.2000,49.0800,47.1300,48.6200,47.4800,131027522,6375510317.0400,1,0,2.704306
2023-04-19,sh.601318,48.5500,48.9000,48.2700,48.4000,48.6200,49716461,2414735650.7300,1,0,2.704306
2023-04-20,sh.601318,48.4100,48.9500,48.1200,48.7900,48.4000,47673429,2314705513.6000,1,0,2.704306
2023-04-21,sh.601318,48.6000,48.6900,46.6300,46.7400,48.7900,81197565,3837366387.3000,1,0,2.704306
2023-04-24,sh.601318,46.8800,47.7500,46.2000,46.4000,46.7400,58748216,2760342071.9700,1,0,2.704306
2023-04-25,sh.601318,46.5400,47.0800,45.8800,46.0900,46.4000,61758322,2862045073.1400,1,0,2.704306
2023-04-26,sh.601318,45.8600,46.2500,45.6600,45.7900,46.0900,50514702,2320864198.7100,1,0,2.704306
2023-04-27,sh.601318,46.9800,50.3700,46.8100,50.3700,45.7900,257064456,12656922047.6300,1,0,2.704306
2023-04-28,sh.601318,50.6100,52.6500,50.2800,51.8000,50.3700,214950248,11104959198.0000,1,0,2.704306
2023-05-04,sh.601318,50.7700,54.3500,50.5900,53.7000,51.8000,183764085,9743135594.4100,1,0,2.704306
2023-05-05,sh.601318,54.0000,55.0000,53.2400,53.8300,53.7000,126410712,6829552783.6800,1,0,2.704306
2023-05-08,sh.601318,53.9900,55.0800,53.5100,54.9200,53.8300,150405384,8223158231.0000,1,0,2.704306
2023-05-09,sh.601318,54.9200,56.0000,53.3700,53.4800,54.9200,146158707,7986736175.6000,1,0,2.704306
2023-05-10,sh.601318,53.4800,53.8600,52.1100,52.3100,53.4800,105561049,5557565460.6400,1,0,2.704306
2023-05-11,sh.601318,52.9000,53.4700,52.1600,52.3500,52.3100,59388396,3128956426.5100,1,0,2.704306
2023-05-12,sh.601318,52.3300,52.5000,51.1700,51.2700,52.3500,62668147,3238681436.3300,1,0,2.704306
2023-05-15,sh.601318,51.2800,53.8700,50.7800,53.7100,51.2700,111375355,5846884590.8500,1,0,2.704306
2023-05-16,sh.601318,53.6700,53.8200,52.8000,53.2000,53.7100,64496860,3436268825.6800,1,0,2.704306
2023-05-17,sh.601318,52.7900,52.8500,51.5800,51.9100,53.2000,64255230,3344510652.2600,1,0,2.704306
2023-05-18,sh.601318,51.8000,52.8500,51.5300,51.8200,51.9100,55516636,2891022410.1200,1,0,2.704306
2023-05-19,sh.601318,51.2100,51.7000,50.8000,51.0400,51.8200,55423641,2831437767.6300,1,0,2.704306
2023-05-22,sh.601318,51.0000,51.8500,50.8000,51.4200,51.0400,49881234,2562556971.7400,1,0,2.704306
2023-05-23,sh.601318,51.4000,51.6700,49.9000,49.9000,51.4200,68538645,3460781262.6500,1,0,2.704306
2023-05-24,sh.601318,49.8600,49.9000,48.4000,48.4700,49.9000,71313356,3491629222.2100,1,0,2.704306
2023-05-25,sh.601318,48.3800,48.7500,47.9000,48.4000,48.4700,52552892,2535605262.4600,1,0,2.704306
2023-05-26,sh.601318,48.3900,48.8800,47.8100,48.4400,48.4000,40336573,1953764069.0200,1,0,2.704306
2023-05-29,sh.601318,48.6300,48.7500,47.8000,48.0400,48.4400,48434379,2333255082.4600,1,0,2.704306
2023-05-30,sh.601318,48.0500,48.3300,47.4200,47.9900,48.0400,57029059,2728137415.2400,1,0,2.704306
2023-05-31,sh.601318,47.7000,47.7900,47.0000,47.0000,47.9900,61068932,2880503904.0900,1,0,2.704306
2023-06-01,sh.601318,47.0500,47.9300,46.9000,47.4500,47.0000,51807430,2460498428.8200,1,0,2.704306
2023-06-02,sh.601318,47.8800,49.2000,47.8300,49.1000,47.4500,83284040,4054040688.9400,1,0,2.704306
2023-06-05,sh.601318,48.7600,48.9300,48.2300,48.5100,49.1000,46645590,2261940200.9200,1,0,2.704306
2023-06-06,sh.601318,48.3400,49.9300,48.2500,48.7600,48.5100,64450197,3172322393.8500,1,0,2.704306
2023-06-07,sh.601318,49.4000,49.6900,48.7700,49.0100,48.7600,42543624,2093897750.9300,1,0,2.704306
2023-06-08,sh.601318,48.9200,49.9600,48.6800,49.6700,49.0100,57228383,2830351412.3000,1,0,2.704306
2023-06-09,sh.601318,49.6700,49.9500,49.4100,49.4800,49.6700,42804318,2124674673.4900,1,0,2.704306
2023-06-12,sh.601318,49.4600,49.9400,48.8900,49.5700,49.4800,47645727,2358494748.1300,1,0,2.704306
2023-06-13,sh.601318,49.4800,49.7000,48.7500,49.6300,49.5700,44002891,2170452732.2000,1,0,2.704306
2023-06-14,sh.601318,48.5700,48.9100,47.8700,48.0500,48.1500,55366411,2677031202.2900,1,0,2.787429
2023-06-15,sh.601318,48.3000,49.1000,47.8700,48.4200,48.0500,47343980,2293626704.4900,1,0,2.787429
2023-06-16,sh.601318,48.7000,48.8400,48.1000,48.6000,48.4200,53414223,2589379832.8900,1,0,2.787429
2023-06-19,sh.601318,48.4600,48.4800,47.3300,47.5000,48.6000,64216367,3062228886.8100,1,0,2.787429
2023-06-20,sh.601318,47.5000,47.7500,46.8000,46.8900,47.5000,61533324,2893024196.6700,1,0,2.787429
2023-06-21,sh.601318,46.6100,47.2500,46.4800,46.6400,46.8900,38103052,1785547514.9100,1,0,2.787429
2023-06-26,sh.601318,46.3000,46.3700,45.7000,45.9300,46.6400,48535023,2227206703.4200,1,0,2.787429
2023-06-27,sh.601318,45.9200,46.6300,45.7500,46.3000,45.9300,48093273,2220104954.6900,1,0,2.787429
2023-06-28,sh.601318,46.1500,46.5500,45.9300,46.5400,46.3000,35606961,1648840079.2600,1,0,2.787429
2023-06-29,sh.601318,46.5500,46.7900,46.1300,46.3000,46.5400,26573548,1233566768.4500,1,0,2.787429
2023-06-30,sh.601318,46.2000,46.8700,46.1900,46.4000,46.3000,32697104,1522887807.2500,1,0,2.787429
2023-07-03,sh.601318,46.4400,48.3500,46.3800,48.1800,46.4000,69778059,3323222199.7700,1,0,2.787429
2023-07-04,sh.601318,48.1900,48.2300,47.7000,47.9500,48.1800,29744073,1424573050.9000,1,0,2.787429
2023-07-05,sh.601318,47.8900,47.9900,47.2800,47.3500,47.9500,26406125,1253667348.3800,1,0,2.787429
2023-07-06,sh.601318,47.0300,48.1600,47.0200,47.3000,47.3500,40258040,1912826286.9500,1,0,2.787429
2023-07-07,sh.601318,47.0000,47.6900,46.9800,47.2100,47.3000,36442103,1723937253.5500,1,0,2.787429
2023-07-10,sh.601318,47.6300,47.6900,46.5100,46.6100,47.2100,36816433,1728446565.7700,1,0,2.787429
2023-07-11,sh.601318,46.8000,47.4200,46.8000,47.2000,46.6100,26888644,1267580412.3700,1,0,2.787429
2023-07-12,sh.601318,47.2000,47.9500,47.0800,47.2900,47.2000,35439345,1683737592.0000,1,0,2.787429
2023-07-13,sh.601318,47.7200,48.7500,47.6500,48.6200,47.2900,64876826,3132588330.3800,1,0,2.787429
2023-07-14,sh.601318,49.0200,49.0900,48.4100,48.6400,48.6200,36635843,1784466104.3200,1,0,2.787429
2023-07-17,sh.601318,48.3700,48.4500,47.8800,48.0500,48.6400,30470667,1465498863.4200,1,0,2.787429
2023-07-18,sh.601318,48.2800,48.2900,47.4600,47.6000,48.0500,28318272,1348936541.6500,1,0,2.787429
2023-07-19,sh.601318,47.3000,47.8600,47.3000,47.7700,47.6000,32111579,1526345245.7200,1,0,2.787429
2023-07-20,sh.601318,47.9000,48.2000,47.3200,47.4200,47.7700,30137754,1438728105.0300,1,0,2.787429
2023-07-21,sh.601318,47.3100,47.7500,46.8000,46.9700,47.4200,44679142,2108640104.4800,1,0,2.787429
2023-07-24,sh.601318,46.8000,46.9900,46.5000,46.6200,46.9700,31598004,1475830597.2600,1,0,2.787429
2023-07-25,sh.601318,47.7000,49.6800,47.7000,49.5500,46.6200,141327902,6907459692.6400,1,0,2.787429
2023-07-26,sh.601318,49.1800,49.6400,48.9800,49.4600,49.5500,51544065,2541380228.1800,1,0,2.787429
2023-07-27,sh.601318,49.5900,50.5800,49.4100,49.8800,49.4600,70373493,3523202970.2800,1,0,2.787429
2023-07-28,sh.601318,49.5000,52.3600,49.4100,51.9300,49.8800,127790846,6564761757.3700,1,0,2.787429
2023-07-31,sh.601318,52.9800,53.6800,52.3000,52.6000,51.9300,127485466,6750702391.3200,1,0,2.787429
2023-08-01,sh.601318,52.5000,53.0000,51.4400,51.7400,52.6000,67061372,3493879470.9500,1,0,2.787429
2023-08-02,sh.601318,51.6000,52.5600,50.9300,51.4100,51.7400,60879817,3136350131.9500,1,0,2.787429
2023-08-03,sh.601318,51.4100,52.6000,51.1100,52.4100,51.4100,65494421,3398760968.4200,1,0,2.787429
2023-08-04,sh.601318,53.2300,53.8500,51.9000,51.9000,52.4100,105165284,5566174314.1600,1,0,2.787429
2023-08-07,sh.601318,51.3800,51.7700,51.2000,51.7000,51.9000,43689613,2246940970.1200,1,0,2.787429
2023-08-08,sh.601318,51.4700,51.6900,50.4600,51.2600,51.7000,52326342,2671294849.6400,1,0,2.787429
2023-08-09,sh.601318,51.0800,51.5800,50.9500,51.2600,51.2600,37285264,1911450575.7800,1,0,2.787429
2023-08-10,sh.601318,51.0500,51.4700,50.8800,51.3600,51.2600,29926322,1531979640.9000,1,0,2.787429
2023-08-11,sh.601318,51.3000,51.4100,49.3500,49.3700,51.3600,74892093,3751696962.8500,1,0,2.787429
2023-08-14,sh.601318,48.3000,48.8200,48.2800,48.5300,49.3700,60472146,2935327039.0900,1,0,2.787429
2023-08-15,sh.601318,48.5200,49.0800,48.0200,48.6800,48.5300,52183684,2535572143.0200,1,0,2.787429
2023-08-16,sh.601318,48.3200,48.9400,48.1300,48.3500,48.6800,47660376,2306795547.9300,1,0,2.787429
2023-08-17,sh.601318,48.0100,48.1800,47.3300,47.9100,48.3500,59827368,2853723205.7100,1,0,2.787429
2023-08-18,sh.601318,47.9000,49.0000,47.5200,47.5200,47.9100,63666255,3066293939.6700,1,0,2.787429
2023-08-21,sh.601318,47.4000,47.4900,46.6700,46.6700,47.5200,62808090,2950143136.0500,1,0,2.787429
2023-08-22,sh.601318,46.9000,47.3000,46.4700,47.0000,46.6700,51849548,2430766794.5200,1,0,2.787429
2023-08-23,sh.601318,46.7200,47.1000,46.3900,46.4600,47.0000,47623949,2224411613.9300,1,0,2.787429
2023-08-24,sh.601318,46.5300,47.0100,46.1900,46.5000,46.4600,41863720,1949333013.8800,1,0,2.787429
2023-08-25,sh.601318,46.3100,47.3800,46.2500,47.0100,46.5000,41763549,1953754067.7000,1,0,2.787429
2023-08-28,sh.601318,50.5000,50.5300,47.7800,48.1100,47.0100,109010819,5323339312.0400,1,0,2.787429
2023-08-29,sh.601318,48.0400,48.9700,47.8900,48.5600,48.1100,57380614,2780674848.5500,1,0,2.787429
2023-08-30,sh.601318,48.8800,48.9900,47.9000,48.2500,48.5600,60012297,2904476280.2200,1,0,2.787429
2023-08-31,sh.601318,48.6300,49.5500,48.5100,48.7900,48.2500,63953783,3135187118.7000,1,0,2.787429
2023-09-01,sh.601318,49.3500,50.5000,49.2600,50.1000,48.7900,85575649,4287440106.1600,1,0,2.787429
2023-09-04,sh.601318,50.4500,51.9000,50.4400,51.4500,50.1000,92193109,4732753256.6700,1,0,2.787429
2023-09-05,sh.601318,51.2000,51.2000,50.1300,50.2000,51.4500,50624376,2555382801.9800,1,0,2.787429
2023-09-06,sh.601318,50.0000,51.1900,49.8800,51.0300,50.2000,51436224,2604588523.3300,1,0,2.787429
2023-09-07,sh.601318,50.7100,50.8800,50.1600,50.2200,51.0300,40329071,2033442988.3200,1,0,2.787429
2023-09-08,sh.601318,50.0300,50.4500,49.8000,50.1200,50.2200,27366737,1370400982.2500,1,0,2.787429
2023-09-11,sh.601318,50.3800,50.7700,49.8500,50.3600,50.1200,49151466,2471560949.5900,1,0,2.787429
2023-09-12,sh.601318,50.1000,50.1500,49.4900,49.9500,50.3600,36114393,1801339429.0300,1,0,2.787429
2023-09-13,sh.601318,50.1400,50.2200,49.2200,49.5000,49.9500,43398924,2152354986.0100,1,0,2.787429
2023-09-14,sh.601318,49.6400,49.8000,48.9900,49.1900,49.5000,39131218,1929515958.1800,1,0,2.787429
2023-09-15,sh.601318,49.4900,50.1200,49.0000,49.2000,49.1900,55753191,2760877161.3100,1,0,2.787429
2023-09-18,sh.601318,48.9200,49.4800,48.7000,49.3000,49.2000,29526746,1452498883.3800,1,0,2.787429
2023-09-19,sh.601318,49.2800,49.3500,49.0200,49.2800,49.3000,26652448,1311117789.8800,1,0,2.787429
2023-09-20,sh.601318,49.2600,49.2600,48.5800,48.8900,49.2800,32873261,1605058394.2800,1,0,2.787429
2023-09-21,sh.601318,48.7000,48.8600,48.3700,48.4900,48.8900,33547988,1629890838.5900,1,0,2.787429
2023-09-22,sh.601318,48.5000,50.3300,48.3700,50.3300,48.4900,66300617,3282334329.9000,1,0,2.787429
2023-09-25,sh.601318,50.0100,50.1000,49.0300,49.0600,50.3300,49975869,2465962385.2500,1,0,2.787429
2023-09-26,sh.601318,49.0500,49.3400,48.5200,48.5600,49.0600,40093026,1955893351.9400,1,0,2.787429
2023-09-27,sh.601318,48.6000,48.9900,48.5000,48.6600,48.5600,32486342,1582256040.8700,1,0,2.787429
2023-09-28,sh.601318,48.8300,48.8800,48.1500,48.3000,48.6600,42146617,2042226679.8400,1,0,2.787429
2023-10-09,sh.601318,48.0000,48.2700,47.5200,48.0700,48.3000,39401224,1887773034.3600,1,0,2.787429
2023-10-10,sh.601318,48.2800,48.5300,47.5200,47.6000,48.0700,33077739,1584290863.8600,1,0,2.787429
2023-10-11,sh.601318,47.8500,47.9700,47.5100,47.6900,47.6000,32529671,1552566989.8100,1,0,2.787429
2023-10-12,sh.601318,48.8700,48.8900,48.2100,48.4300,47.6900,44871017,2176954487.8900,1,0,2.787429
2023-10-13,sh.601318,47.8700,48.2800,47.6700,47.9700,48.4300,26126959,1254265938.0600,1,0,2.787429
2023-10-16,sh.601318,47.8500,48.1300,47.4100,47.5400,47.9700,31900293,1522168840.4200,1,0,2.787429
2023-10-17,sh.601318,47.8000,47.9800,47.4600,47.6800,47.5400,27014187,1289169549.2100,1,0,2.787429
2023-10-18,sh.601318,47.5100,47.7700,47.3800,47.3900,47.6800,32569044,1547535570.2700,1,0,2.787429
2023-10-19,sh.601318,47.1100,47.1600,46.0100,46.0500,47.3900,69408534,3224679421.9600,1,0,2.787429
2023-10-20,sh.601318,45.6000,46.0900,45.5500,45.8400,46.0500,48177617,2205802926.2900,1,0,2.787429
2023-10-23,sh.601318,45.7900,46.2000,45.5000,45.9400,45.8400,38706820,1775040622.5500,1,0,2.787429
2023-10-24,sh.601318,46.0300,46.5000,45.6800,46.1000,45.9400,43231065,1992106370.6400,1,0,2.787429
2023-10-25,sh.601318,45.9800,46.0000,45.4300,45.5100,45.1800,37446279,1709171805.1800,1,0,2.844189
2023-10-26,sh.601318,45.3000,45.8000,45.2500,45.7000,45.5100,28098553,1279980547.6000,1,0,2.844189
2023-10-27,sh.601318,45.1900,45.5400,44.5500,45.1800,45.7000,61884971,2785588427.1300,1,0,2.844189
2023-10-30,sh.601318,45.1900,45.4900,44.8100,45.3100,45.1800,45549795,2055903968.5700,1,0,2.844189
2023-10-31,sh.601318,45.4200,45.9300,45.1800,45.4600,45.3100,42308883,1926939393.9400,1,0,2.844189
2023-11-01,sh.601318,45.7900,45.8800,45.0200,45.1100,45.4600,37801226,1709309023.7800,1,0,2.844189
2023-11-02,sh.601318,45.2100,45.5900,45.0100,45.0600,45.1100,29224760,1321477077.9700,1,0,2.844189
2023-11-03,sh.601318,45.1900,45.3100,44.8900,45.2400,45.0600,38640687,1744002549.0500,1,0,2.844189
2023-11-06,sh.601318,45.6000,46.1700,45.5100,46.0600,45.2400,56246319,2582604547.2900,1,0,2.844189
2023-11-07,sh.601318,45.8800,45.9000,45.2400,45.3000,46.0600,52054346,2364701854.6600,1,0,2.844189
2023-11-08,sh.601318,45.3000,45.4300,44.5500,44.6300,45.3000,70373392,3162886205.2500,1,0,2.844189
2023-11-09,sh.601318,44.0000,44.2000,42.8600,43.2800,44.6300,150454180,6539441759.7600,1,0,2.844189
2023-11-10,sh.601318,42.9000,42.9000,42.0300,42.3500,43.2800,104996471,4446008162.1900,1,0,2.844189
2023-11-13,sh.601318,42.3000,42.4400,42.0600,42.3900,42.3500,49309112,2085416496.9400,1,0,2.844189
2023-11-14,sh.601318,42.5500,42.8100,42.3900,42.6100,42.3900,55819964,2377325635.6400,1,0,2.844189
2023-11-15,sh.601318,43.1200,43.6100,42.8800,43.3600,42.6100,72870581,3155332501.3600,1,0,2.844189
2023-11-16,sh.601318,43.1300,43.3500,42.7700,42.8700,43.3600,38608889,1658667534.0100,1,0,2.844189
2023-11-17,sh.601318,42.6300,42.8200,42.3300,42.6600,42.8700,40472847,1720654033.4500,1,0,2.844189
2023-11-20,sh.601318,42.7100,43.0500,42.4800,42.9100,42.6600,32498748,1390487105.1900,1,0,2.844189
2023-11-21,sh.601318,42.9100,43.5500,42.9100,43.0700,42.9100,43250272,1871504437.9200,1,0,2.844189
2023-11-22,sh.601318,42.9500,43.0500,42.7100,42.7300,43.0700,24925121,1068361649.6300,1,0,2.844189
2023-11-23,sh.601318,42.6900,43.0500,42.5100,43.0500,42.7300,26380342,1128882328.0900,1,0,2.844189
2023-11-24,sh.601318,43.0000,43.0300,42.6300,42.6900,43.0500,28044927,1200283581.2100,1,0,2.844189
2023-11-27,sh.601318,42.6000,42.6400,41.6100,41.8500,42.6900,58546041,2449183476.9100,1,0,2.844189
2023-11-28,sh.601318,41.8000,42.0600,41.5800,41.6700,41.8500,37226073,1554714840.4500,1,0,2.844189
2023-11-29,sh.601318,41.6700,41.7300,40.5000,40.7500,41.6700,67904702,2771007262.0600,1,0,2.844189
2023-11-30,sh.601318,40.6700,41.0700,40.6200,40.8000,40.7500,38857196,1586034771.6400,1,0,2.844189
2023-12-01,sh.601318,40.6500,41.1800,40.3000,41.0200,40.8000,48696135,1986489504.8600,1,0,2.844189
2023-12-04,sh.601318,40.8500,41.2700,40.3100,40.3800,41.0200,39986970,1627394427.8000,1,0,2.844189
2023-12-05,sh.601318,40.1200,40.1700,39.5100,39.5300,40.3800,50642832,2020199567.7500,1,0,2.844189
2023-12-06,sh.601318,39.5000,39.7500,39.2900,39.5300,39.5300,43332396,1713862406.0300,1,0,2.844189
2023-12-07,sh.601318,39.3600,39.7200,38.8800,39.3400,39.5300,50100389,1967357706.5800,1,0,2.844189
2023-12-08,sh.601318,39.2500,39.6300,39.1900,39.1900,39.3400,37891237,1491734068.8800,1,0,2.844189
2023-12-11,sh.601318,39.0000,39.7100,38.5600,39.6000,39.1900,55511392,2166289979.3000,1,0,2.844189
2023-12-12,sh.601318,39.4200,39.8100,39.2500,39.7900,39.6000,35821324,1419146471.3400,1,0,2.844189
2023-12-13,sh.601318,39.7000,39.7000,38.8900,38.8900,39.7900,41285632,1618686295.1000,1,0,2.844189
2023-12-14,sh.601318,39.2300,39.4700,38.6900,38.7000,38.8900,33236772,1297220103.1200,1,0,2.844189
2023-12-15,sh.601318,39.1500,39.5600,38.7300,38.7900,38.7000,50791156,1983188835.5400,1,0,2.844189
2023-12-18,sh.601318,38.4000,38.8500,38.3100,38.6100,38.7900,32998671,1273512227.2200,1,0,2.844189
2023-12-19,sh.601318,38.5800,38.9800,38.4000,38.7100,38.6100,33224870,1284615540.1200,1,0,2.844189
2023-12-20,sh.601318,38.7100,38.9000,38.4300,38.4500,38.7100,29948177,1158590096.4200,1,0,2.844189
2023-12-21,sh.601318,38.2600,38.9700,38.1300,38.8000,38.4500,42416262,1640116584.0900,1,0,2.844189
2023-12-22,sh.601318,38.7600,39.3800,38.6800,39.1000,38.8000,42473652,1656449050.1300,1,0,2.844189
2023-12-25,sh.601318,39.0500,39.2800,38.9100,39.1800,39.1000,20325509,795171657.8200,1,0,2.844189
2023-12-26,sh.601318,39.1800,39.1800,38.8200,39.1000,39.1800,19914583,776002047.4800,1,0,2.844189
2023-12-27,sh.601318,39.1000,39.1600,38.6800,39.0000,39.1000,29593783,1150904275.0700,1,0,2.844189
2023-12-28,sh.601318,39.0000,40.3500,38.8500,40.2600,39.0000,60952573,2429611849.7900,1,0,2.844189
2023-12-29,sh.601318,40.0600,40.4400,40.0500,40.3000,40.2600,34107753,1372848495.5600,1,0,2.844189
2024-01-02,sh.601318,40.3000,40.3100,39.4600,39.4700,40.3000,43759204,1740486365.3200,1,0,2.844189
2024-01-03,sh.601318,39.4700,39.6600,39.1900,39.4000,39.4700,36382151,1432855498.6300,1,0,2.844189
2024-01-04,sh.601318,39.3600,39.5800,38.6600,38.9000,39.4000,46739190,1819793956.9600,1,0,2.844189
2024-01-05,sh.601318,38.8500,39.5800,38.6800,38.9700,38.9000,49920187,1955115159.5400,1,0,2.844189
2024-01-08,sh.601318,38.9700,39.1700,38.2200,38.4500,38.9700,51473197,1983794142.0000,1,0,2.844189
2024-01-09,sh.601318,38.4500,38.5800,38.2000,38.3800,38.4500,37065054,1423188301.1400,1,0,2.844189
2024-01-10,sh.601318,38.2900,38.4500,37.8200,37.8200,38.3800,44130380,1677706637.6000,1,0,2.844189
2024-01-11,sh.601318,37.8000,38.6600,37.6200,38.4300,37.8200,38157129,1457906650.7700,1,0,2.844189
2024-01-12,sh.601318,38.1900,38.5400,38.0300,38.0300,38.4300,30300054,1158392102.6100,1,0,2.844189
2024-01-15,sh.601318,37.8700,38.4900,37.7000,38.1700,38.0300,32702181,1244858223.3300,1,0,2.844189
2024-01-16,sh.601318,38.0400,38.7600,37.9400,38.7000,38.1700,54496285,2095337501.2500,1,0,2.844189
2024-01-17,sh.601318,38.4600,38.5500,38.0100,38.0100,38.7000,56122897,2148072059.8300,1,0,2.844189
2024-01-18,sh.601318,37.7500,39.0300,37.6400,38.9900,38.0100,86154364,3289028900.7300,1,0,2.844189
2024-01-19,sh.601318,38.8000,39.3400,38.5500,39.2000,38.9900,63974391,2493579882.1900,1,0,2.844189
2024-01-22,sh.601318,39.0700,39.9300,38.9700,39.4800,39.2000,96109863,3800265430.8600,1,0,2.844189
2024-01-23,sh.601318,39.2000,39.7100,38.7000,39.3600,39.4800,60172097,2363927977.2900,1,0,2.844189
2024-01-24,sh.601318,39.6600,40.3000,39.0800,40.1700,39.3600,76115099,3023883703.2000,1,0,2.844189
2024-01-25,sh.601318,40.1500,41.5100,40.0000,41.1500,40.1700,98658100,4022141715.2500,1,0,2.844189
2024-01-26,sh.601318,41.0500,41.3400,40.6500,41.2500,41.1500,78592524,3225824129.2300,1,0,2.844189
2024-01-29,sh.601318,41.2600,41.6900,40.9200,40.9800,41.2500,62078477,2560232020.1200,1,0,2.844189
2024-01-30,sh.601318,40.6000,40.9100,40.1700,40.1900,40.9800,57063998,2308550032.8600,1,0,2.844189
2024-01-31,sh.601318,40.1500,40.8500,39.9900,40.5100,40.1900,55701366,2253897731.1100,1,0,2.844189
2024-02-01,sh.601318,40.1200,40.6300,39.9300,40.3000,40.5100,49092479,1980485848.9400,1,0,2.844189
2024-02-02,sh.601318,40.3000,40.5500,39.0000,40.1000,40.3000,69077347,2771398286.3100,1,0,2.844189
2024-02-05,sh.601318,40.0000,40.9900,39.6800,40.6800,40.1000,80614793,3247211014.4100,1,0,2.844189
2024-02-06,sh.601318,40.6700,41.6800,40.3700,41.5600,40.6800,82383496,3381216758.7000,1,0,2.844189
2024-02-07,sh.601318,41.6900,42.4000,41.3500,42.3800,41.5600,91615404,3833614844.2800,1,0,2.844189
2024-02-08,sh.601318,42.5200,42.9500,42.1500,42.7800,42.3800,76874651,3274133648.9100,1,0,2.844189
2024-02-19,sh.601318,42.9900,43.0800,42.5200,42.7300,42.7800,54413427,2324847504.0700,1,0,2.844189
2024-02-20,sh.601318,42.6500,42.6700,42.1000,42.3500,42.7300,46935509,1989976125.0500,1,0,2.844189
2024-02-21,sh.601318,42.1800,44.3000,42.0200,43.5900,42.3500,111249194,4827664819.2600,1,0,2.844189
2024-02-22,sh.601318,43.3600,43.7400,43.2100,43.7000,43.5900,51745219,2252345679.8900,1,0,2.844189
2024-02-23,sh.601318,43.6800,44.4500,43.6000,44.0700,43.7000,64421676,2843810762.7500,1,0,2.844189
2024-02-26,sh.601318,43.9000,43.9100,42.9000,42.9500,44.0700,61619568,2667499279.4900,1,0,2.844189
2024-02-27,sh.601318,42.8200,43.1500,42.7000,43.1200,42.9500,42901252,1840668677.6100,1,0,2.844189
2024-02-28,sh.601318,43.1900,43.2800,42.6500,42.6500,43.1200,53576359,2298186002.0700,1,0,2.844189
2024-02-29,sh.601318,42.5200,43.0700,42.5000,42.9000,42.6500,45509167,1948642485.4400,1,0,2.844189
2024-03-01,sh.601318,42.8000,43.0900,42.5200,42.9900,42.9000,44577376,1908395624.0100,1,0,2.844189
2024-03-04,sh.601318,42.7300,42.8200,42.2000,42.3400,42.9900,54504680,2311470911.3000,1,0,2.844189
2024-03-05,sh.601318,42.1500,42.8800,42.0500,42.8100,42.3400,62343723,2650564784.4600,1,0,2.844189
2024-03-06,sh.601318,42.7900,42.9100,42.4600,42.5000,42.8100,34276283,1461294746.3500,1,0,2.844189
2024-03-07,sh.601318,42.7700,43.4600,42.7300,43.0600,42.5000,64896213,2796783750.6700,1,0,2.844189
2024-03-08,sh.601318,42.8700,43.2000,42.5500,42.8800,43.0600,37249362,1595770014.2600,1,0,2.844189
2024-03-11,sh.601318,42.7800,43.2800,42.7400,43.1600,42.8800,43597274,1877454174.2200,1,0,2.844189
2024-03-12,sh.601318,43.1700,43.8800,42.8800,43.8100,43.1600,67920636,2952502139.2300,1,0,2.844189
2024-03-13,sh.601318,43.7300,43.7600,42.5700,42.6300,43.8100,70121585,3008059272.0900,1,0,2.844189
2024-03-14,sh.601318,42.3700,42.8900,42.3000,42.4500,42.6300,36088956,1535653343.0400,1,0,2.844189
2024-03-15,sh.601318,42.5100,42.6400,42.0200,42.4800,42.4500,39867511,1687264408.9400,1,0,2.844189
2024-03-18,sh.601318,42.3500,42.6600,42.0700,42.5600,42.4800,41626271,1764489757.4800,1,0,2.844189
2024-03-19,sh.601318,42.4000,42.4000,41.8000,41.8300,42.5600,48601533,2045765039.3800,1,0,2.844189
2024-03-20,sh.601318,41.7500,42.0500,41.6800,41.9200,41.8300,28361668,1187979289.1200,1,0,2.844189
2024-03-21,sh.601318,42.0900,42.4300,41.8100,42.0300,41.9200,41497624,1745351698.6800,1,0,2.844189
2024-03-22,sh.601318,41.0300,41.1300,40.2500,40.5600,42.0300,112550368,4569953332.7700,1,0,2.844189
2024-03-25,sh.601318,40.4500,40.8800,40.3500,40.4400,40.5600,43760130,1775455395.8100,1,0,2.844189
2024-03-26,sh.601318,40.4400,40.9500,40.4400,40.9000,40.4400,40299063,1640298639.5400,1,0,2.844189
2024-03-27,sh.601318,40.7800,40.9800,40.6500,40.6500,40.9000,34619025,1411539594.3300,1,0,2.844189
2024-03-28,sh.601318,40.6000,41.2600,40.4500,40.6900,40.6500,43233995,1764795886.2900,1,0,2.844189
2024-03-29,sh.601318,40.7800,41.2400,40.6900,40.8100,40.6900,33512184,1370420386.5800,1,0,2.844189
2024-04-01,sh.601318,40.9500,41.2500,40.9000,41.2500,40.8100,38706274,1592229351.6900,1,0,2.844189
2024-04-02,sh.601318,41.1900,41.4600,40.9100,41.0000,41.2500,39996585,1644606101.7200,1,0,2.844189
2024-04-03,sh.601318,40.9000,41.0500,40.5000,40.5000,41.0000,46364011,1886029049.2600,1,0,2.844189
2024-04-08,sh.601318,40.2800,40.4300,39.8800,40.2200,40.5000,43590246,1752003234.9000,1,0,2.844189
2024-04-09,sh.601318,40.2700,40.4800,40.1000,40.1100,40.2200,29392411,1183293256.8900,1,0,2.844189
2024-04-10,sh.601318,39.9900,40.0700,39.1000,39.2000,40.1100,66754496,2638684982.9800,1,0,2.844189
2024-04-11,sh.601318,39.0300,39.1400,38.6100,38.9500,39.2000,44321365,1724750105.0800,1,0,2.844189
2024-04-12,sh.601318,38.8000,38.9900,37.6700,37.7800,38.9500,91894711,3503437973.0800,1,0,2.844189
2024-04-15,sh.601318,37.7800,38.5000,37.6800,38.3600,37.7800,77160909,2953703722.4400,1,0,2.844189
2024-04-16,sh.601318,38.3600,38.7900,38.0800,38.2800,38.3600,62674707,2408876665.2500,1,0,2.844189
2024-04-17,sh.601318,38.2700,39.0200,38.0100,38.9500,38.2800,59458529,2294242964.7400,1,0,2.844189
2024-04-18,sh.601318,38.9000,40.3000,38.8100,39.7000,38.9500,84608897,3365907681.4200,1,0,2.844189
2024-04-19,sh.601318,39.4700,39.7800,39.2000,39.4200,39.7000,36839491,1454378302.4400,1,0,2.844189
2024-04-22,sh.601318,39.4900,40.0900,39.4900,39.8300,39.4200,39122784,1559348108.9900,1,0,2.844189
2024-04-23,sh.601318,39.8200,40.1000,39.6100,39.8900,39.8300,34265310,1367522866.1800,1,0,2.844189
2024-04-24,sh.601318,40.3900,40.7000,40.1100,40.6000,39.8900,54996437,2226040004.9900,1,0,2.844189
2024-04-25,sh.601318,40.5200,41.2800,40.3000,41.0600,40.6000,58217790,2379394080.7800,1,0,2.844189
2024-04-26,sh.601318,40.9900,41.7800,40.8100,41.5300,41.0600,69427606,2866574032.8300,1,0,2.844189
2024-04-29,sh.601318,41.5000,42.8800,41.4100,42.0800,41.5300,87545482,3696991239.7000,1,0,2.844189
2024-04-30,sh.601318,42.0800,42.1600,41.3200,41.3600,42.0800,51819014,2157456541.3300,1,0,2.844189
2024-05-06,sh.601318,43.1500,43.2800,42.3700,42.4900,41.3600,106274704,4554760126.5700,1,0,2.844189
2024-05-07,sh.601318,42.5000,42.7900,42.1900,42.5900,42.4900,52815226,2249302992.5800,1,0,2.844189
2024-05-08,sh.601318,42.4500,42.7000,41.8800,41.9500,42.5900,44733513,1888701756.0400,1,0,2.844189
2024-05-09,sh.601318,41.8700,42.5800,41.8600,42.3400,41.9500,41354149,1749774912.0800,1,0,2.844189
2024-05-10,sh.601318,42.6000,43.1800,42.5200,42.9300,42.3400,67767018,2906706220.3700,1,0,2.844189
2024-05-13,sh.601318,42.5100,42.8900,42.1700,42.6500,42.9300,49348084,2098243663.8300,1,0,2.844189
2024-05-14,sh.601318,42.6500,42.8000,42.1500,42.3100,42.6500,39651152,1679884655.9400,1,0,2.844189
2024-05-15,sh.601318,42.2800,42.3000,41.6600,41.8400,42.3100,39911880,1673203919.1700,1,0,2.844189
2024-05-16,sh.601318,42.2000,43.3900,41.9600,43.0500,41.8400,93478227,4003945956.1800,1,0,2.844189
2024-05-17,sh.601318,43.6000,45.2000,43.4500,45.2000,43.0500,189457995,8380485072.8100,1,0,2.844189
2024-05-20,sh.601318,45.7000,46.0700,44.8300,45.4600,45.2000,147945253,6725122982.1300,1,0,2.844189
2024-05-21,sh.601318,45.0800,45.5400,45.0200,45.4000,45.4600,55109616,2495802387.9200,1,0,2.844189
2024-05-22,sh.601318,45.3000,46.0500,45.1500,45.4000,45.4000,75133666,3432737425.7100,1,0,2.844189
2024-05-23,sh.601318,44.9200,45.1700,44.5200,44.7800,45.4000,63592313,2847873001.0300,1,0,2.844189
2024-05-24,sh.601318,44.5500,44.8000,43.8600,43.8900,44.7800,54128575,2397751034.4900,1,0,2.844189
2024-05-27,sh.601318,44.0000,44.3900,43.8800,44.1000,43.8900,41274221,1820441915.1700,1,0,2.844189
2024-05-28,sh.601318,44.1600,44.3500,43.6200,43.7600,44.1000,42192179,1853750116.1100,1,0,2.844189
2024-05-29,sh.601318,43.5900,44.1300,43.3600,43.4700,43.7600,43942250,1921502308.3700,1,0,2.844189
2024-05-30,sh.601318,43.3100,43.6600,42.9000,43.1500,43.4700,39395493,1702193305.0500,1,0,2.844189
2024-05-31,sh.601318,43.4000,44.1000,43.0600,43.0700,43.1500,48249218,2100267340.7100,1,0,2.844189
2024-06-03,sh.601318,42.9900,43.4600,42.6100,43.1300,43.0700,44651840,1922692312.4300,1,0,2.844189
2024-06-04,sh.601318,43.0800,43.5100,43.0100,43.2700,43.1300,39817760,1723254938.5500,1,0,2.844189
2024-06-05,sh.601318,43.2600,43.2800,42.9400,43.0800,43.2700,36188007,1559233049.6500,1,0,2.844189
2024-06-06,sh.601318,43.2000,43.3300,42.3700,42.4500,43.0800,54262089,2313057245.1200,1,0,2.844189
2024-06-07,sh.601318,42.6000,42.7800,42.0000,42.1200,42.4500,42139379,1781350640.1700,1,0,2.844189
2024-06-11,sh.601318,41.9100,42.1900,41.6000,41.8300,42.1200,42236279,1767535002.9800,1,0,2.844189
2024-06-12,sh.601318,41.8300,41.9000,41.3600,41.4000,41.8300,39834017,1653283609.3600,1,0,2.844189
2024-06-13,sh.601318,41.5800,41.6600,41.1900,41.3000,41.4000,32042801,1323757553.9600,1,0,2.844189
2024-06-14,sh.601318,41.1900,42.1900,41.1600,41.8700,41.3000,63562438,2651178961.9300,1,0,2.844189
2024-06-17,sh.601318,41.6000,41.8300,41.3800,41.5800,41.8700,38472747,1600335662.5800,1,0,2.844189
2024-06-18,sh.601318,41.7000,42.0500,41.5700,41.7300,41.5800,35345219,1476476517.6400,1,0,2.844189
2024-06-19,sh.601318,41.7400,42.1900,41.6100,42.0000,41.7300,41063957,1721419835.2100,1,0,2.844189
2024-06-20,sh.601318,41.9900,42.0700,41.5100,41.5100,42.0000,36478992,1525392591.0400,1,0,2.844189
2024-06-21,sh.601318,41.4900,41.8200,41.3200,41.6700,41.5100,38505452,1600502330.3100,1,0,2.844189
2024-06-24,sh.601318,41.5300,42.0500,41.2200,41.8000,41.6700,44592791,1856756643.5700,1,0,2.844189
2024-06-25,sh.601318,41.7900,42.1200,41.4400,41.5500,41.8000,38283591,1598362559.0900,1,0,2.844189
2024-06-26,sh.601318,41.4800,41.8200,41.2900,41.6500,41.5500,26506064,1100552480.6300,1,0,2.844189
2024-06-27,sh.601318,41.5100,41.6400,41.2500,41.4200,41.6500,36797498,1525115714.9100,1,0,2.844189
2024-06-28,sh.601318,41.3500,41.9000,41.2600,41.3600,41.4200,39934516,1661152477.7900,1,0,2.844189
2024-07-01,sh.601318,41.4100,41.6700,40.6400,41.6200,41.3600,47419754,1949715776.5200,1,0,2.844189
2024-07-02,sh.601318,41.4100,42.7500,41.4000,42.1700,41.6200,56885747,2404908550.7300,1,0,2.844189
2024-07-03,sh.601318,42.1800,42.4300,41.9100,42.2700,42.1700,29574788,1248330594.7500,1,0,2.844189
2024-07-04,sh.601318,42.2600,42.5600,41.9600,41.9800,42.2700,32485145,1369924728.9700,1,0,2.844189
2024-07-05,sh.601318,41.9500,42.2600,40.9800,41.1200,41.9800,52671766,2180477666.2900,1,0,2.844189
2024-07-08,sh.601318,40.9000,41.3600,40.6800,40.8400,41.1200,33954844,1388961718.8800,1,0,2.844189
2024-07-09,sh.601318,40.8300,41.5900,40.4600,41.5200,40.8400,38140275,1565430221.5900,1,0,2.844189
2024-07-10,sh.601318,41.0700,41.9300,41.0700,41.8600,41.5200,36127314,1507496306.7000,1,0,2.844189
2024-07-11,sh.601318,42.2700,42.4900,41.9100,41.9400,41.8600,37556984,1582861429.2200,1,0,2.844189
2024-07-12,sh.601318,42.0000,42.8600,42.0000,42.6800,41.9400,49569726,2110496360.6600,1,0,2.844189
2024-07-15,sh.601318,42.6000,42.9800,42.4800,42.5300,42.6800,35484792,1513495679.1500,1,0,2.844189
2024-07-16,sh.601318,42.0000,42.1100,40.6800,41.1900,42.5300,93998504,3870524306.9400,1,0,2.844189
2024-07-17,sh.601318,41.2500,42.4200,41.2500,42.2900,41.1900,77840627,3268159910.8800,1,0,2.844189
2024-07-18,sh.601318,42.1900,42.6400,41.9600,42.3700,42.2900,51362418,2175992699.2000,1,0,2.844189
2024-07-19,sh.601318,42.3700,43.1500,42.2000,43.0300,42.3700,61077539,2610070264.8100,1,0,2.844189
2024-07-22,sh.601318,43.1000,43.2200,42.6400,43.0000,43.0300,44056204,1890312952.5600,1,0,2.844189
2024-07-23,sh.601318,42.9600,43.2300,42.7800,42.7900,43.0000,45978967,1978447934.5600,1,0,2.844189
2024-07-24,sh.601318,42.8000,43.0300,42.3500,42.5600,42.7900,38609543,1644933089.8100,1,0,2.844189
2024-07-25,sh.601318,42.4900,42.8200,42.2300,42.5700,42.5600,44047429,1874557285.1100,1,0,2.844189
2024-07-26,sh.601318,41.1500,41.7000,40.7500,41.0900,41.0800,51037796,2099407783.5700,1,0,2.94735
2024-07-29,sh.601318,41.0800,41.6300,41.0100,41.3200,41.0900,30564969,1264082989.5400,1,0,2.94735
2024-07-30,sh.601318,41.2800,41.4500,41.0600,41.3300,41.3200,29692239,1224450780.9600,1,0,2.94735
2024-07-31,sh.601318,41.3400,42.6000,41.2500,42.5600,41.3300,58087783,2450880159.9600,1,0,2.94735
2024-08-01,sh.601318,42.4200,42.8500,42.2600,42.5100,42.5600,32514038,1383461986.9700,1,0,2.94735
2024-08-02,sh.601318,42.2300,42.4100,41.7000,41.8200,42.5100,33137257,1392534223.8600,1,0,2.94735
2024-08-05,sh.601318,41.7000,42.5400,41.6900,42.0000,41.8200,43050914,1813319978.5400,1,0,2.94735
2024-08-06,sh.601318,42.3700,42.4800,40.6400,40.9000,42.0000,63434323,2614553598.4800,1,0,2.94735
2024-08-07,sh.601318,40.9200,41.1100,40.6800,40.7000,40.9000,29978095,1225524961.3000,1,0,2.94735
2024-08-08,sh.601318,40.7500,41.1500,40.4100,40.8200,40.7000,23643241,964682590.7600,1,0,2.94735
2024-08-09,sh.601318,40.9900,41.2400,40.6100,40.6100,40.8200,26178496,1069136978.6800,1,0,2.94735
2024-08-12,sh.601318,40.5300,40.7300,40.3100,40.6200,40.6100,15219904,617325021.7900,1,0,2.94735
2024-08-13,sh.601318,40.6200,40.8100,40.5100,40.7800,40.6200,16650599,677002645.7400,1,0,2.94735
2024-08-14,sh.601318,40.8100,40.9400,40.4900,40.4900,40.7800,20650428,838935305.8600,1,0,2.94735
2024-08-15,sh.601318,40.5100,41.6700,40.2200,41.3200,40.4900,53416705,2202784576.0200,1,0,2.94735
2024-08-16,sh.601318,41.3200,41.7500,41.2500,41.6100,41.3200,26957357,1119345318.4700,1,0,2.94735
2024-08-19,sh.601318,41.6100,42.1700,41.5900,42.0700,41.6100,28791203,1209599525.5200,1,0,2.94735
2024-08-20,sh.601318,42.1500,42.1700,41.7000,41.9200,42.0700,29376286,1230963340.5100,1,0,2.94735
2024-08-21,sh.601318,41.9800,42.0800,41.4100,41.9700,41.9200,23617412,989256296.7500,1,0,2.94735
2024-08-22,sh.601318,41.9600,42.2500,41.6400,41.7100,41.9700,30497656,1275507521.7200,1,0,2.94735
2024-08-23,sh.601318,42.0400,43.4600,41.9300,43.3500,41.7100,99423443,4271882125.8700,1,0,2.94735
2024-08-26,sh.601318,43.4600,43.6400,43.0500,43.3500,43.3500,47580560,2059591116.3100,1,0,2.94735
2024-08-27,sh.601318,43.2800,43.5500,42.9600,43.1500,43.3500,33964677,1467947188.7800,1,0,2.94735
2024-08-28,sh.601318,43.2400,43.3800,42.9300,43.1900,43.1500,34839474,1502990666.4400,1,0,2.94735
2024-08-29,sh.601318,43.1800,43.5600,42.4600,42.6200,43.1900,47694548,2045077628.8300,1,0,2.94735
2024-08-30,sh.601318,42.7100,44.5300,42.7100,44.0300,42.6200,110000601,4830979921.4900,1,0,2.94735
2024-09-02,sh.601318,43.8800,44.1700,43.4500,43.4500,44.0300,51317124,2243546045.2700,1,0,2.94735
2024-09-03,sh.601318,43.6100,43.6200,43.0800,43.2100,43.4500,36821975,1593821144.0300,1,0,2.94735
2024-09-04,sh.601318,43.2200,43.6400,42.4500,42.6400,43.2100,40994906,1759519238.6900,1,0,2.94735
2024-09-05,sh.601318,42.6300,43.5100,42.6100,43.4200,42.6400,46651108,2014905549.2700,1,0,2.94735
2024-09-06,sh.601318,43.4200,43.9800,43.1600,43.2500,43.4200,39025775,1699389016.9500,1,0,2.94735
2024-09-09,sh.601318,43.0800,43.2500,42.5500,42.6800,43.2500,40172454,1720343645.6700,1,0,2.94735
2024-09-10,sh.601318,42.7500,43.0500,42.2900,42.6600,42.6800,29365589,1251507268.8800,1,0,2.94735
2024-09-11,sh.601318,42.6400,42.9200,42.3700,42.5200,42.6600,27407424,1167516314.9900,1,0,2.94735
2024-09-12,sh.601318,42.7300,42.7700,41.8200,42.6000,42.5200,41083853,1739432818.7500,1,0,2.94735
2024-09-13,sh.601318,42.5600,43.4000,42.5000,42.8900,42.6000,34439648,1484769941.3500,1,0,2.94735
2024-09-18,sh.601318,43.0000,43.7900,42.9300,43.7000,42.8900,43263824,1883001068.2400,1,0,2.94735
2024-09-19,sh.601318,43.7200,44.1000,43.3200,44.0300,43.7000,46650032,2046412473.0100,1,0,2.94735
2024-09-20,sh.601318,43.9800,44.2900,43.7400,44.1500,44.0300,53292373,2347055960.5500,1,0,2.94735
2024-09-23,sh.601318,44.1300,44.4000,43.8600,44.0900,44.1500,29524048,1302373908.5800,1,0,2.94735
2024-09-24,sh.601318,44.6000,46.5000,44.4700,46.5000,44.0900,120899198,5518430623.2400,1,0,2.94735
2024-09-25,sh.601318,47.6000,48.2000,47.2500,47.3600,46.5000,138298492,6594953850.7700,1,0,2.94735
2024-09-26,sh.601318,47.5900,50.4400,47.2000,50.4200,47.3600,163765259,8023977091.6500,1,0,2.94735
2024-09-27,sh.601318,51.9000,52.1600,50.7000,51.9000,50.4200,139487740,7197182303.7600,1,0,2.94735
2024-09-30,sh.601318,54.4800,57.0900,54.4000,57.0900,51.9000,262125405,14733344152.8000,1,0,2.94735
2024-10-08,sh.601318,62.8000,62.8000,59.1000,61.7300,57.0900,396104253,24440888194.8000,1,0,2.94735
2024-10-09,sh.601318,60.0000,60.0000,55.6500,55.7000,61.7300,285509557,16431475144.1100,1,0,2.94735
2024-10-10,sh.601318,56.6300,60.5900,56.3100,58.5000,55.7000,222672969,12981664827.1800,1,0,2.94735
2024-10-11,sh.601318,57.8000,59.8600,57.0300,57.5400,58.5000,131212381,7645831882.4400,1,0,2.94735
2024-10-14,sh.601318,58.3900,59.2400,57.5500,58.6700,57.5400,117773767,6884203094.5700,1,0,2.94735
2024-10-15,sh.601318,58.5800,59.2800,57.0900,57.1900,58.6700,102790028,5988622376.5300,1,0,2.94735
2024-10-16,sh.601318,56.7800,57.8300,56.6100,57.3800,57.1900,85501630,4894961073.6900,1,0,2.94735
2024-10-17,sh.601318,57.9000,58.8000,56.9700,57.0000,57.3800,78357477,4529673855.1100,1,0,2.94735
2024-10-18,sh.601318,56.0800,58.3500,54.7500,57.1800,56.0800,149466236,8417973824.1400,1,0,2.995702
2024-10-21,sh.601318,57.4000,57.4700,56.1800,56.9000,57.1800,87531258,4966469517.0300,1,0,2.995702
2024-10-22,sh.601318,56.8000,58.2000,56.5800,57.0600,56.9000,84601119,4835443519.8700,1,0,2.995702
2024-10-23,sh.601318,57.2000,59.3000,56.9000,58.3100,57.0600,119192651,6939592003.7800,1,0,2.995702
2024-10-24,sh.601318,57.9000,58.4800,57.6300,58.1000,58.3100,51273005,2976336248.6000,1,0,2.995702
2024-10-25,sh.601318,58.0100,58.4800,57.5600,57.7000,58.1000,53944541,3122695351.9600,1,0,2.995702
2024-10-28,sh.601318,57.7800,58.0600,57.0800,57.5000,57.7000,57880987,3325855084.3600,1,0,2.995702
2024-10-29,sh.601318,57.5000,58.4600,57.4400,57.6300,57.5000,62010028,3591688617.5200,1,0,2.995702
2024-10-30,sh.601318,57.4900,57.9100,55.6800,55.9700,57.6300,90747926,5123310916.6100,1,0,2.995702
2024-10-31,sh.601318,55.9600,56.8000,55.4000,55.9200,55.9700,75763009,4236922731.5400,1,0,2.995702
2024-11-01,sh.601318,56.1500,57.0000,56.0000,56.1500,55.9200,65013925,3676222858.2800,1,0,2.995702
2024-11-04,sh.601318,56.1700,56.9700,55.9300,56.9700,56.1500,53073970,2993285083.1000,1,0,2.995702
2024-11-05,sh.601318,56.8200,58.8800,56.2800,58.7500,56.9700,120114422,6976690582.1000,1,0,2.995702
2024-11-06,sh.601318,58.8900,59.0500,56.9500,57.4900,58.7500,126251828,7311429314.4700,1,0,2.995702
2024-11-07,sh.601318,57.0000,61.0000,56.9000,60.8400,57.4900,186426320,11055869272.2500,1,0,2.995702
2024-11-08,sh.601318,61.2000,61.4900,59.0100,59.1200,60.8400,132299025,7922272847.2600,1,0,2.995702
2024-11-11,sh.601318,58.1300,58.5200,57.5200,58.4000,59.1200,91716007,5320862805.1700,1,0,2.995702
2024-11-12,sh.601318,58.4000,58.9700,56.8800,57.0100,58.4000,96289275,5557347301.4900,1,0,2.995702
2024-11-13,sh.601318,56.7000,57.5000,56.6200,57.1900,57.0100,61824493,3532487702.1700,1,0,2.995702
2024-11-14,sh.601318,57.1900,58.0900,56.9000,57.0000,57.1900,66323183,3815907812.2000,1,0,2.995702
2024-11-15,sh.601318,56.9000,57.4800,55.8000,55.8000,57.0000,78059714,4413936479.8600,1,0,2.995702
2024-11-18,sh.601318,56.1000,57.1600,55.3800,55.7600,55.8000,68429646,3851412801.7900,1,0,2.995702
2024-11-19,sh.601318,56.0000,56.1200,55.1000,55.6100,55.7600,52819300,2934893273.5300,1,0,2.995702
2024-11-20,sh.601318,55.6200,55.8000,55.2000,55.4600,55.6100,46997145,2605295419.5200,1,0,2.995702
2024-11-21,sh.601318,55.4900,55.6700,55.1200,55.4900,55.4600,41024489,2269302644.3700,1,0,2.995702
2024-11-22,sh.601318,55.4700,55.4700,53.0000,53.0300,55.4900,100680813,5439029186.9100,1,0,2.995702
2024-11-25,sh.601318,53.0000,53.2500,52.1400,52.5700,53.0300,70269826,3704922204.5900,1,0,2.995702
2024-11-26,sh.601318,52.5000,53.2700,52.3700,53.0500,52.5700,40761823,2156122895.2700,1,0,2.995702
2024-11-27,sh.601318,53.0600,53.6000,52.7900,53.5500,53.0500,44446366,2366194482.9700,1,0,2.995702
2024-11-28,sh.601318,53.5700,53.9900,52.8300,53.1700,53.5500,42550213,2268917373.3800,1,0,2.995702
2024-11-29,sh.601318,53.1500,54.4200,53.0400,53.2500,53.1700,56357055,3018761403.4200,1,0,2.995702
2024-12-02,sh.601318,53.2000,54.2300,53.1800,54.0100,53.2500,44960590,2420512863.9400,1,0,2.995702
2024-12-03,sh.601318,53.8500,54.6100,53.5500,54.4300,54.0100,47005763,2544434590.6400,1,0,2.995702
2024-12-04,sh.601318,54.1800,54.3400,53.7100,53.9300,54.4300,38188736,2059281653.6800,1,0,2.995702
2024-12-05,sh.601318,53.6900,54.0500,53.4900,53.6800,53.9300,29588882,1589274038.2600,1,0,2.995702
2024-12-06,sh.601318,53.7900,55.6900,53.7800,55.1200,53.6800,78983681,4338822601.6800,1,0,2.995702
2024-12-09,sh.601318,54.9500,55.3000,54.4500,54.8300,55.1200,51046345,2801288362.2700,1,0,2.995702
2024-12-10,sh.601318,56.9000,57.1800,55.5000,55.6200,54.8300,100098350,5649587634.7100,1,0,2.995702
2024-12-11,sh.601318,55.6100,55.9300,54.8800,54.9000,55.6200,50478424,2790301409.6500,1,0,2.995702
2024-12-12,sh.601318,54.9600,55.8500,54.7000,55.5800,54.9000,52633585,2909611957.1100,1,0,2.995702
2024-12-13,sh.601318,55.2000,55.2100,53.6800,53.7400,55.5800,88709588,4798656728.8200,1,0,2.995702
2024-12-16,sh.601318,53.7100,53.9900,52.9300,53.1200,53.7400,65859184,3512263333.8300,1,0,2.995702
2024-12-17,sh.601318,52.9000,53.4700,52.7400,53.0100,53.1200,53769372,2853899355.1900,1,0,2.995702
2024-12-18,sh.601318,53.3300,53.6800,52.8800,52.9400,53.0100,50446143,2683105293.2600,1,0,2.995702
2024-12-19,sh.601318,52.6000,52.9400,52.3500,52.8900,52.9400,40549628,2136614146.6200,1,0,2.995702
2024-12-20,sh.601318,52.8900,53.2300,52.5200,52.6200,52.8900,46196543,2437090038.0100,1,0,2.995702
2024-12-23,sh.601318,52.6200,53.4800,52.6200,53.1000,52.6200,55550547,2954746191.0800,1,0,2.995702
2024-12-24,sh.601318,53.0800,53.8300,53.0000,53.7800,53.1000,49560916,2654767330.4200,1,0,2.995702
2024-12-25,sh.601318,53.8100,54.3100,53.5700,53.9000,53.7800,41739896,2249897990.3500,1,0,2.995702
2024-12-26,sh.601318,53.8900,53.9400,53.3600,53.4500,53.9000,37922170,2031175519.1500,1,0,2.995702
2024-12-27,sh.601318,53.4500,53.7500,52.7100,53.2700,53.4500,53775719,2862446916.8900,1,0,2.995702
2024-12-30,sh.601318,53.2200,53.9000,53.2100,53.9000,53.2700,53343783,2865180504.4600,1,0,2.995702
2024-12-31,sh.601318,53.7900,54.0200,52.6500,52.6500,53.9000,67711790,3607846473.5600,1,0,2.995702
2025-01-02,sh.601318,52.7000,52.7300,50.3900,50.7100,52.6500,94857917,4877807223.2500,1,0,2.995702
2025-01-03,sh.601318,51.0000,51.0900,50.0800,50.3000,50.7100,55135185,2788346286.5400,1,0,2.995702
2025-01-06,sh.601318,50.5500,50.6200,49.8300,50.3400,50.3000,41348951,2077171909.2700,1,0,2.995702
2025-01-07,sh.601318,50.1900,50.3600,49.8100,50.1700,50.3400,39278717,1967557697.7300,1,0,2.995702
2025-01-08,sh.601318,50.1800,50.5800,49.5500,50.3000,50.1700,51038304,2555823166.6400,1,0,2.995702
2025-01-09,sh.601318,50.2600,50.4100,49.8000,49.8100,50.3000,40082112,2005089617.4700,1,0,2.995702
2025-01-10,sh.601318,49.8200,50.0800,48.9000,48.9500,49.8100,52270371,2576373865.9300,1,0,2.995702
2025-01-13,sh.601318,48.4800,48.8000,48.1000,48.5900,48.9500,51139315,2474824395.9000,1,0,2.995702
2025-01-14,sh.601318,48.5900,49.5800,48.5000,49.3600,48.5900,61577440,3024006483.5100,1,0,2.995702
2025-01-15,sh.601318,49.2500,49.6600,48.9100,49.1100,49.3600,45802852,2251226874.2500,1,0,2.995702
2025-01-16,sh.601318,49.3000,49.7500,48.9300,49.2500,49.1100,41576107,2052212528.8300,1,0,2.995702
2025-01-17,sh.601318,49.1000,49.5700,48.7700,49.3800,49.2500,46074666,2273441157.2400,1,0,2.995702
2025-01-20,sh.601318,49.7200,50.3000,49.6600,49.8100,49.3800,49173607,2458746693.9000,1,0,2.995702
2025-01-21,sh.601318,50.2000,50.3900,49.6600,49.9000,49.8100,40995081,2049216697.8500,1,0,2.995702
2025-01-22,sh.601318,49.7200,49.9200,48.8500,48.9500,49.9000,53078046,2606595141.9300,1,0,2.995702
2025-01-23,sh.601318,49.8200,51.4500,49.7800,50.3700,48.9500,96910455,4910872824.5700,1,0,2.995702
2025-01-24,sh.601318,50.1800,51.3700,50.1000,50.8600,50.3700,61677886,3140198840.4300,1,0,2.995702
2025-01-27,sh.601318,51.0300,51.6200,50.8100,50.8500,50.8600,52454748,2681560915.9300,1,0,2.995702
2025-02-05,sh.601318,50.9800,51.0000,49.6700,49.7200,50.8500,58307230,2921528574.6800,1,0,2.995702
2025-02-06,sh.601318,49.7300,50.5000,49.6800,50.2500,49.7200,41503724,2078321190.8600,1,0,2.995702
2025-02-07,sh.601318,50.1800,51.4400,49.8400,50.8800,50.2500,72581202,3679372001.3500,1,0,2.995702
2025-02-10,sh.601318,50.8900,51.3600,50.8000,50.9000,50.8800,43181484,2203839896.2200,1,0,2.995702
2025-02-11,sh.601318,51.2000,51.2400,50.3700,50.5200,50.9000,38184400,1931993468.3600,1,0,2.995702
2025-02-12,sh.601318,50.5200,51.1200,50.1800,51.0800,50.5200,44699378,2261445451.4600,1,0,2.995702
2025-02-13,sh.601318,50.9200,51.7800,50.8100,51.0200,51.0800,59036332,3019334997.7000,1,0,2.995702
2025-02-14,sh.601318,50.9900,51.8600,50.8000,51.7000,51.0200,59977161,3080098769.8400,1,0,2.995702
2025-02-17,sh.601318,51.8300,52.3800,51.4100,51.8400,51.7000,62571044,3245003133.1900,1,0,2.995702
2025-02-18,sh.601318,51.6700,52.1800,51.2000,51.3100,51.8400,65008234,3362664790.8100,1,0,2.995702
2025-02-19,sh.601318,51.1900,51.8300,51.0200,51.4500,51.3100,46442576,2388611400.6800,1,0,2.995702
2025-02-20,sh.601318,51.2300,51.3100,50.6600,50.7800,51.4500,51538478,2620444373.8100,1,0,2.995702
2025-02-21,sh.601318,50.9900,51.5000,50.4600,51.2000,50.7800,66876093,3415352330.9900,1,0,2.995702
2025-02-24,sh.601318,51.2000,52.4800,51.0500,52.0000,51.2000,83582274,4341042759.8200,1,0,2.995702
2025-02-25,sh.601318,51.5000,52.1000,50.8500,50.9800,52.0000,64242944,3298896561.6500,1,0,2.995702
2025-02-26,sh.601318,51.1000,51.7800,51.0300,51.6200,50.9800,53657805,2758370361.5000,1,0,2.995702
2025-02-27,sh.601318,51.7800,51.8000,51.1200,51.6200,51.6200,54724008,2813972256.6600,1,0,2.995702
2025-02-28,sh.601318,51.4000,51.6500,50.3800,50.3800,51.6200,80526753,4102825271.7600,1,0,2.995702
2025-03-03,sh.601318,50.5500,50.8200,50.0600,50.3300,50.3800,42316083,2135730015.3900,1,0,2.995702
2025-03-04,sh.601318,50.0800,50.2900,50.0000,50.0800,50.3300,37243163,1867141470.8700,1,0,2.995702
2025-03-05,sh.601318,50.1800,50.5500,50.0100,50.3800,50.0800,45507176,2287766875.6500,1,0,2.995702
2025-03-06,sh.601318,50.7700,51.9300,50.5300,51.6400,50.3800,104582101,5369202398.9400,1,0,2.995702
2025-03-07,sh.601318,51.6000,51.8400,51.3200,51.5000,51.6400,48147872,2481121736.0000,1,0,2.995702
2025-03-10,sh.601318,51.5100,51.6600,50.7800,51.2500,51.5000,61128342,3121852670.2400,1,0,2.995702
2025-03-11,sh.601318,50.7100,51.5000,50.6000,51.5000,51.2500,52914740,2702757543.5700,1,0,2.995702
2025-03-12,sh.601318,51.5000,51.6000,51.0100,51.1500,51.5000,47057801,2410921164.2400,1,0,2.995702
2025-03-13,sh.601318,51.1500,51.5500,50.9300,51.1400,51.1500,41144830,2107254551.8400,1,0,2.995702
2025-03-14,sh.601318,51.3300,53.8900,51.2100,53.4700,51.1400,150244865,7945017156.2900,1,0,2.995702
2025-03-17,sh.601318,53.4700,53.6200,53.1000,53.3800,53.4700,60517176,3229662145.1500,1,0,2.995702
2025-03-18,sh.601318,53.7000,54.1900,53.6400,53.7600,53.3800,58774002,3164655446.6500,1,0,2.995702
2025-03-19,sh.601318,53.6800,54.3000,53.5700,54.0700,53.7600,50987421,2751845206.4800,1,0,2.995702
2025-03-20,sh.601318,54.0500,54.0600,52.2300,52.4900,54.0700,114072346,6007424559.0400,1,0,2.995702
2025-03-21,sh.601318,52.4000,52.6600,51.6800,51.7500,52.4900,79571468,4145943295.0500,1,0,2.995702
2025-03-24,sh.601318,51.8200,52.2800,51.8200,52.1300,51.7500,50865690,2646991165.9700,1,0,2.995702
2025-03-25,sh.601318,52.1500,52.2100,51.8200,51.9600,52.1300,34440224,1790739698.8200,1,0,2.995702
2025-03-26,sh.601318,51.9800,52.0900,51.7200,51.7200,51.9600,40399461,2094936176.0700,1,0,2.995702
2025-03-27,sh.601318,51.7100,52.4500,51.5300,52.0600,51.7200,43216872,2248679010.8300,1,0,2.995702
2025-03-28,sh.601318,52.2000,52.3700,51.8500,51.9600,52.0600,35366353,1841078405.9800,1,0,2.995702
2025-03-31,sh.601318,51.9000,52.2500,51.3900,51.6300,51.9600,46838971,2423816080.0700,1,0,2.995702
2025-04-01,sh.601318,51.6000,51.8600,51.4100,51.6200,51.6300,39432057,2035352505.0700,1,0,2.995702
2025-04-02,sh.601318,51.5800,51.9600,51.5300,51.8600,51.6200,28327427,1467236071.4900,1,0,2.995702
2025-04-03,sh.601318,51.3900,52.0000,51.3800,51.4800,51.8600,37334782,1927750539.8900,1,0,2.995702
2025-04-07,sh.601318,49.3000,49.7700,47.0000,48.5600,51.4800,172755841,8362219629.4900,1,0,2.995702
2025-04-08,sh.601318,48.5500,49.2600,48.1000,49.2600,48.5600,111752977,5446468217.7900,1,0,2.995702
2025-04-09,sh.601318,48.8000,49.2500,48.3600,48.9300,49.2600,73790650,3604799241.8800,1,0,2.995702
2025-04-10,sh.601318,49.3600,49.8000,49.2100,49.4800,48.9300,65791545,3258096137.7600,1,0,2.995702
2025-04-11,sh.601318,49.4800,49.5400,48.9800,49.3500,49.4800,45012106,2216984585.5500,1,0,2.995702
2025-04-14,sh.601318,49.6000,49.8500,49.4400,49.4800,49.3500,38748414,1922228961.6100,1,0,2.995702
2025-04-15,sh.601318,49.4800,49.9700,49.2600,49.8300,49.4800,40776211,2021902572.1500,1,0,2.995702
2025-04-16,sh.601318,49.7200,50.1700,49.4000,49.8800,49.8300,46792350,2323052329.9700,1,0,2.995702
2025-04-17,sh.601318,49.6900,50.2800,49.5800,50.1600,49.8800,37704289,1884423296.1700,1,0,2.995702
2025-04-18,sh.601318,50.0500,50.6600,49.9500,50.4400,50.1600,33881100,1706307227.6600,1,0,2.995702
2025-04-21,sh.601318,50.4000,50.6100,50.2000,50.2800,50.4400,26378406,1329681851.6200,1,0,2.995702
2025-04-22,sh.601318,50.2000,50.7900,50.1200,50.5700,50.2800,35509783,1793621625.5700,1,0,2.995702
2025-04-23,sh.601318,50.7600,50.9500,50.4600,50.7000,50.5700,29877321,1515452317.1000,1,0,2.995702
2025-04-24,sh.601318,50.7000,51.4800,50.7000,51.2200,50.7000,42383943,2170142048.9200,1,0,2.995702
2025-04-25,sh.601318,51.2400,51.5900,51.2200,51.3300,51.2200,36849939,1894916291.4800,1,0,2.995702
2025-04-28,sh.601318,50.4200,51.3400,50.0300,51.2100,51.3300,51866550,2632952958.8600,1,0,2.995702
2025-04-29,sh.601318,51.1700,51.6400,50.8600,51.0000,51.2100,33754005,1725062887.3500,1,0,2.995702
2025-04-30,sh.601318,51.1000,51.5500,50.6800,50.7100,51.0000,37794426,1927976843.1500,1,0,2.995702
2025-05-06,sh.601318,51.0000,51.1500,50.5500,50.8000,50.7100,39151245,1992284114.9100,1,0,2.995702
2025-05-07,sh.601318,51.4200,51.6300,51.0300,51.1800,50.8000,42063972,2156676084.1500,1,0,2.995702
2025-05-08,sh.601318,51.0100,52.3500,50.9000,51.9600,51.1800,67134993,3487932290.1800,1,0,2.995702
2025-05-09,sh.601318,51.9100,52.1600,51.7500,51.7500,51.9600,29070923,1507958915.3500,1,0,2.995702
2025-05-12,sh.601318,52.2300,52.7500,52.0000,52.6000,51.7500,57737170,3028226079.4600,1,0,2.995702
2025-05-13,sh.601318,52.7900,52.7900,52.2500,52.4600,52.6000,40392012,2117089329.2200,1,0,2.995702
2025-05-14,sh.601318,52.4500,55.1800,52.3400,54.6900,52.4600,157722961,8541172666.0500,1,0,2.995702
2025-05-15,sh.601318,54.3900,54.8000,54.1000,54.2500,54.6900,56930342,3095268721.0700,1,0,2.995702
2025-05-16,sh.601318,54.0500,54.4400,53.3800,53.3900,54.2500,46612951,2499109898.7800,1,0,2.995702
2025-05-19,sh.601318,53.2900,53.7300,53.2000,53.3000,53.3900,32426624,1730493311.9500,1,0,2.995702
2025-05-20,sh.601318,53.4500,54.1800,53.4000,53.6800,53.3000,35266900,1895934592.1900,1,0,2.995702
2025-05-21,sh.601318,53.7000,54.4000,53.7000,53.8500,53.6800,33306582,1800759244.0400,1,0,2.995702
2025-05-22,sh.601318,53.7600,53.9900,53.5300,53.8400,53.8500,24065765,1294403113.7200,1,0,2.995702
2025-05-23,sh.601318,53.8100,54.4600,53.1700,53.2300,53.8400,43049136,2314052457.2800,1,0,2.995702
2025-05-26,sh.601318,53.1600,54.1500,53.0000,53.4000,53.2300,38812968,2078107531.1400,1,0,2.995702
2025-05-27,sh.601318,53.4000,53.8600,53.3000,53.4000,53.4000,25572531,1368911112.0200,1,0,2.995702
2025-05-28,sh.601318,53.4000,53.6900,53.1200,53.2900,53.4000,26169794,1396312011.8600,1,0,2.995702
2025-05-29,sh.601318,53.3000,53.8300,53.0900,53.5200,53.2900,34868262,1868004330.4000,1,0,2.995702
2025-05-30,sh.601318,53.3700,53.6900,52.8500,53.2800,53.5200,41723855,2221553128.0200,1,0,2.995702
2025-06-03,sh.601318,53.2100,54.1100,53.0000,53.8500,53.2800,45373821,2430686987.2200,1,0,2.995702
2025-06-04,sh.601318,53.6100,54.1500,53.6100,53.7600,53.8500,43089681,2322941428.9800,1,0,2.995702
2025-06-05,sh.601318,53.7700,54.1800,53.6600,53.9900,53.7600,41909990,2260023900.0400,1,0,2.995702
2025-06-06,sh.601318,54.0000,54.1200,53.3500,53.4100,53.9900,40855330,2191002621.2400,1,0,2.995702
2025-06-09,sh.601318,53.5500,53.9400,53.5000,53.7200,53.4100,39788727,2137162081.3500,1,0,2.995702
2025-06-10,sh.601318,53.7100,54.1000,53.3100,53.4300,53.7200,46707945,2510066317.0700,1,0,2.995702
2025-06-11,sh.601318,53.4000,54.6500,53.4000,54.4600,53.4300,68183015,3704026067.8600,1,0,2.995702
2025-06-12,sh.601318,54.3000,55.3300,54.0300,54.8100,54.4600,58999906,3231103730.4600,1,0,2.995702
2025-06-13,sh.601318,54.8300,54.9000,54.2800,54.4800,54.8100,48022896,2616565694.4100,1,0,2.995702
2025-06-16,sh.601318,54.3300,54.5800,54.0600,54.3200,54.4800,49677075,2697778320.1500,1,0,2.995702
2025-06-17,sh.601318,54.3000,54.5100,53.9400,54.2300,54.3200,50628878,2745763183.0900,1,0,2.995702
2025-06-18,sh.601318,54.1800,54.2800,53.3000,53.8100,54.2300,46936380,2518852918.0200,1,0,2.995702
2025-06-19,sh.601318,53.6900,53.8000,53.1200,53.2000,53.8100,40188078,2143533731.1000,1,0,2.995702
2025-06-20,sh.601318,53.1900,54.8600,53.1900,54.7400,53.2000,84743047,4606219515.2700,1,0,2.995702
2025-06-23,sh.601318,54.5000,55.2500,54.2600,55.1000,54.7400,61470513,3373267493.8500,1,0,2.995702
2025-06-24,sh.601318,55.2100,56.9700,55.2000,56.7900,55.1000,104079789,5873914856.7100,1,0,2.995702
2025-06-25,sh.601318,56.8000,58.0000,56.5800,57.8800,56.7900,104613132,5998384733.8100,1,0,2.995702
2025-06-26,sh.601318,57.7900,58.0800,57.4700,57.5800,57.8800,50073981,2888896788.4300,1,0,2.995702
2025-06-27,sh.601318,57.5800,58.1300,56.6100,56.9600,57.5800,66763167,3832894681.9000,1,0,2.995702
2025-06-30,sh.601318,55.5000,55.9500,55.1300,55.4800,55.3600,56478195,3133724720.4500,1,0,3.082282
2025-07-01,sh.601318,55.6600,55.8900,55.3000,55.7000,55.4800,35274636,1961556961.1300,1,0,3.082282
2025-07-02,sh.601318,55.7000,56.0100,55.3500,55.8100,55.7000,39562902,2204210315.9000,1,0,3.082282
2025-07-03,sh.601318,55.9000,56.2000,55.6600,55.8000,55.8100,32510060,1817404361.6600,1,0,3.082282
2025-07-04,sh.601318,55.7000,57.3900,55.4300,56.5700,55.8000,65454405,3695501729.1200,1,0,3.082282
2025-07-07,sh.601318,56.5900,56.8000,56.0600,56.4300,56.5700,32176278,1813966809.1800,1,0,3.082282
2025-07-08,sh.601318,56.4000,56.7800,56.1100,56.4500,56.4300,34345972,1939149952.4100,1,0,3.082282
2025-07-09,sh.601318,56.4500,56.7800,55.8800,55.9000,56.4500,39546279,2223715808.0500,1,0,3.082282
2025-07-10,sh.601318,55.9000,57.5800,55.8100,57.1300,55.9000,82888153,4726621457.4300,1,0,3.082282
2025-07-11,sh.601318,57.0000,59.0200,56.9600,57.7100,57.1300,107642894,6269330973.4000,1,0,3.082282
2025-07-14,sh.601318,57.6900,58.2400,57.5700,57.5700,57.7100,44905762,2598863547.1100,1,0,3.082282
2025-07-15,sh.601318,57.7500,57.9600,56.9800,57.1000,57.5700,44172553,2535144762.2200,1,0,3.082282
2025-07-16,sh.601318,57.1700,57.2400,56.2100,56.8300,57.1000,48182460,2728239344.4800,1,0,3.082282
2025-07-17,sh.601318,56.7000,57.0600,56.6800,56.8100,56.8300,27712343,1575012869.7500,1,0,3.082282
2025-07-18,sh.601318,56.9500,57.4500,56.8600,57.0700,56.8100,43623995,2492884492.8300,1,0,3.082282
2025-07-21,sh.601318,57.1500,57.7500,56.9000,57.1900,57.0700,46673343,2671242928.7800,1,0,3.082282
2025-07-22,sh.601318,57.1900,57.2000,56.1000,56.7000,57.1900,69520325,3930402694.0500,1,0,3.082282
2025-07-23,sh.601318,56.8400,58.3800,56.8100,58.0000,56.7000,86940674,5020698335.4100,1,0,3.082282
2025-07-24,sh.601318,57.9700,59.0000,57.7100,58.6400,58.0000,70773738,4142271385.1500,1,0,3.082282
2025-07-25,sh.601318,58.3000,58.5500,57.8200,58.0800,58.6400,50833457,2958837440.4600,1,0,3.082282
2025-07-28,sh.601318,58.2000,60.2000,58.2000,60.0900,58.0800,122121733,7297531196.6000,1,0,3.082282
2025-07-29,sh.601318,60.0600,60.2800,59.3700,59.4900,60.0900,56609200,3380012574.8300,1,0,3.082282
2025-07-30,sh.601318,59.4800,61.3300,59.3500,60.7100,59.4900,92199271,5600001965.5600,1,0,3.082282
2025-07-31,sh.601318,60.4100,60.5000,58.3800,58.6900,60.7100,82760070,4910516273.7400,1,0,3.082282
2025-08-01,sh.601318,58.6800,59.0600,58.0800,58.2000,58.6900,48878624,2860162236.1200,1,0,3.082282
2025-08-04,sh.601318,58.1000,58.3400,57.8500,58.2100,58.2000,36007832,2092312969.1100,1,0,3.082282
2025-08-05,sh.601318,58.3000,59.4100,58.2000,59.1400,58.2100,48295614,2837798909.0300,1,0,3.082282
2025-08-06,sh.601318,59.1400,59.6400,58.8200,59.0600,59.1400,32446873,1916931440.9900,1,0,3.082282
2025-08-07,sh.601318,59.1100,59.4600,58.5300,58.8800,59.0600,32797153,1932522823.0600,1,0,3.082282
2025-08-08,sh.601318,58.8800,58.9000,58.2200,58.5400,58.8800,39793332,2331643860.3700,1,0,3.082282
2025-08-11,sh.601318,58.7700,59.1400,58.4700,58.4700,58.5400,43186911,2535939660.5100,1,0,3.082282
2025-08-12,sh.601318,58.4700,59.0700,58.4700,58.7500,58.4700,42698545,2507882892.0300,1,0,3.082282
2025-08-13,sh.601318,58.9200,59.4000,58.4600,58.6100,58.7500,72845320,4285477114.7400,1,0,3.082282
2025-08-14,sh.601318,58.8000,60.6000,58.7700,59.6200,58.6100,102276751,6132887144.5200,1,0,3.082282
2025-08-15,sh.601318,59.6000,60.4500,59.0000,59.8000,59.6200,89296811,5342602446.7200,1,0,3.082282
2025-08-18,sh.601318,59.9200,60.3500,59.3400,59.3400,59.8000,95726282,5730767229.7800,1,0,3.082282
2025-08-19,sh.601318,59.7700,60.1800,58.0800,58.2000,59.3400,95480996,5626016599.7800,1,0,3.082282
2025-08-20,sh.601318,58.0900,59.2000,57.6900,59.2000,58.2000,76272484,4453267555.2400,1,0,3.082282
2025-08-21,sh.601318,59.2000,59.9600,58.9100,59.6200,59.2000,57460093,3420554066.1900,1,0,3.082282
2025-08-22,sh.601318,59.5100,60.5100,59.4400,60.5000,59.6200,78097427,4689312102.9600,1,0,3.082282
2025-08-25,sh.601318,60.6000,61.0500,60.1100,61.0000,60.5000,67011268,4065994393.8900,1,0,3.082282
2025-08-26,sh.601318,60.9000,61.0000,60.4500,60.5200,61.0000,49198628,2984830237.5000,1,0,3.082282
2025-08-27,sh.601318,60.3800,60.4500,58.6900,58.6900,60.5200,106455786,6325335934.3100,1,0,3.082282
2025-08-28,sh.601318,58.7500,59.1200,58.3100,58.8400,58.6900,63610466,3734301052.6800,1,0,3.082282
2025-08-29,sh.601318,58.9500,61.1000,58.9400,59.8800,58.8400,108030923,6488619820.3100,1,0,3.082282
2025-09-01,sh.601318,59.7900,59.7900,58.3300,58.5100,59.8800,94852489,5566516443.1100,1,0,3.082282
2025-09-02,sh.601318,58.5000,58.8000,58.2200,58.6600,58.5100,64903633,3797585374.7000,1,0,3.082282
2025-09-03,sh.601318,58.9400,59.1000,57.3600,57.7800,58.6600,71474642,4150607723.0700,1,0,3.082282
2025-09-04,sh.601318,57.7700,57.9700,57.0600,57.5000,57.7800,72743607,4183559781.0800,1,0,3.082282
2025-09-05,sh.601318,57.5000,58.0600,57.0300,57.9000,57.5000,55818427,3207319734.5000,1,0,3.082282
2025-09-08,sh.601318,57.7600,58.0400,57.3200,57.7000,57.9000,48773339,2814135142.0000,1,0,3.082282
2025-09-09,sh.601318,57.7600,58.2900,57.5500,58.0000,57.7000,51891144,3004298500.8000,1,0,3.082282
2025-09-10,sh.601318,57.7700,58.1600,57.6200,57.8700,58.0000,30846974,1786675714.5800,1,0,3.082282
2025-09-11,sh.601318,57.9000,58.6900,57.6000,58.6900,57.8700,59507207,3464480190.1200,1,0,3.082282
2025-09-12,sh.601318,58.9800,59.2000,57.5000,57.6800,58.6900,73537627,4277497748.8200,1,0,3.082282
2025-09-15,sh.601318,57.6500,57.9900,57.0900,57.3300,57.6800,54684242,3147658744.5600,1,0,3.082282
2025-09-16,sh.601318,57.3500,57.4500,56.5000,56.6200,57.3300,68571361,3894056718.5900,1,0,3.082282
2025-09-17,sh.601318,56.6600,56.9700,56.4500,56.5700,56.6200,68465187,3878151156.9000,1,0,3.082282
2025-09-18,sh.601318,56.6400,56.6700,55.1100,55.2800,56.5700,101207356,5649599208.9700,1,0,3.082282
2025-09-19,sh.601318,55.2900,56.0000,55.0000,55.1000,55.2800,54332111,3008279779.7800,1,0,3.082282
2025-09-22,sh.601318,55.3700,55.6500,55.0000,55.1500,55.1000,37443768,2068811783.8400,1,0,3.082282
2025-09-23,sh.601318,55.0300,55.7900,54.7400,55.0200,55.1500,61296096,3385890145.3000,1,0,3.082282
2025-09-24,sh.601318,55.2900,55.7500,54.9500,55.2900,55.0200,50317433,2781363925.2200,1,0,3.082282
2025-09-25,sh.601318,55.2800,55.3900,55.0300,55.0900,55.2900,51429616,2838283233.5500,1,0,3.082282
2025-09-26,sh.601318,55.0200,55.5500,54.6600,55.2200,55.0900,54862187,3021459544.3800,1,0,3.082282
2025-09-29,sh.601318,55.1800,57.3200,55.0300,56.0100,55.2200,103510992,5816595783.3200,1,0,3.082282
2025-09-30,sh.601318,55.8000,56.2000,55.0000,55.1100,56.0100,76708187,4247640484.9500,1,0,3.082282
2025-10-09,sh.601318,55.0400,55.2800,54.2500,55.0400,55.1100,82406748,4521397149.7600,1,0,3.082282
2025-10-10,sh.601318,54.7300,55.9700,54.7300,55.5400,55.0400,64146532,3560844772.5200,1,0,3.082282
2025-10-13,sh.601318,54.5100,55.3300,54.5100,55.1000,55.5400,60965598,3353288997.7500,1,0,3.082282
2025-10-14,sh.601318,55.5800,56.6800,55.5200,56.4800,55.1000,102294025,5757976240.6600,1,0,3.082282
2025-10-15,sh.601318,56.4800,57.9700,56.3000,57.8100,56.4800,83704628,4793965559.4100,1,0,3.082282
2025-10-16,sh.601318,57.6800,58.5800,57.6100,58.0200,57.8100,68147820,3966486441.3800,1,0,3.082282
2025-10-17,sh.601318,58.0000,58.4800,57.1700,57.2800,58.0200,67749281,3916934527.0000,1,0,3.082282
2025-10-20,sh.601318,58.3300,58.5700,57.4500,57.9000,57.2800,52669469,3058431634.2900,1,0,3.082282
2025-10-21,sh.601318,57.9300,58.9200,57.9300,58.0800,57.9000,76220049,4456452771.0200,1,0,3.082282
2025-10-22,sh.601318,58.0000,58.5000,57.9300,58.2100,58.0800,37989266,2211002991.1500,1,0,3.082282
2025-10-23,sh.601318,58.2200,58.8700,58.0900,58.7500,58.2100,50350104,2943942596.1500,1,0,3.082282
2025-10-24,sh.601318,58.1400,58.4900,57.7500,57.8800,57.8000,55824170,3240224544.6700,1,0,3.132943
2025-10-27,sh.601318,58.0000,58.3900,57.5000,57.7500,57.8800,68500438,3964893062.5400,1,0,3.132943
2025-10-28,sh.601318,57.7900,58.2300,57.6200,57.7600,57.7500,49130508,2842864952.9000,1,0,3.132943
2025-10-29,sh.601318,58.6000,59.7000,58.4900,58.9500,57.7600,104443161,6172236794.8100,1,0,3.132943
2025-10-30,sh.601318,59.3000,60.1000,58.5800,58.6500,58.9500,74571283,4424147710.7500,1,0,3.132943
2025-10-31,sh.601318,58.9900,58.9900,57.8000,57.8300,58.6500,57254154,3331214747.5500,1,0,3.132943
2025-11-03,sh.601318,58.2700,58.7000,57.8600,58.3100,57.8300,41143033,2399870469.7200,1,0,3.132943
2025-11-04,sh.601318,58.3500,59.1300,58.2000,58.9400,58.3100,51812600,3045009960.8000,1,0,3.132943
2025-11-05,sh.601318,58.4000,58.8400,57.9200,58.3200,58.9400,40215785,2348603000.5800,1,0,3.132943
2025-11-06,sh.601318,58.3500,59.2800,58.3400,58.9000,58.3200,54734599,3224909538.0000,1,0,3.132943
2025-11-07,sh.601318,58.7800,59.1500,58.6600,58.8900,58.9000,37191041,2191134861.2500,1,0,3.132943
2025-11-10,sh.601318,58.8500,59.4000,58.4400,59.3000,58.8900,52948721,3132320906.1200,1,0,3.132943
2025-11-11,sh.601318,59.3000,59.5000,58.8100,59.2000,59.3000,36250376,2143772917.2800,1,0,3.132943
2025-11-12,sh.601318,59.3000,60.7900,59.3000,60.0300,59.2000,149024584,8994592304.4800,1,0,3.132943
2025-11-13,sh.601318,60.2900,61.3800,60.2900,60.8800,60.0300,89018699,5421878882.1400,1,0,3.132943
2025-11-14,sh.601318,60.8500,62.2700,60.6500,60.6500,60.8800,75274101,4630168806.0100,1,0,3.132943
2025-11-17,sh.601318,60.6900,61.0000,59.4600,59.8300,60.6500,56019716,3354710744.8300,1,0,3.132943
2025-11-18,sh.601318,59.6700,60.1500,59.4800,59.6200,59.8300,44571218,2663627684.2800,1,0,3.132943
2025-11-19,sh.601318,59.8000,61.1200,59.7100,60.3700,59.6200,70586509,4268493623.8000,1,0,3.132943
2025-11-20,sh.601318,60.6000,61.1500,60.0300,60.2000,60.3700,39449064,2387256690.5900,1,0,3.132943
2025-11-21,sh.601318,60.0000,60.1000,58.8800,58.9100,60.2000,68557969,4067315651.6600,1,0,3.132943
2025-11-24,sh.601318,59.1600,59.2000,58.3500,58.4000,58.9100,53470919,3141756213.5600,1,0,3.132943
2025-11-25,sh.601318,58.6800,59.8200,58.2300,59.4700,58.4000,48777097,2887514429.4800,1,0,3.132943
2025-11-26,sh.601318,59.6600,60.2200,59.3200,59.7800,59.4700,43469273,2598031332.7400,1,0,3.132943
2025-11-27,sh.601318,59.5000,59.7300,58.7000,59.3400,59.7800,50570087,2993560813.3500,1,0,3.132943
2025-11-28,sh.601318,59.2100,59.2900,58.5100,58.9900,59.3400,43355814,2553839885.7100,1,0,3.132943
2025-12-01,sh.601318,58.9100,59.1800,58.4100,58.6300,58.9900,44580406,2614280155.9900,1,0,3.132943
2025-12-02,sh.601318,58.8000,59.4000,58.4500,58.8000,58.6300,37383734,2200530386.8900,1,0,3.132943
2025-12-03,sh.601318,58.7500,59.0200,58.1500,58.3500,58.8000,33549447,1961924290.8500,1,0,3.132943
2025-12-04,sh.601318,58.3500,58.5500,58.2100,58.5500,58.3500,21766366,1271252461.3500,1,0,3.132943
2025-12-05,sh.601318,58.6500,62.2000,58.5500,61.9900,58.5500,137794827,8385205487.5900,1,0,3.132943
2025-12-08,sh.601318,62.0400,63.8000,62.0000,63.4000,61.9900,102997868,6514118719.6300,1,0,3.132943
2025-12-09,sh.601318,63.4000,63.6900,62.4200,62.4500,63.4000,48373102,3044070518.3200,1,0,3.132943
2025-12-10,sh.601318,62.6600,63.0600,62.1300,62.5500,62.4500,44882218,2808948856.5000,1,0,3.132943
2025-12-11,sh.601318,62.8000,63.3600,62.1700,62.5300,62.5500,47796340,2990603756.4800,1,0,3.132943
2025-12-12,sh.601318,62.5600,64.0900,62.4100,63.9100,62.5300,109176025,6926125694.1200,1,0,3.132943
2025-12-15,sh.601318,63.6800,67.4400,63.5200,67.0800,63.9100,154664260,10258390316.0100,1,0,3.132943
2025-12-16,sh.601318,66.7100,68.1100,66.1600,67.0000,67.0800,105682134,7074646043.3800,1,0,3.132943
2025-12-17,sh.601318,67.0500,68.6300,66.6500,68.0500,67.0000,96211778,6513277291.3600,1,0,3.132943
2025-12-18,sh.601318,67.8800,68.5800,67.5900,68.5000,68.0500,56360590,3839846393.2700,1,0,3.132943
2025-12-19,sh.601318,68.1500,68.7800,67.6000,68.7500,68.5000,63847643,4363697642.1000,1,0,3.132943
2025-12-22,sh.601318,68.7000,69.2700,68.2000,68.5400,68.7500,55694201,3824247200.1700,1,0,3.132943
2025-12-23,sh.601318,68.5600,70.2400,68.3500,69.4900,68.5400,76571991,5324655841.9500,1,0,3.132943
2025-12-24,sh.601318,69.1700,69.3800,68.3500,69.0300,69.4900,51131950,3522990019.6600,1,0,3.132943
2025-12-25,sh.601318,69.0000,71.9800,68.9800,70.8000,69.0300,77789813,5513013481.1600,1,0,3.132943
2025-12-26,sh.601318,70.4400,71.9600,70.4300,71.1600,70.8000,65701677,4689142905.5400,1,0,3.132943
2025-12-29,sh.601318,71.0000,71.6600,69.7900,69.8800,71.1600,65566518,4622483554.3700,1,0,3.132943
2025-12-30,sh.601318,69.7500,70.2300,68.3900,68.8000,69.8800,104667372,7226865061.6100,1,0,3.132943
2025-12-31,sh.601318,68.7800,69.2300,68.1500,68.4000,68.8000,45806869,3141993176.5600,1,0,3.132943
