date,code,open,high,low,close,preclose,volume,amount,tradestatus,isST,backAdjustFactor
2018-01-02,sh.601127,20.1300,20.3700,20.1000,20.2300,20.1100,2253367,45710408.0000,1,0,1.013411
2018-01-03,sh.601127,20.2300,20.5600,20.1500,20.4100,20.2300,2479524,50582926.0000,1,0,1.013411
2018-01-04,sh.601127,20.3900,20.3900,20.0000,20.1200,20.4100,2359006,47498150.0000,1,0,1.013411
2018-01-05,sh.601127,20.1200,20.3000,20.0200,20.2700,20.1200,2519192,50923351.0000,1,0,1.013411
2018-01-08,sh.601127,20.3000,20.7700,20.2200,20.4600,20.2700,3721448,76074638.0000,1,0,1.013411
2018-01-09,sh.601127,20.4600,20.4900,20.0600,20.0600,20.4600,3353993,67823232.0000,1,0,1.013411
2018-01-10,sh.601127,20.0600,20.2400,19.4500,20.1600,20.0600,6131626,121003062.0000,1,0,1.013411
2018-01-11,sh.601127,19.8000,20.2000,19.8000,20.1400,20.1600,2981628,59554799.0000,1,0,1.013411
2018-01-12,sh.601127,20.1600,20.2100,19.7900,20.0400,20.1400,2538083,50659914.0000,1,0,1.013411
2018-01-15,sh.601127,19.9100,19.9500,19.4600,19.6700,20.0400,2529545,49786582.0000,1,0,1.013411
2018-01-16,sh.601127,19.7000,19.9500,19.6700,19.7800,19.6700,2100667,41544427.0000,1,0,1.013411
2018-01-17,sh.601127,19.9000,19.9200,19.4200,19.5300,19.7800,1757785,34418715.0000,1,0,1.013411
2018-01-18,sh.601127,19.6900,19.7800,19.3200,19.5900,19.5300,3059543,59778384.0000,1,0,1.013411
2018-01-19,sh.601127,19.6700,20.2600,19.4900,19.6700,19.5900,2269296,44728080.0000,1,0,1.013411
2018-01-22,sh.601127,19.6500,19.7000,19.2500,19.4800,19.6700,1761562,34256164.0000,1,0,1.013411
2018-01-23,sh.601127,19.5500,19.6500,19.4100,19.4400,19.4800,2514478,49101901.0000,1,0,1.013411
2018-01-24,sh.601127,19.5400,19.6300,19.3200,19.6100,19.4400,2229638,43480887.0000,1,0,1.013411
2018-01-25,sh.601127,19.6800,19.8400,19.5900,19.8300,19.6100,2682446,52846955.0000,1,0,1.013411
2018-01-26,sh.601127,19.6600,19.9600,19.6600,19.9100,19.8300,2501592,49534276.0000,1,0,1.013411
2018-01-29,sh.601127,19.9100,19.9300,19.6500,19.8400,19.9100,2265173,44819783.0000,1,0,1.013411
2018-01-30,sh.601127,19.7600,20.1800,19.6000,19.9600,19.8400,1950114,38621285.0000,1,0,1.013411
2018-01-31,sh.601127,19.8900,20.2000,19.6200,20.0600,19.9600,3218018,64106951.0000,1,0,1.013411
2018-02-01,sh.601127,20.0500,20.0500,18.0500,18.0500,20.0600,3636367,68148715.0000,1,0,1.013411
2018-02-02,sh.601127,16.2500,18.1800,16.2500,17.7000,18.0500,19577687,328609653.0000,1,0,1.013411
2018-02-05,sh.601127,17.0400,17.9500,17.0100,17.8200,17.7000,4693350,82675454.0000,1,0,1.013411
2018-02-06,sh.601127,17.4000,17.8800,17.1200,17.2900,17.8200,3493988,60889903.0000,1,0,1.013411
2018-02-07,sh.601127,17.6000,17.7700,16.9000,17.2900,17.2900,2125047,36751797.0000,1,0,1.013411
2018-02-08,sh.601127,17.2900,17.4800,17.2400,17.3000,17.2900,1487157,25791440.0000,1,0,1.013411
2018-02-09,sh.601127,17.2500,17.2500,16.6100,17.0100,17.3000,2331150,39484106.0000,1,0,1.013411
2018-02-12,sh.601127,17.1000,17.4700,16.9500,17.2400,17.0100,1433100,24628522.0000,1,0,1.013411
2018-02-13,sh.601127,17.2400,17.5300,17.1700,17.1900,17.2400,1218200,21101645.0000,1,0,1.013411
2018-02-14,sh.601127,17.1600,17.5600,17.1600,17.5500,17.1900,1349447,23501884.0000,1,0,1.013411
2018-02-22,sh.601127,17.5800,17.8200,17.5200,17.7800,17.5500,1189510,21052453.0000,1,0,1.013411
2018-02-23,sh.601127,17.7200,17.7700,17.3800,17.7100,17.7800,1298008,22852970.0000,1,0,1.013411
2018-02-26,sh.601127,17.8600,17.9900,17.7500,17.8900,17.7100,1695196,30312202.0000,1,0,1.013411
2018-02-27,sh.601127,17.9800,18.1400,17.7800,17.8000,17.8900,1573637,28241451.0000,1,0,1.013411
2018-02-28,sh.601127,17.7900,18.0700,17.5300,18.0100,17.8000,1433290,25535415.0000,1,0,1.013411
2018-03-01,sh.601127,17.9400,18.1800,17.8200,18.1400,18.0100,1499381,27118646.0000,1,0,1.013411
2018-03-02,sh.601127,18.1100,18.5100,18.0100,18.3500,18.1400,2248618,41188471.0000,1,0,1.013411
2018-03-05,sh.601127,18.3700,18.4000,18.1400,18.2400,18.3500,1114094,20368362.0000,1,0,1.013411
2018-03-06,sh.601127,18.0400,18.3600,18.0200,18.2500,18.2400,1569916,28525484.0000,1,0,1.013411
2018-03-07,sh.601127,18.2500,18.4600,18.1000,18.1500,18.2500,1474849,26944780.0000,1,0,1.013411
2018-03-08,sh.601127,18.1500,18.2800,18.1000,18.2400,18.1500,1117677,20321249.0000,1,0,1.013411
2018-03-09,sh.601127,18.2900,18.4000,18.1100,18.3800,18.2400,1245538,22782372.0000,1,0,1.013411
2018-03-12,sh.601127,18.4200,18.9200,18.4200,18.8500,18.3800,2581289,48273461.0000,1,0,1.013411
2018-03-13,sh.601127,19.0500,20.7300,18.8000,19.7200,18.8500,7718765,152327880.0000,1,0,1.013411
2018-03-14,sh.601127,19.4800,19.9800,19.4000,19.7800,19.7200,3252197,64289151.0000,1,0,1.013411
2018-03-15,sh.601127,19.7000,20.1800,19.6100,19.8400,19.7800,2780041,55261028.0000,1,0,1.013411
2018-03-16,sh.601127,19.7500,20.3700,19.7300,20.0700,19.8400,2727664,54882856.0000,1,0,1.013411
2018-03-19,sh.601127,20.0700,20.2900,19.8300,19.9000,20.0700,1762704,35230067.0000,1,0,1.013411
2018-03-20,sh.601127,19.9900,20.2000,19.5500,20.0300,19.9000,2692753,53360070.0000,1,0,1.013411
2018-03-21,sh.601127,20.0000,20.1200,19.7700,19.8000,20.0300,2292892,45771420.0000,1,0,1.013411
2018-03-22,sh.601127,19.8300,19.9600,19.5300,19.5500,19.8000,1714800,33867226.0000,1,0,1.013411
2018-03-23,sh.601127,18.9600,19.0800,18.1600,18.7300,19.5500,5600563,105129911.0000,1,0,1.013411
2018-03-26,sh.601127,18.7000,19.1800,18.3100,19.0800,18.7300,2475058,46644324.0000,1,0,1.013411
2018-03-27,sh.601127,19.5800,19.7700,19.2500,19.6900,19.0800,2961011,57987452.0000,1,0,1.013411
2018-03-28,sh.601127,19.7000,19.9500,19.3400,19.5100,19.6900,2850700,55943932.0000,1,0,1.013411
2018-03-29,sh.601127,19.8000,19.8000,18.4800,18.9600,19.5100,4335233,82136580.0000,1,0,1.013411
2018-03-30,sh.601127,18.9000,19.1400,18.7800,18.9100,18.9600,3159173,59998754.0000,1,0,1.013411
2018-04-02,sh.601127,18.9100,20.8000,18.8300,20.4900,18.9100,13511305,274276711.0000,1,0,1.013411
2018-04-03,sh.601127,20.4900,20.4900,20.4900,20.4900,20.4900,0,0.0000,0,0,1.013411
2018-04-04,sh.601127,20.4900,20.4900,20.4900,20.4900,20.4900,0,0.0000,0,0,1.013411
2018-04-09,sh.601127,20.4900,20.4900,20.4900,20.4900,20.4900,0,0.0000,0,0,1.013411
2018-04-10,sh.601127,19.5800,19.9600,18.4400,18.6900,20.4900,11718397,224913313.0000,1,0,1.013411
2018-04-11,sh.601127,18.6500,18.8300,18.1500,18.5100,18.6900,4760497,88191325.0000,1,0,1.013411
2018-04-12,sh.601127,18.5100,18.5100,18.0000,18.0500,18.5100,3944928,71704418.0000,1,0,1.013411
2018-04-13,sh.601127,18.2700,18.3600,18.1100,18.1600,18.0500,1933452,35223099.0000,1,0,1.013411
2018-04-16,sh.601127,18.1600,18.2300,17.8400,17.9200,18.1600,1911117,34457639.0000,1,0,1.013411
2018-04-17,sh.601127,18.2000,18.4100,17.6500,17.6600,17.9200,2324652,41900530.0000,1,0,1.013411
2018-04-18,sh.601127,17.5600,18.0500,17.4400,17.9400,17.6600,1954852,34655222.0000,1,0,1.013411
2018-04-19,sh.601127,17.9400,18.0900,17.8100,17.9400,17.9400,1637344,29413625.0000,1,0,1.013411
2018-04-20,sh.601127,17.9400,17.9800,17.5100,17.7000,17.9400,2169900,38347484.0000,1,0,1.013411
2018-04-23,sh.601127,17.7000,17.8700,17.0000,17.1900,17.7000,2831094,49508941.0000,1,0,1.013411
2018-04-24,sh.601127,17.2800,17.5500,17.2100,17.4100,17.1900,1359900,23659214.0000,1,0,1.013411
2018-04-25,sh.601127,17.4100,17.4700,17.2100,17.3500,17.4100,924079,16021449.0000,1,0,1.013411
2018-04-26,sh.601127,17.3500,17.3500,16.8100,16.8700,17.3500,2996933,51133496.0000,1,0,1.013411
2018-04-27,sh.601127,17.0100,17.4300,16.6900,17.3500,16.8700,2280684,38948225.0000,1,0,1.013411
2018-05-02,sh.601127,17.2600,17.7500,17.1500,17.7100,17.3500,2655944,46365013.0000,1,0,1.013411
2018-05-03,sh.601127,17.7500,17.8700,17.5900,17.7400,17.7100,2044577,36258781.0000,1,0,1.013411
2018-05-04,sh.601127,17.7000,17.8600,17.5700,17.7500,17.7400,1932490,34251228.0000,1,0,1.013411
2018-05-07,sh.601127,17.7100,17.9000,17.7100,17.8200,17.7500,1216000,21645748.0000,1,0,1.013411
2018-05-08,sh.601127,17.8500,18.0800,17.7500,17.9700,17.8200,1164700,20909203.0000,1,0,1.013411
2018-05-09,sh.601127,17.9600,18.0900,17.8900,17.9000,17.9700,968247,17375819.0000,1,0,1.013411
2018-05-10,sh.601127,17.8900,18.2200,17.7500,18.0600,17.9000,1650968,29642873.0000,1,0,1.013411
2018-05-11,sh.601127,17.9800,18.1600,17.7900,17.9700,18.0600,1628011,29246841.0000,1,0,1.013411
2018-05-14,sh.601127,17.9800,18.0600,17.8000,17.8900,17.9700,953300,17099602.0000,1,0,1.013411
2018-05-15,sh.601127,17.9800,18.2500,17.8500,18.1400,17.8900,1358805,24617732.0000,1,0,1.013411
2018-05-16,sh.601127,18.1000,18.2100,18.0000,18.1300,18.1400,1095867,19866512.0000,1,0,1.013411
2018-05-17,sh.601127,18.1800,18.3000,17.9300,17.9900,18.1300,1022800,18451674.0000,1,0,1.013411
2018-05-18,sh.601127,18.1000,18.1500,17.9500,18.1000,17.9900,820703,14822078.0000,1,0,1.013411
2018-05-21,sh.601127,18.2000,18.9500,18.2000,18.7100,18.1000,3264570,60969582.0000,1,0,1.013411
2018-05-22,sh.601127,18.5700,18.9500,18.3300,18.9100,18.7100,2738777,51371643.0000,1,0,1.013411
2018-05-23,sh.601127,18.9900,19.2700,18.7000,18.7200,18.9100,2535790,48152654.0000,1,0,1.013411
2018-05-24,sh.601127,18.8000,19.2300,18.6300,19.1800,18.7200,2785749,52811549.0000,1,0,1.013411
2018-05-25,sh.601127,19.0600,19.4400,18.9800,19.1900,19.1800,3337362,64017653.0000,1,0,1.013411
2018-05-28,sh.601127,19.1600,19.1900,18.6200,19.1600,19.1900,2046795,38751589.0000,1,0,1.013411
2018-05-29,sh.601127,19.1200,19.3500,18.7400,18.8600,19.1600,2210163,41998520.0000,1,0,1.013411
2018-05-30,sh.601127,18.6700,18.8100,18.2300,18.7100,18.8600,3643480,67404661.0000,1,0,1.013411
2018-05-31,sh.601127,18.8800,19.1000,18.7300,19.0700,18.7100,2146625,40629166.0000,1,0,1.013411
2018-06-01,sh.601127,19.0600,19.1600,18.6700,18.9200,19.0700,2205720,41661165.0000,1,0,1.013411
2018-06-04,sh.601127,19.0800,19.1100,18.8100,19.0800,18.9200,1910111,36250200.0000,1,0,1.013411
2018-06-05,sh.601127,19.1100,19.4700,19.0900,19.3300,19.0800,3987611,76944941.0000,1,0,1.013411
2018-06-06,sh.601127,19.4700,19.4700,18.8800,18.9100,19.3300,2244905,42908716.0000,1,0,1.013411
2018-06-07,sh.601127,18.8900,18.9400,18.5100,18.5600,18.9100,1949950,36425178.0000,1,0,1.013411
2018-06-08,sh.601127,18.5400,18.7700,18.5000,18.6500,18.5600,1849372,34452757.0000,1,0,1.013411
2018-06-11,sh.601127,18.6000,19.1500,18.4500,19.0800,18.6500,3137448,58950778.0000,1,0,1.013411
2018-06-12,sh.601127,19.1300,19.8700,19.1300,19.7500,19.0800,8467116,165482876.0000,1,0,1.013411
2018-06-13,sh.601127,19.6800,19.9200,19.1300,19.7700,19.7500,6978045,136406786.0000,1,0,1.013411
2018-06-14,sh.601127,19.5800,19.6900,19.1500,19.5300,19.7700,3434631,66718340.0000,1,0,1.013411
2018-06-15,sh.601127,19.3900,19.5900,18.3400,18.7900,19.5300,3742750,70953839.0000,1,0,1.013411
2018-06-19,sh.601127,19.0500,19.0500,17.0100,17.6700,18.7900,4877121,87668996.0000,1,0,1.013411
2018-06-20,sh.601127,17.7300,17.7800,17.3000,17.6000,17.6700,1634517,28713016.0000,1,0,1.013411
2018-06-21,sh.601127,17.7000,17.7000,17.0500,17.2000,17.6000,1775193,30800343.0000,1,0,1.013411
2018-06-22,sh.601127,17.3800,17.4500,16.8900,17.3800,17.2000,1180000,20335282.0000,1,0,1.013411
2018-06-25,sh.601127,17.2000,17.4100,16.9200,16.9500,17.3800,1077290,18526185.0000,1,0,1.013411
2018-06-26,sh.601127,16.7500,17.3000,16.6800,17.1600,16.9500,1156848,19765247.0000,1,0,1.013411
2018-06-27,sh.601127,17.2000,17.3100,16.9700,17.1900,17.1600,1312900,22482261.0000,1,0,1.013411
2018-06-28,sh.601127,16.9200,16.9700,16.7400,16.8000,16.9500,1422208,23997310.0000,1,0,1.02776
2018-06-29,sh.601127,16.9000,17.3500,16.7700,17.2900,16.8000,2344340,39942187.0000,1,0,1.02776
2018-07-02,sh.601127,17.3500,17.3500,16.8800,17.0200,17.2900,1388845,23755241.0000,1,0,1.02776
2018-07-03,sh.601127,17.1000,17.1800,15.9500,17.0000,17.0200,3881555,64683651.0000,1,0,1.02776
2018-07-04,sh.601127,16.9900,17.1800,16.7700,16.9700,17.0000,2835400,48107450.0000,1,0,1.02776
2018-07-05,sh.601127,17.0100,17.0800,16.6300,16.8700,16.9700,1817200,30597877.0000,1,0,1.02776
2018-07-06,sh.601127,16.8700,17.2500,16.7300,17.0300,16.8700,2263600,38344246.0000,1,0,1.02776
2018-07-09,sh.601127,17.0200,17.2000,16.9200,17.1300,17.0300,782517,13376908.0000,1,0,1.02776
2018-07-10,sh.601127,17.0800,17.2000,16.9700,17.0800,17.1300,894195,15259160.0000,1,0,1.02776
2018-07-11,sh.601127,17.0600,17.0600,16.8000,17.0200,17.0800,1320016,22344578.0000,1,0,1.02776
2018-07-12,sh.601127,17.0100,17.2800,17.0100,17.2200,17.0200,2141590,36738692.0000,1,0,1.02776
2018-07-13,sh.601127,17.2100,17.2900,17.1500,17.2500,17.2200,1525195,26261221.0000,1,0,1.02776
2018-07-16,sh.601127,17.2500,17.4500,17.1600,17.3200,17.2500,1484400,25743119.0000,1,0,1.02776
2018-07-17,sh.601127,17.2900,17.3900,17.1600,17.2400,17.3200,1376642,23755136.0000,1,0,1.02776
2018-07-18,sh.601127,17.4000,17.4000,17.1100,17.1800,17.2400,987243,17001721.0000,1,0,1.02776
2018-07-19,sh.601127,17.1800,17.4600,17.1100,17.3900,17.1800,2682694,46319593.0000,1,0,1.02776
2018-07-20,sh.601127,17.3900,17.5200,17.2600,17.4700,17.3900,1770551,30792969.0000,1,0,1.02776
2018-07-23,sh.601127,17.3500,17.5200,17.3300,17.4900,17.4700,624476,10889716.0000,1,0,1.02776
2018-07-24,sh.601127,17.4900,17.6800,17.4500,17.6400,17.4900,863000,15188932.0000,1,0,1.02776
2018-07-25,sh.601127,17.6100,17.6400,17.3000,17.4400,17.6400,2073596,36142880.0000,1,0,1.02776
2018-07-26,sh.601127,17.3800,17.4300,17.0600,17.1500,17.4400,1542800,26545793.0000,1,0,1.02776
2018-07-27,sh.601127,17.3000,17.3900,17.1200,17.1800,17.1500,1017291,17526223.0000,1,0,1.02776
2018-07-30,sh.601127,17.1600,17.2100,17.0100,17.1400,17.1800,1051266,17972098.0000,1,0,1.02776
2018-07-31,sh.601127,17.1600,17.2300,16.9200,17.1500,17.1400,1473729,25171587.0000,1,0,1.02776
2018-08-01,sh.601127,17.1700,17.3500,17.0200,17.3000,17.1500,1434551,24649840.0000,1,0,1.02776
2018-08-02,sh.601127,17.3000,17.3300,16.7800,17.2800,17.3000,2985200,50804214.0000,1,0,1.02776
2018-08-03,sh.601127,17.2100,17.2500,17.0700,17.1200,17.2800,686100,11758925.0000,1,0,1.02776
2018-08-06,sh.601127,17.0600,17.0600,16.3800,16.8000,17.1200,1167483,19548648.0000,1,0,1.02776
2018-08-07,sh.601127,16.7900,17.4100,16.5600,17.3300,16.8000,2591390,44201914.0000,1,0,1.02776
2018-08-08,sh.601127,17.3300,17.3600,17.0500,17.1400,17.3300,762205,13088747.0000,1,0,1.02776
2018-08-09,sh.601127,17.1200,17.5600,17.1000,17.3800,17.1400,1770433,30745630.0000,1,0,1.02776
2018-08-10,sh.601127,17.3100,17.4200,17.1500,17.1800,17.3800,960134,16536105.0000,1,0,1.02776
2018-08-13,sh.601127,17.1600,17.2100,16.9200,17.1100,17.1800,1180998,20130031.0000,1,0,1.02776
2018-08-14,sh.601127,17.1800,17.2900,17.0700,17.2200,17.1100,864198,14843982.0000,1,0,1.02776
2018-08-15,sh.601127,17.2500,17.2600,17.0800,17.2400,17.2200,1149500,19739603.0000,1,0,1.02776
2018-08-16,sh.601127,17.2200,17.2400,17.0800,17.1600,17.2400,775500,13303769.0000,1,0,1.02776
2018-08-17,sh.601127,17.2000,17.2100,17.0400,17.1200,17.1600,1464595,25040107.0000,1,0,1.02776
2018-08-20,sh.601127,17.1200,17.3200,16.9800,17.3200,17.1200,1392008,23928978.0000,1,0,1.02776
2018-08-21,sh.601127,17.3500,17.5400,17.2800,17.5100,17.3200,1930854,33711970.0000,1,0,1.02776
2018-08-22,sh.601127,17.5800,17.7500,17.4400,17.6900,17.5100,1419393,25034658.0000,1,0,1.02776
2018-08-23,sh.601127,17.6000,17.8500,17.5500,17.8000,17.6900,1596835,28207071.0000,1,0,1.02776
2018-08-24,sh.601127,17.8300,17.8300,17.0500,17.1400,17.8000,3584914,62451462.0000,1,0,1.02776
2018-08-27,sh.601127,16.9900,17.2500,16.9400,17.1200,17.1400,2008257,34347089.0000,1,0,1.02776
2018-08-28,sh.601127,17.1300,17.1800,17.0400,17.1000,17.1200,890100,15220060.0000,1,0,1.02776
2018-08-29,sh.601127,17.1500,17.1500,16.9200,16.9800,17.1000,795500,13499075.0000,1,0,1.02776
2018-08-30,sh.601127,16.9700,17.0500,16.7800,16.9800,16.9800,2148245,36347754.0000,1,0,1.02776
2018-08-31,sh.601127,16.9900,17.0500,16.8000,17.0000,16.9800,1139704,19283722.0000,1,0,1.02776
2018-09-03,sh.601127,16.9900,16.9900,16.5000,16.7500,17.0000,1311596,21951073.0000,1,0,1.02776
2018-09-04,sh.601127,16.7400,16.9000,16.6900,16.7600,16.7500,1170800,19632644.0000,1,0,1.02776
2018-09-05,sh.601127,16.7100,16.7100,16.5500,16.6800,16.7600,771125,12843419.0000,1,0,1.02776
2018-09-06,sh.601127,16.6100,16.7600,16.6000,16.7500,16.6800,501209,8353935.0000,1,0,1.02776
2018-09-07,sh.601127,16.7000,16.8900,16.6100,16.8300,16.7500,701642,11761408.0000,1,0,1.02776
2018-09-10,sh.601127,16.8100,16.9500,16.6500,16.7800,16.8300,448623,7501728.0000,1,0,1.02776
2018-09-11,sh.601127,16.7600,16.9200,16.6600,16.8000,16.7800,702008,11798207.0000,1,0,1.02776
2018-09-12,sh.601127,16.7300,16.8500,16.6500,16.7600,16.8000,574165,9622195.0000,1,0,1.02776
2018-09-13,sh.601127,16.7600,16.9000,16.7000,16.7600,16.7600,509230,8534570.0000,1,0,1.02776
2018-09-14,sh.601127,16.8900,17.3900,16.8900,17.3200,16.7600,3828468,65738576.0000,1,0,1.02776
2018-09-17,sh.601127,17.1900,17.1900,16.6900,16.7900,17.3200,1400584,23587522.0000,1,0,1.02776
2018-09-18,sh.601127,16.7500,16.9400,16.6400,16.8400,16.7900,1356877,22833554.0000,1,0,1.02776
2018-09-19,sh.601127,16.8800,16.8800,16.7100,16.8400,16.8400,1052416,17667840.0000,1,0,1.02776
2018-09-20,sh.601127,16.8000,16.9100,16.7500,16.8100,16.8400,861619,14478634.0000,1,0,1.02776
2018-09-21,sh.601127,16.8100,16.9600,16.7600,16.8800,16.8100,1286688,21715114.0000,1,0,1.02776
2018-09-25,sh.601127,16.7800,16.8700,16.6200,16.7900,16.8800,1142160,19075440.0000,1,0,1.02776
2018-09-26,sh.601127,16.7600,16.8300,16.6700,16.7300,16.7900,970926,16254039.0000,1,0,1.02776
2018-09-27,sh.601127,16.7000,16.7400,16.5500,16.6300,16.7300,930584,15455498.0000,1,0,1.02776
2018-09-28,sh.601127,16.6000,16.8000,16.6000,16.7000,16.6300,614000,10266300.0000,1,0,1.02776
2018-10-08,sh.601127,16.7100,16.7100,16.3000,16.5600,16.7000,714129,11714183.0000,1,0,1.02776
2018-10-09,sh.601127,16.4000,16.6700,16.4000,16.5000,16.5600,613525,10160550.0000,1,0,1.02776
2018-10-10,sh.601127,16.5500,16.6500,16.4200,16.6100,16.5000,545786,9034187.0000,1,0,1.02776
2018-10-11,sh.601127,16.4800,16.5800,16.0700,16.5800,16.6100,1766986,28709988.0000,1,0,1.02776
2018-10-12,sh.601127,16.4700,16.7000,16.3000,16.6600,16.5800,1215449,20094247.0000,1,0,1.02776
2018-10-15,sh.601127,16.5900,16.7100,16.2900,16.6100,16.6600,1613697,26797261.0000,1,0,1.02776
2018-10-16,sh.601127,16.4700,16.6400,16.3800,16.5000,16.6100,1025948,16910458.0000,1,0,1.02776
2018-10-17,sh.601127,16.5200,16.6000,16.4000,16.5000,16.5000,769000,12673544.0000,1,0,1.02776
2018-10-18,sh.601127,16.3000,16.5500,16.2800,16.3800,16.5000,532441,8700767.0000,1,0,1.02776
2018-10-19,sh.601127,16.2900,16.5300,16.2600,16.4700,16.3800,730237,11967118.0000,1,0,1.02776
2018-10-22,sh.601127,16.5500,16.9500,16.4300,16.6400,16.4700,2895814,48321331.0000,1,0,1.02776
2018-10-23,sh.601127,16.5300,16.5400,16.2000,16.3900,16.6400,1977087,32286578.0000,1,0,1.02776
2018-10-24,sh.601127,16.3600,16.4800,16.3000,16.3900,16.3900,1837813,30113161.0000,1,0,1.02776
2018-10-25,sh.601127,16.2800,16.4200,16.0600,16.4000,16.3900,2255865,36655828.0000,1,0,1.02776
2018-10-26,sh.601127,16.3700,16.3700,16.1700,16.3000,16.4000,1850288,30082606.0000,1,0,1.02776
2018-10-29,sh.601127,16.2000,16.3500,16.1000,16.1500,16.3000,1650449,26731021.0000,1,0,1.02776
2018-10-30,sh.601127,15.8000,16.0600,14.5400,15.9100,16.1500,8114437,123379965.0000,1,0,1.02776
2018-10-31,sh.601127,15.6300,16.1600,15.5300,16.0300,15.9100,2737787,43577526.0000,1,0,1.02776
2018-11-01,sh.601127,16.0000,16.2400,16.0000,16.1000,16.0300,1133321,18308183.0000,1,0,1.02776
2018-11-02,sh.601127,16.1000,16.3900,16.1000,16.2800,16.1000,1659567,27032479.0000,1,0,1.02776
2018-11-05,sh.601127,16.3100,16.3800,16.1500,16.3000,16.2800,1412000,22952850.0000,1,0,1.02776
2018-11-06,sh.601127,16.2700,16.3700,16.1700,16.3300,16.3000,1487429,24231249.0000,1,0,1.02776
2018-11-07,sh.601127,16.3000,16.3700,16.2400,16.2800,16.3300,1076861,17547564.0000,1,0,1.02776
2018-11-08,sh.601127,16.2800,16.3300,16.1700,16.2600,16.2800,1046179,17008018.0000,1,0,1.02776
2018-11-09,sh.601127,16.2600,16.4700,16.1500,16.3900,16.2600,1986284,32418465.0000,1,0,1.02776
2018-11-12,sh.601127,16.3600,16.6000,16.3400,16.5000,16.3900,1546947,25446746.0000,1,0,1.02776
2018-11-13,sh.601127,16.4300,16.6500,16.4000,16.5800,16.5000,3112658,51508877.0000,1,0,1.02776
2018-11-14,sh.601127,16.5300,16.6000,16.4400,16.5500,16.5800,1957146,32342212.0000,1,0,1.02776
2018-11-15,sh.601127,16.5200,16.6000,16.5000,16.5400,16.5500,1275313,21090783.0000,1,0,1.02776
2018-11-16,sh.601127,16.5600,16.9500,16.5100,16.8100,16.5400,1918199,32118084.0000,1,0,1.02776
2018-11-19,sh.601127,17.1700,17.4900,16.8800,17.1300,16.8100,4754317,81920177.0000,1,0,1.02776
2018-11-20,sh.601127,16.9500,17.1500,16.7800,16.8100,17.1300,1954960,33051544.0000,1,0,1.02776
2018-11-21,sh.601127,16.7100,16.8700,16.6200,16.8000,16.8100,1247740,20908625.0000,1,0,1.02776
2018-11-22,sh.601127,16.8000,16.8400,16.5800,16.8200,16.8000,1552298,25965008.0000,1,0,1.02776
2018-11-23,sh.601127,16.7700,16.8200,16.3000,16.6000,16.8200,1673381,27696626.0000,1,0,1.02776
2018-11-26,sh.601127,16.5600,16.7100,16.4500,16.7000,16.6000,1782451,29594205.0000,1,0,1.02776
2018-11-27,sh.601127,16.6600,16.7800,16.6100,16.7500,16.7000,824353,13771514.0000,1,0,1.02776
2018-11-28,sh.601127,16.7200,16.9400,16.6100,16.8200,16.7500,2451111,41241477.0000,1,0,1.02776
2018-11-29,sh.601127,16.8000,16.9200,16.4900,16.5000,16.8200,1652163,27503264.0000,1,0,1.02776
2018-11-30,sh.601127,16.5300,16.6900,16.4700,16.5300,16.5000,1835972,30437633.0000,1,0,1.02776
2018-12-03,sh.601127,16.6900,16.7500,16.5200,16.5200,16.5300,1594674,26536859.0000,1,0,1.02776
2018-12-04,sh.601127,16.5600,16.5700,16.3000,16.5700,16.5200,2217391,36487780.0000,1,0,1.02776
2018-12-05,sh.601127,16.4200,16.4600,16.2300,16.3100,16.5700,994553,16251799.0000,1,0,1.02776
2018-12-06,sh.601127,16.3100,16.4700,16.1000,16.3300,16.3100,1405382,22888294.0000,1,0,1.02776
2018-12-07,sh.601127,16.3100,16.3100,16.1600,16.1800,16.3300,773200,12538997.0000,1,0,1.02776
2018-12-10,sh.601127,16.1800,16.2900,16.0200,16.1300,16.1800,1202898,19449722.0000,1,0,1.02776
2018-12-11,sh.601127,16.1500,16.2900,16.1500,16.2700,16.1300,1975062,32053002.0000,1,0,1.02776
2018-12-12,sh.601127,16.2300,16.4800,16.2300,16.4500,16.2700,1963908,32131480.0000,1,0,1.02776
2018-12-13,sh.601127,16.4300,16.6800,16.4300,16.6100,16.4500,2633215,43681140.0000,1,0,1.02776
2018-12-14,sh.601127,16.5500,16.8500,16.5400,16.7800,16.6100,3790999,63521985.0000,1,0,1.02776
2018-12-17,sh.601127,16.7800,16.9800,16.7400,16.9700,16.7800,3742395,63151574.0000,1,0,1.02776
2018-12-18,sh.601127,16.7500,17.2500,16.7500,17.1000,16.9700,3806594,64810201.0000,1,0,1.02776
2018-12-19,sh.601127,17.0700,17.1000,16.7800,16.8700,17.1000,2016812,34119239.0000,1,0,1.02776
2018-12-20,sh.601127,16.8400,16.9600,16.7900,16.9100,16.8700,1903626,32135419.0000,1,0,1.02776
2018-12-21,sh.601127,16.9600,16.9600,16.7700,16.8800,16.9100,1829196,30827185.0000,1,0,1.02776
2018-12-24,sh.601127,16.8800,17.0000,16.8000,16.9000,16.8800,1643862,27775514.0000,1,0,1.02776
2018-12-25,sh.601127,16.8300,16.9300,16.6300,16.9300,16.9000,1906409,31980073.0000,1,0,1.02776
2018-12-26,sh.601127,16.8500,16.8800,16.6800,16.7200,16.9300,1685998,28250562.0000,1,0,1.02776
2018-12-27,sh.601127,16.8000,16.9200,16.6700,16.7500,16.7200,1964094,33010519.0000,1,0,1.02776
2018-12-28,sh.601127,16.7300,17.1400,16.6700,17.1400,16.7500,2583590,43417674.0000,1,0,1.02776
2019-01-02,sh.601127,17.0000,17.0000,16.5800,16.7000,17.1400,2294056,38283133.0000,1,0,1.02776
2019-01-03,sh.601127,16.7000,16.7100,15.9000,16.0800,16.7000,2544110,41449505.0000,1,0,1.02776
2019-01-04,sh.601127,16.0000,16.2500,15.9600,16.2000,16.0800,2244472,36299680.0000,1,0,1.02776
2019-01-07,sh.601127,16.2500,16.4000,16.1300,16.2000,16.2000,1953931,31724400.0000,1,0,1.02776
2019-01-08,sh.601127,16.2000,16.3800,16.1500,16.3700,16.2000,1683168,27378836.0000,1,0,1.02776
2019-01-09,sh.601127,16.4100,16.7700,16.3600,16.6600,16.3700,2368000,39459655.0000,1,0,1.02776
2019-01-10,sh.601127,16.6300,16.8600,16.3800,16.5400,16.6600,2884828,48019184.0000,1,0,1.02776
2019-01-11,sh.601127,16.6500,16.8300,16.3600,16.5700,16.5400,2785115,46090497.0000,1,0,1.02776
2019-01-14,sh.601127,16.5100,16.8400,16.4600,16.7100,16.5700,3401659,56689112.0000,1,0,1.02776
2019-01-15,sh.601127,16.6700,16.8300,16.5500,16.7200,16.7100,3109048,52017244.0000,1,0,1.02776
2019-01-16,sh.601127,16.6800,16.8400,16.5700,16.6600,16.7200,3500490,58546967.0000,1,0,1.02776
2019-01-17,sh.601127,16.6000,16.9000,16.4400,16.7600,16.6600,4204266,70364797.0000,1,0,1.02776
2019-01-18,sh.601127,16.7000,16.8000,16.5200,16.7700,16.7600,3766436,62807818.0000,1,0,1.02776
2019-01-21,sh.601127,16.7200,16.7200,16.4500,16.4600,16.7700,1875594,31066145.0000,1,0,1.02776
2019-01-22,sh.601127,16.4500,16.6600,16.3000,16.4000,16.4600,1869400,30789386.0000,1,0,1.02776
2019-01-23,sh.601127,16.3700,16.4000,16.1900,16.3000,16.4000,1770577,28826385.0000,1,0,1.02776
2019-01-24,sh.601127,16.3000,16.5000,16.2100,16.4000,16.3000,1797088,29399466.0000,1,0,1.02776
2019-01-25,sh.601127,16.4000,16.5700,16.4000,16.4500,16.4000,1725400,28432653.0000,1,0,1.02776
2019-01-28,sh.601127,16.4300,16.5100,16.1300,16.2600,16.4500,1906200,31125284.0000,1,0,1.02776
2019-01-29,sh.601127,16.2600,16.2800,16.0200,16.1600,16.2600,1391000,22442260.0000,1,0,1.02776
2019-01-30,sh.601127,16.1700,16.2400,16.0900,16.2100,16.1600,1525969,24673301.0000,1,0,1.02776
2019-01-31,sh.601127,16.2100,16.4000,16.1100,16.2200,16.2100,1617513,26300220.0000,1,0,1.02776
2019-02-01,sh.601127,16.1800,16.3900,16.0800,16.3700,16.2200,1574836,25564698.0000,1,0,1.02776
2019-02-11,sh.601127,16.3500,16.5200,16.3500,16.4900,16.3700,1406100,23143995.0000,1,0,1.02776
2019-02-12,sh.601127,16.4800,16.6100,16.4600,16.5200,16.4900,1360516,22501028.0000,1,0,1.02776
2019-02-13,sh.601127,16.5200,16.7300,16.3900,16.6300,16.5200,1834694,30333703.0000,1,0,1.02776
2019-02-14,sh.601127,16.6500,16.7200,16.4400,16.6500,16.6300,2042707,33850705.0000,1,0,1.02776
2019-02-15,sh.601127,16.6600,16.6600,16.4600,16.5200,16.6500,1406913,23237043.0000,1,0,1.02776
2019-02-18,sh.601127,16.5200,16.7000,16.5100,16.6900,16.5200,1696463,28183485.0000,1,0,1.02776
2019-02-19,sh.601127,16.6800,16.7500,16.5300,16.7100,16.6900,1771100,29458069.0000,1,0,1.02776
2019-02-20,sh.601127,16.6500,16.8000,16.5400,16.7500,16.7100,2552340,42456942.0000,1,0,1.02776
2019-02-21,sh.601127,16.7000,16.7300,16.5200,16.5500,16.7500,1576526,26219643.0000,1,0,1.02776
2019-02-22,sh.601127,16.5400,16.7000,16.4500,16.6800,16.5500,3582526,59344675.0000,1,0,1.02776
2019-02-25,sh.601127,16.7000,17.0900,16.6600,17.0700,16.6800,7037702,119165747.0000,1,0,1.02776
2019-02-26,sh.601127,17.1000,17.1000,16.8100,16.8400,17.0700,8318729,141101242.0000,1,0,1.02776
2019-02-27,sh.601127,16.8000,16.9800,16.7200,16.7400,16.8400,2630055,44252944.0000,1,0,1.02776
2019-02-28,sh.601127,16.7500,16.8800,16.5700,16.6200,16.7400,2599614,43297316.0000,1,0,1.02776
2019-03-01,sh.601127,16.6100,16.7200,16.2700,16.5400,16.6200,2090441,34308506.0000,1,0,1.02776
2019-03-04,sh.601127,16.8000,16.8000,16.4300,16.5900,16.5400,4155021,69019035.0000,1,0,1.02776
2019-03-05,sh.601127,16.6600,16.6900,16.4100,16.5900,16.5900,2517248,41569904.0000,1,0,1.02776
2019-03-06,sh.601127,16.7300,18.1800,16.6400,17.9300,16.5900,9147208,160411142.0000,1,0,1.02776
2019-03-07,sh.601127,18.1300,18.3800,17.7200,18.1600,17.9300,6487822,117456693.0000,1,0,1.02776
2019-03-08,sh.601127,17.8300,17.8300,17.1300,17.1800,18.1600,4980326,87186546.0000,1,0,1.02776
2019-03-11,sh.601127,17.1800,18.3000,17.1800,18.1100,17.1800,5985933,107221014.0000,1,0,1.02776
2019-03-12,sh.601127,18.2000,18.3600,17.8900,18.1200,18.1100,4630630,83784179.0000,1,0,1.02776
2019-03-13,sh.601127,18.0600,18.0800,17.4700,17.6300,18.1200,3212228,56923691.0000,1,0,1.02776
2019-03-14,sh.601127,17.6300,17.8200,17.2100,17.5100,17.6300,2405205,41942901.0000,1,0,1.02776
2019-03-15,sh.601127,17.5400,17.6400,17.2500,17.4500,17.5100,1844736,32234148.0000,1,0,1.02776
2019-03-18,sh.601127,17.5300,17.6000,17.2800,17.4700,17.4500,3442206,59999810.0000,1,0,1.02776
2019-03-19,sh.601127,17.5000,17.5600,17.1300,17.2500,17.4700,3995500,69105100.0000,1,0,1.02776
2019-03-20,sh.601127,17.3000,17.3900,16.9700,17.0700,17.2500,3112789,53312747.0000,1,0,1.02776
2019-03-21,sh.601127,17.0500,17.2400,17.0000,17.1200,17.0700,2868000,49061735.0000,1,0,1.02776
2019-03-22,sh.601127,17.1200,17.3300,16.7500,17.2300,17.1200,3336263,56837196.0000,1,0,1.02776
2019-03-25,sh.601127,16.9400,17.2700,16.8900,17.1700,17.2300,3505641,60136972.0000,1,0,1.02776
2019-03-26,sh.601127,17.1800,17.4800,16.8000,16.9000,17.1700,3127975,53663865.0000,1,0,1.02776
2019-03-27,sh.601127,16.8500,17.0600,16.4200,16.5800,16.9000,2957738,49215714.0000,1,0,1.02776
2019-03-28,sh.601127,16.5000,16.6800,16.0400,16.1700,16.5800,3492468,56843415.0000,1,0,1.02776
2019-03-29,sh.601127,16.1600,16.4800,16.1000,16.4000,16.1700,2144480,34974805.0000,1,0,1.02776
2019-04-01,sh.601127,16.4200,16.9400,16.4200,16.8100,16.4000,3201111,53516096.0000,1,0,1.02776
2019-04-02,sh.601127,16.9100,17.0800,16.6500,16.7800,16.8100,3293430,55443635.0000,1,0,1.02776
2019-04-03,sh.601127,16.9000,16.9000,16.6200,16.7600,16.7800,2029968,33944792.0000,1,0,1.02776
2019-04-04,sh.601127,16.8100,16.9000,16.5500,16.7100,16.7600,2582800,43222200.0000,1,0,1.02776
2019-04-08,sh.601127,16.7700,17.0900,16.7200,16.8400,16.7100,3252915,54905762.0000,1,0,1.02776
2019-04-09,sh.601127,16.9700,17.1700,16.8500,17.0500,16.8400,2843838,48335944.0000,1,0,1.02776
2019-04-10,sh.601127,17.5000,17.8200,17.0700,17.2300,17.0500,6818441,118581560.0000,1,0,1.02776
2019-04-11,sh.601127,17.2500,18.0800,17.2500,17.5500,17.2300,7123492,125560615.0000,1,0,1.02776
2019-04-12,sh.601127,17.6000,17.7000,16.9000,17.0100,17.5500,4808861,83023397.0000,1,0,1.02776
2019-04-15,sh.601127,17.0900,17.1800,16.5800,16.6400,17.0100,3591358,60672536.0000,1,0,1.02776
2019-04-16,sh.601127,16.6900,16.6900,16.2000,16.5300,16.6400,3774968,62085777.0000,1,0,1.02776
2019-04-17,sh.601127,16.5900,17.2100,16.5400,17.0900,16.5300,6398644,108343594.0000,1,0,1.02776
2019-04-18,sh.601127,17.1200,17.3500,16.8100,16.8100,17.0900,3927963,66898302.0000,1,0,1.02776
2019-04-19,sh.601127,16.7000,17.1300,16.6900,16.9300,16.8100,3663096,62038632.0000,1,0,1.02776
2019-04-22,sh.601127,17.0000,17.0500,16.5000,16.5400,16.9300,3313444,55165008.0000,1,0,1.02776
2019-04-23,sh.601127,16.5000,16.5700,16.1000,16.1800,16.5400,3064290,49782945.0000,1,0,1.02776
2019-04-24,sh.601127,16.1500,16.3300,16.1200,16.2600,16.1800,2523813,40923064.0000,1,0,1.02776
2019-04-25,sh.601127,16.2100,16.2800,15.4400,15.5300,16.2600,4509758,71466399.0000,1,0,1.02776
2019-04-26,sh.601127,15.5000,15.5800,14.8100,15.0900,15.5300,3854972,58547832.0000,1,0,1.02776
2019-04-29,sh.601127,15.1000,15.1900,14.7000,14.9200,15.0900,2883711,42938393.0000,1,0,1.02776
2019-04-30,sh.601127,14.7300,15.1300,14.6200,14.7600,14.9200,3596578,53493073.0000,1,0,1.02776
2019-05-06,sh.601127,14.6400,14.6400,13.2800,13.6000,14.7600,6820176,92811809.0000,1,0,1.02776
2019-05-07,sh.601127,13.5000,13.7900,12.6900,13.6800,13.6000,4657560,61669511.0000,1,0,1.02776
2019-05-08,sh.601127,13.2200,13.7600,13.1100,13.5500,13.6800,1979706,26726352.0000,1,0,1.02776
2019-05-09,sh.601127,13.5900,13.6200,13.3400,13.6100,13.5500,1974906,26631159.0000,1,0,1.02776
2019-05-10,sh.601127,13.5900,13.7800,13.1300,13.6600,13.6100,2406855,32733438.0000,1,0,1.02776
2019-05-13,sh.601127,13.5700,13.5800,13.3800,13.5800,13.6600,1649171,22214998.0000,1,0,1.02776
2019-05-14,sh.601127,13.5000,13.5400,13.3400,13.5000,13.5800,1340490,18004879.0000,1,0,1.02776
2019-05-15,sh.601127,13.5200,13.5300,13.4300,13.5100,13.5000,1330100,17930115.0000,1,0,1.02776
2019-05-16,sh.601127,13.4800,13.6500,13.4500,13.5200,13.5100,2011407,27219825.0000,1,0,1.02776
2019-05-17,sh.601127,13.5500,13.5500,13.1500,13.5200,13.5200,2594998,34579210.0000,1,0,1.02776
2019-05-20,sh.601127,13.4700,13.5200,13.1900,13.4500,13.5200,1210602,16123628.0000,1,0,1.02776
2019-05-21,sh.601127,13.3800,13.5500,13.3000,13.5200,13.4500,1876412,25190040.0000,1,0,1.02776
2019-05-22,sh.601127,13.5000,13.5100,13.3100,13.5100,13.5200,1759365,23602438.0000,1,0,1.02776
2019-05-23,sh.601127,13.3900,13.4600,13.2600,13.3700,13.5100,1381990,18417309.0000,1,0,1.02776
2019-05-24,sh.601127,13.2000,13.4100,13.1800,13.1800,13.3700,1514824,20132948.0000,1,0,1.02776
2019-05-27,sh.601127,13.2400,13.3900,13.1400,13.3500,13.1800,1128302,15014031.0000,1,0,1.02776
2019-05-28,sh.601127,13.2500,13.4000,13.2500,13.3000,13.3500,899400,11982858.0000,1,0,1.02776
2019-05-29,sh.601127,13.2500,13.3100,13.0600,13.1500,13.3000,1404300,18507701.0000,1,0,1.02776
2019-05-30,sh.601127,13.1000,13.1000,12.7400,12.7500,13.1500,1364000,17473114.0000,1,0,1.02776
2019-05-31,sh.601127,12.6600,12.8400,12.0300,12.2900,12.7500,3353024,41811994.0000,1,0,1.02776
2019-06-03,sh.601127,12.3100,12.9500,12.1200,12.8400,12.2900,2751018,34807933.0000,1,0,1.02776
2019-06-04,sh.601127,12.8400,13.0200,12.4400,12.4900,12.8400,1503157,19076408.0000,1,0,1.02776
2019-06-05,sh.601127,12.8400,12.8400,12.4000,12.5700,12.4900,1096700,13781854.0000,1,0,1.02776
2019-06-06,sh.601127,12.5400,12.6400,11.9800,12.5600,12.5700,2294059,28237990.0000,1,0,1.02776
2019-06-10,sh.601127,12.5600,12.6500,12.3200,12.3500,12.5600,1349770,16841920.0000,1,0,1.02776
2019-06-11,sh.601127,12.3500,12.5500,12.2000,12.4800,12.3500,1725041,21452626.0000,1,0,1.02776
2019-06-12,sh.601127,12.3400,12.6100,12.3000,12.4100,12.4800,1396400,17447046.0000,1,0,1.02776
2019-06-13,sh.601127,12.4500,12.5000,12.2600,12.4400,12.4100,1153200,14307097.0000,1,0,1.02776
2019-06-14,sh.601127,12.3900,12.5800,11.5000,12.4200,12.3600,4318084,52423112.0000,1,0,1.034412
2019-06-17,sh.601127,12.4800,12.7300,12.2500,12.6400,12.4200,2544844,31939003.0000,1,0,1.034412
2019-06-18,sh.601127,12.6000,12.7800,12.4300,12.6100,12.6400,1783400,22495526.0000,1,0,1.034412
2019-06-19,sh.601127,12.6600,12.9900,12.6600,12.8300,12.6100,2315487,29776861.0000,1,0,1.034412
2019-06-20,sh.601127,12.9700,13.1300,12.7200,13.0100,12.8300,2476171,32074395.0000,1,0,1.034412
2019-06-21,sh.601127,13.1100,13.4500,13.0600,13.3900,13.0100,2407938,32171138.0000,1,0,1.034412
2019-06-24,sh.601127,13.3700,13.4800,13.1000,13.2800,13.3900,3306820,43922024.0000,1,0,1.034412
2019-06-25,sh.601127,13.5200,13.5600,13.1000,13.4200,13.2800,3221390,42919449.0000,1,0,1.034412
2019-06-26,sh.601127,13.2000,13.3900,12.8500,12.9400,13.4200,2317471,30123716.0000,1,0,1.034412
2019-06-27,sh.601127,13.0000,13.1000,12.8500,13.0700,12.9400,1475548,19202609.0000,1,0,1.034412
2019-06-28,sh.601127,13.0900,13.1500,12.9000,13.1000,13.0700,1357808,17700573.0000,1,0,1.034412
2019-07-01,sh.601127,13.3000,13.3400,13.0800,13.2300,13.1000,1338113,17646009.0000,1,0,1.034412
2019-07-02,sh.601127,13.2300,13.3900,13.0600,13.1000,13.2300,1458000,19232312.0000,1,0,1.034412
2019-07-03,sh.601127,13.0600,13.1800,12.8700,12.9100,13.1000,1059500,13725253.0000,1,0,1.034412
2019-07-04,sh.601127,12.9900,13.2000,12.9100,13.0600,12.9100,874700,11435125.0000,1,0,1.034412
2019-07-05,sh.601127,13.0200,13.1700,12.9200,13.1100,13.0600,730400,9524292.0000,1,0,1.034412
2019-07-08,sh.601127,13.0100,13.0100,12.6300,12.6800,13.1100,1382900,17600312.0000,1,0,1.034412
2019-07-09,sh.601127,12.7800,12.7800,12.5900,12.6000,12.6800,779300,9873914.0000,1,0,1.034412
2019-07-10,sh.601127,12.6900,12.7800,12.5500,12.6200,12.6000,674007,8506600.0000,1,0,1.034412
2019-07-11,sh.601127,12.6500,12.8800,12.6500,12.7000,12.6200,945962,12061967.0000,1,0,1.034412
2019-07-12,sh.601127,12.7200,13.0100,12.7100,13.0000,12.7000,1325300,17103840.0000,1,0,1.034412
2019-07-15,sh.601127,12.9600,13.1800,12.8200,13.1000,13.0000,1117805,14552659.0000,1,0,1.034412
2019-07-16,sh.601127,13.1100,13.2400,13.0200,13.0500,13.1000,967929,12685407.0000,1,0,1.034412
2019-07-17,sh.601127,13.0500,13.2000,12.9000,13.1800,13.0500,1364871,17828900.0000,1,0,1.034412
2019-07-18,sh.601127,13.0500,13.0500,12.8500,12.9500,13.1800,1061400,13731482.0000,1,0,1.034412
2019-07-19,sh.601127,12.9900,13.1700,12.7900,13.0600,12.9500,1820414,23810187.0000,1,0,1.034412
2019-07-22,sh.601127,13.0600,13.1200,12.8000,12.8600,13.0600,974700,12566547.0000,1,0,1.034412
2019-07-23,sh.601127,12.8000,13.1000,12.8000,13.0800,12.8600,740123,9605902.0000,1,0,1.034412
2019-07-24,sh.601127,12.9700,13.1600,12.9600,13.0800,13.0800,974900,12737779.0000,1,0,1.034412
2019-07-25,sh.601127,13.1500,13.2200,12.9200,13.0200,13.0800,1574500,20569321.0000,1,0,1.034412
2019-07-26,sh.601127,13.0200,13.0200,12.8400,12.8400,13.0200,1428300,18432762.0000,1,0,1.034412
2019-07-29,sh.601127,12.8500,12.8500,12.6800,12.7500,12.8400,1146614,14612713.0000,1,0,1.034412
2019-07-30,sh.601127,12.7500,13.0400,12.7500,12.8800,12.7500,1259897,16289927.0000,1,0,1.034412
2019-07-31,sh.601127,12.8800,12.9100,12.7000,12.7500,12.8800,1092500,13936061.0000,1,0,1.034412
2019-08-01,sh.601127,12.7600,12.8700,12.5200,12.8200,12.7500,891114,11304028.0000,1,0,1.034412
2019-08-02,sh.601127,12.6600,12.7800,12.3100,12.5200,12.8200,1797472,22471336.0000,1,0,1.034412
2019-08-05,sh.601127,12.4300,12.5100,12.1900,12.4300,12.5200,2100084,25755121.0000,1,0,1.034412
2019-08-06,sh.601127,12.3900,12.4200,12.1600,12.4000,12.4300,1607243,19703888.0000,1,0,1.034412
2019-08-07,sh.601127,12.2500,12.4900,12.1600,12.4500,12.4000,1504420,18474133.0000,1,0,1.034412
2019-08-08,sh.601127,12.3500,12.5500,12.3000,12.3600,12.4500,1226296,15189997.0000,1,0,1.034412
2019-08-09,sh.601127,12.3600,12.4300,12.2400,12.3400,12.3600,883119,10875246.0000,1,0,1.034412
2019-08-12,sh.601127,12.3000,13.1500,12.3000,13.0600,12.3400,1916275,24418113.0000,1,0,1.034412
2019-08-13,sh.601127,13.0400,13.1900,12.8000,13.1500,13.0600,2171332,28447505.0000,1,0,1.034412
2019-08-14,sh.601127,13.2200,13.2900,13.0200,13.1000,13.1500,1962549,25775690.0000,1,0,1.034412
2019-08-15,sh.601127,12.9800,13.1200,12.9100,12.9600,13.1000,1122655,14591493.0000,1,0,1.034412
2019-08-16,sh.601127,12.9600,13.1300,12.8700,13.0800,12.9600,2428900,31517075.0000,1,0,1.034412
2019-08-19,sh.601127,13.0500,13.4300,12.9600,13.2000,13.0800,2725700,35850609.0000,1,0,1.034412
2019-08-20,sh.601127,13.1200,13.1900,12.9000,13.0100,13.2000,1727340,22458256.0000,1,0,1.034412
2019-08-21,sh.601127,12.9100,13.0300,12.8700,12.9100,13.0100,668700,8655281.0000,1,0,1.034412
2019-08-22,sh.601127,12.9900,13.2300,12.8200,13.2300,12.9100,1947265,25418558.0000,1,0,1.034412
2019-08-23,sh.601127,13.3000,13.3400,13.0800,13.1100,13.2300,1752400,23096970.0000,1,0,1.034412
2019-08-26,sh.601127,13.1100,13.1100,12.7000,13.0200,13.1100,2524600,32476940.0000,1,0,1.034412
2019-08-27,sh.601127,13.0300,13.5600,12.8200,13.4200,13.0200,2983123,39674572.0000,1,0,1.034412
2019-08-28,sh.601127,13.4800,13.8200,13.3800,13.4200,13.4200,1891677,25578102.0000,1,0,1.034412
2019-08-29,sh.601127,13.3900,13.3900,13.2100,13.2400,13.4200,1022998,13581142.0000,1,0,1.034412
2019-08-30,sh.601127,13.2400,13.6000,13.2000,13.4100,13.2400,2240900,30040350.0000,1,0,1.034412
2019-09-02,sh.601127,13.4600,13.5900,13.2100,13.4900,13.4100,2227658,29949676.0000,1,0,1.034412
2019-09-03,sh.601127,13.3800,13.5800,13.2500,13.3000,13.4900,1179556,15754556.0000,1,0,1.034412
2019-09-04,sh.601127,13.3000,13.4000,13.2000,13.3000,13.3000,1006541,13392792.0000,1,0,1.034412
2019-09-05,sh.601127,13.3800,13.5400,13.2500,13.2500,13.3000,1360032,18210851.0000,1,0,1.034412
2019-09-06,sh.601127,13.2600,13.6800,13.2600,13.5800,13.2500,2558396,34633028.0000,1,0,1.034412
2019-09-09,sh.601127,13.7000,13.7500,13.3900,13.5300,13.5800,2191310,29520587.0000,1,0,1.034412
2019-09-10,sh.601127,13.5300,13.7500,13.4100,13.6300,13.5300,1856933,25158762.0000,1,0,1.034412
2019-09-11,sh.601127,13.6100,13.7100,13.4100,13.4600,13.6300,2395687,32335941.0000,1,0,1.034412
2019-09-12,sh.601127,13.4400,13.4600,13.2000,13.2500,13.4600,1651100,21971056.0000,1,0,1.034412
2019-09-16,sh.601127,13.2900,13.3400,13.0500,13.1600,13.2500,2585172,34066746.0000,1,0,1.034412
2019-09-17,sh.601127,13.4800,13.6000,13.0700,13.1800,13.1600,3648116,48575653.0000,1,0,1.034412
2019-09-18,sh.601127,13.1500,13.1800,12.7100,12.8600,13.1800,2032537,26120649.0000,1,0,1.034412
2019-09-19,sh.601127,12.8600,12.9000,12.7500,12.8700,12.8600,1036100,13269032.0000,1,0,1.034412
2019-09-20,sh.601127,12.8700,13.0600,12.8000,13.0600,12.8700,906900,11716357.0000,1,0,1.034412
2019-09-23,sh.601127,13.1000,13.1800,12.8600,13.0400,13.0600,1440676,18679824.0000,1,0,1.034412
2019-09-24,sh.601127,13.0400,13.0900,12.8900,12.9700,13.0400,1033600,13412004.0000,1,0,1.034412
2019-09-25,sh.601127,12.9500,12.9500,12.7000,12.7000,12.9700,763734,9758725.0000,1,0,1.034412
2019-09-26,sh.601127,12.7400,12.7700,12.5200,12.7200,12.7000,1557300,19704199.0000,1,0,1.034412
2019-09-27,sh.601127,12.5800,12.8300,12.5800,12.6800,12.7200,483400,6149568.0000,1,0,1.034412
2019-09-30,sh.601127,12.5800,12.9200,12.5800,12.8000,12.6800,794948,10180271.0000,1,0,1.034412
2019-10-08,sh.601127,12.8000,12.8800,12.6400,12.7200,12.8000,730887,9325744.0000,1,0,1.034412
2019-10-09,sh.601127,12.7700,12.8000,12.5700,12.7800,12.7200,604824,7689824.0000,1,0,1.034412
2019-10-10,sh.601127,12.7700,12.8400,12.6600,12.7700,12.7800,647246,8222669.0000,1,0,1.034412
2019-10-11,sh.601127,12.7600,12.7600,12.6600,12.7500,12.7700,420200,5342888.0000,1,0,1.034412
2019-10-14,sh.601127,12.8000,12.8700,12.7000,12.7200,12.7500,1241551,15869463.0000,1,0,1.034412
2019-10-15,sh.601127,12.6800,12.7100,12.5000,12.6500,12.7200,1237800,15576704.0000,1,0,1.034412
2019-10-16,sh.601127,12.6100,12.7000,12.5300,12.6600,12.6500,852272,10755185.0000,1,0,1.034412
2019-10-17,sh.601127,12.6000,12.7800,12.5100,12.6700,12.6600,1108000,14042990.0000,1,0,1.034412
2019-10-18,sh.601127,12.6200,12.7200,12.5300,12.6300,12.6700,1496200,18877412.0000,1,0,1.034412
2019-10-21,sh.601127,12.6400,12.8100,12.5000,12.8100,12.6300,915500,11579277.0000,1,0,1.034412
2019-10-22,sh.601127,12.7900,12.9600,12.7200,12.9100,12.8100,1065400,13721867.0000,1,0,1.034412
2019-10-23,sh.601127,12.9000,12.9800,12.7700,12.9000,12.9100,1108700,14246412.0000,1,0,1.034412
2019-10-24,sh.601127,12.9300,12.9300,12.7500,12.8000,12.9000,929100,11903138.0000,1,0,1.034412
2019-10-25,sh.601127,12.7500,12.9000,12.6800,12.8800,12.8000,888300,11371743.0000,1,0,1.034412
2019-10-28,sh.601127,12.8600,13.0300,12.7700,12.8600,12.8800,1115324,14301606.0000,1,0,1.034412
2019-10-29,sh.601127,12.8100,12.8600,12.6200,12.7000,12.8600,1119600,14227435.0000,1,0,1.034412
2019-10-30,sh.601127,12.5000,12.7200,12.5000,12.7100,12.7000,1458662,18360923.0000,1,0,1.034412
2019-10-31,sh.601127,12.7000,12.7300,12.5900,12.6400,12.7100,902133,11406231.0000,1,0,1.034412
2019-11-01,sh.601127,12.6400,12.8000,12.4300,12.7600,12.6400,1460549,18586129.0000,1,0,1.034412
2019-11-04,sh.601127,12.7500,12.9200,12.6600,12.7500,12.7600,1090500,13925231.0000,1,0,1.034412
2019-11-05,sh.601127,12.7000,12.9200,12.6400,12.7800,12.7500,1594233,20390405.0000,1,0,1.034412
2019-11-06,sh.601127,12.7000,12.7800,12.5200,12.7000,12.7800,951200,12044719.0000,1,0,1.034412
2019-11-07,sh.601127,12.6000,12.6600,12.5000,12.6100,12.7000,1481218,18628753.0000,1,0,1.034412
2019-11-08,sh.601127,12.6000,12.6900,12.5300,12.6500,12.6100,833853,10497768.0000,1,0,1.034412
2019-11-11,sh.601127,12.6400,12.6400,12.4400,12.6100,12.6500,637315,7987350.0000,1,0,1.034412
2019-11-12,sh.601127,12.5600,12.6000,12.4500,12.4500,12.6100,1206013,15122554.0000,1,0,1.034412
2019-11-13,sh.601127,12.4100,12.4100,12.1000,12.1000,12.4500,823960,10077413.0000,1,0,1.034412
2019-11-14,sh.601127,12.1600,12.5900,12.1100,12.5200,12.1000,1423893,17722990.0000,1,0,1.034412
2019-11-15,sh.601127,12.6400,12.6600,12.4100,12.6000,12.5200,823997,10358006.0000,1,0,1.034412
2019-11-18,sh.601127,12.6000,12.6800,12.5600,12.6100,12.6000,818086,10321823.0000,1,0,1.034412
2019-11-19,sh.601127,12.6100,12.8100,12.6100,12.8000,12.6100,1350999,17213664.0000,1,0,1.034412
2019-11-20,sh.601127,12.8000,12.8400,12.7100,12.8000,12.8000,1866713,23855356.0000,1,0,1.034412
2019-11-21,sh.601127,12.6700,12.8000,12.6300,12.7500,12.8000,1412756,17977842.0000,1,0,1.034412
2019-11-22,sh.601127,12.7500,12.8500,12.6100,12.6800,12.7500,921719,11745782.0000,1,0,1.034412
2019-11-25,sh.601127,12.6500,12.7200,12.5200,12.6600,12.6800,797786,10058973.0000,1,0,1.034412
2019-11-26,sh.601127,12.6800,12.7600,12.5000,12.5700,12.6600,1017308,12803924.0000,1,0,1.034412
2019-11-27,sh.601127,12.6000,12.6600,12.5400,12.6000,12.5700,691346,8706729.0000,1,0,1.034412
2019-11-28,sh.601127,12.5900,12.6000,12.4600,12.5200,12.6000,1375280,17231870.0000,1,0,1.034412
2019-11-29,sh.601127,12.4900,12.6500,12.2600,12.6100,12.5200,1449738,18248567.0000,1,0,1.034412
2019-12-02,sh.601127,12.5900,12.7500,12.5300,12.7100,12.6100,1234167,15663022.0000,1,0,1.034412
2019-12-03,sh.601127,12.6900,12.8000,12.6600,12.7800,12.7100,1541700,19674009.0000,1,0,1.034412
2019-12-04,sh.601127,12.7800,12.9300,12.6800,12.7600,12.7800,1290222,16473202.0000,1,0,1.034412
2019-12-05,sh.601127,12.8200,12.8300,12.6200,12.6600,12.7600,872858,11065055.0000,1,0,1.034412
2019-12-06,sh.601127,12.7000,12.7300,12.6000,12.6500,12.6600,695982,8810330.0000,1,0,1.034412
2019-12-09,sh.601127,12.6900,12.7100,12.6100,12.6700,12.6500,654228,8283659.0000,1,0,1.034412
2019-12-10,sh.601127,12.6000,12.6800,12.5500,12.6300,12.6700,984526,12410865.0000,1,0,1.034412
2019-12-11,sh.601127,12.6300,12.6600,12.4000,12.6300,12.6300,909598,11419027.0000,1,0,1.034412
2019-12-12,sh.601127,12.6300,12.6400,12.4700,12.5200,12.6300,657009,8248861.0000,1,0,1.034412
2019-12-13,sh.601127,12.5700,12.8500,12.4500,12.6300,12.5200,2851436,35869807.0000,1,0,1.034412
2019-12-16,sh.601127,12.6300,12.6600,12.5000,12.5800,12.6300,1565955,19707789.0000,1,0,1.034412
2019-12-17,sh.601127,12.5700,12.8700,12.5400,12.8600,12.5800,3026005,38635599.0000,1,0,1.034412
2019-12-18,sh.601127,12.8700,13.4700,12.7500,13.3800,12.8600,4090281,53221726.0000,1,0,1.034412
2019-12-19,sh.601127,13.5100,13.5200,12.3000,12.3200,13.3800,17447266,221062552.0000,1,0,1.034412
2019-12-20,sh.601127,12.2000,12.2200,11.6300,11.7400,12.3200,10760918,127943927.0000,1,0,1.034412
2019-12-23,sh.601127,11.6700,11.8100,11.5400,11.5500,11.7400,3705730,43128270.0000,1,0,1.034412
2019-12-24,sh.601127,11.6300,11.7300,11.5900,11.6500,11.5500,1961216,22814681.0000,1,0,1.034412
2019-12-25,sh.601127,11.6500,11.7700,11.6100,11.6500,11.6500,2233624,26089715.0000,1,0,1.034412
2019-12-26,sh.601127,11.6500,11.6700,11.5400,11.6200,11.6500,1991982,23068286.0000,1,0,1.034412
2019-12-27,sh.601127,11.6100,11.6400,11.5300,11.5400,11.6200,2549771,29569289.0000,1,0,1.034412
2019-12-30,sh.601127,11.5000,11.5100,11.3200,11.4000,11.5400,2697200,30741138.0000,1,0,1.034412
2019-12-31,sh.601127,11.4000,11.4500,11.3600,11.4000,11.4000,1833154,20904297.0000,1,0,1.034412
2020-01-02,sh.601127,11.4600,11.5000,11.4100,11.4900,11.4000,2417792,27739209.0000,1,0,1.034412
2020-01-03,sh.601127,11.5000,11.5400,11.4700,11.5000,11.4900,1799900,20702355.0000,1,0,1.034412
2020-01-06,sh.601127,11.4700,11.5300,11.3700,11.4100,11.5000,3360840,38355324.0000,1,0,1.034412
2020-01-07,sh.601127,11.4500,11.5400,11.4200,11.5300,11.4100,2759589,31704228.0000,1,0,1.034412
2020-01-08,sh.601127,11.5000,11.6800,11.4800,11.6000,11.5300,4112394,47768416.0000,1,0,1.034412
2020-01-09,sh.601127,11.6100,11.7300,11.5900,11.6300,11.6000,2410981,28098076.0000,1,0,1.034412
2020-01-10,sh.601127,11.6100,11.6600,11.5000,11.5200,11.6300,1936642,22355634.0000,1,0,1.034412
2020-01-13,sh.601127,11.5500,11.7100,11.5500,11.7000,11.5200,2500113,29162862.0000,1,0,1.034412
2020-01-14,sh.601127,11.7100,11.7300,11.6200,11.6300,11.7000,1827700,21330461.0000,1,0,1.034412
2020-01-15,sh.601127,11.6100,11.6100,11.4000,11.4000,11.6300,2003800,22981836.0000,1,0,1.034412
2020-01-16,sh.601127,11.4300,11.5100,11.4000,11.4000,11.4000,1209600,13832391.0000,1,0,1.034412
2020-01-17,sh.601127,11.4500,11.4600,11.3500,11.3500,11.4000,1155475,13157160.0000,1,0,1.034412
2020-01-20,sh.601127,11.3100,11.3900,11.2100,11.3500,11.3500,1867503,21081847.0000,1,0,1.034412
2020-01-21,sh.601127,11.3500,11.3900,11.2200,11.3300,11.3500,1869955,21127823.0000,1,0,1.034412
2020-01-22,sh.601127,11.3300,11.3300,11.0800,11.1200,11.3300,1785800,19924109.0000,1,0,1.034412
2020-01-23,sh.601127,11.0000,11.0800,10.0800,10.2700,11.1200,3635100,38410248.0000,1,0,1.034412
2020-02-03,sh.601127,9.2400,9.2400,9.2400,9.2400,10.2700,528800,4886112.0000,1,0,1.034412
2020-02-04,sh.601127,8.3200,8.8200,8.3200,8.3500,9.2400,6302578,53238362.0000,1,0,1.034412
2020-02-05,sh.601127,8.4100,8.7800,8.4000,8.7800,8.3500,4769937,41305722.0000,1,0,1.034412
2020-02-06,sh.601127,8.7500,9.1800,8.6500,9.1000,8.7800,3853899,34614425.0000,1,0,1.034412
2020-02-07,sh.601127,9.3700,9.4000,9.1100,9.2500,9.1000,3384198,31308263.0000,1,0,1.034412
2020-02-10,sh.601127,9.2500,9.4800,9.2100,9.4700,9.2500,2540600,23825945.0000,1,0,1.034412
2020-02-11,sh.601127,9.4300,9.5800,9.3200,9.4200,9.4700,1710386,16160202.0000,1,0,1.034412
2020-02-12,sh.601127,9.4300,9.5300,9.3800,9.5200,9.4200,1753706,16619144.0000,1,0,1.034412
2020-02-13,sh.601127,9.5200,9.5900,9.3300,9.3400,9.5200,1800151,16937790.0000,1,0,1.034412
2020-02-14,sh.601127,9.3800,9.4200,9.1700,9.3000,9.3400,2037091,18879292.0000,1,0,1.034412
2020-02-17,sh.601127,9.3800,9.6000,9.3500,9.5800,9.3000,3131570,29815851.0000,1,0,1.034412
2020-02-18,sh.601127,9.6100,9.6100,9.4300,9.6000,9.5800,3374116,32185338.0000,1,0,1.034412
2020-02-19,sh.601127,9.6000,9.7600,9.4500,9.4900,9.6000,3894248,37411441.0000,1,0,1.034412
2020-02-20,sh.601127,9.5100,9.7500,9.4200,9.7000,9.4900,3590658,34532337.0000,1,0,1.034412
2020-02-21,sh.601127,9.6900,9.9400,9.6200,9.8200,9.7000,3427521,33574782.0000,1,0,1.034412
2020-02-24,sh.601127,9.7500,9.7900,9.5800,9.6400,9.8200,3182084,30702754.0000,1,0,1.034412
2020-02-25,sh.601127,9.6000,9.9900,9.2800,9.8900,9.6400,6838277,66072851.0000,1,0,1.034412
2020-02-26,sh.601127,9.7300,9.9400,9.5500,9.5900,9.8900,4114017,40017439.0000,1,0,1.034412
2020-02-27,sh.601127,9.8800,10.5500,9.8800,10.5500,9.5900,9051710,94223946.0000,1,0,1.034412
2020-02-28,sh.601127,10.0300,10.6900,9.8800,10.0400,10.5500,10702005,109903499.0000,1,0,1.034412
2020-03-02,sh.601127,10.2000,10.3900,10.0000,10.2600,10.0400,7269619,74197006.0000,1,0,1.034412
2020-03-03,sh.601127,10.4000,10.5800,10.2800,10.5400,10.2600,7188526,74988242.0000,1,0,1.034412
2020-03-04,sh.601127,10.4200,10.9800,10.4100,10.9400,10.5400,8198542,87982088.0000,1,0,1.034412
2020-03-05,sh.601127,10.9300,11.2400,10.6400,11.0900,10.9400,8963070,97589828.0000,1,0,1.034412
2020-03-06,sh.601127,11.0200,11.1900,10.9300,11.0100,11.0900,5867091,64705777.0000,1,0,1.034412
2020-03-09,sh.601127,10.8000,10.9600,10.2500,10.4300,11.0100,7520088,79216498.0000,1,0,1.034412
2020-03-10,sh.601127,10.4400,10.8200,10.3800,10.6500,10.4300,5562807,58995728.0000,1,0,1.034412
2020-03-11,sh.601127,10.6500,10.6600,9.9200,9.9800,10.6500,8151792,83295473.0000,1,0,1.034412
2020-03-12,sh.601127,9.9800,9.9800,9.9800,9.9800,9.9800,0,0.0000,0,0,1.034412
2020-03-13,sh.601127,9.0800,9.9500,9.0800,9.5300,9.9800,6065392,57336275.0000,1,0,1.034412
2020-03-16,sh.601127,9.5300,9.6900,8.8100,8.9000,9.5300,6477516,59776443.0000,1,0,1.034412
2020-03-17,sh.601127,8.8800,9.1300,8.4500,8.6300,8.9000,3924482,34145367.0000,1,0,1.034412
2020-03-18,sh.601127,8.7400,8.8700,8.3400,8.3700,8.6300,3463258,29837349.0000,1,0,1.034412
2020-03-19,sh.601127,8.3700,8.4500,8.0500,8.2500,8.3700,3401207,27951079.0000,1,0,1.034412
2020-03-20,sh.601127,8.4000,8.4100,8.2000,8.3500,8.2500,1652900,13713074.0000,1,0,1.034412
2020-03-23,sh.601127,8.1100,8.2100,7.9000,8.1100,8.3500,2576764,20822368.0000,1,0,1.034412
2020-03-24,sh.601127,8.2000,8.4400,8.1700,8.4100,8.1100,2961504,24637623.0000,1,0,1.034412
2020-03-25,sh.601127,8.5800,8.7800,8.4800,8.5600,8.4100,3200178,27477700.0000,1,0,1.034412
2020-03-26,sh.601127,8.4900,8.5900,8.3800,8.4400,8.5600,2777749,23562856.0000,1,0,1.034412
2020-03-27,sh.601127,8.5600,8.5900,8.3500,8.3600,8.4400,1503300,12702556.0000,1,0,1.034412
2020-03-30,sh.601127,8.2200,8.2800,8.0000,8.1600,8.3600,1514829,12287862.0000,1,0,1.034412
2020-03-31,sh.601127,8.2500,8.3200,8.0300,8.0300,8.1600,1515700,12346836.0000,1,0,1.034412
2020-04-01,sh.601127,8.1500,8.2800,8.0400,8.0700,8.0300,2212200,17995726.0000,1,0,1.034412
2020-04-02,sh.601127,8.0000,8.2300,8.0000,8.2200,8.0700,1837182,14966562.0000,1,0,1.034412
2020-04-03,sh.601127,8.8300,9.0400,8.8300,9.0400,8.2200,2273246,20505938.0000,1,0,1.034412
2020-04-07,sh.601127,9.0400,9.7100,8.9000,9.3200,9.0400,9747153,91675165.0000,1,0,1.034412
2020-04-08,sh.601127,9.0600,9.1300,8.8600,8.9300,9.3200,6473297,57997016.0000,1,0,1.034412
2020-04-09,sh.601127,8.9200,9.3400,8.8700,9.1200,8.9300,7040563,64547401.0000,1,0,1.034412
2020-04-10,sh.601127,9.2300,9.3800,8.8300,8.8400,9.1200,4731825,42666974.0000,1,0,1.034412
2020-04-13,sh.601127,8.5900,8.7300,8.2900,8.4100,8.8400,3578704,30340444.0000,1,0,1.034412
2020-04-14,sh.601127,8.5200,8.6300,8.4200,8.6000,8.4100,2482180,21205075.0000,1,0,1.034412
2020-04-15,sh.601127,8.6000,8.6400,8.4300,8.4300,8.6000,2580469,21928494.0000,1,0,1.034412
2020-04-16,sh.601127,8.4800,8.4800,8.3300,8.3400,8.4300,2527554,21169993.0000,1,0,1.034412
2020-04-17,sh.601127,8.3900,8.5000,8.2300,8.2400,8.3400,2302500,19272404.0000,1,0,1.034412
2020-04-20,sh.601127,8.3600,8.4500,8.2200,8.4400,8.2400,1915046,16020776.0000,1,0,1.034412
2020-04-21,sh.601127,8.6900,8.6900,8.1900,8.2600,8.4400,3423979,28725082.0000,1,0,1.034412
2020-04-22,sh.601127,8.2600,8.3900,8.1800,8.3300,8.2600,2258500,18694705.0000,1,0,1.034412
2020-04-23,sh.601127,8.3500,8.7900,8.2100,8.4800,8.3300,4998716,42456908.0000,1,0,1.034412
2020-04-24,sh.601127,8.4800,8.6700,8.1900,8.2100,8.4800,3708322,31117780.0000,1,0,1.034412
2020-04-27,sh.601127,8.2000,8.2800,8.0900,8.0900,8.2100,2176265,17750181.0000,1,0,1.034412
2020-04-28,sh.601127,8.1200,8.1400,7.6200,7.7600,8.0900,2759635,21673081.0000,1,0,1.034412
2020-04-29,sh.601127,7.8300,7.8800,7.6700,7.7300,7.7600,1492387,11576805.0000,1,0,1.034412
2020-04-30,sh.601127,7.8000,8.1600,7.8000,8.1500,7.7300,3038879,24398777.0000,1,0,1.034412
2020-05-06,sh.601127,8.0500,8.3900,8.0300,8.3800,8.1500,2957355,24494864.0000,1,0,1.034412
2020-05-07,sh.601127,8.3900,8.4300,8.2700,8.3300,8.3800,1959608,16320035.0000,1,0,1.034412
2020-05-08,sh.601127,8.3300,8.4100,8.2800,8.3600,8.3300,1180086,9874744.0000,1,0,1.034412
2020-05-11,sh.601127,8.4400,8.6700,8.2200,8.3100,8.3600,2661880,22431280.0000,1,0,1.034412
2020-05-12,sh.601127,8.2800,8.3100,8.0500,8.1200,8.3100,2716075,22170306.0000,1,0,1.034412
2020-05-13,sh.601127,8.1000,8.1400,8.0100,8.0700,8.1200,1702510,13736440.0000,1,0,1.034412
2020-05-14,sh.601127,8.0700,8.3100,8.0100,8.1800,8.0700,2348901,19218401.0000,1,0,1.034412
2020-05-15,sh.601127,8.2400,8.2500,8.1000,8.1000,8.1800,1254316,10231901.0000,1,0,1.034412
2020-05-18,sh.601127,8.1300,8.1300,7.9100,7.9400,8.1000,2096823,16818508.0000,1,0,1.034412
2020-05-19,sh.601127,7.9600,7.9900,7.8700,7.9400,7.9400,1267852,10057363.0000,1,0,1.034412
2020-05-20,sh.601127,7.9200,7.9800,7.8000,7.8700,7.9400,1630900,12888660.0000,1,0,1.034412
2020-05-21,sh.601127,7.8800,7.9300,7.8000,7.8400,7.8700,1233900,9689078.0000,1,0,1.034412
2020-05-22,sh.601127,7.8800,7.8800,7.6900,7.7500,7.8400,1162300,9015429.0000,1,0,1.034412
2020-05-25,sh.601127,7.7100,8.1000,7.6600,7.9200,7.7500,1808115,14275150.0000,1,0,1.034412
2020-05-26,sh.601127,7.9000,8.0200,7.8700,7.9300,7.9200,1535227,12179006.0000,1,0,1.034412
2020-05-27,sh.601127,7.9700,8.0200,7.8600,7.9400,7.9300,1280100,10168398.0000,1,0,1.034412
2020-05-28,sh.601127,7.9300,8.0900,7.8500,7.9000,7.9400,2077386,16542399.0000,1,0,1.034412
2020-05-29,sh.601127,7.9300,8.1000,7.8400,8.0300,7.9000,2671098,21342228.0000,1,0,1.034412
2020-06-01,sh.601127,8.0500,8.3200,8.0500,8.2700,8.0300,3116167,25631318.0000,1,0,1.034412
2020-06-02,sh.601127,8.8000,9.1000,8.5500,8.6000,8.2700,6977862,61011551.0000,1,0,1.034412
2020-06-03,sh.601127,8.8000,9.4600,8.4300,9.4600,8.6000,14050281,126903984.0000,1,0,1.034412
2020-06-04,sh.601127,10.3500,10.4100,9.9900,10.4100,9.4600,23087056,239210773.0000,1,0,1.034412
2020-06-05,sh.601127,10.4100,11.4500,10.4100,11.4500,10.4100,26937760,297302878.0000,1,0,1.034412
2020-06-08,sh.601127,11.3900,11.3900,10.3100,10.3100,11.4500,12842055,135486771.0000,1,0,1.034412
2020-06-09,sh.601127,9.5900,9.7800,9.2800,9.2800,10.3100,21956577,205945533.0000,1,0,1.034412
2020-06-10,sh.601127,8.9100,9.1600,8.7300,8.9600,9.2800,15941077,142463902.0000,1,0,1.034412
2020-06-11,sh.601127,8.9000,9.3600,8.8300,9.1900,8.9600,16732664,152556727.0000,1,0,1.034412
2020-06-12,sh.601127,8.9100,9.2200,8.7500,8.9700,9.1900,13612748,122181745.0000,1,0,1.034412
2020-06-15,sh.601127,8.8600,8.8600,8.6000,8.6000,8.9700,11391222,99236295.0000,1,0,1.034412
2020-06-16,sh.601127,8.6500,8.7400,8.5300,8.6900,8.6000,7840373,67553047.0000,1,0,1.034412
2020-06-17,sh.601127,8.6200,8.6900,8.5300,8.5900,8.6900,6057616,52012081.0000,1,0,1.034412
2020-06-18,sh.601127,8.5900,8.6200,8.4700,8.5000,8.5900,4979479,42484109.0000,1,0,1.034412
2020-06-19,sh.601127,8.4700,8.8200,8.4700,8.7300,8.5000,10100592,88015491.0000,1,0,1.034412
2020-06-22,sh.601127,8.6600,8.7000,8.4900,8.5100,8.7300,7634500,65259430.0000,1,0,1.034412
2020-06-23,sh.601127,8.5000,8.5100,8.2300,8.2700,8.5100,6780403,56408256.0000,1,0,1.034412
2020-06-24,sh.601127,8.3200,8.4400,8.2300,8.3300,8.2700,3836847,31925517.0000,1,0,1.034412
2020-06-29,sh.601127,8.3700,8.4400,8.2000,8.3000,8.3300,3401735,28238801.0000,1,0,1.034412
2020-06-30,sh.601127,8.3500,8.3800,8.2700,8.3100,8.3000,3053139,25369353.0000,1,0,1.034412
2020-07-01,sh.601127,8.3300,8.3600,8.2100,8.2400,8.3100,3429932,28362401.0000,1,0,1.034412
2020-07-02,sh.601127,8.2600,8.3900,8.2600,8.3500,8.2400,4216424,35149124.0000,1,0,1.034412
2020-07-03,sh.601127,8.3700,8.6300,8.3600,8.5500,8.3500,7909545,67444085.0000,1,0,1.034412
2020-07-06,sh.601127,8.5500,8.8600,8.4700,8.8200,8.5500,10228742,88847369.0000,1,0,1.034412
2020-07-07,sh.601127,8.8200,9.0700,8.7400,8.9400,8.8200,11542338,103279470.0000,1,0,1.034412
2020-07-08,sh.601127,8.8900,9.0700,8.7800,9.0500,8.9400,9542728,85466787.0000,1,0,1.034412
2020-07-09,sh.601127,9.0100,9.4500,8.9400,9.4100,9.0500,11253298,102566945.0000,1,0,1.034412
2020-07-10,sh.601127,9.4400,9.4400,9.1200,9.1300,9.4100,9076369,84160542.0000,1,0,1.034412
2020-07-13,sh.601127,9.1300,9.3700,9.0500,9.3500,9.1300,8177308,75732980.0000,1,0,1.034412
2020-07-14,sh.601127,9.3400,9.6200,9.2200,9.6200,9.3500,11095277,104623239.0000,1,0,1.034412
2020-07-15,sh.601127,9.6600,9.6600,9.2000,9.2200,9.6200,6731705,62954842.0000,1,0,1.034412
2020-07-16,sh.601127,9.2800,9.3000,8.8400,8.8500,9.2200,5607756,50982087.0000,1,0,1.034412
2020-07-17,sh.601127,8.8400,8.9600,8.7500,8.8000,8.8500,3041879,26885875.0000,1,0,1.034412
2020-07-20,sh.601127,8.9000,9.0100,8.7900,9.0100,8.8000,3233733,28809499.0000,1,0,1.034412
2020-07-21,sh.601127,9.0300,9.1700,8.9600,9.0200,9.0100,3623095,32722373.1000,1,0,1.034412
2020-07-22,sh.601127,8.9800,9.3700,8.9200,9.2100,8.9800,5501047,50475173.2300,1,0,1.03902
2020-07-23,sh.601127,9.1900,9.2400,8.9000,9.2400,9.2100,3605752,32746405.4000,1,0,1.03902
2020-07-24,sh.601127,9.2500,9.4400,8.9000,8.9900,9.2400,7314767,67513884.3900,1,0,1.03902
2020-07-27,sh.601127,8.9700,9.1000,8.6700,8.7200,8.9900,4316690,37910055.1200,1,0,1.03902
2020-07-28,sh.601127,8.7400,8.9400,8.5900,8.6500,8.7200,3877695,33880548.8000,1,0,1.03902
2020-07-29,sh.601127,8.6000,8.8500,8.4600,8.8400,8.6500,3654400,31700108.0000,1,0,1.03902
2020-07-30,sh.601127,8.8300,8.9900,8.7700,8.9900,8.8400,3715549,33035776.1000,1,0,1.03902
2020-07-31,sh.601127,8.9200,8.9600,8.7700,8.9500,8.9900,3627500,32230427.8600,1,0,1.03902
2020-08-03,sh.601127,8.9500,9.1300,8.9500,9.0900,8.9500,4357000,39419513.0000,1,0,1.03902
2020-08-04,sh.601127,9.1200,9.2000,9.0000,9.0500,9.0900,2995147,27150212.4700,1,0,1.03902
2020-08-05,sh.601127,9.0900,9.0900,8.9000,8.9200,9.0500,3284627,29379807.9500,1,0,1.03902
2020-08-06,sh.601127,8.9400,8.9700,8.7900,8.8700,8.9200,2706100,24009353.0000,1,0,1.03902
2020-08-07,sh.601127,8.8600,9.0900,8.8000,9.0900,8.8700,4528900,40470572.0000,1,0,1.03902
2020-08-10,sh.601127,9.1200,9.2700,9.0500,9.1500,9.0900,6871000,63012372.3900,1,0,1.03902
2020-08-11,sh.601127,9.1800,9.8900,9.0700,9.4700,9.1500,12765492,120016194.0400,1,0,1.03902
2020-08-12,sh.601127,9.3100,9.4000,8.9700,9.1700,9.4700,8828276,80460789.6300,1,0,1.03902
2020-08-13,sh.601127,9.1800,9.2800,9.0700,9.0800,9.1700,5012500,45957584.0000,1,0,1.03902
2020-08-14,sh.601127,9.0600,9.2500,8.9400,9.2000,9.0800,4896700,44502150.6600,1,0,1.03902
2020-08-17,sh.601127,9.2200,9.2600,9.1100,9.2000,9.2000,4273784,39251084.9200,1,0,1.03902
2020-08-18,sh.601127,9.2100,9.3500,9.1300,9.1400,9.2000,4983750,45931733.7600,1,0,1.03902
2020-08-19,sh.601127,9.1400,9.2400,9.0400,9.0900,9.1400,4542955,41491026.2100,1,0,1.03902
2020-08-20,sh.601127,9.0900,9.1500,8.9100,8.9100,9.0900,4028948,36236906.1600,1,0,1.03902
2020-08-21,sh.601127,8.9300,9.0300,8.9100,8.9800,8.9100,2151100,19306861.1600,1,0,1.03902
2020-08-24,sh.601127,8.9600,9.0000,8.8900,8.9400,8.9800,2466662,22037107.6600,1,0,1.03902
2020-08-25,sh.601127,8.9800,9.0000,8.8000,8.8300,8.9400,2666110,23726856.5000,1,0,1.03902
2020-08-26,sh.601127,8.8500,8.8800,8.6400,8.7100,8.8300,2580901,22652926.3200,1,0,1.03902
2020-08-27,sh.601127,8.7000,8.9800,8.6600,8.8900,8.7100,2751088,24386018.7000,1,0,1.03902
2020-08-28,sh.601127,8.9300,9.0200,8.8000,8.9400,8.8900,3048007,27105164.5900,1,0,1.03902
2020-08-31,sh.601127,8.9500,9.0900,8.8000,8.8000,8.9400,3281986,29167296.4000,1,0,1.03902
2020-09-01,sh.601127,8.8200,8.9300,8.7500,8.8500,8.8000,1798712,15890241.8400,1,0,1.03902
2020-09-02,sh.601127,8.8800,8.9800,8.7900,8.9300,8.8500,2663595,23720994.3500,1,0,1.03902
2020-09-03,sh.601127,8.9300,8.9400,8.8000,8.8300,8.9300,2002238,17714574.3400,1,0,1.03902
2020-09-04,sh.601127,8.7200,8.8000,8.6600,8.7100,8.8300,2230002,19413378.4000,1,0,1.03902
2020-09-07,sh.601127,8.7300,8.8700,8.5600,8.5800,8.7100,2618999,22779478.7600,1,0,1.03902
2020-09-08,sh.601127,8.5900,8.7500,8.5500,8.7000,8.5800,1807770,15662499.2000,1,0,1.03902
2020-09-09,sh.601127,8.6500,8.8000,8.5900,8.6200,8.7000,2164532,18697550.4800,1,0,1.03902
2020-09-10,sh.601127,8.6300,8.7200,8.2200,8.2900,8.6200,2844777,24021766.2500,1,0,1.03902
2020-09-11,sh.601127,8.3300,8.4100,8.2900,8.3500,8.2900,1196700,10007169.5100,1,0,1.03902
2020-09-14,sh.601127,8.4400,8.6300,8.3700,8.5600,8.3500,1921084,16335926.0400,1,0,1.03902
2020-09-15,sh.601127,8.6200,8.6900,8.5200,8.6000,8.5600,1611204,13885417.5600,1,0,1.03902
2020-09-16,sh.601127,8.6800,8.6800,8.5700,8.6400,8.6000,1023100,8832621.0000,1,0,1.03902
2020-09-17,sh.601127,8.7000,8.8800,8.6000,8.8400,8.6400,3243144,28419357.5500,1,0,1.03902
2020-09-18,sh.601127,8.7800,9.1900,8.7700,8.9900,8.8400,5951705,53636629.8600,1,0,1.03902
2020-09-21,sh.601127,8.9400,9.2000,8.9200,9.0200,8.9900,3741443,33783143.0300,1,0,1.03902
2020-09-22,sh.601127,9.0400,9.3400,8.9200,8.9300,9.0200,4717829,42968332.1600,1,0,1.03902
2020-09-23,sh.601127,8.9900,9.0800,8.7400,8.7800,8.9300,3199144,28259542.9800,1,0,1.03902
2020-09-24,sh.601127,8.7500,8.7500,8.3900,8.4300,8.7800,3373234,28771040.6600,1,0,1.03902
2020-09-25,sh.601127,8.4900,8.5700,8.3500,8.4700,8.4300,1434951,12100287.9500,1,0,1.03902
2020-09-28,sh.601127,8.4400,8.6000,8.2200,8.2600,8.4700,1945200,16226828.0000,1,0,1.03902
2020-09-29,sh.601127,8.2800,8.4500,8.2000,8.3700,8.2600,1439711,12030998.0200,1,0,1.03902
2020-09-30,sh.601127,8.3700,8.4600,8.2600,8.3500,8.3700,1190800,9944782.0000,1,0,1.03902
2020-10-09,sh.601127,8.5900,8.6500,8.4500,8.5900,8.3500,1817332,15578759.1600,1,0,1.03902
2020-10-12,sh.601127,8.6800,9.1900,8.6800,9.0600,8.5900,6644618,59820718.3000,1,0,1.03902
2020-10-13,sh.601127,9.0900,9.9700,9.0100,9.8100,9.0600,22635606,218357980.4300,1,0,1.03902
2020-10-14,sh.601127,9.5000,9.6000,9.1200,9.2500,9.8100,14261716,133653901.7300,1,0,1.03902
2020-10-15,sh.601127,9.3600,9.8500,9.3000,9.5100,9.2500,12048066,115905864.1200,1,0,1.03902
2020-10-16,sh.601127,9.4800,9.6500,9.3400,9.4200,9.5100,6056559,57401875.6400,1,0,1.03902
2020-10-19,sh.601127,9.4000,9.5700,9.1700,9.1900,9.4200,4978407,46302754.6100,1,0,1.03902
2020-10-20,sh.601127,9.2300,9.6200,9.1500,9.5000,9.1900,6646700,62527467.0000,1,0,1.03902
2020-10-21,sh.601127,9.5500,9.6300,9.3400,9.5000,9.5000,6642800,63043827.0000,1,0,1.03902
2020-10-22,sh.601127,9.4300,9.4900,9.2000,9.4300,9.5000,5875867,54876979.1200,1,0,1.03902
2020-10-23,sh.601127,9.4200,9.7100,9.2600,9.3000,9.4300,5778160,54630720.2000,1,0,1.03902
2020-10-26,sh.601127,9.3000,9.3700,9.0500,9.1300,9.3000,5108300,46875343.7400,1,0,1.03902
2020-10-27,sh.601127,9.1300,9.1900,8.8500,8.9500,9.1300,3996000,35863591.0000,1,0,1.03902
2020-10-28,sh.601127,8.9500,9.1100,8.8300,8.8700,8.9500,4269600,38238291.4200,1,0,1.03902
2020-10-29,sh.601127,8.7200,9.1200,8.6400,8.9800,8.8700,5016494,44694780.9800,1,0,1.03902
2020-10-30,sh.601127,8.9500,9.3000,8.7000,8.7600,8.9800,6930077,62337896.8600,1,0,1.03902
2020-11-02,sh.601127,8.7500,9.0200,8.4700,8.8100,8.7600,7160763,62856089.9100,1,0,1.03902
2020-11-03,sh.601127,8.9800,9.3300,8.8200,8.9200,8.8100,6708790,60386772.6800,1,0,1.03902
2020-11-04,sh.601127,8.9900,9.3500,8.9200,9.1500,8.9200,8650900,79075273.6400,1,0,1.03902
2020-11-05,sh.601127,9.4500,10.0700,9.2200,10.0700,9.1500,17202349,166534933.0100,1,0,1.03902
2020-11-06,sh.601127,10.6700,11.0700,10.1000,10.1800,10.0700,29808204,314146038.3100,1,0,1.03902
2020-11-09,sh.601127,10.3000,10.3000,9.8000,10.1000,10.1800,16597496,167185526.1300,1,0,1.03902
2020-11-10,sh.601127,9.9700,10.2400,9.8000,9.9300,10.1000,10614563,105721391.7300,1,0,1.03902
2020-11-11,sh.601127,9.8100,9.9000,9.5500,9.5700,9.9300,8130878,78975415.3000,1,0,1.03902
2020-11-12,sh.601127,9.6700,9.7400,9.3500,9.4600,9.5700,8206235,78068506.4300,1,0,1.03902
2020-11-13,sh.601127,9.6400,10.0500,9.4700,9.8200,9.4600,11297223,110110593.3900,1,0,1.03902
2020-11-16,sh.601127,10.0000,10.8000,9.8800,10.8000,9.8200,17581771,181951132.3600,1,0,1.03902
2020-11-17,sh.601127,11.4700,11.8800,11.1600,11.8800,10.8000,12448178,146118041.5600,1,0,1.03902
2020-11-18,sh.601127,12.6000,13.0700,12.5600,13.0700,11.8800,17343631,221514498.2700,1,0,1.03902
2020-11-19,sh.601127,14.3800,14.3800,13.2000,13.4100,13.0700,84810908,1196511264.0600,1,0,1.03902
2020-11-20,sh.601127,14.4700,14.7500,14.3600,14.7500,13.4100,36364925,534085071.4800,1,0,1.03902
2020-11-23,sh.601127,16.2300,16.2300,16.2300,16.2300,14.7500,4609522,74812542.0600,1,0,1.03902
2020-11-24,sh.601127,17.8500,17.8500,17.7000,17.8500,16.2300,22900571,408721681.2700,1,0,1.03902
2020-11-25,sh.601127,18.2000,19.6400,18.2000,19.6400,17.8500,40612971,773166375.5900,1,0,1.03902
2020-11-26,sh.601127,20.0000,20.3100,17.8000,19.8000,19.6400,84955985,1629308169.0000,1,0,1.03902
2020-11-27,sh.601127,19.5000,21.7000,17.9700,18.0000,19.8000,84791175,1652954902.0300,1,0,1.03902
2020-11-30,sh.601127,18.3000,19.8000,18.2000,19.0000,18.0000,82138651,1588600591.5200,1,0,1.03902
2020-12-01,sh.601127,18.2100,20.9000,17.5000,20.9000,19.0000,75858540,1495151443.0700,1,0,1.03902
2020-12-02,sh.601127,22.2000,22.9900,22.2000,22.9900,20.9000,39076720,889183615.0100,1,0,1.03902
2020-12-03,sh.601127,23.7200,24.3800,20.6900,20.6900,22.9900,97052708,2145901250.2400,1,0,1.03902
2020-12-04,sh.601127,18.6200,18.8000,18.6200,18.6200,20.6900,18581800,346016402.8900,1,0,1.03902
2020-12-07,sh.601127,17.0000,17.9500,16.7600,17.4600,18.6200,77449453,1337051522.9700,1,0,1.03902
2020-12-08,sh.601127,17.4700,17.9700,16.8400,17.4900,17.4600,64129996,1118698964.6000,1,0,1.03902
2020-12-09,sh.601127,17.2800,18.2300,16.9000,17.3600,17.4900,55128729,967515587.0200,1,0,1.03902
2020-12-10,sh.601127,16.8500,16.8600,15.8000,15.9500,17.3600,54985816,888804249.3800,1,0,1.03902
2020-12-11,sh.601127,16.0700,16.4000,15.2500,16.1900,15.9500,46272883,735165395.6400,1,0,1.03902
2020-12-14,sh.601127,16.3900,17.8100,15.9800,17.8100,16.1900,72825494,1252711335.4600,1,0,1.03902
2020-12-15,sh.601127,18.0200,19.5900,17.9100,19.5900,17.8100,91141050,1737542750.6400,1,0,1.03902
2020-12-16,sh.601127,19.6900,19.7000,17.6300,17.6300,19.5900,26099707,476584998.4500,1,0,1.03902
2020-12-17,sh.601127,15.8700,17.2600,15.8700,16.9000,17.6300,82811836,1363566911.7200,1,0,1.03902
2020-12-18,sh.601127,16.0600,17.9700,15.9600,17.0000,16.9000,67015742,1144423580.6600,1,0,1.03902
2020-12-21,sh.601127,16.9300,18.3000,16.3000,17.5700,17.0000,69261717,1189423585.2200,1,0,1.03902
2020-12-22,sh.601127,17.0500,17.1900,16.1800,16.1800,17.5700,59366017,990857422.0400,1,0,1.03902
2020-12-23,sh.601127,15.8000,16.9500,15.6500,16.3400,16.1800,46732125,770267603.6000,1,0,1.03902
2020-12-24,sh.601127,15.9100,16.1800,15.1900,15.4400,16.3400,42638443,661912565.1300,1,0,1.03902
2020-12-25,sh.601127,15.4600,16.9800,14.8500,16.9800,15.4400,59762056,954498890.4900,1,0,1.03902
2020-12-28,sh.601127,17.6500,17.8900,16.5000,16.6300,16.9800,59685661,1015697659.4500,1,0,1.03902
2020-12-29,sh.601127,16.5300,16.7800,15.0100,15.1700,16.6300,49467931,777141469.6000,1,0,1.03902
2020-12-30,sh.601127,15.2400,16.1000,15.0400,15.5300,15.1700,41425155,648054330.3500,1,0,1.03902
2020-12-31,sh.601127,15.6100,17.0800,15.6100,17.0800,15.5300,77276960,1308035031.0300,1,0,1.03902
2021-01-04,sh.601127,16.5400,18.1900,15.9800,17.1900,17.0800,87324156,1494612862.5800,1,0,1.03902
2021-01-05,sh.601127,17.9000,18.6000,16.5000,16.5500,17.1900,76397694,1325746780.7900,1,0,1.03902
2021-01-06,sh.601127,15.8300,16.8000,15.5600,15.6800,16.5500,51262796,815075253.8400,1,0,1.03902
2021-01-07,sh.601127,15.5700,16.4800,15.0600,15.9500,15.6800,43065591,681480261.0900,1,0,1.03902
2021-01-08,sh.601127,16.5100,16.5900,15.5000,15.6400,15.9500,33187647,528530480.7100,1,0,1.03902
2021-01-11,sh.601127,15.5500,16.1200,15.1800,15.2800,15.6400,29271826,455211451.1400,1,0,1.03902
2021-01-12,sh.601127,15.2800,15.2800,14.1000,14.7800,15.2800,29930373,438739402.7000,1,0,1.03902
2021-01-13,sh.601127,14.7000,15.2700,14.1700,14.4000,14.7800,28532447,418229085.4500,1,0,1.03902
2021-01-14,sh.601127,14.0000,14.2300,13.3300,13.3900,14.4000,28839911,392598244.8800,1,0,1.03902
2021-01-15,sh.601127,13.1500,13.6100,12.9300,13.4000,13.3900,21645508,286975371.4300,1,0,1.03902
2021-01-18,sh.601127,13.3200,13.5700,13.0100,13.2600,13.4000,20071856,267708950.4800,1,0,1.03902
2021-01-19,sh.601127,13.4900,13.9300,13.1400,13.4800,13.2600,24713365,334347220.2700,1,0,1.03902
2021-01-20,sh.601127,13.4500,14.3200,13.3500,13.7600,13.4800,25369848,351736683.4100,1,0,1.03902
2021-01-21,sh.601127,13.5500,14.1400,12.9600,13.9300,13.7600,29885950,409604184.6600,1,0,1.03902
2021-01-22,sh.601127,13.7200,15.3200,13.6100,15.3200,13.9300,51950094,774026562.8800,1,0,1.03902
2021-01-25,sh.601127,15.0000,16.3000,14.5000,15.3700,15.3200,60769227,936803402.3000,1,0,1.03902
2021-01-26,sh.601127,16.9000,16.9100,15.5800,16.9100,15.3700,67483501,1112634115.6700,1,0,1.03902
2021-01-27,sh.601127,18.3900,18.6000,18.0100,18.6000,16.9100,24827079,456997233.9000,1,0,1.03902
2021-01-28,sh.601127,18.6000,20.4600,18.0600,20.4600,18.6000,90119391,1774686908.0600,1,0,1.03902
2021-01-29,sh.601127,19.7000,20.1800,18.4100,18.4100,20.4600,34701247,663847582.5000,1,0,1.03902
2021-02-01,sh.601127,16.5700,17.4700,16.5700,16.5700,18.4100,48316603,806095148.8000,1,0,1.03902
2021-02-02,sh.601127,16.2700,16.3800,15.2300,15.3000,16.5700,62837282,984939951.9800,1,0,1.03902
2021-02-03,sh.601127,15.2500,15.7500,14.6600,15.0200,15.3000,51533211,786305305.7700,1,0,1.03902
2021-02-04,sh.601127,14.7000,14.8600,13.8500,14.1200,15.0200,43499869,623321639.5900,1,0,1.03902
2021-02-05,sh.601127,14.2200,14.3200,13.3000,13.3200,14.1200,29927871,412690992.2700,1,0,1.03902
2021-02-08,sh.601127,13.3900,13.6600,13.1900,13.3500,13.3200,29820121,399241424.9600,1,0,1.03902
2021-02-09,sh.601127,13.3600,13.5500,13.0100,13.5200,13.3500,25971311,347489219.2200,1,0,1.03902
2021-02-10,sh.601127,13.9300,14.2000,13.1000,13.2100,13.5200,33538586,453501736.4200,1,0,1.03902
2021-02-18,sh.601127,13.0500,14.5200,13.0500,14.2200,13.2100,44553233,619687227.6200,1,0,1.03902
2021-02-19,sh.601127,14.6500,15.6400,14.4500,15.6400,14.2200,32251982,492495012.8600,1,0,1.03902
2021-02-22,sh.601127,15.8000,16.3200,14.8100,15.0900,15.6400,57866067,892607302.1000,1,0,1.03902
2021-02-23,sh.601127,15.1000,16.6000,14.7100,16.6000,15.0900,39006895,622903938.8700,1,0,1.03902
2021-02-24,sh.601127,16.7000,18.2600,16.7000,18.2600,16.6000,78117299,1404064366.2200,1,0,1.03902
2021-02-25,sh.601127,17.3500,18.9200,17.1600,17.5800,18.2600,65304717,1169478745.8600,1,0,1.03902
2021-02-26,sh.601127,17.2200,19.3400,17.2200,19.2000,17.5800,78717549,1482569277.7500,1,0,1.03902
2021-03-01,sh.601127,18.6500,20.0800,17.9100,19.4700,19.2000,76046084,1439183285.0300,1,0,1.03902
2021-03-02,sh.601127,19.1100,19.5800,18.1200,18.4900,19.4700,40107448,752945712.3000,1,0,1.03902
2021-03-03,sh.601127,18.2000,20.3400,18.1500,20.3400,18.4900,38207298,753624920.3700,1,0,1.03902
2021-03-04,sh.601127,21.1800,22.3700,20.9000,22.3700,20.3400,50669489,1115626485.1300,1,0,1.03902
2021-03-05,sh.601127,21.8500,23.8000,21.2000,23.2500,22.3700,59208608,1330682826.8300,1,0,1.03902
2021-03-08,sh.601127,22.8200,23.5000,21.4600,21.5700,23.2500,44736533,994138508.5000,1,0,1.03902
2021-03-09,sh.601127,22.0200,22.3900,19.4100,19.4100,21.5700,43092991,855101924.4200,1,0,1.03902
2021-03-10,sh.601127,19.1000,19.2800,17.7500,17.8500,19.4100,43057761,788705408.7100,1,0,1.03902
2021-03-11,sh.601127,18.0200,19.6400,17.1800,19.2000,17.8500,60942694,1146922748.9400,1,0,1.03902
2021-03-12,sh.601127,19.8500,21.1200,19.8000,20.5200,19.2000,69077831,1441881924.3100,1,0,1.03902
2021-03-15,sh.601127,19.3300,20.1600,18.5000,19.8500,20.5200,42564489,828872979.1500,1,0,1.03902
2021-03-16,sh.601127,20.0000,21.8400,19.5800,21.8400,19.8500,49528007,1028496292.6200,1,0,1.03902
2021-03-17,sh.601127,21.9600,23.6600,21.5000,22.6000,21.8400,51389058,1163955648.6200,1,0,1.03902
2021-03-18,sh.601127,22.7000,23.5000,21.5400,21.9700,22.6000,44875700,1005678184.5000,1,0,1.03902
2021-03-19,sh.601127,21.3600,22.6600,21.0800,22.3500,21.9700,37522804,823081373.7900,1,0,1.03902
2021-03-22,sh.601127,22.3000,24.5900,22.1000,24.5900,22.3500,36922828,876724034.8300,1,0,1.03902
2021-03-23,sh.601127,25.8000,26.0800,23.5700,24.5000,24.5900,50347155,1243917246.6700,1,0,1.03902
2021-03-24,sh.601127,24.0800,25.4700,23.5800,25.1800,24.5000,43065466,1054690061.0400,1,0,1.03902
2021-03-25,sh.601127,24.4300,26.1200,22.6600,22.8200,25.1800,43910985,1076588078.4100,1,0,1.03902
2021-03-26,sh.601127,23.1800,25.1000,23.1800,24.6000,22.8200,56678025,1372165004.9700,1,0,1.03902
2021-03-29,sh.601127,24.0700,24.3000,22.3700,22.8000,24.6000,51803933,1194286372.6500,1,0,1.03902
2021-03-30,sh.601127,22.9300,23.1800,20.9700,22.9400,22.8000,43773391,968222289.6100,1,0,1.03902
2021-03-31,sh.601127,22.9400,24.2600,22.9400,23.2500,22.9400,40490353,960567364.0500,1,0,1.03902
2021-04-01,sh.601127,22.5000,24.3000,22.5000,23.6400,23.2500,42362912,998280792.2800,1,0,1.03902
2021-04-02,sh.601127,23.5500,24.1300,22.4100,22.4500,23.6400,35612972,823379539.7800,1,0,1.03902
2021-04-06,sh.601127,22.6600,24.6000,22.3000,23.8800,22.4500,42917514,1017335089.9100,1,0,1.03902
2021-04-07,sh.601127,24.4100,25.2400,23.0700,24.5500,23.8800,43502916,1044470559.9300,1,0,1.03902
2021-04-08,sh.601127,24.1500,27.0100,23.8000,27.0100,24.5500,49573638,1265503768.2400,1,0,1.03902
2021-04-09,sh.601127,26.9600,27.6600,26.0000,26.3900,27.0100,39517341,1060025964.3100,1,0,1.03902
2021-04-12,sh.601127,26.3900,28.6500,26.2300,28.0500,26.3900,42438590,1176530850.0800,1,0,1.03902
2021-04-13,sh.601127,27.7000,30.8600,27.5700,29.8600,28.0500,48165859,1437183870.2000,1,0,1.03902
2021-04-14,sh.601127,29.8600,30.6300,28.9900,30.1500,29.8600,36088740,1074439329.1000,1,0,1.03902
2021-04-15,sh.601127,29.8000,30.5000,28.6500,29.8200,30.1500,32094805,947624262.4300,1,0,1.03902
2021-04-16,sh.601127,30.2600,31.9100,28.5900,29.0000,29.8200,53980499,1607799646.4900,1,0,1.03902
2021-04-19,sh.601127,31.9000,31.9000,31.0000,31.9000,29.0000,27612229,877856616.4500,1,0,1.03902
2021-04-20,sh.601127,35.0900,35.0900,35.0900,35.0900,31.9000,14406977,505540822.9300,1,0,1.03902
2021-04-21,sh.601127,36.0000,36.0000,31.5800,31.5800,35.0900,100359982,3302488786.0500,1,0,1.03902
2021-04-22,sh.601127,30.6000,34.7400,30.3500,34.7400,31.5800,95501853,3193556849.4800,1,0,1.03902
2021-04-23,sh.601127,34.7100,38.2100,34.1100,38.2100,34.7400,54915658,2048650342.2100,1,0,1.03902
2021-04-26,sh.601127,41.2700,42.0300,40.0000,42.0300,38.2100,40066315,1670975773.2500,1,0,1.03902
2021-04-27,sh.601127,43.0000,46.2300,40.0000,43.5000,42.0300,100533761,4314565155.9100,1,0,1.03902
2021-04-28,sh.601127,42.4000,47.8500,42.0500,47.0000,43.5000,103915462,4826912718.8300,1,0,1.03902
2021-04-29,sh.601127,46.5000,47.3000,42.5000,44.0500,47.0000,90564164,4053158594.9400,1,0,1.03902
2021-04-30,sh.601127,43.6100,48.4600,43.6100,48.4600,44.0500,78714571,3669903705.6500,1,0,1.03902
2021-05-06,sh.601127,50.0000,53.3100,49.8000,53.3100,48.4600,68121063,3572427466.6800,1,0,1.03902
2021-05-07,sh.601127,53.6600,56.7800,50.7000,55.6900,53.3100,75460681,4074663068.6400,1,0,1.03902
2021-05-10,sh.601127,55.3000,61.2600,55.1700,61.2600,55.6900,50897469,3001645543.4400,1,0,1.03902
2021-05-11,sh.601127,63.7900,67.3900,59.0000,61.3900,61.2600,95043929,6048058978.8100,1,0,1.03902
2021-05-12,sh.601127,61.0000,64.8800,59.5300,63.4000,61.3900,82850697,5188421940.0600,1,0,1.03902
2021-05-13,sh.601127,62.0000,62.0000,57.0600,57.7000,63.4000,74705668,4385652452.8200,1,0,1.03902
2021-05-14,sh.601127,60.0000,60.6600,56.5200,58.3200,57.7000,63717973,3733365031.8800,1,0,1.03902
2021-05-17,sh.601127,58.2000,63.8400,57.0500,60.4900,58.3200,77325249,4697033775.1200,1,0,1.03902
2021-05-18,sh.601127,59.8100,66.5400,59.5900,66.5400,60.4900,83362822,5366452377.8000,1,0,1.03902
2021-05-19,sh.601127,68.9900,69.5400,62.7500,64.0300,66.5400,94790315,6257154200.5000,1,0,1.03902
2021-05-20,sh.601127,60.1300,61.3000,57.6300,57.6300,64.0300,77592148,4596110583.3600,1,0,1.03902
2021-05-21,sh.601127,56.8000,59.5000,55.5500,57.6700,57.6300,56517987,3256329245.2600,1,0,1.03902
2021-05-24,sh.601127,57.1500,57.2000,52.3700,54.2000,57.6700,73261840,3968305855.4600,1,0,1.03902
2021-05-25,sh.601127,54.2000,55.1500,52.9000,54.2700,54.2000,53822089,2906204652.0800,1,0,1.03902
2021-05-26,sh.601127,54.0000,58.9600,54.0000,57.8000,54.2700,74106271,4169070286.5700,1,0,1.03902
2021-05-27,sh.601127,58.0000,58.4500,54.9100,57.3200,57.8000,49120552,2789186124.5900,1,0,1.03902
2021-05-28,sh.601127,57.8000,60.0300,56.6500,58.0900,57.3200,51374868,3006301249.6000,1,0,1.03902
2021-05-31,sh.601127,55.0000,60.3500,53.5500,60.0100,58.0900,61671244,3515149641.3200,1,0,1.03902
2021-06-01,sh.601127,59.0000,64.5700,58.4400,61.8900,60.0100,63049208,3927852634.2700,1,0,1.03902
2021-06-02,sh.601127,61.1500,62.9700,59.6500,60.4400,61.8900,40843118,2499776830.3000,1,0,1.03902
2021-06-03,sh.601127,61.7500,62.0100,56.2600,57.0000,60.4400,45854971,2692151221.0800,1,0,1.03902
2021-06-04,sh.601127,55.9000,57.2000,54.8000,56.0000,57.0000,28825145,1611513997.0100,1,0,1.03902
2021-06-07,sh.601127,55.4500,58.3000,54.5500,58.1300,56.0000,33702450,1905666432.7500,1,0,1.03902
2021-06-08,sh.601127,57.6000,60.0500,55.7500,58.6700,58.1300,33815612,1967329774.1400,1,0,1.03902
2021-06-09,sh.601127,57.0000,61.3500,56.0000,61.1100,58.6700,43462175,2582870492.1100,1,0,1.03902
2021-06-10,sh.601127,60.1800,63.5800,60.0000,61.2000,61.1100,42056942,2605559120.2500,1,0,1.03902
2021-06-11,sh.601127,60.0000,67.3200,58.0100,67.3200,61.2000,59438412,3776867008.5200,1,0,1.03902
2021-06-15,sh.601127,69.0000,70.6900,65.0000,67.4000,67.3200,56604528,3861069685.7400,1,0,1.03902
2021-06-16,sh.601127,67.0600,68.8000,62.5000,63.4800,67.4000,40745900,2668411786.2700,1,0,1.03902
2021-06-17,sh.601127,63.9800,65.8000,61.8000,65.8000,63.4800,35114186,2243401613.4800,1,0,1.03902
2021-06-18,sh.601127,66.8000,72.3800,66.0000,72.3800,65.8000,38151226,2669140477.8300,1,0,1.03902
2021-06-21,sh.601127,74.9000,79.6200,72.0000,77.2000,72.3800,55971055,4306955172.7500,1,0,1.03902
2021-06-22,sh.601127,77.8600,83.8300,75.6000,78.2300,77.2000,54771761,4384485540.5300,1,0,1.03902
2021-06-23,sh.601127,78.8900,81.5000,76.4600,77.7700,78.2300,42435949,3341273400.0100,1,0,1.03902
2021-06-24,sh.601127,78.5500,81.0000,75.6300,79.2200,77.7700,33759326,2655233212.3200,1,0,1.03902
2021-06-25,sh.601127,79.0100,79.0100,73.3000,75.3000,79.2200,38422304,2906320607.6300,1,0,1.03902
2021-06-28,sh.601127,74.3600,76.3500,73.6800,74.9900,75.3000,22397702,1677214056.6400,1,0,1.03902
2021-06-29,sh.601127,75.9900,76.4000,67.4900,70.0900,74.9900,46138038,3233298831.5700,1,0,1.03902
2021-06-30,sh.601127,69.1500,70.0000,65.0500,66.6700,70.0900,34437538,2319676119.1500,1,0,1.03902
2021-07-01,sh.601127,67.8000,68.4200,65.8400,67.0700,66.6700,30483217,2057867184.7700,1,0,1.03902
2021-07-02,sh.601127,66.5400,67.8000,61.9800,62.1300,67.0700,32533196,2081595404.1600,1,0,1.03902
2021-07-05,sh.601127,62.0200,63.7000,60.3600,62.9100,62.1300,31810331,1977005875.8400,1,0,1.03902
2021-07-06,sh.601127,62.1500,63.6500,60.7000,61.5400,62.9100,24337515,1508478151.3900,1,0,1.03902
2021-07-07,sh.601127,61.0100,66.8000,60.3000,66.3000,61.5400,35538202,2278643110.2600,1,0,1.03902
2021-07-08,sh.601127,66.0000,66.0000,63.3500,63.5700,66.3000,24362890,1562773112.8000,1,0,1.03902
2021-07-09,sh.601127,62.9000,67.9700,61.9000,66.9500,63.5700,30816289,2034664381.3900,1,0,1.03902
2021-07-12,sh.601127,69.9900,73.6500,69.9900,73.6500,66.9500,39154474,2849903368.8600,1,0,1.03902
2021-07-13,sh.601127,73.6500,77.0300,70.0500,74.8600,73.6500,38623326,2866610227.6700,1,0,1.03902
2021-07-14,sh.601127,74.8400,74.8500,67.5800,67.8700,74.8600,36417642,2562282165.9800,1,0,1.03902
2021-07-15,sh.601127,67.0000,69.0000,65.3000,67.4500,67.8700,23362044,1562080099.0000,1,0,1.03902
2021-07-16,sh.601127,67.0000,67.9900,65.0000,65.2300,67.4500,20631499,1369398646.0100,1,0,1.03902
2021-07-19,sh.601127,63.8900,65.5200,62.8800,63.2100,65.2300,18055236,1152285352.4700,1,0,1.03902
2021-07-20,sh.601127,62.5600,66.8900,62.3600,66.6200,63.2100,23154016,1520068462.7000,1,0,1.03902
2021-07-21,sh.601127,66.0900,68.7700,66.0600,66.4100,66.6200,24670500,1658523170.1400,1,0,1.03902
2021-07-22,sh.601127,66.5300,66.9900,61.7600,63.7100,66.4100,33020259,2095394366.5900,1,0,1.03902
2021-07-23,sh.601127,63.1500,65.9500,62.1300,62.9900,63.7100,26089057,1662636097.1000,1,0,1.03902
2021-07-26,sh.601127,61.9900,63.1400,57.2700,58.0500,62.9900,32897270,1960631038.2600,1,0,1.03902
2021-07-27,sh.601127,58.0000,59.8800,56.6000,56.7000,58.0500,21945818,1274107728.9000,1,0,1.03902
2021-07-28,sh.601127,56.0000,57.5900,52.7100,55.8000,56.7000,18864797,1042308650.9400,1,0,1.03902
2021-07-29,sh.601127,57.5000,57.8800,55.8400,57.3800,55.8000,18514698,1055017994.8800,1,0,1.03902
2021-07-30,sh.601127,57.0000,59.5000,55.8000,58.1100,57.3800,20960459,1213224691.7100,1,0,1.03902
2021-08-02,sh.601127,59.4300,62.8900,59.4300,61.0600,58.1100,25721117,1569180946.5600,1,0,1.03902
2021-08-03,sh.601127,61.0800,61.0800,56.5500,57.2500,61.0600,20945456,1220979564.3000,1,0,1.03902
2021-08-04,sh.601127,56.6500,62.5000,56.6500,60.9200,57.2500,30292919,1838372713.5700,1,0,1.03902
2021-08-05,sh.601127,59.9900,62.2800,59.3000,61.0000,60.9200,17201294,1045405250.7500,1,0,1.03902
2021-08-06,sh.601127,62.2600,62.3800,57.6500,59.1900,61.0000,22377728,1332068776.6100,1,0,1.03902
2021-08-09,sh.601127,58.1900,62.8400,56.8800,61.7900,59.1900,28620679,1726217901.0200,1,0,1.03902
2021-08-10,sh.601127,62.7600,63.0800,60.6700,62.0100,61.7900,17763830,1095105822.6300,1,0,1.03902
2021-08-11,sh.601127,62.0000,62.3000,60.0000,60.5000,62.0100,12084621,735922091.7500,1,0,1.03902
2021-08-12,sh.601127,60.1500,63.6300,59.0000,61.3300,60.5000,24266836,1491771942.3700,1,0,1.03902
2021-08-13,sh.601127,60.4600,60.9000,58.6100,59.0100,61.3300,19064038,1134543268.6800,1,0,1.03902
2021-08-16,sh.601127,58.1700,58.8500,55.6700,55.6900,59.0100,23666380,1344173278.0900,1,0,1.03902
2021-08-17,sh.601127,55.1500,56.4000,52.4100,52.5900,55.6900,24072918,1303376122.6900,1,0,1.03902
2021-08-18,sh.601127,52.4700,53.4800,51.6600,53.2000,52.5900,15488644,817400843.1300,1,0,1.03902
2021-08-19,sh.601127,53.2500,56.5000,53.2500,55.8900,53.2000,21594817,1199104710.4200,1,0,1.03902
2021-08-20,sh.601127,55.8800,56.9500,54.5000,56.5600,55.8900,15224594,847265722.7500,1,0,1.03902
2021-08-23,sh.601127,57.5000,62.2200,57.3400,62.2200,56.5600,30651911,1872148540.1400,1,0,1.03902
2021-08-24,sh.601127,64.6800,66.6600,63.6600,65.3500,62.2200,44138096,2877931854.8000,1,0,1.03902
2021-08-25,sh.601127,66.0500,69.5800,64.0000,66.9000,65.3500,33912255,2278102380.0100,1,0,1.03902
2021-08-26,sh.601127,67.1200,69.0100,65.9200,66.2500,66.9000,20031999,1344881011.4300,1,0,1.03902
2021-08-27,sh.601127,66.3000,72.8800,66.3000,72.8800,66.2500,26237799,1856865341.5400,1,0,1.03902
2021-08-30,sh.601127,71.6000,74.6700,70.6000,71.7500,72.8800,37542546,2718681721.1600,1,0,1.03902
2021-08-31,sh.601127,70.9400,76.6400,70.9400,74.6000,71.7500,28762283,2140674478.2900,1,0,1.03902
2021-09-01,sh.601127,73.5800,76.5000,71.9800,74.3100,74.6000,24336667,1810146858.7800,1,0,1.03902
2021-09-02,sh.601127,73.3300,78.8000,73.2500,75.9800,74.3100,19812178,1506520829.2000,1,0,1.03902
2021-09-03,sh.601127,75.1600,77.5000,72.5000,77.4300,75.9800,26072868,1967512096.7000,1,0,1.03902
2021-09-06,sh.601127,76.6600,76.8900,71.6200,74.1200,77.4300,22081835,1636367132.4700,1,0,1.03902
2021-09-07,sh.601127,74.5000,81.2700,74.1100,79.3000,74.1200,27153564,2132102456.5900,1,0,1.03902
2021-09-08,sh.601127,79.7400,81.8300,77.0000,79.3100,79.3000,19483095,1548956988.3500,1,0,1.03902
2021-09-09,sh.601127,79.2900,80.3100,76.6600,77.5000,79.3100,15999462,1247294779.7000,1,0,1.03902
2021-09-10,sh.601127,77.7200,78.0000,74.0100,74.9700,77.5000,19877849,1501736933.8600,1,0,1.03902
2021-09-13,sh.601127,76.2300,76.9000,72.8000,75.7100,74.9700,18351775,1373274262.4700,1,0,1.03902
2021-09-14,sh.601127,75.7200,81.8800,74.9000,79.5600,75.7100,19080355,1513937567.6100,1,0,1.03902
2021-09-15,sh.601127,80.5000,81.0000,77.3500,79.9800,79.5600,14634686,1157124953.9200,1,0,1.03902
2021-09-16,sh.601127,78.8800,80.5000,76.1100,79.1100,79.9800,14983070,1180306869.7500,1,0,1.03902
2021-09-17,sh.601127,79.0800,81.9900,75.1100,75.7000,79.1100,17210680,1338706019.2800,1,0,1.03902
2021-09-22,sh.601127,73.4700,75.2800,72.3000,72.4000,75.7000,15937438,1175787554.1600,1,0,1.03902
2021-09-23,sh.601127,73.8400,74.0000,70.0000,70.3000,72.4000,15297368,1093568788.3200,1,0,1.03902
2021-09-24,sh.601127,70.4900,71.6000,68.7100,69.4000,70.3000,12275626,857410072.8000,1,0,1.03902
2021-09-27,sh.601127,68.0000,70.0000,62.4600,62.4600,69.4000,28873080,1878955098.0400,1,0,1.03902
2021-09-28,sh.601127,62.4000,62.4500,59.4800,60.0000,62.4600,23335836,1414584478.9200,1,0,1.03902
2021-09-29,sh.601127,60.6500,60.7700,56.8000,58.2300,60.0000,17172741,1000037219.4100,1,0,1.03902
2021-09-30,sh.601127,59.2000,60.7600,57.5000,59.3800,58.2300,15172762,905578200.8900,1,0,1.03902
2021-10-08,sh.601127,60.9600,60.9600,58.4700,59.4400,59.3800,12662336,752195666.9900,1,0,1.03902
2021-10-11,sh.601127,58.6000,63.5000,57.5000,60.5100,59.4400,19513900,1185817434.6000,1,0,1.03902
2021-10-12,sh.601127,59.9400,62.4000,58.1600,59.1900,60.5100,16668221,1002806566.8200,1,0,1.03902
2021-10-13,sh.601127,58.8900,62.7900,58.7100,61.4900,59.1900,18585458,1140298374.7500,1,0,1.03902
2021-10-14,sh.601127,61.0800,62.5000,59.6500,60.1500,61.4900,12379699,749558615.3300,1,0,1.03902
2021-10-15,sh.601127,60.1600,62.3000,59.2000,61.1000,60.1500,16516913,1012852073.2300,1,0,1.03902
2021-10-18,sh.601127,62.2200,67.2100,61.1000,67.2100,61.1000,17092365,1104409697.3500,1,0,1.03902
2021-10-19,sh.601127,69.2000,71.8800,66.6700,67.7300,67.2100,27800174,1915453542.8800,1,0,1.03902
2021-10-20,sh.601127,67.7300,74.0000,66.4000,71.4500,67.7300,24351090,1732891231.6900,1,0,1.03902
2021-10-21,sh.601127,72.8500,72.8500,69.3900,69.8000,71.4500,16723339,1173865067.2500,1,0,1.03902
2021-10-22,sh.601127,69.8000,70.9700,68.6000,69.0100,69.8000,13191658,918300387.4000,1,0,1.03902
2021-10-25,sh.601127,70.0000,71.9900,68.5000,71.2900,69.0100,14718075,1035928330.4800,1,0,1.03902
2021-10-26,sh.601127,73.6200,74.9800,69.6000,69.6000,71.2900,17622678,1248854399.8500,1,0,1.03902
2021-10-27,sh.601127,69.8900,70.8000,68.3100,68.7400,69.6000,10536074,729332988.0900,1,0,1.03902
2021-10-28,sh.601127,68.0500,68.7000,65.3500,65.6900,68.7400,12845905,854822179.5100,1,0,1.03902
2021-10-29,sh.601127,65.8800,67.6800,65.6500,67.6700,65.6900,10896993,727433136.0500,1,0,1.03902
2021-11-01,sh.601127,66.7000,69.4900,64.7800,68.3200,67.6700,13878616,930770407.8600,1,0,1.03902
2021-11-02,sh.601127,67.9000,70.5000,66.9900,68.3400,68.3200,11433724,786905772.3200,1,0,1.03902
2021-11-03,sh.601127,67.5200,68.3000,65.6400,66.5000,68.3400,11608860,771539969.8200,1,0,1.03902
2021-11-04,sh.601127,67.7900,69.8500,67.0300,68.3500,66.5000,12613954,865525438.1500,1,0,1.03902
2021-11-05,sh.601127,67.6200,70.1600,66.5000,67.4000,68.3500,9644911,657183562.1400,1,0,1.03902
2021-11-08,sh.601127,67.4100,72.3800,67.4100,71.0300,67.4000,17475084,1236397584.9700,1,0,1.03902
2021-11-09,sh.601127,70.8200,71.6900,69.2600,70.8800,71.0300,11951307,841784953.5600,1,0,1.03902
2021-11-10,sh.601127,69.9000,69.9000,64.9600,65.3800,70.8800,21660015,1442777049.8400,1,0,1.03902
2021-11-11,sh.601127,65.3000,65.3000,61.1100,61.8200,65.3800,22424546,1397627066.6100,1,0,1.03902
2021-11-12,sh.601127,61.8500,62.4500,60.0000,62.3900,61.8200,13515098,833512218.0600,1,0,1.03902
2021-11-15,sh.601127,62.9900,63.6400,61.0200,61.3000,62.3900,12792691,792239723.4900,1,0,1.03902
2021-11-16,sh.601127,61.5000,61.6000,59.6700,59.9500,61.3000,12544344,756406888.3900,1,0,1.03902
2021-11-17,sh.601127,60.4100,61.7400,59.1800,61.5600,59.9500,11407245,696098245.4100,1,0,1.03902
2021-11-18,sh.601127,61.5800,62.7900,60.8300,62.2900,61.5600,9973483,618221647.0000,1,0,1.03902
2021-11-19,sh.601127,62.5000,63.5300,60.7300,62.1000,62.2900,11440433,708950133.2900,1,0,1.03902
2021-11-22,sh.601127,62.9900,67.9900,62.5200,65.5400,62.1000,21164916,1396099115.4100,1,0,1.03902
2021-11-23,sh.601127,64.8800,66.2900,63.7900,66.2900,65.5400,14747644,961379086.8100,1,0,1.03902
2021-11-24,sh.601127,66.2900,67.6700,65.5300,67.2000,66.2900,15287586,1020953246.6000,1,0,1.03902
2021-11-25,sh.601127,67.1000,67.7000,64.5000,65.3000,67.2000,12832671,842075793.6900,1,0,1.03902
2021-11-26,sh.601127,65.5000,66.5300,64.5200,66.3900,65.3000,9439828,619456944.4900,1,0,1.03902
2021-11-29,sh.601127,65.0000,67.6700,64.6000,66.6900,66.3900,11765592,782201399.4200,1,0,1.03902
2021-11-30,sh.601127,68.0000,72.5800,67.5000,69.6400,66.6900,23546667,1654263288.1900,1,0,1.03902
2021-12-01,sh.601127,69.6400,69.6400,65.7500,67.3600,69.6400,16360989,1101741770.7200,1,0,1.03902
2021-12-02,sh.601127,68.6700,72.2700,63.9300,70.2300,67.3600,30337239,2068903239.1600,1,0,1.03902
2021-12-03,sh.601127,69.0000,75.8800,68.6800,72.6900,70.2300,30968674,2265930398.7600,1,0,1.03902
2021-12-06,sh.601127,73.6400,76.0000,72.9900,73.5300,72.6900,24618611,1838946798.7600,1,0,1.03902
2021-12-07,sh.601127,74.1300,75.3900,69.1600,71.5100,73.5300,19167198,1373943994.2500,1,0,1.03902
2021-12-08,sh.601127,71.9600,72.6500,69.8000,71.6900,71.5100,12839830,911608315.9700,1,0,1.03902
2021-12-09,sh.601127,71.4200,73.6000,70.7000,71.5000,71.6900,10932031,784275069.6900,1,0,1.03902
2021-12-10,sh.601127,70.8400,71.4800,67.7000,69.0800,71.5000,21429068,1475782781.4700,1,0,1.03902
2021-12-13,sh.601127,68.1800,75.9900,67.9000,75.9900,69.0800,30854827,2260131160.3700,1,0,1.03902
2021-12-14,sh.601127,75.9900,77.1500,73.3000,73.8000,75.9900,23159967,1732270314.4100,1,0,1.03902
2021-12-15,sh.601127,74.5000,77.5100,74.0100,75.3800,73.8000,16037421,1217432657.2600,1,0,1.03902
2021-12-16,sh.601127,75.0000,77.0600,73.7100,74.5400,75.3800,10644090,797728621.8700,1,0,1.03902
2021-12-17,sh.601127,74.6000,74.9900,72.0000,72.1400,74.5400,9588799,702622772.7400,1,0,1.03902
2021-12-20,sh.601127,71.5000,73.7700,70.6500,72.9000,72.1400,11606398,839349301.1800,1,0,1.03902
2021-12-21,sh.601127,72.9500,77.7700,72.4000,75.3000,72.9000,14987212,1131608019.3700,1,0,1.03902
2021-12-22,sh.601127,76.5100,77.5000,73.1900,76.1700,75.3000,12865861,966326921.4700,1,0,1.03902
2021-12-23,sh.601127,76.1800,76.2800,69.3000,70.2100,76.1700,25790048,1845177996.8900,1,0,1.03902
2021-12-24,sh.601127,70.6800,71.9600,63.1900,63.1900,70.2100,31313134,2032661116.2700,1,0,1.03902
2021-12-27,sh.601127,60.0000,61.4300,57.0000,57.4500,63.1900,34591989,2026159527.3900,1,0,1.03902
2021-12-28,sh.601127,58.3100,58.9800,55.5200,57.8500,57.4500,26025842,1489279649.1200,1,0,1.03902
2021-12-29,sh.601127,57.7500,57.7500,56.0100,56.6800,57.8500,14424080,819000237.0400,1,0,1.03902
2021-12-30,sh.601127,56.9900,57.0000,54.3800,55.6600,56.6800,21540048,1194203717.1500,1,0,1.03902
2021-12-31,sh.601127,55.5000,59.5500,55.0900,59.5500,55.6600,24185605,1389736035.1000,1,0,1.03902
2022-01-04,sh.601127,59.5800,60.5000,57.2500,57.5700,59.5500,16210437,942534930.2500,1,0,1.03902
2022-01-05,sh.601127,57.9100,59.3000,55.7000,57.4000,57.5700,14111378,813851059.1700,1,0,1.03902
2022-01-06,sh.601127,56.5400,56.5400,53.0000,55.1000,57.4000,16726132,914931221.4500,1,0,1.03902
2022-01-07,sh.601127,54.3600,54.9800,52.5000,52.5600,55.1000,13704811,732561825.9000,1,0,1.03902
2022-01-10,sh.601127,52.0000,53.4800,50.8000,52.6300,52.5600,9548535,500001123.5300,1,0,1.03902
2022-01-11,sh.601127,52.6200,52.8100,48.3000,48.8300,52.6300,25322222,1262251711.7200,1,0,1.03902
2022-01-12,sh.601127,49.5000,49.9900,48.3300,49.1600,48.8300,14917642,731972517.9800,1,0,1.03902
2022-01-13,sh.601127,49.0700,49.3800,46.6200,46.6200,49.1600,17376434,829276760.7400,1,0,1.03902
2022-01-14,sh.601127,46.0200,47.1300,45.0800,45.0900,46.6200,19530088,895195005.1000,1,0,1.03902
2022-01-17,sh.601127,45.0900,47.4900,43.6400,47.2100,45.0900,22724712,1047079244.8100,1,0,1.03902
2022-01-18,sh.601127,45.7500,51.9300,44.8200,51.9300,47.2100,33066882,1643943546.3300,1,0,1.03902
2022-01-19,sh.601127,52.9000,56.9900,51.6500,54.0000,51.9300,35328196,1912070438.1200,1,0,1.03902
2022-01-20,sh.601127,54.3300,54.3300,50.5900,51.7200,54.0000,20863601,1089781708.0700,1,0,1.03902
2022-01-21,sh.601127,51.8600,52.0300,49.4100,49.9400,51.7200,12449945,627331624.5400,1,0,1.03902
2022-01-24,sh.601127,49.7000,51.7400,48.8000,51.2700,49.9400,13225931,664235359.3000,1,0,1.03902
2022-01-25,sh.601127,50.8400,51.6000,48.8000,48.9700,51.2700,9833054,491355875.0900,1,0,1.03902
2022-01-26,sh.601127,48.9700,49.6800,47.5500,48.5800,48.9700,7774918,377447114.0500,1,0,1.03902
2022-01-27,sh.601127,48.8800,49.2900,46.1600,46.2500,48.5800,9787572,461574869.3800,1,0,1.03902
2022-01-28,sh.601127,46.0000,47.5500,43.6800,45.8100,46.2500,17008357,775432893.8300,1,0,1.03902
2022-02-07,sh.601127,47.0000,48.8900,45.4300,46.0600,45.8100,11810275,553637677.1700,1,0,1.03902
2022-02-08,sh.601127,45.0000,46.7000,44.1100,45.0700,46.0600,10576922,476779005.3200,1,0,1.03902
2022-02-09,sh.601127,45.0600,47.2900,44.5000,45.5200,45.0700,10245371,470258753.2600,1,0,1.03902
2022-02-10,sh.601127,45.9000,45.9700,43.6600,43.9900,45.5200,12855635,568292790.8400,1,0,1.03902
2022-02-11,sh.601127,43.4500,44.2400,42.0000,42.1500,43.9900,11133591,478720812.5000,1,0,1.03902
2022-02-14,sh.601127,41.8700,42.3900,40.6100,41.1500,42.1500,14996580,619888024.1900,1,0,1.03902
2022-02-15,sh.601127,41.3100,43.7800,40.7500,43.3000,41.1500,18550989,786879802.6000,1,0,1.03902
2022-02-16,sh.601127,43.3300,45.2300,42.8000,44.2300,43.3000,14212987,627080470.4200,1,0,1.03902
2022-02-17,sh.601127,44.2000,45.9500,43.2000,44.4700,44.2300,11879582,528904707.9300,1,0,1.03902
2022-02-18,sh.601127,43.5900,47.1800,43.5200,45.9000,44.4700,16584721,755120302.3300,1,0,1.03902
2022-02-21,sh.601127,45.8200,46.3000,44.4400,45.4900,45.9000,11747831,532395829.5000,1,0,1.03902
2022-02-22,sh.601127,44.9000,46.3600,44.3100,45.2600,45.4900,11096148,505403398.0800,1,0,1.03902
2022-02-23,sh.601127,45.0000,47.4500,44.9700,46.8900,45.2600,13520971,632084716.9500,1,0,1.03902
2022-02-24,sh.601127,46.4000,46.8000,43.3600,44.0800,46.8900,16915587,758493560.2500,1,0,1.03902
2022-02-25,sh.601127,44.7300,47.2000,44.7300,45.5500,44.0800,17890232,823608924.6500,1,0,1.03902
2022-02-28,sh.601127,45.0000,45.9800,44.1600,45.2100,45.5500,9900603,442921152.0000,1,0,1.03902
2022-03-01,sh.601127,45.8000,46.1000,43.7000,44.9900,45.2100,11019953,492563616.0000,1,0,1.03902
2022-03-02,sh.601127,44.1000,44.5100,43.5000,44.1300,44.9900,8261617,362471536.0000,1,0,1.03902
2022-03-03,sh.601127,44.2000,44.4100,42.5000,42.7000,44.1300,9819680,422930384.0000,1,0,1.03902
2022-03-04,sh.601127,42.9000,43.8100,42.0000,43.2200,42.7000,9155846,394583792.0000,1,0,1.03902
2022-03-07,sh.601127,42.5000,42.9300,40.9000,41.5300,43.2200,10636535,442869920.0000,1,0,1.03902
2022-03-08,sh.601127,40.8800,41.6100,38.3100,38.4900,41.5300,14534323,573047040.0000,1,0,1.03902
2022-03-09,sh.601127,38.5000,41.5000,37.6200,41.3500,38.4900,23806563,959867024.0000,1,0,1.03902
2022-03-10,sh.601127,42.0800,42.3400,40.7100,40.8000,41.3500,12828015,530630880.0000,1,0,1.03902
2022-03-11,sh.601127,39.8300,42.2600,38.5000,41.5600,40.8000,12650523,516582880.0000,1,0,1.03902
2022-03-14,sh.601127,41.2000,42.2000,40.4300,40.7000,41.5600,8553041,352891952.0000,1,0,1.03902
2022-03-15,sh.601127,40.3000,40.8700,39.0000,39.4600,40.7000,13737009,545291904.0000,1,0,1.03902
2022-03-16,sh.601127,40.0000,43.4100,39.6000,43.4100,39.4600,28795477,1194331520.0000,1,0,1.03902
2022-03-17,sh.601127,43.6500,44.8800,42.4900,43.6500,43.4100,22807886,1000649520.0000,1,0,1.03902
2022-03-18,sh.601127,43.0400,45.3600,42.9900,44.6100,43.6500,16331745,726714791.2400,1,0,1.03902
2022-03-21,sh.601127,45.0000,45.8000,44.0000,44.5500,44.6100,13265468,595646258.4400,1,0,1.03902
2022-03-22,sh.601127,44.1800,45.1300,43.7100,44.8300,44.5500,10316384,459091944.1600,1,0,1.03902
2022-03-23,sh.601127,45.1500,45.1500,42.9500,43.2600,44.8300,15371383,671442722.3500,1,0,1.03902
2022-03-24,sh.601127,42.7700,42.8100,39.9900,40.9000,43.2600,18919327,779205186.7600,1,0,1.03902
2022-03-25,sh.601127,40.7300,40.7800,39.5000,39.6600,40.9000,16604457,665730755.4000,1,0,1.03902
2022-03-28,sh.601127,40.2200,43.6300,39.3900,43.2400,39.6600,28878533,1220009666.7100,1,0,1.03902
2022-03-29,sh.601127,42.9500,43.5900,41.5000,41.8100,43.2400,15486730,657250317.0500,1,0,1.03902
2022-03-30,sh.601127,42.0000,43.5000,41.3500,43.1700,41.8100,13619076,583193834.0100,1,0,1.03902
2022-03-31,sh.601127,42.9800,45.2000,42.4100,43.0500,43.1700,13590314,591858629.4500,1,0,1.03902
2022-04-01,sh.601127,43.3400,46.4500,43.0000,45.2100,43.0500,22989963,1037774718.4500,1,0,1.03902
2022-04-06,sh.601127,45.6900,45.7800,44.1200,44.7100,45.2100,13329879,594897668.0300,1,0,1.03902
2022-04-07,sh.601127,44.1000,45.5200,41.9700,41.9700,44.7100,15665529,678994813.2000,1,0,1.03902
2022-04-08,sh.601127,41.9700,42.7600,41.1600,42.0500,41.9700,8549817,359352839.7400,1,0,1.03902
2022-04-11,sh.601127,41.5000,41.9900,39.6900,40.0300,42.0500,14043935,563464667.8000,1,0,1.03902
2022-04-12,sh.601127,40.0000,43.0900,39.6000,42.8900,40.0300,16492999,695494474.1800,1,0,1.03902
2022-04-13,sh.601127,42.3300,42.8900,41.2700,41.3500,42.8900,9162091,383866817.1600,1,0,1.03902
2022-04-14,sh.601127,42.3000,42.8000,41.3500,41.4000,41.3500,9872650,412742991.8100,1,0,1.03902
2022-04-15,sh.601127,40.7000,40.9000,39.7000,40.1300,41.4000,11282111,452868317.3900,1,0,1.03902
2022-04-18,sh.601127,40.9100,44.1400,40.5100,44.1400,40.1300,27383544,1180720729.2900,1,0,1.03902
2022-04-19,sh.601127,44.8000,45.4500,42.4200,43.2600,44.1400,20743023,907417393.7400,1,0,1.03902
2022-04-20,sh.601127,43.2600,44.3000,42.5200,43.1900,43.2600,12793399,555403028.3100,1,0,1.03902
2022-04-21,sh.601127,42.5700,43.2300,40.8100,40.9800,43.1900,14845653,616913044.9600,1,0,1.03902
2022-04-22,sh.601127,40.8000,42.3200,40.1000,41.3900,40.9800,10604159,437605777.0600,1,0,1.03902
2022-04-25,sh.601127,41.0000,43.0000,40.0800,40.3700,41.3900,15759653,652324773.2400,1,0,1.03902
2022-04-26,sh.601127,40.7200,41.3000,36.3300,36.3300,40.3700,26697903,1026562782.8500,1,0,1.03902
2022-04-27,sh.601127,33.1000,37.4200,32.7000,36.6800,36.3300,33711261,1161942801.2100,1,0,1.03902
2022-04-28,sh.601127,36.0000,37.3000,34.9800,36.1000,36.6800,17382687,626082704.2800,1,0,1.03902
2022-04-29,sh.601127,36.5300,39.4100,36.3600,38.8700,36.1000,18818610,711653547.7200,1,0,1.03902
2022-05-05,sh.601127,39.3000,40.8800,38.7300,39.6200,38.8700,15286600,608684378.8700,1,0,1.03902
2022-05-06,sh.601127,38.2000,39.4000,37.8000,37.9400,39.6200,12093782,464263601.4200,1,0,1.03902
2022-05-09,sh.601127,37.3500,38.1900,36.3600,36.4400,37.9400,10584109,391777674.9000,1,0,1.03902
2022-05-10,sh.601127,35.6400,37.3600,34.8500,37.3100,36.4400,9105683,332488948.5900,1,0,1.03902
2022-05-11,sh.601127,37.3100,41.0400,37.0800,40.0100,37.3100,30175274,1213635818.7000,1,0,1.03902
2022-05-12,sh.601127,39.2400,40.0000,38.8000,39.3100,40.0100,17089079,671501486.5000,1,0,1.03902
2022-05-13,sh.601127,39.6100,43.2400,39.5700,43.2400,39.3100,28966571,1228740818.0700,1,0,1.03902
2022-05-16,sh.601127,44.6500,47.3000,44.0600,45.5800,43.2400,39458238,1794569842.6400,1,0,1.03902
2022-05-17,sh.601127,44.9900,49.9700,44.8500,48.1600,45.5800,36682940,1770407645.6500,1,0,1.03902
2022-05-18,sh.601127,48.0000,49.8000,47.0300,47.3900,48.1600,31569857,1522357691.9900,1,0,1.03902
2022-05-19,sh.601127,46.4900,47.6600,46.1300,47.1300,47.3900,19951241,936018914.0700,1,0,1.03902
2022-05-20,sh.601127,47.3200,48.5700,46.6900,47.3800,47.1300,15963464,758484002.2800,1,0,1.03902
2022-05-23,sh.601127,46.8000,48.5800,46.2800,47.9200,47.3800,20524232,975503878.8900,1,0,1.03902
2022-05-24,sh.601127,48.3900,49.0700,44.7800,45.0600,47.9200,25722096,1204442129.8100,1,0,1.03902
2022-05-25,sh.601127,45.2200,46.2800,43.6700,46.1700,45.0600,18479351,833909361.1800,1,0,1.03902
2022-05-26,sh.601127,46.1500,47.4800,45.2100,46.9800,46.1700,14108581,653966355.3800,1,0,1.03902
2022-05-27,sh.601127,47.0000,48.5000,45.9700,47.2300,46.9800,19404178,918959262.0200,1,0,1.03902
2022-05-30,sh.601127,48.4300,51.9500,47.2100,51.9500,47.2300,46179929,2322393377.0900,1,0,1.03902
2022-05-31,sh.601127,52.0000,55.3700,51.5500,52.5400,51.9500,38998972,2081778122.3700,1,0,1.03902
2022-06-01,sh.601127,52.9900,57.7900,51.9100,57.7900,52.5400,35283915,1967483552.4100,1,0,1.03902
2022-06-02,sh.601127,58.0200,63.5700,58.0000,63.5700,57.7900,29320202,1783083756.0200,1,0,1.03902
2022-06-06,sh.601127,67.9900,69.9300,66.0000,69.2500,63.5700,59064088,4058883358.9300,1,0,1.03902
2022-06-07,sh.601127,68.2100,69.9500,64.8800,66.6000,69.2500,51172659,3437721836.3100,1,0,1.03902
2022-06-08,sh.601127,66.7100,67.8000,64.0100,66.6800,66.6000,46320463,3058941056.6300,1,0,1.03902
2022-06-09,sh.601127,66.0800,68.1800,64.0000,65.0200,66.6800,33590487,2218833739.0600,1,0,1.03902
2022-06-10,sh.601127,64.6700,71.5200,64.5200,71.5200,65.0200,41639751,2875345079.1000,1,0,1.03902
2022-06-13,sh.601127,71.9900,73.4900,67.5900,69.0000,71.5200,50563621,3559571034.7800,1,0,1.03902
2022-06-14,sh.601127,67.0000,69.0000,63.5800,67.0300,69.0000,57526569,3793061014.5400,1,0,1.03902
2022-06-15,sh.601127,67.0000,70.4300,66.2000,66.7400,67.0300,47787907,3272041158.1200,1,0,1.03902
2022-06-16,sh.601127,67.2000,73.2500,67.2000,70.3800,66.7400,44939591,3170385077.7400,1,0,1.03902
2022-06-17,sh.601127,69.1100,75.9000,68.4500,74.4000,70.3800,43854152,3187306757.2700,1,0,1.03902
2022-06-20,sh.601127,76.1000,77.6600,70.6000,72.0100,74.4000,43059043,3158293222.7100,1,0,1.03902
2022-06-21,sh.601127,71.8800,72.2700,69.4000,70.8600,72.0100,25465866,1791407077.4900,1,0,1.03902
2022-06-22,sh.601127,71.9800,73.3200,70.2100,70.3000,70.8600,26540468,1907385853.0700,1,0,1.03902
2022-06-23,sh.601127,72.3600,77.3300,71.0400,77.3300,70.3000,38926866,2918438334.5600,1,0,1.03902
2022-06-24,sh.601127,79.9000,85.0600,79.1000,85.0600,77.3300,35959021,2949114025.3100,1,0,1.03902
2022-06-27,sh.601127,86.5000,86.8600,80.1800,82.2800,85.0600,52201388,4323470121.9700,1,0,1.03902
2022-06-28,sh.601127,82.7200,90.5000,80.3200,87.7500,82.2800,50807843,4313262376.6500,1,0,1.03902
2022-06-29,sh.601127,85.1900,86.4400,78.9800,78.9800,87.7500,46996950,3825006592.1800,1,0,1.03902
2022-06-30,sh.601127,77.2000,84.2000,77.2000,81.0900,78.9800,39428551,3218856783.8700,1,0,1.03902
2022-07-01,sh.601127,81.3300,86.9100,79.1400,84.5200,81.0900,40983716,3418711849.0700,1,0,1.03902
2022-07-04,sh.601127,85.0000,85.8200,76.8100,83.0100,84.5200,42231609,3421217618.1900,1,0,1.03902
2022-07-05,sh.601127,84.8700,89.0000,78.0100,78.9400,83.0100,58212783,4877522346.1300,1,0,1.03902
2022-07-06,sh.601127,77.0000,78.4400,74.9500,77.6000,78.9400,41228719,3153666000.0900,1,0,1.03902
2022-07-07,sh.601127,77.8000,82.9900,77.0200,81.3300,77.6000,41636341,3365403685.5400,1,0,1.03902
2022-07-08,sh.601127,82.3000,82.4500,78.1000,78.4900,81.3300,24374952,1937390724.7300,1,0,1.03902
2022-07-11,sh.601127,77.8500,77.9900,73.3000,74.5000,78.4900,28775536,2160633786.0400,1,0,1.03902
2022-07-12,sh.601127,75.9000,76.6100,72.7900,74.7000,74.5000,23608533,1766493575.2000,1,0,1.03902
2022-07-13,sh.601127,74.0100,75.9000,72.0000,73.9100,74.7000,20797735,1544865696.9700,1,0,1.03902
2022-07-14,sh.601127,73.1200,76.7300,72.8000,75.6000,73.9100,22138884,1671683316.3000,1,0,1.03902
2022-07-15,sh.601127,75.0000,78.8600,73.8800,73.9400,75.6000,28479868,2182729421.3000,1,0,1.03902
2022-07-18,sh.601127,74.5100,77.6800,74.0800,75.2000,73.9400,21664830,1641255951.7900,1,0,1.03902
2022-07-19,sh.601127,75.4200,76.6800,73.3300,73.9200,75.2000,19026702,1420222429.2400,1,0,1.03902
2022-07-20,sh.601127,73.1300,74.3600,72.4700,73.2300,73.9200,15272125,1117229808.3600,1,0,1.03902
2022-07-21,sh.601127,73.0000,73.4700,70.5500,71.0100,73.2300,17039821,1222077812.3600,1,0,1.03902
2022-07-22,sh.601127,71.0000,72.8000,70.9300,72.0600,71.0100,15215533,1095191740.6300,1,0,1.03902
2022-07-25,sh.601127,71.3000,73.1000,69.1000,72.8800,72.0600,17982826,1286020523.8900,1,0,1.03902
2022-07-26,sh.601127,73.0100,75.7000,72.2900,73.6500,72.8800,21196803,1566498707.9000,1,0,1.03902
2022-07-27,sh.601127,72.6200,74.3200,71.5200,73.0000,73.6500,13631722,992573633.1700,1,0,1.03902
2022-07-28,sh.601127,74.2000,75.5500,71.5000,73.4200,73.0000,21852494,1612494541.3300,1,0,1.03902
2022-07-29,sh.601127,73.0000,78.8600,72.4000,76.4000,73.4200,28094039,2116798460.0600,1,0,1.03902
2022-08-01,sh.601127,75.9000,81.5800,74.9100,81.0300,76.4000,40704973,3192962625.2900,1,0,1.03902
2022-08-02,sh.601127,78.0000,78.1800,74.5600,74.5600,81.0300,33743878,2572991854.8400,1,0,1.03902
2022-08-03,sh.601127,75.0000,77.2400,70.1200,70.9100,74.5600,31415458,2328773736.3000,1,0,1.03902
2022-08-04,sh.601127,71.0800,72.0000,66.1400,68.1000,70.9100,26900363,1837369616.0000,1,0,1.03902
2022-08-05,sh.601127,68.1100,68.4400,66.6000,67.3800,68.1000,16935079,1140260284.0000,1,0,1.03902
2022-08-08,sh.601127,66.6500,67.9500,64.8500,66.7500,67.3800,13817491,924050602.0000,1,0,1.03902
2022-08-09,sh.601127,67.0000,67.9100,66.0000,66.3200,66.7500,16683434,1115455120.0000,1,0,1.03902
2022-08-10,sh.601127,65.2300,67.8600,64.6900,64.8000,66.3200,17575404,1157132395.0000,1,0,1.03902
2022-08-11,sh.601127,64.8500,65.7700,63.6300,65.2200,64.8000,18747653,1216211556.0000,1,0,1.03902
2022-08-12,sh.601127,64.9600,65.4500,64.0000,64.1500,65.2200,10167150,655674615.0000,1,0,1.03902
2022-08-15,sh.601127,63.8800,67.6600,63.6600,66.3500,64.1500,19529204,1289598396.7600,1,0,1.03902
2022-08-16,sh.601127,66.3100,67.6000,65.2100,66.3200,66.3500,15913348,1059422514.6300,1,0,1.03902
2022-08-17,sh.601127,65.6300,68.2100,65.1500,67.5900,66.3200,16788978,1117966278.8300,1,0,1.03902
2022-08-18,sh.601127,67.8600,68.1400,65.0100,65.3100,67.5900,17153983,1136727156.0300,1,0,1.03902
2022-08-19,sh.601127,64.7000,65.3100,62.8300,63.5800,65.3100,15908707,1014820910.0500,1,0,1.03902
2022-08-22,sh.601127,63.3900,67.0700,62.6000,66.8200,63.5800,21591062,1422353227.5500,1,0,1.03902
2022-08-23,sh.601127,66.8300,66.8300,65.0300,65.6100,66.8200,12040999,790537545.3400,1,0,1.03902
2022-08-24,sh.601127,65.2500,65.9400,61.6000,61.9900,65.6100,17060566,1077974959.6600,1,0,1.03902
2022-08-25,sh.601127,62.7000,64.0700,61.8900,63.9900,61.9900,15306147,967658482.6200,1,0,1.03902
2022-08-26,sh.601127,64.0000,66.8500,63.6900,65.5300,63.9900,15849234,1042601559.1100,1,0,1.03902
2022-08-29,sh.601127,66.8000,67.3800,65.6000,66.3300,65.5300,14777776,983796154.9400,1,0,1.03902
2022-08-30,sh.601127,65.9000,66.9900,65.2500,66.3400,66.3300,8432640,557526418.8600,1,0,1.03902
2022-08-31,sh.601127,66.0000,68.1100,60.8000,61.8000,66.3400,25761975,1658147923.2700,1,0,1.03902
2022-09-01,sh.601127,61.8000,65.7000,60.6600,64.5200,61.8000,18253463,1160824960.7100,1,0,1.03902
2022-09-02,sh.601127,66.2000,68.1000,63.8100,65.0700,64.5200,22643040,1496534516.2900,1,0,1.03902
2022-09-05,sh.601127,64.1100,65.1000,62.5000,64.2600,65.0700,13696367,868632408.6300,1,0,1.03902
2022-09-06,sh.601127,65.0000,66.9800,64.5000,65.8900,64.2600,16813769,1114181111.2700,1,0,1.03902
2022-09-07,sh.601127,66.6800,67.8800,66.0000,66.9600,65.8900,16309219,1093185967.0700,1,0,1.03902
2022-09-08,sh.601127,67.0900,67.7000,65.1000,65.1000,66.9600,11279127,747266635.7200,1,0,1.03902
2022-09-09,sh.601127,64.8400,66.7700,64.4500,65.6300,65.1000,8297794,544254031.5900,1,0,1.03902
2022-09-13,sh.601127,66.3000,70.9100,66.1000,69.6700,65.6300,24307877,1669373562.8600,1,0,1.03902
2022-09-14,sh.601127,68.6900,70.5400,67.6500,68.8900,69.6700,19446251,1345368887.0400,1,0,1.03902
2022-09-15,sh.601127,69.2000,69.4900,63.2400,63.3400,68.8900,26826567,1759252482.1500,1,0,1.03902
2022-09-16,sh.601127,63.4500,64.7700,61.6600,63.0800,63.3400,11507494,730656072.0400,1,0,1.03902
2022-09-19,sh.601127,63.3400,69.3900,63.2600,67.3500,63.0800,33781200,2275352261.8200,1,0,1.03902
2022-09-20,sh.601127,67.9300,69.4800,67.7000,68.1600,67.3500,19842041,1359079323.0500,1,0,1.03902
2022-09-21,sh.601127,66.9000,68.1700,66.1100,67.8000,68.1600,13745191,923374039.2200,1,0,1.03902
2022-09-22,sh.601127,66.2800,67.7100,64.5000,65.9000,67.8000,14441936,956522034.5800,1,0,1.03902
2022-09-23,sh.601127,65.1500,65.9400,62.1000,63.2500,65.9000,17385053,1101156348.8300,1,0,1.03902
2022-09-26,sh.601127,62.2200,64.8600,61.8200,63.7800,63.2500,12832956,817041742.1000,1,0,1.03902
2022-09-27,sh.601127,64.6000,64.8500,62.4000,63.9900,63.7800,10001554,633479399.5400,1,0,1.03902
2022-09-28,sh.601127,63.1200,63.6500,60.3300,60.6300,63.9900,12920392,797306749.5300,1,0,1.03902
2022-09-29,sh.601127,61.5900,61.6500,57.0000,58.0800,60.6300,16361168,960620230.8600,1,0,1.03902
2022-09-30,sh.601127,57.1100,57.8800,55.2600,55.2600,58.0800,13600507,763490872.9200,1,0,1.03902
2022-10-10,sh.601127,52.0000,52.6700,49.7300,49.7300,55.2600,19482557,986036440.0000,1,0,1.03902
2022-10-11,sh.601127,48.2000,50.5000,47.3000,50.0700,49.7300,17533384,861127199.6300,1,0,1.03902
2022-10-12,sh.601127,50.3100,52.6500,49.7900,52.4900,50.0700,17607937,899167999.5800,1,0,1.03902
2022-10-13,sh.601127,51.8100,53.3200,51.4100,51.8700,52.4900,11708097,614712363.9000,1,0,1.03902
2022-10-14,sh.601127,52.5200,55.0900,52.5200,54.4400,51.8700,16631236,895403567.3400,1,0,1.03902
2022-10-17,sh.601127,53.6100,54.6100,52.2500,53.7100,54.4400,12777849,680330791.7300,1,0,1.03902
2022-10-18,sh.601127,55.0800,55.9500,53.2900,53.3900,53.7100,11707979,633794831.0800,1,0,1.03902
2022-10-19,sh.601127,52.8900,54.6800,52.5500,52.9800,53.3900,9673936,519475309.7500,1,0,1.03902
2022-10-20,sh.601127,52.0000,52.9700,50.8400,52.2600,52.9800,9738002,504785709.9100,1,0,1.03902
2022-10-21,sh.601127,52.4000,52.4500,50.7700,50.9600,52.2600,8172271,420895299.6400,1,0,1.03902
2022-10-24,sh.601127,50.5500,51.7300,48.9500,49.4500,50.9600,11673297,585935474.5700,1,0,1.03902
2022-10-25,sh.601127,49.5700,51.2000,48.5000,50.3200,49.4500,13282425,662173441.8900,1,0,1.03902
2022-10-26,sh.601127,50.3800,51.1000,49.5000,50.2400,50.3200,10381776,522663273.6200,1,0,1.03902
2022-10-27,sh.601127,50.2300,50.9800,48.7100,48.7100,50.2400,12032367,599200976.8700,1,0,1.03902
2022-10-28,sh.601127,48.2000,48.6500,45.9000,46.3300,48.7100,17386745,817073481.2200,1,0,1.03902
2022-10-31,sh.601127,46.3300,47.0000,45.6600,46.1700,46.3300,10595985,490800081.7800,1,0,1.03902
2022-11-01,sh.601127,46.9000,47.5300,45.9200,47.3600,46.1700,14602326,685450918.2400,1,0,1.03902
2022-11-02,sh.601127,47.4200,52.1000,47.2100,52.1000,47.3600,23187852,1158105250.2200,1,0,1.03902
2022-11-03,sh.601127,52.0000,54.6500,51.3300,52.2000,52.1000,26168918,1382327851.6000,1,0,1.03902
2022-11-04,sh.601127,51.7900,57.4200,51.6900,57.4200,52.2000,39488961,2205631367.2200,1,0,1.03902
2022-11-07,sh.601127,57.4200,57.9300,55.5800,56.6900,57.4200,27191800,1544678255.4000,1,0,1.03902
2022-11-08,sh.601127,56.2700,57.5000,54.9100,55.5000,56.6900,15729270,878253438.6300,1,0,1.03902
2022-11-09,sh.601127,55.6900,57.0000,54.5200,54.8000,55.5000,15136099,840584854.8300,1,0,1.03902
2022-11-10,sh.601127,53.3000,53.9800,52.4000,53.5000,54.8000,15249386,809574338.8800,1,0,1.03902
2022-11-11,sh.601127,56.0000,56.7000,53.1600,54.2500,53.5000,22566536,1230222597.8500,1,0,1.03902
2022-11-14,sh.601127,53.5000,55.1900,51.8700,52.3000,54.2500,16119884,853850360.1000,1,0,1.03902
2022-11-15,sh.601127,52.0600,54.1400,51.5100,53.9300,52.3000,18275478,968213949.2700,1,0,1.03902
2022-11-16,sh.601127,53.7900,55.2400,52.8300,53.0100,53.9300,13780680,742710677.9300,1,0,1.03902
2022-11-17,sh.601127,52.4500,52.8500,50.1800,50.9800,53.0100,17981006,918606579.3600,1,0,1.03902
2022-11-18,sh.601127,50.9800,51.2000,49.0300,49.0700,50.9800,17441577,868293690.6900,1,0,1.03902
2022-11-21,sh.601127,48.1100,50.8800,47.7000,50.3400,49.0700,19784026,974682539.6700,1,0,1.03902
2022-11-22,sh.601127,50.0000,50.0000,48.2900,48.4000,50.3400,14873440,730031199.2400,1,0,1.03902
2022-11-23,sh.601127,48.4000,48.8500,46.6600,47.2000,48.4000,17048436,808668583.0000,1,0,1.03902
2022-11-24,sh.601127,47.6400,48.4900,47.1800,47.5000,47.2000,14299873,684033414.4200,1,0,1.03902
2022-11-25,sh.601127,47.5000,47.5000,45.6500,45.8000,47.5000,17865469,826633893.1400,1,0,1.03902
2022-11-28,sh.601127,44.5000,45.5900,43.9100,45.1200,45.8000,11988848,538016039.1000,1,0,1.03902
2022-11-29,sh.601127,45.3100,47.2400,45.0200,47.0000,45.1200,17279885,799045862.9800,1,0,1.03902
2022-11-30,sh.601127,46.9900,51.7000,46.5200,50.2500,47.0000,45866934,2287583404.4400,1,0,1.03902
2022-12-01,sh.601127,52.3000,53.8800,48.8000,48.8600,50.2500,36423024,1846472958.9700,1,0,1.03902
2022-12-02,sh.601127,47.7500,48.1000,46.0000,46.4200,48.8600,30503655,1433138498.5500,1,0,1.03902
2022-12-05,sh.601127,47.1000,47.8700,46.1300,46.4400,46.4200,23431307,1099023372.4500,1,0,1.03902
2022-12-06,sh.601127,46.0000,47.9000,45.5800,46.8300,46.4400,19249829,901564006.5100,1,0,1.03902
2022-12-07,sh.601127,46.8000,49.5000,46.7900,47.9800,46.8300,28014443,1352774688.8400,1,0,1.03902
2022-12-08,sh.601127,47.9900,49.1800,47.4100,47.8600,47.9800,16246731,780691895.2400,1,0,1.03902
2022-12-09,sh.601127,48.0100,48.3800,47.1000,47.6900,47.8600,12165428,579547260.3300,1,0,1.03902
2022-12-12,sh.601127,47.3000,47.3000,46.3500,46.5600,47.6900,10926111,511029843.8600,1,0,1.03902
2022-12-13,sh.601127,46.3900,47.8300,45.6200,45.7000,46.5600,16507183,766825187.2800,1,0,1.03902
2022-12-14,sh.601127,45.2500,46.0600,45.0000,45.5200,45.7000,10423799,473591857.2700,1,0,1.03902
2022-12-15,sh.601127,45.7000,47.3900,45.3100,47.3100,45.5200,21120263,984173023.4700,1,0,1.03902
2022-12-16,sh.601127,46.8100,46.8500,44.6000,44.8000,47.3100,19917958,908229384.4000,1,0,1.03902
2022-12-19,sh.601127,44.9500,47.8000,44.9500,45.8000,44.8000,25398479,1179671423.9200,1,0,1.03902
2022-12-20,sh.601127,45.1800,45.3600,43.9400,44.7400,45.8000,17840008,794840498.6000,1,0,1.03902
2022-12-21,sh.601127,44.5000,44.8700,43.3600,43.7300,44.7400,13111640,575888896.2100,1,0,1.03902
2022-12-22,sh.601127,44.1500,45.2300,43.6100,43.7000,43.7300,15878763,704690935.3400,1,0,1.03902
2022-12-23,sh.601127,42.6800,42.8200,40.8300,41.7100,43.7000,21979003,913253265.6700,1,0,1.03902
2022-12-26,sh.601127,41.4500,43.8800,41.3600,43.8600,41.7100,20149746,868569577.0900,1,0,1.03902
2022-12-27,sh.601127,43.9000,44.2600,42.8000,44.0000,43.8600,12422903,541519648.2200,1,0,1.03902
2022-12-28,sh.601127,43.0000,43.2200,41.5000,41.6000,44.0000,20605806,866267086.7800,1,0,1.03902
2022-12-29,sh.601127,41.5300,41.5300,39.7700,39.7700,41.6000,26982635,1084170785.2100,1,0,1.03902
2022-12-30,sh.601127,40.4000,41.5000,39.8800,39.9900,39.7700,18169548,737096396.3300,1,0,1.03902
2023-01-03,sh.601127,40.0000,41.9500,39.3000,41.8100,39.9900,20874702,855710803.5900,1,0,1.03902
2023-01-04,sh.601127,41.0000,41.3300,40.2900,40.7400,41.8100,12550813,511972993.5900,1,0,1.03902
2023-01-05,sh.601127,41.6800,42.0000,40.8800,41.1000,40.7400,15230458,630488859.5900,1,0,1.03902
2023-01-06,sh.601127,40.8800,42.1500,40.7100,41.2100,41.1000,15564709,644021522.9900,1,0,1.03902
2023-01-09,sh.601127,40.9800,42.4100,40.8200,41.4500,41.2100,19667824,821780967.3000,1,0,1.03902
2023-01-10,sh.601127,41.7000,45.2000,40.6000,44.0000,41.4500,40880940,1756892182.5400,1,0,1.03902
2023-01-11,sh.601127,42.8800,43.4300,42.5800,42.8300,44.0000,21851511,939224781.6600,1,0,1.03902
2023-01-12,sh.601127,42.9200,43.9000,42.5400,42.8400,42.8300,15831785,681486940.6300,1,0,1.03902
2023-01-13,sh.601127,42.9800,43.2800,41.8000,42.1200,42.8400,14715108,621894521.6300,1,0,1.03902
2023-01-16,sh.601127,42.1000,42.4300,39.7100,39.7500,42.1200,53308961,2172687439.7900,1,0,1.03902
2023-01-17,sh.601127,39.7800,40.5100,38.3800,39.7900,39.7500,28476744,1128737431.5400,1,0,1.03902
2023-01-18,sh.601127,39.7800,40.8800,39.4000,39.5000,39.7900,23506821,940226014.8900,1,0,1.03902
2023-01-19,sh.601127,39.5800,39.5800,38.8400,39.0000,39.5000,17415394,680839360.6400,1,0,1.03902
2023-01-20,sh.601127,39.0800,39.6900,38.6900,39.5500,39.0000,21053367,824665914.2000,1,0,1.03902
2023-01-30,sh.601127,41.0100,42.7800,40.8500,40.9100,39.5500,48190276,2008417242.9800,1,0,1.03902
2023-01-31,sh.601127,40.4500,41.5000,40.4100,40.9300,40.9100,25449863,1042650602.8100,1,0,1.03902
2023-02-01,sh.601127,40.9300,42.5000,40.7300,41.8200,40.9300,38686724,1614385837.8800,1,0,1.03902
2023-02-02,sh.601127,42.1000,43.4000,41.5500,42.4500,41.8200,36641354,1555747301.6800,1,0,1.03902
2023-02-03,sh.601127,42.4200,42.4200,40.1500,40.6400,42.4500,39151572,1604187087.0200,1,0,1.03902
2023-02-06,sh.601127,40.6200,40.9600,39.8900,39.9800,40.6400,22567090,909419302.7300,1,0,1.03902
2023-02-07,sh.601127,40.1000,40.3600,39.6600,40.2200,39.9800,16255230,649833371.8000,1,0,1.03902
2023-02-08,sh.601127,40.5000,40.5500,39.5600,39.6800,40.2200,17394006,693348258.1200,1,0,1.03902
2023-02-09,sh.601127,39.5600,40.7500,39.2100,40.5600,39.6800,23161583,929672664.4000,1,0,1.03902
2023-02-10,sh.601127,40.5500,40.5600,39.2000,39.4100,40.5600,25942976,1029096981.8600,1,0,1.03902
2023-02-13,sh.601127,39.6900,40.1300,39.0000,39.8200,39.4100,18805827,743886874.4200,1,0,1.03902
2023-02-14,sh.601127,39.8300,39.9900,37.7000,39.4200,39.8200,32434948,1266002622.6400,1,0,1.03902
2023-02-15,sh.601127,39.3000,40.1300,38.8700,39.0300,39.4200,23334545,919436875.5100,1,0,1.03902
2023-02-16,sh.601127,39.0300,39.0900,37.2300,37.5500,39.0300,37782459,1441903767.8600,1,0,1.03902
2023-02-17,sh.601127,37.2400,37.3800,35.7900,35.8200,37.5500,36692498,1336346567.7700,1,0,1.03902
2023-02-20,sh.601127,36.0000,36.5700,35.3600,36.5400,35.8200,22284915,803555529.3400,1,0,1.03902
2023-02-21,sh.601127,36.5600,37.9900,36.5500,37.4100,36.5400,28985576,1082597065.1400,1,0,1.03902
2023-02-22,sh.601127,37.1400,38.0900,36.7100,37.7000,37.4100,23157170,865068978.6900,1,0,1.03902
2023-02-23,sh.601127,37.6500,38.4600,37.2700,37.4000,37.7000,21652239,818903861.6700,1,0,1.03902
2023-02-24,sh.601127,37.0000,37.4300,36.6600,37.0300,37.4000,13509523,499842495.2200,1,0,1.03902
2023-02-27,sh.601127,37.9000,38.1000,36.9600,37.3200,37.0300,20253558,757850969.9900,1,0,1.03902
2023-02-28,sh.601127,37.3000,37.7200,36.9100,37.6500,37.3200,14549972,542142508.8400,1,0,1.03902
2023-03-01,sh.601127,37.5700,39.2100,37.2300,39.0000,37.6500,37617840,1443106394.3300,1,0,1.03902
2023-03-02,sh.601127,38.9100,39.2800,38.2300,38.5100,39.0000,25445067,985176469.8900,1,0,1.03902
2023-03-03,sh.601127,38.2800,38.8600,38.1700,38.5100,38.5100,15777455,606594348.9700,1,0,1.03902
2023-03-06,sh.601127,38.4900,38.7700,37.6000,38.5000,38.5100,16033648,612188520.2300,1,0,1.03902
2023-03-07,sh.601127,38.2700,38.9100,37.7400,37.7700,38.5000,17913374,686456386.3800,1,0,1.03902
2023-03-08,sh.601127,37.1500,37.9800,37.0100,37.8200,37.7700,12996279,487249547.6000,1,0,1.03902
2023-03-09,sh.601127,38.2200,39.4900,38.2200,38.4800,37.8200,28573289,1108839167.9600,1,0,1.03902
2023-03-10,sh.601127,37.9700,38.2300,36.7000,36.9800,38.4800,26161362,974201727.2700,1,0,1.03902
2023-03-13,sh.601127,36.2100,36.4900,35.8000,36.3400,36.9800,19730358,712884707.3900,1,0,1.03902
2023-03-14,sh.601127,36.3400,39.6500,35.6900,38.8000,36.3400,46916819,1783543458.9700,1,0,1.03902
2023-03-15,sh.601127,38.6000,39.1600,38.1100,38.9900,38.8000,32861849,1270647016.9400,1,0,1.03902
2023-03-16,sh.601127,38.6000,40.5600,38.4100,38.7800,38.9900,34033110,1342911359.8600,1,0,1.03902
2023-03-17,sh.601127,38.8900,40.2000,38.2000,39.7100,38.7800,41964179,1655255793.1600,1,0,1.03902
2023-03-20,sh.601127,39.5000,41.1800,39.0100,40.8500,39.7100,41292588,1671519303.0200,1,0,1.03902
2023-03-21,sh.601127,40.9800,41.4900,40.2300,41.3100,40.8500,37621284,1544548669.8300,1,0,1.03902
2023-03-22,sh.601127,41.1200,41.5600,40.2000,40.5100,41.3100,26170571,1066916110.0900,1,0,1.03902
2023-03-23,sh.601127,40.0500,40.6800,39.8200,40.2000,40.5100,19570701,786486134.6000,1,0,1.03902
2023-03-24,sh.601127,40.6000,41.0000,39.9100,40.2400,40.2000,17998954,728319733.5100,1,0,1.03902
2023-03-27,sh.601127,39.9000,40.4000,39.0200,39.4000,40.2400,21024592,832078662.8800,1,0,1.03902
2023-03-28,sh.601127,39.5500,39.8800,38.8800,38.8800,39.4000,16311174,639722425.4600,1,0,1.03902
2023-03-29,sh.601127,38.8000,39.2500,37.8100,37.9900,38.8800,16459246,635231536.2300,1,0,1.03902
2023-03-30,sh.601127,38.0000,38.8200,37.6600,38.4700,37.9900,14083395,539429856.9800,1,0,1.03902
2023-03-31,sh.601127,38.4600,38.7000,35.6300,37.8500,38.4700,25656876,961973920.9700,1,0,1.03902
2023-04-03,sh.601127,36.6000,36.6000,35.5600,36.1300,37.8500,30811704,1110453661.0200,1,0,1.03902
2023-04-04,sh.601127,35.9000,36.2400,35.3700,35.5800,36.1300,19655297,701980827.1100,1,0,1.03902
2023-04-06,sh.601127,35.5800,35.6000,34.0000,34.0400,35.5800,26384384,906022439.1800,1,0,1.03902
2023-04-07,sh.601127,33.9700,34.4100,33.6900,34.1900,34.0400,14476703,494127073.3400,1,0,1.03902
2023-04-10,sh.601127,34.1900,34.2000,33.0500,33.0500,34.1900,19889445,665907071.9200,1,0,1.03902
2023-04-11,sh.601127,33.0400,33.6400,33.0400,33.3400,33.0500,12217994,406746901.1400,1,0,1.03902
2023-04-12,sh.601127,33.3300,33.3300,32.3200,32.6100,33.3400,16506095,539886644.4300,1,0,1.03902
2023-04-13,sh.601127,32.3200,32.7800,31.8900,31.9100,32.6100,16108866,518398660.7700,1,0,1.03902
2023-04-14,sh.601127,31.9500,33.0000,31.9500,32.6900,31.9100,18941437,617908020.0100,1,0,1.03902
2023-04-17,sh.601127,33.1200,34.4200,33.0600,33.6700,32.6900,21593788,727438710.8000,1,0,1.03902
2023-04-18,sh.601127,34.2500,34.5600,33.5000,33.6100,33.6700,15795091,536453005.5400,1,0,1.03902
2023-04-19,sh.601127,33.4800,33.4800,32.7200,32.8000,33.6100,13016614,428722476.3700,1,0,1.03902
2023-04-20,sh.601127,32.7200,32.7200,31.5500,31.8300,32.8000,18126191,578835671.5900,1,0,1.03902
2023-04-21,sh.601127,31.6600,32.2000,30.6900,30.9200,31.8300,15239755,478526419.1400,1,0,1.03902
2023-04-24,sh.601127,30.9200,31.3300,29.5800,29.8000,30.9200,30483746,926511640.8200,1,0,1.03902
2023-04-25,sh.601127,29.8100,29.8700,28.6100,29.0600,29.8000,23455465,680164610.2500,1,0,1.03902
2023-04-26,sh.601127,28.9400,30.0900,28.8200,29.5300,29.0600,16256178,480410240.9400,1,0,1.03902
2023-04-27,sh.601127,29.3100,29.7700,28.9600,28.9800,29.5300,13053841,382048128.1600,1,0,1.03902
2023-04-28,sh.601127,29.3000,29.8500,29.0800,29.5200,28.9800,13162391,387460243.5800,1,0,1.03902
2023-05-04,sh.601127,29.5100,30.1000,28.8000,29.1000,29.5200,14806167,435192176.5100,1,0,1.03902
2023-05-05,sh.601127,28.7500,28.8500,27.7900,28.1500,29.1000,21435262,605330964.3200,1,0,1.03902
2023-05-08,sh.601127,28.3300,28.7900,27.8700,28.0700,28.1500,20424767,576918125.0000,1,0,1.03902
2023-05-09,sh.601127,28.1000,28.4200,27.6100,27.7000,28.0700,16294432,455210292.2000,1,0,1.03902
2023-05-10,sh.601127,27.6500,29.2500,27.5200,28.6900,27.7000,29505565,840914331.8000,1,0,1.03902
2023-05-11,sh.601127,28.5900,29.3000,28.3100,28.8600,28.6900,20026927,577734641.4800,1,0,1.03902
2023-05-12,sh.601127,28.7600,29.0700,27.8800,27.9300,28.8600,16760568,473784599.1000,1,0,1.03902
2023-05-15,sh.601127,27.7500,28.3600,27.7000,28.3400,27.9300,11943062,335739148.7700,1,0,1.03902
2023-05-16,sh.601127,28.3400,28.3400,27.8000,27.9200,28.3400,10117091,282890777.4000,1,0,1.03902
2023-05-17,sh.601127,27.9300,28.1800,27.3500,28.0300,27.9200,11211924,311838558.2900,1,0,1.03902
2023-05-18,sh.601127,28.0300,28.3000,27.4200,27.6600,28.0300,11869177,329864270.0700,1,0,1.03902
2023-05-19,sh.601127,27.5000,27.6500,27.1000,27.4300,27.6600,9076056,249024152.0200,1,0,1.03902
2023-05-22,sh.601127,27.5000,27.7000,26.8800,26.9700,27.4300,20784134,563725076.3200,1,0,1.03902
2023-05-23,sh.601127,26.5400,26.9200,26.3200,26.3200,26.9700,17876214,475094534.9800,1,0,1.03902
2023-05-24,sh.601127,26.0000,26.3800,25.9300,26.0100,26.3200,13049547,340867059.2100,1,0,1.03902
2023-05-25,sh.601127,25.9000,26.6100,25.6700,25.9200,26.0100,17498471,456604690.1900,1,0,1.03902
2023-05-26,sh.601127,26.0000,26.4600,25.2700,26.4600,25.9200,19469227,503680095.1200,1,0,1.03902
2023-05-29,sh.601127,26.4500,26.7000,25.9500,26.0700,26.4600,15897454,416928302.9300,1,0,1.03902
2023-05-30,sh.601127,26.1400,26.5500,25.3800,25.6100,26.0700,24906755,644181900.4800,1,0,1.03902
2023-05-31,sh.601127,25.8900,25.9000,25.3900,25.7800,25.6100,22078867,566578232.0100,1,0,1.03902
2023-06-01,sh.601127,25.6000,25.9800,25.1000,25.3800,25.7800,19707631,504444837.8500,1,0,1.03902
2023-06-02,sh.601127,25.6500,27.0500,25.5800,26.7600,25.3800,37464869,994600458.3800,1,0,1.03902
2023-06-05,sh.601127,27.0000,27.2100,26.1800,26.5700,26.7600,23793685,634471839.3500,1,0,1.03902
2023-06-06,sh.601127,26.4400,26.7900,25.7000,25.7700,26.5700,17361279,454083792.2000,1,0,1.03902
2023-06-07,sh.601127,25.7100,25.9500,25.1000,25.3100,25.7700,18125132,461159898.9400,1,0,1.03902
2023-06-08,sh.601127,25.2000,25.5500,24.7500,24.8200,25.3100,15824716,396714228.7500,1,0,1.03902
2023-06-09,sh.601127,25.2800,26.1000,24.9600,25.4000,24.8200,24903147,633399345.8600,1,0,1.03902
2023-06-12,sh.601127,25.5000,27.9400,25.4100,27.9400,25.4000,33333667,898947107.9800,1,0,1.03902
2023-06-13,sh.601127,30.0000,30.2000,29.0000,29.4000,27.9400,79683843,2352590461.0600,1,0,1.03902
2023-06-14,sh.601127,29.3800,31.8800,29.1100,30.6500,29.4000,83397834,2549722600.1300,1,0,1.03902
2023-06-15,sh.601127,30.1800,33.7200,30.0200,33.7200,30.6500,102818674,3380077331.9500,1,0,1.03902
2023-06-16,sh.601127,34.3900,35.2700,33.4400,34.6900,33.7200,108490395,3716693532.8700,1,0,1.03902
2023-06-19,sh.601127,34.9000,38.1600,34.8800,38.1600,34.6900,90280948,3338265417.6900,1,0,1.03902
2023-06-20,sh.601127,39.2100,41.7700,38.2000,40.4300,38.1600,115393374,4595199262.5700,1,0,1.03902
2023-06-21,sh.601127,39.6300,40.0200,38.2800,38.3500,40.4300,78049547,3046257689.8300,1,0,1.03902
2023-06-26,sh.601127,38.0300,42.1900,38.0300,40.9200,38.3500,104672340,4308463300.8900,1,0,1.03902
2023-06-27,sh.601127,41.5000,41.5100,39.7000,40.3500,40.9200,64571333,2602947035.9700,1,0,1.03902
2023-06-28,sh.601127,40.0500,40.9500,37.2300,39.0300,40.3500,74999141,2913078673.7900,1,0,1.03902
2023-06-29,sh.601127,39.0300,39.9000,37.9900,39.0000,39.0300,51960797,2012254651.0800,1,0,1.03902
2023-06-30,sh.601127,39.0000,39.0500,36.1200,36.7700,39.0000,73148608,2722361910.4400,1,0,1.03902
2023-07-03,sh.601127,37.5000,40.4500,37.0600,40.4500,36.7700,80950344,3172276400.6600,1,0,1.03902
2023-07-04,sh.601127,42.0000,44.2800,40.6900,42.9500,40.4500,120855860,5106977334.1500,1,0,1.03902
2023-07-05,sh.601127,43.6700,46.4600,43.2000,43.8100,42.9500,113151113,5043062604.1500,1,0,1.03902
2023-07-06,sh.601127,43.2900,47.3000,42.2100,46.6200,43.8100,112627800,5046288072.3200,1,0,1.03902
2023-07-07,sh.601127,45.5000,47.2000,44.2000,45.3400,46.6200,86344030,3935298160.4300,1,0,1.03902
2023-07-10,sh.601127,45.3400,46.6600,43.7900,44.2200,45.3400,60648118,2721725696.2200,1,0,1.03902
2023-07-11,sh.601127,44.0000,48.6400,43.3000,48.6400,44.2200,98122783,4570406971.9900,1,0,1.03902
2023-07-12,sh.601127,49.0000,51.2800,46.3900,46.4800,48.6400,136260341,6671893160.9300,1,0,1.03902
2023-07-13,sh.601127,45.4000,46.8500,44.9300,45.8500,46.4800,75835840,3472844686.4700,1,0,1.03902
2023-07-14,sh.601127,45.3800,46.1500,44.3000,44.4100,45.8500,67044257,3029231375.6300,1,0,1.03902
2023-07-17,sh.601127,43.2000,46.0000,43.1500,45.5100,44.4100,59963905,2703937078.0300,1,0,1.03902
2023-07-18,sh.601127,45.0800,45.4800,42.4900,43.9900,45.5100,65868876,2896168364.5600,1,0,1.03902
2023-07-19,sh.601127,42.9500,44.1300,42.3500,42.9100,43.9900,52906157,2280381037.7500,1,0,1.03902
2023-07-20,sh.601127,43.1600,44.0600,40.9500,41.1800,42.9100,61455835,2590614276.0400,1,0,1.03902
2023-07-21,sh.601127,40.8500,42.4900,39.8800,41.0000,41.1800,54848899,2246674523.8700,1,0,1.03902
2023-07-24,sh.601127,40.5100,41.9700,40.4200,40.8400,41.0000,31779112,1306082925.3200,1,0,1.03902
2023-07-25,sh.601127,42.4800,42.8000,40.8000,41.3700,40.8400,65572184,2734506297.8800,1,0,1.03902
2023-07-26,sh.601127,40.8700,40.8700,38.6600,38.8700,41.3700,71221120,2816174212.6400,1,0,1.03902
2023-07-27,sh.601127,40.7000,41.0000,38.4000,38.4000,38.8700,51563280,2036492791.5800,1,0,1.03902
2023-07-28,sh.601127,38.3100,42.2400,37.8000,42.2400,38.4000,81044756,3310051048.8600,1,0,1.03902
2023-07-31,sh.601127,44.2900,45.9400,43.9000,45.1900,42.2400,100684742,4519865194.8300,1,0,1.03902
2023-08-01,sh.601127,44.5000,46.2100,44.1400,44.7300,45.1900,67260941,3026341406.2900,1,0,1.03902
2023-08-02,sh.601127,42.8000,44.6500,42.6800,43.0000,44.7300,55740396,2416650284.4500,1,0,1.03902
2023-08-03,sh.601127,42.7200,44.1400,42.7100,43.1400,43.0000,40552943,1754448078.4300,1,0,1.03902
2023-08-04,sh.601127,43.5000,43.9900,42.3900,42.8000,43.1400,41156088,1769447477.2500,1,0,1.03902
2023-08-07,sh.601127,42.1600,43.3600,41.5300,42.4100,42.8000,32744972,1395075026.6400,1,0,1.03902
2023-08-08,sh.601127,42.0000,42.5900,40.4600,40.6500,42.4100,43852296,1802957311.3900,1,0,1.03902
2023-08-09,sh.601127,40.6500,41.0400,39.9000,40.1100,40.6500,27939595,1125480246.0300,1,0,1.03902
2023-08-10,sh.601127,39.9600,40.1100,39.4300,39.6800,40.1100,18597471,738276406.8900,1,0,1.03902
2023-08-11,sh.601127,39.8800,41.2200,39.0500,39.3500,39.6800,44259671,1762370287.2300,1,0,1.03902
2023-08-14,sh.601127,38.4700,39.2700,37.3800,37.9100,39.3500,40545930,1537785675.1400,1,0,1.03902
2023-08-15,sh.601127,37.9500,38.1400,37.1000,37.5100,37.9100,23206411,872030316.6100,1,0,1.03902
2023-08-16,sh.601127,37.3800,37.4800,35.9000,35.9200,37.5100,35894056,1306371168.5700,1,0,1.03902
2023-08-17,sh.601127,35.9000,36.0300,34.3500,35.4900,35.9200,47501675,1672595998.6300,1,0,1.03902
2023-08-18,sh.601127,35.4900,36.6100,35.0300,35.0400,35.4900,36651619,1311409104.3800,1,0,1.03902
2023-08-21,sh.601127,34.8000,35.2800,33.9000,33.9700,35.0400,31310437,1078563214.5200,1,0,1.03902
2023-08-22,sh.601127,34.8400,34.9400,33.7000,34.5000,33.9700,27336515,936186293.9600,1,0,1.03902
2023-08-23,sh.601127,34.2200,34.6600,33.0200,33.1200,34.5000,25613676,862098577.8500,1,0,1.03902
2023-08-24,sh.601127,33.3300,33.6100,32.6200,32.8900,33.1200,25783230,853175643.5000,1,0,1.03902
2023-08-25,sh.601127,32.6100,32.7200,31.7600,32.0400,32.8900,27471563,884662405.3200,1,0,1.03902
2023-08-28,sh.601127,34.2000,35.2400,33.2800,33.6500,32.0400,68024488,2337706248.2200,1,0,1.03902
2023-08-29,sh.601127,33.7000,36.8800,32.9600,36.3500,33.6500,77544871,2726651146.2500,1,0,1.03902
2023-08-30,sh.601127,36.0000,37.3700,35.7000,36.6900,36.3500,56424017,2056027295.3100,1,0,1.03902
2023-08-31,sh.601127,36.2000,38.0300,35.7600,36.0400,36.6900,40089311,1460679877.0000,1,0,1.03902
2023-09-01,sh.601127,36.0000,38.5400,36.0000,36.8900,36.0400,56232440,2087552736.1300,1,0,1.03902
2023-09-04,sh.601127,36.9200,40.5800,36.0000,40.5800,36.8900,74469524,2874615534.1000,1,0,1.03902
2023-09-05,sh.601127,41.2100,42.3800,40.5800,41.0500,40.5800,87118131,3616347588.1700,1,0,1.03902
2023-09-06,sh.601127,41.0500,45.1600,41.0500,43.9100,41.0500,88892579,3826045176.0200,1,0,1.03902
2023-09-07,sh.601127,43.4500,43.5200,41.7800,42.2500,43.9100,69992416,2979559462.3800,1,0,1.03902
2023-09-08,sh.601127,42.0000,44.2400,41.8000,43.7000,42.2500,67209334,2910326111.7800,1,0,1.03902
2023-09-11,sh.601127,44.4000,46.8000,42.0000,44.4700,43.7000,94854796,4231561619.8600,1,0,1.03902
2023-09-12,sh.601127,45.2000,45.5800,42.1800,43.3900,44.4700,73992110,3263016397.4000,1,0,1.03902
2023-09-13,sh.601127,43.0000,43.3600,41.3000,41.4600,43.3900,71634845,3012451190.6100,1,0,1.03902
2023-09-14,sh.601127,41.9900,45.6100,41.6000,45.6100,41.4600,57008095,2537647074.8600,1,0,1.03902
2023-09-15,sh.601127,47.8900,47.9000,45.5600,46.3600,45.6100,115053796,5379970179.1900,1,0,1.03902
2023-09-18,sh.601127,48.4000,51.0000,48.0000,51.0000,46.3600,61235653,3063899070.5000,1,0,1.03902
2023-09-19,sh.601127,51.7800,53.4900,50.5200,52.6000,51.0000,117825439,6151154025.1600,1,0,1.03902
2023-09-20,sh.601127,51.9100,53.4000,50.5600,50.6000,52.6000,80701809,4162679841.3800,1,0,1.03902
2023-09-21,sh.601127,50.6500,52.9400,50.1100,51.3000,50.6000,77551596,3991767906.8900,1,0,1.03902
2023-09-22,sh.601127,50.5100,50.9800,48.7100,49.9900,51.3000,78758381,3902917238.6200,1,0,1.03902
2023-09-25,sh.601127,52.0000,52.9300,50.5000,51.2500,49.9900,87538486,4507729421.6000,1,0,1.03902
2023-09-26,sh.601127,50.9500,55.2500,50.2100,50.6100,51.2500,96903515,5094570437.2200,1,0,1.03902
2023-09-27,sh.601127,49.9800,51.5800,49.6000,50.6500,50.6100,65595352,3322586633.4000,1,0,1.03902
2023-09-28,sh.601127,51.3700,55.7200,50.7000,55.7200,50.6500,98583404,5363904000.3900,1,0,1.03902
2023-10-09,sh.601127,61.2900,61.2900,60.1800,61.2900,55.7200,31451070,1926307001.1900,1,0,1.03902
2023-10-10,sh.601127,66.7000,67.4200,65.7000,67.4200,61.2900,43860210,2934685388.1900,1,0,1.03902
2023-10-11,sh.601127,71.9000,72.8800,65.4500,65.7100,67.4200,187073388,13019509414.9300,1,0,1.03902
2023-10-12,sh.601127,65.7100,67.7000,65.3000,66.5400,65.7100,107132646,7124606354.6700,1,0,1.03902
2023-10-13,sh.601127,66.3000,73.1900,66.2000,73.1900,66.5400,118326183,8349367297.4200,1,0,1.03902
2023-10-16,sh.601127,75.0600,78.8700,74.0200,76.0700,73.1900,128168903,9751501706.3400,1,0,1.03902
2023-10-17,sh.601127,75.7100,78.2100,71.7300,78.1000,76.0700,107042999,7965957559.8400,1,0,1.03902
2023-10-18,sh.601127,77.0200,85.9100,76.7100,85.9100,78.1000,119279234,9881760432.6300,1,0,1.03902
2023-10-19,sh.601127,83.0000,88.8000,79.0000,79.5800,85.9100,147778585,12337206712.6100,1,0,1.03902
2023-10-20,sh.601127,78.5300,83.5300,78.0500,81.0700,79.5800,105899528,8594334177.0100,1,0,1.03902
2023-10-23,sh.601127,81.2000,88.6800,81.2000,85.2600,81.0700,113147269,9665065456.0300,1,0,1.03902
2023-10-24,sh.601127,85.9900,86.8700,78.9200,80.7500,85.2600,103308079,8505178849.1300,1,0,1.03902
2023-10-25,sh.601127,81.8700,84.6900,79.5100,81.9300,80.7500,97210103,7995383711.7900,1,0,1.03902
2023-10-26,sh.601127,83.0000,84.3200,78.3300,82.5500,81.9300,89502401,7270341516.8900,1,0,1.03902
2023-10-27,sh.601127,82.3600,82.4700,79.3500,79.8100,82.5500,67448098,5428641912.4500,1,0,1.03902
2023-10-30,sh.601127,81.0000,84.4000,80.4200,82.8100,79.8100,82352915,6804523317.7100,1,0,1.03902
2023-10-31,sh.601127,84.5000,85.2000,78.9900,81.4900,82.8100,78530804,6409068867.9700,1,0,1.03902
2023-11-01,sh.601127,82.0000,84.9800,80.4000,82.7400,81.4900,77379543,6448077017.2800,1,0,1.03902
2023-11-02,sh.601127,83.2600,89.8800,81.1600,85.1300,82.7400,113902056,9770091182.8400,1,0,1.03902
2023-11-03,sh.601127,83.8400,89.0000,82.8400,89.0000,85.1300,93111949,8030172567.4100,1,0,1.03902
2023-11-06,sh.601127,91.0000,97.9000,89.8900,97.9000,89.0000,107096423,10011173936.1800,1,0,1.03902
2023-11-07,sh.601127,98.0000,99.9700,93.1800,94.1600,97.9000,122585305,11846781765.2800,1,0,1.03902
2023-11-08,sh.601127,94.1400,96.1500,92.3000,95.3000,94.1600,72957678,6890056686.7500,1,0,1.03902
2023-11-09,sh.601127,93.9900,93.9900,88.9800,89.2000,95.3000,85348574,7780930203.8800,1,0,1.03902
2023-11-10,sh.601127,89.6300,90.3000,80.5000,81.6800,89.2000,129279613,10835056195.7700,1,0,1.03902
2023-11-13,sh.601127,80.5100,82.3000,79.6000,80.7000,81.6800,63642704,5155161343.3700,1,0,1.03902
2023-11-14,sh.601127,80.1000,82.3600,78.9100,80.9700,80.7000,67340554,5441740020.0100,1,0,1.03902
2023-11-15,sh.601127,80.9900,83.5900,76.7500,83.5900,80.9700,112491557,9034210477.2100,1,0,1.03902
2023-11-16,sh.601127,82.1200,84.3000,81.2000,82.4000,83.5900,58897615,4878795866.7400,1,0,1.03902
2023-11-17,sh.601127,82.5000,84.2800,81.9100,83.2200,82.4000,53723332,4473718596.7100,1,0,1.03902
2023-11-20,sh.601127,83.2200,83.8800,81.1800,81.1800,83.2200,47360826,3893528854.0700,1,0,1.03902
2023-11-21,sh.601127,80.3000,82.8000,79.5500,80.9400,81.1800,54208239,4398698517.5600,1,0,1.03902
2023-11-22,sh.601127,80.0500,81.5000,77.9800,77.9900,80.9400,55527035,4415141253.2200,1,0,1.03902
2023-11-23,sh.601127,77.7100,80.2000,77.3600,78.7100,77.9900,58247037,4590851621.5300,1,0,1.03902
2023-11-24,sh.601127,78.4000,79.1600,75.6600,76.0100,78.7100,56592379,4369623684.0500,1,0,1.03902
2023-11-27,sh.601127,73.1000,76.9300,70.3500,76.0900,76.0100,122976336,9037493136.2500,1,0,1.03902
2023-11-28,sh.601127,76.9000,79.7800,76.0900,78.9300,76.0900,85267259,6680025357.4100,1,0,1.03902
2023-11-29,sh.601127,78.5500,78.7800,75.0000,75.0000,78.9300,54312882,4147362223.7300,1,0,1.03902
2023-11-30,sh.601127,74.1800,76.0000,73.5000,75.6900,75.0000,52239597,3914284298.7500,1,0,1.03902
2023-12-01,sh.601127,75.6200,78.3800,74.8800,77.3800,75.6900,55372561,4257452628.7900,1,0,1.03902
2023-12-04,sh.601127,77.9800,78.3000,75.7000,76.7000,77.3800,40136563,3086980674.9500,1,0,1.03902
2023-12-05,sh.601127,75.9900,76.6500,74.4500,74.4500,76.7000,31584119,2378044916.3000,1,0,1.03902
2023-12-06,sh.601127,73.8000,75.6000,73.5200,74.4000,74.4500,36737972,2733483112.0300,1,0,1.03902
2023-12-07,sh.601127,74.0800,81.8000,73.7100,80.4300,74.4000,81107378,6403335484.3200,1,0,1.03902
2023-12-08,sh.601127,80.0300,80.9500,78.8800,78.9900,80.4300,41321390,3288898649.5000,1,0,1.03902
2023-12-11,sh.601127,79.3000,80.2000,77.3000,79.6500,78.9900,41749162,3292327924.6500,1,0,1.03902
2023-12-12,sh.601127,79.0000,83.3800,78.8800,81.8000,79.6500,52437751,4285655081.9100,1,0,1.03902
2023-12-13,sh.601127,80.9900,82.3500,80.5100,80.7500,81.8000,33973976,2760873194.4100,1,0,1.03902
2023-12-14,sh.601127,81.4700,83.4400,79.6100,82.4500,80.7500,49667021,4072419714.3000,1,0,1.03902
2023-12-15,sh.601127,82.0000,87.9800,81.6500,85.9900,82.4500,65549673,5589625582.4900,1,0,1.03902
2023-12-18,sh.601127,86.4200,91.9900,86.4200,89.8900,85.9900,70086585,6270809215.0900,1,0,1.03902
2023-12-19,sh.601127,89.2100,90.6800,88.5000,89.9300,89.8900,48677607,4359972344.5700,1,0,1.03902
2023-12-20,sh.601127,89.8000,90.2000,82.8000,82.8000,89.9300,74279021,6358276325.2300,1,0,1.03902
2023-12-21,sh.601127,81.3000,84.5000,81.3000,83.0000,82.8000,45308272,3763173157.0200,1,0,1.03902
2023-12-22,sh.601127,83.6000,86.2200,82.6600,84.0600,83.0000,50354616,4264002387.3600,1,0,1.03902
2023-12-25,sh.601127,85.0000,85.6800,79.5000,84.6500,84.0600,54589163,4507577268.3500,1,0,1.03902
2023-12-26,sh.601127,84.0000,84.9800,82.1200,82.9600,84.6500,32430281,2713003384.5200,1,0,1.03902
2023-12-27,sh.601127,85.0000,85.7000,78.3300,78.4000,82.9600,61685016,5030259947.8400,1,0,1.03902
2023-12-28,sh.601127,76.0000,76.5100,71.9800,71.9800,78.4000,84427690,6210082849.2000,1,0,1.03902
2023-12-29,sh.601127,73.0000,76.5000,73.0000,76.2000,71.9800,69332058,5214136690.0300,1,0,1.03902
2024-01-02,sh.601127,77.5000,78.8800,72.7200,73.3500,76.2000,66795510,5028161943.1100,1,0,1.03902
2024-01-03,sh.601127,72.0200,73.9600,70.1800,72.8900,73.3500,37229573,2699465464.7000,1,0,1.03902
2024-01-04,sh.601127,72.8800,73.4600,69.5000,69.5200,72.8900,48393745,3426001699.7100,1,0,1.03902
2024-01-05,sh.601127,70.7500,71.5200,68.9000,70.1400,69.5200,45430693,3193113005.5800,1,0,1.03902
2024-01-08,sh.601127,69.4800,69.6600,67.2900,67.3900,70.1400,43396152,2962908703.9900,1,0,1.03902
2024-01-09,sh.601127,68.0000,68.4500,65.7800,66.0600,67.3900,43889316,2922218421.9000,1,0,1.03902
2024-01-10,sh.601127,66.8000,70.0000,66.4000,68.5000,66.0600,64251540,4399339119.5700,1,0,1.03902
2024-01-11,sh.601127,68.0000,69.0600,67.5100,68.5500,68.5000,40072355,2740012812.1200,1,0,1.03902
2024-01-12,sh.601127,68.4000,68.4800,66.6000,66.6000,68.5500,36955223,2481967673.7200,1,0,1.03902
2024-01-15,sh.601127,66.0000,68.1500,65.5000,66.9700,66.6000,33522153,2252575317.4100,1,0,1.03902
2024-01-16,sh.601127,67.0000,67.2200,64.8300,66.3000,66.9700,37225956,2449351151.1400,1,0,1.03902
2024-01-17,sh.601127,66.3000,67.1100,64.5000,64.5600,66.3000,33742842,2222819887.6500,1,0,1.03902
2024-01-18,sh.601127,63.4000,64.8400,62.7500,64.4300,64.5600,47637947,3037299129.8300,1,0,1.03902
2024-01-19,sh.601127,64.4200,64.6400,62.2000,62.3500,64.4300,34438554,2178086026.4800,1,0,1.03902
2024-01-22,sh.601127,62.4000,63.2600,60.0400,60.2000,62.3500,38235432,2355101968.8100,1,0,1.03902
2024-01-23,sh.601127,59.7200,62.6300,58.8000,61.9500,60.2000,50425253,3065243635.8000,1,0,1.03902
2024-01-24,sh.601127,62.4700,62.9900,60.0200,62.0200,61.9500,37474421,2304509450.4200,1,0,1.03902
2024-01-25,sh.601127,61.6000,66.6400,61.2100,65.0000,62.0200,71295220,4589192198.8900,1,0,1.03902
2024-01-26,sh.601127,64.0000,65.5300,63.0500,63.2900,65.0000,38916252,2488901739.0000,1,0,1.03902
2024-01-29,sh.601127,63.1300,63.3500,60.4400,60.6100,63.2900,35036263,2156725639.0600,1,0,1.03902
2024-01-30,sh.601127,60.0000,61.5500,58.6000,58.8000,60.6100,34550448,2070750967.9200,1,0,1.03902
2024-01-31,sh.601127,58.8000,59.4800,56.3900,56.8100,58.8000,38011575,2189050544.5400,1,0,1.03902
2024-02-01,sh.601127,56.7400,60.4800,56.7100,58.4200,56.8100,52628333,3098083803.6800,1,0,1.03902
2024-02-02,sh.601127,60.0000,61.3400,56.7800,58.5100,58.4200,55212228,3274893870.4000,1,0,1.03902
2024-02-05,sh.601127,58.7600,60.3800,55.9000,56.1000,58.5100,62323727,3617410525.1000,1,0,1.03902
2024-02-06,sh.601127,54.9000,61.7100,54.6000,61.7100,56.1000,71855182,4218783949.0600,1,0,1.03902
2024-02-07,sh.601127,63.4000,67.8800,62.5800,67.8800,61.7100,75028336,4953841795.7200,1,0,1.03902
2024-02-08,sh.601127,70.9100,72.5000,67.8800,71.7000,67.8800,74708064,5207083710.1800,1,0,1.03902
2024-02-19,sh.601127,72.9900,76.4200,71.0000,74.1500,71.7000,69468298,5127681076.6500,1,0,1.03902
2024-02-20,sh.601127,73.0000,73.5800,70.6800,70.6900,74.1500,55016717,3946816946.8900,1,0,1.03902
2024-02-21,sh.601127,69.2000,72.9900,69.0500,70.4500,70.6900,60956057,4340262748.3200,1,0,1.03902
2024-02-22,sh.601127,69.3000,72.5400,69.2500,71.4700,70.4500,47625542,3384744976.3300,1,0,1.03902
2024-02-23,sh.601127,71.4100,78.6200,71.0100,78.6200,71.4700,86293870,6504401187.6300,1,0,1.03902
2024-02-26,sh.601127,79.0000,81.4400,78.2200,80.0500,78.6200,79012213,6317583145.3600,1,0,1.03902
2024-02-27,sh.601127,81.8700,88.0600,81.4700,87.9300,80.0500,97804930,8379724811.0000,1,0,1.03902
2024-02-28,sh.601127,87.5200,90.2500,83.1800,83.5700,87.9300,107737233,9380305672.9800,1,0,1.03902
2024-02-29,sh.601127,83.5800,91.9300,83.5800,91.9300,83.5700,103422912,9176799515.3300,1,0,1.03902
2024-03-01,sh.601127,93.0000,94.3800,90.0000,92.3000,91.9300,80360997,7408136103.3200,1,0,1.03902
2024-03-04,sh.601127,91.8000,94.1300,89.2000,92.6500,92.3000,72913291,6676661903.4600,1,0,1.03902
2024-03-05,sh.601127,89.0000,95.9000,88.1100,91.0000,92.6500,87334993,7997560204.9200,1,0,1.03902
2024-03-06,sh.601127,90.0000,99.8000,89.2500,97.2400,91.0000,98678289,9412575237.1700,1,0,1.03902
2024-03-07,sh.601127,97.3000,100.0000,94.8000,95.9900,97.2400,84006627,8179992213.9600,1,0,1.03902
2024-03-08,sh.601127,95.8000,96.5900,91.8200,95.1000,95.9900,65553007,6169748927.0500,1,0,1.03902
2024-03-11,sh.601127,96.0000,103.8900,96.0000,102.2000,95.1000,86200896,8705030706.3900,1,0,1.03902
2024-03-12,sh.601127,102.2100,104.8800,100.2000,101.5700,102.2000,68627624,7002890965.2100,1,0,1.03902
2024-03-13,sh.601127,102.2200,105.2000,100.6000,101.9000,101.5700,61344607,6301477562.0400,1,0,1.03902
2024-03-14,sh.601127,102.1400,102.1600,97.8000,99.3000,101.9000,57474362,5725882332.2900,1,0,1.03902
2024-03-15,sh.601127,98.5000,99.8000,94.4600,98.4500,99.3000,79174729,7716421978.1500,1,0,1.03902
2024-03-18,sh.601127,103.0000,106.6600,102.8700,104.7600,98.4500,76469288,7987908090.9900,1,0,1.03902
2024-03-19,sh.601127,103.0100,105.4600,102.5000,103.1600,104.7600,48621145,5044854907.7500,1,0,1.03902
2024-03-20,sh.601127,103.7000,105.7700,101.6800,103.2500,103.1600,41469439,4293529870.0900,1,0,1.03902
2024-03-21,sh.601127,102.3000,103.3900,99.9800,99.9800,103.2500,43832493,4451037853.5700,1,0,1.03902
2024-03-22,sh.601127,99.7000,101.3300,97.4800,100.7000,99.9800,54360711,5409956990.9800,1,0,1.03902
2024-03-25,sh.601127,100.6800,100.6800,96.1400,96.1400,100.7000,45812310,4513874610.2900,1,0,1.03902
2024-03-26,sh.601127,95.8000,96.3200,90.8500,90.9000,96.1400,82716304,7685566196.0700,1,0,1.03902
2024-03-27,sh.601127,90.6000,94.4700,89.1000,89.4900,90.9000,68669384,6293009125.8500,1,0,1.03902
2024-03-28,sh.601127,90.0000,92.6600,88.0800,90.7000,89.4900,66392736,5997687507.7900,1,0,1.03902
2024-03-29,sh.601127,88.5000,89.7300,86.2800,87.0000,90.7000,61442200,5379890541.8200,1,0,1.03902
2024-04-01,sh.601127,87.5100,93.4500,86.6600,90.4300,87.0000,65716472,5937981204.1600,1,0,1.03902
2024-04-02,sh.601127,90.4600,92.3900,88.0000,88.7500,90.4300,49531132,4436537516.0300,1,0,1.03902
2024-04-03,sh.601127,87.5000,87.9000,84.9600,86.4100,88.7500,45342103,3910496478.0100,1,0,1.03902
2024-04-08,sh.601127,86.4100,90.9800,86.4100,88.5500,86.4100,57083482,5085501453.3400,1,0,1.03902
2024-04-09,sh.601127,88.0500,88.5000,84.6000,85.5400,88.5500,42633220,3675498151.3500,1,0,1.03902
2024-04-10,sh.601127,85.5400,85.8800,82.4500,83.1500,85.5400,39348140,3282535374.7100,1,0,1.03902
2024-04-11,sh.601127,83.2000,87.2000,82.9200,85.2300,83.1500,53365748,4539411861.2400,1,0,1.03902
2024-04-12,sh.601127,86.1900,92.4900,86.1800,89.8000,85.2300,78868630,7110750297.7800,1,0,1.03902
2024-04-15,sh.601127,89.8100,89.8400,85.9400,86.5600,89.8000,48191628,4201194178.4500,1,0,1.03902
2024-04-16,sh.601127,85.0000,89.5100,83.9600,87.3600,86.5600,51677071,4499972511.9200,1,0,1.03902
2024-04-17,sh.601127,88.5700,95.0000,87.5800,94.6600,87.3600,62606208,5657516731.7500,1,0,1.03902
2024-04-18,sh.601127,95.0000,98.5000,91.5000,91.7800,94.6600,85486068,8162086513.8900,1,0,1.03902
2024-04-19,sh.601127,89.6900,95.5400,89.0900,95.4800,91.7800,64105969,5937453164.9500,1,0,1.03902
2024-04-22,sh.601127,94.0100,96.5100,93.5700,94.9300,95.4800,39921889,3793426299.7000,1,0,1.03902
2024-04-23,sh.601127,95.2000,96.2600,91.0300,93.0500,94.9300,48929364,4601122439.1400,1,0,1.03902
2024-04-24,sh.601127,91.0900,92.3000,89.8900,90.1600,93.0500,50043157,4543162447.8300,1,0,1.03902
2024-04-25,sh.601127,90.4000,92.2300,89.6900,90.4300,90.1600,36607293,3322040112.5000,1,0,1.03902
2024-04-26,sh.601127,89.4000,94.9900,88.8000,94.7900,90.4300,63680807,5919631437.5900,1,0,1.03902
2024-04-29,sh.601127,91.7500,95.4300,90.7000,95.4000,94.7900,73922783,6885552198.5000,1,0,1.03902
2024-04-30,sh.601127,100.1700,103.0000,90.9400,91.1500,95.4000,94302058,9082974693.5400,1,0,1.03902
2024-05-06,sh.601127,92.9800,94.3800,89.3500,91.4500,91.1500,73792822,6789956772.7500,1,0,1.03902
2024-05-07,sh.601127,92.0000,92.5000,86.0500,86.9800,91.4500,79235236,6983026878.3900,1,0,1.03902
2024-05-08,sh.601127,85.7000,86.6800,83.8000,84.8300,86.9800,49494426,4204515364.9500,1,0,1.03902
2024-05-09,sh.601127,84.9100,85.8800,84.0700,85.1800,84.8300,33017717,2813839170.4900,1,0,1.03902
2024-05-10,sh.601127,85.0000,85.5000,82.7100,84.6200,85.1800,38172803,3202043313.2400,1,0,1.03902
2024-05-13,sh.601127,84.0100,86.6900,83.2100,85.3800,84.6200,38070900,3264599557.6400,1,0,1.03902
2024-05-14,sh.601127,86.0000,87.5200,85.5000,87.2700,85.3800,39380679,3423143123.0500,1,0,1.03902
2024-05-15,sh.601127,86.4000,86.4100,84.6000,84.9600,87.2700,29172271,2489552623.5200,1,0,1.03902
2024-05-16,sh.601127,85.6900,85.8500,84.0000,85.0000,84.9600,23385237,1986223021.1100,1,0,1.03902
2024-05-17,sh.601127,85.0000,88.8000,84.8100,88.1800,85.0000,46656606,4079367766.6000,1,0,1.03902
2024-05-20,sh.601127,88.0100,89.9500,87.5100,88.5200,88.1800,32453557,2880937449.4700,1,0,1.03902
2024-05-21,sh.601127,88.5000,89.5100,86.7600,87.9500,88.5200,34128631,3009956093.1900,1,0,1.03902
2024-05-22,sh.601127,87.5000,88.2200,86.5000,87.0400,87.9500,25159100,2187169346.6800,1,0,1.03902
2024-05-23,sh.601127,86.6300,87.6800,84.8400,85.5100,87.0400,27219888,2343240752.7500,1,0,1.03902
2024-05-24,sh.601127,85.2600,85.6900,84.0000,84.1100,85.5100,21335074,1802971265.2600,1,0,1.03902
2024-05-27,sh.601127,85.7600,87.3800,84.9300,86.6000,84.1100,30843047,2659401371.1100,1,0,1.03902
2024-05-28,sh.601127,86.6100,87.4800,84.7000,85.7500,86.6000,27385948,2363940353.2700,1,0,1.03902
2024-05-29,sh.601127,85.7500,87.5000,84.9100,86.9300,85.7500,28077770,2430786936.2400,1,0,1.03902
2024-05-30,sh.601127,87.0100,87.4100,85.8800,86.0100,86.9300,23436090,2025429104.5000,1,0,1.03902
2024-05-31,sh.601127,86.8800,90.0000,86.3900,88.9300,86.0100,46418612,4120288493.3600,1,0,1.03902
2024-06-03,sh.601127,91.5000,92.4200,89.4400,90.4900,88.9300,57262098,5222768857.6900,1,0,1.03902
2024-06-04,sh.601127,89.9000,90.4800,87.0000,87.5800,90.4900,37082227,3283245405.1200,1,0,1.03902
2024-06-05,sh.601127,87.5800,88.1800,86.7500,87.0400,87.5800,22138377,1934340334.9300,1,0,1.03902
2024-06-06,sh.601127,87.1800,87.7000,85.4000,87.7000,87.0400,28662240,2480973839.9100,1,0,1.03902
2024-06-07,sh.601127,87.5000,88.4500,86.4400,86.6700,87.7000,21139514,1843408542.9700,1,0,1.03902
2024-06-11,sh.601127,86.4000,86.4900,84.7000,86.0100,86.6700,17166757,1473635080.6400,1,0,1.03902
2024-06-12,sh.601127,85.0000,86.5000,84.6100,85.9900,86.0100,15987965,1373510519.3000,1,0,1.03902
2024-06-13,sh.601127,85.9000,88.4500,85.7000,86.4000,85.9900,29882303,2601354966.1900,1,0,1.03902
2024-06-14,sh.601127,86.0000,88.2200,85.0200,87.7900,86.4000,27454753,2368738569.4400,1,0,1.03902
2024-06-17,sh.601127,88.5000,93.4700,88.1800,92.9000,87.7900,68509770,6285406983.2100,1,0,1.03902
2024-06-18,sh.601127,93.2200,100.7300,92.5000,100.3500,92.9000,84752832,8194441729.1700,1,0,1.03902
2024-06-19,sh.601127,100.7000,101.3800,99.3000,100.1000,100.3500,54495390,5458590219.0500,1,0,1.03902
2024-06-20,sh.601127,101.0000,102.9500,99.5900,101.1900,100.1000,49278347,4987153970.8800,1,0,1.03902
2024-06-21,sh.601127,100.6000,102.1900,99.0000,99.6500,101.1900,39390975,3953009121.3800,1,0,1.03902
2024-06-24,sh.601127,100.0000,100.9900,95.2300,95.2300,99.6500,55371470,5410447226.5600,1,0,1.03902
2024-06-25,sh.601127,95.4900,97.1600,85.7100,85.7100,95.2300,105337284,9510476880.9800,1,0,1.03902
2024-06-26,sh.601127,84.3500,86.7900,82.0100,86.0900,85.7100,73696067,6257408223.6800,1,0,1.03902
2024-06-27,sh.601127,85.3500,86.5200,84.4000,84.4900,86.0900,35445352,3026009901.0600,1,0,1.03902
2024-06-28,sh.601127,84.8800,92.4900,84.5200,91.1200,84.4900,71540607,6410852527.7400,1,0,1.03902
2024-07-01,sh.601127,92.1000,93.6600,90.2100,92.3300,91.1200,47521303,4372816358.4900,1,0,1.03902
2024-07-02,sh.601127,93.2500,93.2500,89.0500,89.9800,92.3300,41868507,3802973803.4700,1,0,1.03902
2024-07-03,sh.601127,88.0000,91.0900,85.9200,88.4500,89.9800,45356478,4009905121.2100,1,0,1.03902
2024-07-04,sh.601127,89.6000,89.7700,86.6700,86.6700,88.4500,32223917,2833020606.2500,1,0,1.03902
2024-07-05,sh.601127,85.8800,88.8700,84.8900,86.9000,86.6700,42331731,3661300247.5200,1,0,1.03902
2024-07-08,sh.601127,87.0000,88.0000,85.5000,86.5400,86.9000,31012862,2688259938.4800,1,0,1.03902
2024-07-09,sh.601127,86.5400,89.4800,85.7700,89.4200,86.5400,43976660,3864906453.2900,1,0,1.03902
2024-07-10,sh.601127,87.0000,87.3500,85.0000,85.2000,89.4200,69927182,6006536314.5800,1,0,1.03902
2024-07-11,sh.601127,86.0300,87.0000,85.0100,85.8700,85.2000,43325730,3721711389.0700,1,0,1.03902
2024-07-12,sh.601127,85.5000,85.5000,82.0200,82.0200,85.8700,66240282,5520585489.9300,1,0,1.03902
2024-07-15,sh.601127,80.0100,80.0900,75.5000,77.3700,82.0200,75546538,5892235068.1800,1,0,1.03902
2024-07-16,sh.601127,78.5000,79.4900,76.9000,77.7000,77.3700,48725649,3805588664.4300,1,0,1.03902
2024-07-17,sh.601127,76.9500,77.6800,73.6800,75.9200,77.7000,59040751,4451506542.1000,1,0,1.03902
2024-07-18,sh.601127,74.2100,77.3000,74.2100,77.2700,75.9200,45479569,3454254057.4000,1,0,1.03902
2024-07-19,sh.601127,76.8800,77.5200,75.2100,75.3000,77.2700,34877760,2662871013.8300,1,0,1.03902
2024-07-22,sh.601127,75.3000,79.8500,75.0300,78.4700,75.3000,59254161,4622007518.0500,1,0,1.03902
2024-07-23,sh.601127,78.0300,78.4700,76.0200,76.1500,78.4700,31947886,2460838867.7000,1,0,1.03902
2024-07-24,sh.601127,75.7400,75.9900,73.8000,74.0400,76.1500,27184738,2026287154.4900,1,0,1.03902
2024-07-25,sh.601127,73.4700,74.6100,72.1700,72.8700,74.0400,29109940,2131046659.8400,1,0,1.03902
2024-07-26,sh.601127,73.1000,75.3800,73.1000,74.0200,72.8700,27415131,2032064390.5400,1,0,1.03902
2024-07-29,sh.601127,77.4900,78.8900,76.1000,77.9600,74.0200,49312201,3837308853.9100,1,0,1.03902
2024-07-30,sh.601127,77.9700,77.9700,75.2500,75.6200,77.9600,30874080,2342876728.7400,1,0,1.03902
2024-07-31,sh.601127,75.0000,80.6900,74.9000,79.6300,75.6200,57378142,4513200426.4900,1,0,1.03902
2024-08-01,sh.601127,79.6300,79.9800,78.0000,78.0400,79.6300,31914976,2508747231.8600,1,0,1.03902
2024-08-02,sh.601127,77.2000,78.8800,76.0100,76.2500,78.0400,30379106,2344404386.8400,1,0,1.03902
2024-08-05,sh.601127,76.2000,78.2900,74.9900,75.0700,76.2500,33179063,2533820188.1000,1,0,1.03902
2024-08-06,sh.601127,76.3000,77.0000,75.1300,76.2600,75.0700,24068602,1829229157.6600,1,0,1.03902
2024-08-07,sh.601127,75.9900,78.6300,75.4200,77.4300,76.2600,31830921,2462614437.1100,1,0,1.03902
2024-08-08,sh.601127,76.5100,77.3500,75.0000,75.7900,77.4300,26373660,2003375084.9400,1,0,1.03902
2024-08-09,sh.601127,76.5500,76.9800,75.6200,76.0000,75.7900,17616837,1342416398.9900,1,0,1.03902
2024-08-12,sh.601127,79.0000,79.8000,76.6900,77.3000,76.0000,35110626,2745693811.8700,1,0,1.03902
2024-08-13,sh.601127,76.8000,78.5000,76.1500,77.3600,77.3000,22281314,1718109896.7200,1,0,1.03902
2024-08-14,sh.601127,76.4000,76.4200,75.4000,75.6900,77.3600,19292952,1464884615.6500,1,0,1.03902
2024-08-15,sh.601127,75.1900,78.3600,75.1900,77.5100,75.6900,33582125,2582993996.3200,1,0,1.03902
2024-08-16,sh.601127,78.1800,82.6000,78.0100,81.8400,77.5100,66829735,5413537590.0400,1,0,1.03902
2024-08-19,sh.601127,81.1000,85.8800,81.0100,83.7000,81.8400,54112243,4518311135.2900,1,0,1.03902
2024-08-20,sh.601127,84.5000,85.4000,81.8300,82.3000,83.7000,45577765,3808758234.3300,1,0,1.03902
2024-08-21,sh.601127,82.3100,84.2000,81.8000,82.9900,82.3000,32122211,2667390448.7400,1,0,1.03902
2024-08-22,sh.601127,83.0100,83.2900,76.8500,76.9500,82.9900,57323354,4525895538.2500,1,0,1.03902
2024-08-23,sh.601127,76.0000,80.9000,76.0000,80.3200,76.9500,46981243,3737991818.0800,1,0,1.03902
2024-08-26,sh.601127,81.0000,82.6800,78.2000,78.5600,80.3200,46384284,3694148220.4900,1,0,1.03902
2024-08-27,sh.601127,77.7900,77.8200,74.7900,75.5600,78.5600,41578812,3141863201.5200,1,0,1.03902
2024-08-28,sh.601127,75.0000,75.0100,70.6700,71.3600,75.5600,49148419,3557676444.4800,1,0,1.03902
2024-08-29,sh.601127,70.6600,72.7600,70.2400,71.9300,71.3600,28081959,2017839869.4000,1,0,1.03902
2024-08-30,sh.601127,71.8000,77.8000,71.5900,76.5200,71.9300,56434516,4269952344.0700,1,0,1.03902
2024-09-02,sh.601127,76.4600,77.1200,74.0000,74.0000,76.5200,33160120,2493188929.0000,1,0,1.03902
2024-09-03,sh.601127,74.0800,75.2500,73.6100,74.8500,74.0000,24310543,1814789702.1900,1,0,1.03902
2024-09-04,sh.601127,74.3700,75.2500,73.6800,74.5500,74.8500,19459336,1447311753.4400,1,0,1.03902
2024-09-05,sh.601127,74.9900,77.5000,74.6500,76.8200,74.5500,35461758,2702612470.8300,1,0,1.03902
2024-09-06,sh.601127,76.8200,78.5000,75.5700,75.6800,76.8200,35412663,2722928515.4300,1,0,1.03902
2024-09-09,sh.601127,74.9600,76.5000,74.4800,76.1800,75.6800,23842782,1796023611.9800,1,0,1.03902
2024-09-10,sh.601127,76.1900,76.7600,74.2000,75.9100,76.1800,20377575,1538988384.3200,1,0,1.03902
2024-09-11,sh.601127,75.3900,76.2000,74.8000,74.9900,75.9100,18231047,1372672370.0900,1,0,1.03902
2024-09-12,sh.601127,74.6600,76.5800,74.5700,74.7300,74.9900,19949707,1505167768.1800,1,0,1.03902
2024-09-13,sh.601127,74.6000,75.0600,73.2100,73.7400,74.7300,19541535,1446595685.6700,1,0,1.03902
2024-09-18,sh.601127,75.0000,76.5700,74.5700,75.3200,73.7400,25193116,1900173823.2400,1,0,1.03902
2024-09-19,sh.601127,76.4400,77.2000,75.1000,76.1900,75.3200,25133002,1912778412.1300,1,0,1.03902
2024-09-20,sh.601127,75.8100,77.0000,75.3000,75.5500,76.1900,18820693,1427566404.8500,1,0,1.03902
2024-09-23,sh.601127,75.6000,78.6600,75.1800,77.8200,75.5500,37610996,2915371719.3900,1,0,1.03902
2024-09-24,sh.601127,78.0900,79.0400,74.5000,78.3200,77.8200,51982961,4003770823.8700,1,0,1.03902
2024-09-25,sh.601127,78.4000,81.1500,77.8400,78.0300,78.3200,54434070,4339067962.9900,1,0,1.03902
2024-09-26,sh.601127,77.0300,80.0000,76.5000,79.8900,78.0300,47064755,3681780202.0200,1,0,1.03902
2024-09-27,sh.601127,81.8800,82.2000,80.4600,82.2000,79.8900,33282496,2710425041.9300,1,0,1.03902
2024-09-30,sh.601127,87.3200,90.4200,84.6000,90.4200,82.2000,91063017,8058182616.1800,1,0,1.03902
2024-10-08,sh.601127,99.4600,99.4600,90.4200,98.1000,90.4200,112033525,10845262403.4800,1,0,1.03902
2024-10-09,sh.601127,95.0000,95.0000,89.0000,89.0200,98.1000,82672314,7614250716.1800,1,0,1.03902
2024-10-10,sh.601127,88.8800,91.8000,85.2000,88.8000,89.0200,59308648,5269118984.0300,1,0,1.03902
2024-10-11,sh.601127,91.7700,95.2300,90.0100,92.2000,88.8000,82503733,7653480519.7100,1,0,1.03902
2024-10-14,sh.601127,92.0900,93.4900,89.1000,93.0000,92.2000,61394042,5633765823.7600,1,0,1.03902
2024-10-15,sh.601127,91.4500,95.0000,89.8800,89.8900,93.0000,56628457,5197636765.6800,1,0,1.03902
2024-10-16,sh.601127,89.8900,92.0000,89.2000,91.4000,89.8900,43557287,3948137355.1200,1,0,1.03902
2024-10-17,sh.601127,93.1800,93.5800,89.8800,90.0000,91.4000,48845264,4454115588.0100,1,0,1.03902
2024-10-18,sh.601127,86.8800,92.5000,86.1400,90.8200,90.0000,70612852,6338935023.4900,1,0,1.03902
2024-10-21,sh.601127,89.9600,92.5000,89.3800,90.3800,90.8200,61386594,5565519167.9700,1,0,1.03902
2024-10-22,sh.601127,89.5500,92.8000,89.5000,91.4200,90.3800,60413951,5532747760.1500,1,0,1.03902
2024-10-23,sh.601127,92.4400,100.5600,90.7800,100.5600,91.4200,78278083,7600542716.4400,1,0,1.03902
2024-10-24,sh.601127,103.5700,103.5700,96.1000,97.4900,100.5600,94225683,9358032862.9100,1,0,1.03902
2024-10-25,sh.601127,99.3000,99.8200,95.5000,96.3800,97.4900,58642683,5683610360.9600,1,0,1.03902
2024-10-28,sh.601127,96.3800,103.0000,95.8000,102.4700,96.3800,84678794,8464633554.1900,1,0,1.03902
2024-10-29,sh.601127,102.4700,112.5700,100.0700,109.2000,102.4700,112954133,12181816665.2200,1,0,1.03902
2024-10-30,sh.601127,106.9100,110.2800,106.1800,109.4600,109.2000,69013583,7446632408.6300,1,0,1.03902
2024-10-31,sh.601127,110.5700,120.0000,107.2800,116.7000,109.4600,107111848,12199306063.6400,1,0,1.03902
2024-11-01,sh.601127,114.3800,118.6000,112.6000,113.9300,116.7000,72490792,8320661427.4900,1,0,1.03902
2024-11-04,sh.601127,120.0000,125.3200,120.0000,125.3200,113.9300,51963686,6437597030.6700,1,0,1.03902
2024-11-05,sh.601127,129.0000,137.8500,128.0000,137.8500,125.3200,112500638,15034478742.1000,1,0,1.03902
2024-11-06,sh.601127,142.0000,145.0000,132.6000,134.2000,137.8500,138034567,19052815773.8500,1,0,1.03902
2024-11-07,sh.601127,131.5800,136.3000,130.0000,135.8700,134.2000,86479187,11483430527.2000,1,0,1.03902
2024-11-08,sh.601127,139.6000,141.2300,134.0000,134.2200,135.8700,82946452,11358634832.9900,1,0,1.03902
2024-11-11,sh.601127,131.5100,140.9500,131.5000,140.3000,134.2200,83593657,11540306697.8400,1,0,1.03902
2024-11-12,sh.601127,141.2400,142.9000,132.6000,134.5700,140.3000,86246142,11853239287.8900,1,0,1.03902
2024-11-13,sh.601127,132.7900,145.0000,130.8900,144.4300,134.5700,85251386,11740072180.8000,1,0,1.03902
2024-11-14,sh.601127,143.9800,149.4800,139.0100,140.3100,144.4300,78160706,11220793150.7900,1,0,1.03902
2024-11-15,sh.601127,138.6000,140.6500,130.7100,131.5000,140.3100,79825756,10792552409.2600,1,0,1.03902
2024-11-18,sh.601127,131.0900,132.0000,122.5300,124.7500,131.5000,76766518,9741612461.8800,1,0,1.03902
2024-11-19,sh.601127,124.9900,129.5500,122.6800,129.3900,124.7500,62150650,7827075006.4600,1,0,1.03902
2024-11-20,sh.601127,127.1000,131.3300,127.0100,129.7200,129.3900,42888455,5538804783.2900,1,0,1.03902
2024-11-21,sh.601127,128.7900,131.5800,127.6200,129.1500,129.7200,34704568,4492914131.0100,1,0,1.03902
2024-11-22,sh.601127,130.3500,130.3500,123.6800,123.9900,129.1500,37225328,4712419970.7400,1,0,1.03902
2024-11-25,sh.601127,122.5500,123.7900,118.4300,121.3500,123.9900,42595775,5149743926.1900,1,0,1.03902
2024-11-26,sh.601127,121.0000,123.9500,120.0000,120.6100,121.3500,26921500,3273401047.0200,1,0,1.03902
2024-11-27,sh.601127,122.0000,124.4800,119.3400,123.8900,120.6100,45481198,5570912675.3300,1,0,1.03902
2024-11-28,sh.601127,124.2000,124.3900,118.7600,119.2100,123.8900,38694554,4714620294.7400,1,0,1.03902
2024-11-29,sh.601127,119.2100,123.9000,116.7500,121.5900,119.2100,51426507,6170530615.7100,1,0,1.03902
2024-12-02,sh.601127,126.0000,133.7500,125.7400,133.7500,121.5900,46246878,6011340374.0900,1,0,1.03902
2024-12-03,sh.601127,140.0000,140.0000,135.2800,135.7000,133.7500,74534393,10235979678.8800,1,0,1.03902
2024-12-04,sh.601127,134.1600,139.9100,133.6800,136.8000,135.7000,49203619,6722188259.3700,1,0,1.03902
2024-12-05,sh.601127,137.0000,141.5000,136.0100,139.9800,136.8000,43143624,6007184082.4600,1,0,1.03902
2024-12-06,sh.601127,139.8800,140.8600,137.6000,138.3900,139.9800,35654628,4957665608.2900,1,0,1.03902
2024-12-09,sh.601127,139.3100,145.0000,139.1000,144.7500,138.3900,53509836,7642835422.6300,1,0,1.03902
2024-12-10,sh.601127,149.0000,149.8900,133.0000,134.5000,144.7500,101431573,14309938455.8300,1,0,1.03902
2024-12-11,sh.601127,131.5000,134.4800,129.2800,133.7200,134.5000,56923910,7515804013.7400,1,0,1.03902
2024-12-12,sh.601127,132.8600,137.4200,132.5000,136.9100,133.7200,45097420,6128000261.7100,1,0,1.03902
2024-12-13,sh.601127,136.0000,137.2000,130.0000,130.1600,136.5800,83028564,11043792381.2000,1,0,1.04153
2024-12-16,sh.601127,128.1000,131.8000,126.2800,130.7000,130.1600,39221003,5080628409.6500,1,0,1.04153
2024-12-17,sh.601127,131.0000,131.8900,128.7100,130.2100,130.7000,23490185,3059538721.1700,1,0,1.04153
2024-12-18,sh.601127,131.0000,131.5000,128.8800,129.7600,130.2100,21320798,2772989601.3200,1,0,1.04153
2024-12-19,sh.601127,128.0000,131.5000,127.5100,130.8000,129.7600,21653163,2823510215.3800,1,0,1.04153
2024-12-20,sh.601127,129.7000,131.8000,128.6800,131.1000,130.8000,23547122,3072337436.2300,1,0,1.04153
2024-12-23,sh.601127,131.2300,134.8000,130.0000,130.6800,131.1000,23742326,3134151342.7200,1,0,1.04153
2024-12-24,sh.601127,130.9000,131.5200,128.1000,131.3400,130.6800,22467418,2924366414.0000,1,0,1.04153
2024-12-25,sh.601127,131.3400,131.9300,129.0000,129.2800,131.3400,18191452,2367993825.1500,1,0,1.04153
2024-12-26,sh.601127,130.0000,136.4000,129.3600,136.0000,129.2800,47757458,6413181621.2800,1,0,1.04153
2024-12-27,sh.601127,134.8800,136.0000,133.4000,135.0800,136.0000,28771020,3873235834.6100,1,0,1.04153
2024-12-30,sh.601127,136.6000,137.7800,134.3300,134.8000,135.0800,20005890,2709847078.5200,1,0,1.04153
2024-12-31,sh.601127,135.3200,136.3900,131.4000,133.3900,134.8000,26468600,3544296643.0000,1,0,1.04153
2025-01-02,sh.601127,131.6600,131.9500,127.7700,128.5400,133.3900,31193907,4042933702.8200,1,0,1.04153
2025-01-03,sh.601127,128.8800,129.1600,124.8500,124.9800,128.5400,27243214,3448949907.4500,1,0,1.04153
2025-01-06,sh.601127,125.1300,126.9500,121.2600,124.0000,124.9800,25916247,3222245715.3600,1,0,1.04153
2025-01-07,sh.601127,124.2800,129.4800,123.2100,129.2600,124.0000,30187287,3821949644.4600,1,0,1.04153
2025-01-08,sh.601127,128.4400,128.8000,124.2800,127.7800,129.2600,25442744,3224048216.8200,1,0,1.04153
2025-01-09,sh.601127,126.5700,129.8700,126.5500,128.9600,127.7800,21061786,2708094573.2200,1,0,1.04153
2025-01-10,sh.601127,128.1400,132.3200,127.8300,128.1700,128.9600,28384784,3686239755.4800,1,0,1.04153
2025-01-13,sh.601127,130.7400,135.0000,130.0100,132.0000,128.1700,34240179,4536420714.2100,1,0,1.04153
2025-01-14,sh.601127,131.2100,139.0000,130.7000,138.7100,132.0000,49144300,6701713041.5500,1,0,1.04153
2025-01-15,sh.601127,138.0000,139.8200,136.1600,137.8000,138.7100,31098144,4274380582.6300,1,0,1.04153
2025-01-16,sh.601127,137.8900,139.6800,134.6700,135.3900,137.8000,29846718,4088001740.9500,1,0,1.04153
2025-01-17,sh.601127,134.5200,136.1300,133.3100,135.0700,135.3900,20316539,2737173130.8600,1,0,1.04153
2025-01-20,sh.601127,137.0000,138.5200,136.0000,136.6600,135.0700,23705058,3251529539.6300,1,0,1.04153
2025-01-21,sh.601127,137.0100,139.4900,135.4200,138.9100,136.6600,29266947,4028316167.3000,1,0,1.04153
2025-01-22,sh.601127,135.0000,135.8800,131.0100,131.9000,138.9100,48567851,6459729801.2300,1,0,1.04153
2025-01-23,sh.601127,133.0500,134.9800,131.4700,131.7000,131.9000,24424011,3251102025.7500,1,0,1.04153
2025-01-24,sh.601127,130.2000,132.9800,130.1100,132.8000,131.7000,21168822,2786763219.4500,1,0,1.04153
2025-01-27,sh.601127,133.0000,135.4400,131.0100,132.7900,132.8000,22615984,3006594293.1200,1,0,1.04153
2025-02-05,sh.601127,128.4000,128.4900,126.0000,127.5000,132.7900,29267036,3726418963.6900,1,0,1.04153
2025-02-06,sh.601127,126.6500,131.2900,125.0900,130.9900,127.5000,34933101,4483384114.0500,1,0,1.04153
2025-02-07,sh.601127,130.7000,134.0000,129.8200,132.6400,130.9900,36731016,4848545001.9700,1,0,1.04153
2025-02-10,sh.601127,132.0500,134.5900,131.2500,132.7700,132.6400,29002634,3842317199.5700,1,0,1.04153
2025-02-11,sh.601127,130.8900,132.5000,125.0000,125.2000,132.7700,53430034,6790497295.9000,1,0,1.04153
2025-02-12,sh.601127,121.0000,124.5600,120.1000,123.6600,125.2000,39830714,4871372964.9600,1,0,1.04153
2025-02-13,sh.601127,123.6000,124.2300,120.0000,120.0300,123.6600,39127385,4758022642.6000,1,0,1.04153
2025-02-14,sh.601127,119.9000,123.5000,119.2300,122.1700,120.0300,30880696,3770657185.7300,1,0,1.04153
2025-02-17,sh.601127,120.8600,122.3000,119.4200,121.0800,122.1700,29635318,3573377558.0000,1,0,1.04153
2025-02-18,sh.601127,121.0900,121.2400,118.1100,119.0200,121.0800,32094626,3834352048.7700,1,0,1.04153
2025-02-19,sh.601127,118.3900,120.6800,117.0100,119.4900,119.0200,30683633,3643011928.3000,1,0,1.04153
2025-02-20,sh.601127,121.5000,123.9000,120.8500,122.9600,119.4900,38317895,4696931141.3400,1,0,1.04153
2025-02-21,sh.601127,122.4300,123.4700,120.5000,122.6200,122.9600,31063513,3792217954.0600,1,0,1.04153
2025-02-24,sh.601127,121.6100,126.2000,121.2100,123.7100,122.6200,28289356,3503386694.4500,1,0,1.04153
2025-02-25,sh.601127,122.6000,129.0000,121.8000,127.9800,123.7100,49635639,6261882921.0200,1,0,1.04153
2025-02-26,sh.601127,127.0000,127.9700,125.4200,126.0600,127.9800,31436429,3982452809.6200,1,0,1.04153
2025-02-27,sh.601127,126.0600,130.3000,125.7300,126.8800,126.0600,30634608,3922540752.2800,1,0,1.04153
2025-02-28,sh.601127,125.6000,125.6700,121.5000,121.5100,126.8800,28811253,3545654756.5100,1,0,1.04153
2025-03-03,sh.601127,122.7200,124.4600,121.5200,122.5000,121.5100,18953191,2332610287.6700,1,0,1.04153
2025-03-04,sh.601127,122.5100,123.5000,120.6600,122.9000,122.5000,14804362,1808602621.3900,1,0,1.04153
2025-03-05,sh.601127,123.8800,127.9900,123.5000,126.6000,122.9000,31690208,3982678764.3300,1,0,1.04153
2025-03-06,sh.601127,127.7000,136.0000,127.7000,134.8700,126.6000,65101061,8718570839.7000,1,0,1.04153
2025-03-07,sh.601127,136.2100,137.9800,133.2000,134.5400,134.8700,41363236,5607384706.6600,1,0,1.04153
2025-03-10,sh.601127,137.7200,137.7500,131.2800,132.8500,134.5400,31478362,4183075543.9600,1,0,1.04153
2025-03-11,sh.601127,130.4800,131.7400,128.8600,130.8600,132.8500,22380869,2909818516.9300,1,0,1.04153
2025-03-12,sh.601127,132.1000,132.7700,128.6000,128.8000,130.8600,20943617,2729556425.3700,1,0,1.04153
2025-03-13,sh.601127,128.6700,128.6700,125.0100,126.3400,128.8000,23637092,2983990195.6900,1,0,1.04153
2025-03-14,sh.601127,126.3400,130.3500,126.3400,129.4200,126.3400,28118688,3609264011.4000,1,0,1.04153
2025-03-17,sh.601127,130.5600,130.9000,127.6000,127.8700,129.4200,16414146,2106622352.8900,1,0,1.04153
2025-03-18,sh.601127,128.0000,128.8600,126.8400,128.1600,127.8700,14676041,1876814074.1900,1,0,1.04153
2025-03-19,sh.601127,127.8000,128.7300,126.0200,127.3200,128.1600,14555123,1851400334.6100,1,0,1.04153
2025-03-20,sh.601127,127.3200,130.0000,126.4800,127.9300,127.3200,18113106,2322741808.6900,1,0,1.04153
2025-03-21,sh.601127,128.4000,130.2500,124.0000,124.3800,127.9300,28345802,3559652924.4300,1,0,1.04153
2025-03-24,sh.601127,123.8300,125.2100,122.6700,124.4600,124.3800,15057083,1867158039.8100,1,0,1.04153
2025-03-25,sh.601127,124.4700,124.6600,122.2500,122.4000,124.4600,13859427,1704262606.0000,1,0,1.04153
2025-03-26,sh.601127,121.6200,124.2000,121.6100,123.7000,122.4000,13253203,1628778784.0300,1,0,1.04153
2025-03-27,sh.601127,123.5000,128.2300,122.6500,126.9000,123.7000,26399776,3345300014.8700,1,0,1.04153
2025-03-28,sh.601127,127.0000,128.3300,126.0300,127.0800,126.9000,16903736,2155686720.1500,1,0,1.04153
2025-03-31,sh.601127,127.0700,127.7000,124.7000,125.8900,127.0800,15051170,1896925914.8700,1,0,1.04153
2025-04-01,sh.601127,126.8800,128.2200,124.3000,125.8200,125.8900,16884434,2132002037.7600,1,0,1.04153
2025-04-02,sh.601127,125.8100,126.5000,124.5600,125.3100,125.8200,12071787,1513931922.4700,1,0,1.04153
2025-04-03,sh.601127,124.3100,125.8000,124.1000,124.6000,125.3100,11398468,1423169874.7800,1,0,1.04153
2025-04-07,sh.601127,119.3300,121.2500,112.1400,113.8000,124.6000,46300966,5371513408.9400,1,0,1.04153
2025-04-08,sh.601127,114.5000,122.8000,114.5000,121.8000,113.8000,39334168,4602523187.2100,1,0,1.04153
2025-04-09,sh.601127,119.0000,125.0000,116.6300,125.0000,121.8000,34858963,4245570406.9700,1,0,1.04153
2025-04-10,sh.601127,127.4000,127.7000,125.4900,126.5000,125.0000,25117704,3182808799.3500,1,0,1.04153
2025-04-11,sh.601127,126.5000,127.7500,126.0100,127.2300,126.5000,16971406,2155678724.0700,1,0,1.04153
2025-04-14,sh.601127,131.9100,135.5600,130.5300,134.9600,127.2300,42614192,5702391859.3200,1,0,1.04153
2025-04-15,sh.601127,134.9600,135.1800,132.5100,134.4000,134.9600,23414195,3134137807.2700,1,0,1.04153
2025-04-16,sh.601127,137.3000,137.8500,134.0000,136.0000,134.4000,29675835,4015767908.7100,1,0,1.04153
2025-04-17,sh.601127,133.0000,133.8400,128.7800,130.7600,136.0000,32594508,4264805390.3300,1,0,1.04153
2025-04-18,sh.601127,128.6600,130.7900,128.0000,130.6100,130.7600,13734919,1778004304.8500,1,0,1.04153
2025-04-21,sh.601127,131.6600,132.4000,130.0900,130.6000,130.6100,12815489,1679702994.9400,1,0,1.04153
2025-04-22,sh.601127,130.0000,131.2200,129.7800,129.8000,130.6000,10838895,1412608799.3000,1,0,1.04153
2025-04-23,sh.601127,131.3000,131.6900,128.5000,129.3900,129.8000,15757685,2048625401.1100,1,0,1.04153
2025-04-24,sh.601127,128.6000,132.0000,128.6000,128.8600,129.3900,14541315,1887982421.8000,1,0,1.04153
2025-04-25,sh.601127,129.0000,129.8000,128.2000,128.9900,128.8600,10463638,1349380135.3700,1,0,1.04153
2025-04-28,sh.601127,128.5700,128.6600,127.2500,127.2500,128.9900,11755289,1503254129.8700,1,0,1.04153
2025-04-29,sh.601127,127.2500,127.8700,125.8000,126.7900,127.2500,12594686,1596666846.1400,1,0,1.04153
2025-04-30,sh.601127,128.4000,131.0000,127.7100,130.2800,126.7900,23198120,3010963925.7600,1,0,1.04153
2025-05-06,sh.601127,130.7700,131.2800,129.3100,130.0300,130.2800,15634425,2032038360.5100,1,0,1.04153
2025-05-07,sh.601127,131.9800,132.0000,129.0400,130.0000,130.0300,15798512,2053872796.3400,1,0,1.04153
2025-05-08,sh.601127,129.3200,130.1300,128.6000,128.6800,130.0000,13075280,1688847846.9700,1,0,1.04153
2025-05-09,sh.601127,128.9700,129.2600,127.5300,128.3600,128.6800,10175587,1305748892.3000,1,0,1.04153
2025-05-12,sh.601127,128.9000,129.0900,127.6700,129.0900,128.3600,13169696,1692871312.3300,1,0,1.04153
2025-05-13,sh.601127,129.0900,129.0900,127.3500,127.4500,128.1200,10719007,1371511747.4800,1,0,1.049416
2025-05-14,sh.601127,127.4500,132.0000,126.5100,130.1700,127.4500,24430606,3169031896.1800,1,0,1.049416
2025-05-15,sh.601127,129.3600,131.1300,128.0300,128.5000,130.1700,13769014,1779929799.3000,1,0,1.049416
2025-05-16,sh.601127,128.4800,130.2500,128.1000,129.8000,128.5000,13757404,1779657676.0600,1,0,1.049416
2025-05-19,sh.601127,129.4000,129.5000,127.5000,129.4000,129.8000,12027211,1546037006.3100,1,0,1.049416
2025-05-20,sh.601127,129.4000,131.0000,129.3800,130.5000,129.4000,17522814,2284160219.0000,1,0,1.049416
2025-05-21,sh.601127,130.3000,134.5000,130.1100,133.5000,130.5000,33253443,4434574478.7500,1,0,1.049416
2025-05-22,sh.601127,133.0100,134.9100,132.5000,132.6100,133.5000,22407770,2996787090.0300,1,0,1.049416
2025-05-23,sh.601127,132.8800,145.8700,132.8800,145.8700,132.6100,75063516,10675789482.4600,1,0,1.049416
2025-05-26,sh.601127,144.0000,144.9800,138.0000,139.7000,145.8700,49114912,6939097339.0800,1,0,1.049416
2025-05-27,sh.601127,139.6600,141.3900,137.7300,138.2100,139.7000,20001880,2772803795.3000,1,0,1.049416
2025-05-28,sh.601127,138.5000,138.9800,133.9200,134.0500,138.2100,23437382,3182594738.2300,1,0,1.049416
2025-05-29,sh.601127,133.6800,138.1500,133.6800,135.0800,134.0500,25270502,3427895450.9800,1,0,1.049416
2025-05-30,sh.601127,135.1000,138.6600,134.5500,136.0200,135.0800,22987424,3149749575.3700,1,0,1.049416
2025-06-03,sh.601127,136.0000,137.5500,134.1500,134.6000,136.0200,17913319,2428494407.8900,1,0,1.049416
2025-06-04,sh.601127,134.6600,135.1000,133.5600,133.9700,134.6000,12241306,1640877777.1000,1,0,1.049416
2025-06-05,sh.601127,134.7000,134.8000,133.2900,134.0800,133.9700,11359754,1521797962.4200,1,0,1.049416
2025-06-06,sh.601127,134.0000,134.3000,131.7200,133.1600,134.0800,13639772,1813136878.7200,1,0,1.049416
2025-06-09,sh.601127,133.6500,135.1000,132.8000,134.1000,133.1600,15525298,2083256258.7800,1,0,1.049416
2025-06-10,sh.601127,134.1000,136.3800,132.3500,133.1100,134.1000,20535082,2752538208.6400,1,0,1.049416
2025-06-11,sh.601127,133.1900,135.4000,133.1900,133.5800,133.1100,18723642,2513503648.8100,1,0,1.049416
2025-06-12,sh.601127,133.5000,135.5000,131.4200,134.6400,133.5800,23979461,3194866640.8700,1,0,1.049416
2025-06-13,sh.601127,133.8000,133.8000,130.7600,130.7700,134.6400,21932201,2890472581.7100,1,0,1.049416
2025-06-16,sh.601127,130.1600,131.5000,129.7500,131.1100,130.7700,11946358,1563226954.0500,1,0,1.049416
2025-06-17,sh.601127,131.6000,132.3700,129.6600,129.8600,131.1100,12742406,1661907754.4800,1,0,1.049416
2025-06-18,sh.601127,129.8000,131.3300,129.0600,130.7500,129.8600,11342587,1477486716.4900,1,0,1.049416
2025-06-19,sh.601127,130.9800,134.5000,130.3000,131.1600,130.7500,17131202,2266394307.8000,1,0,1.049416
2025-06-20,sh.601127,131.2900,131.9900,130.8000,131.2700,131.1600,9753163,1281758455.0900,1,0,1.049416
2025-06-23,sh.601127,130.7700,132.5000,129.6200,132.3400,131.2700,11010213,1448586632.3900,1,0,1.049416
2025-06-24,sh.601127,133.7500,134.7000,132.6900,132.8900,132.3400,18945224,2530866706.4600,1,0,1.049416
2025-06-25,sh.601127,133.3300,137.2100,132.9700,135.2200,132.8900,21555966,2914383443.5100,1,0,1.049416
2025-06-26,sh.601127,134.8800,135.6900,133.3900,135.3000,135.2200,16984953,2282449705.4000,1,0,1.049416
2025-06-27,sh.601127,134.3000,134.8800,132.2600,132.7300,135.3000,16828390,2246167752.4600,1,0,1.049416
2025-06-30,sh.601127,132.6000,135.3600,132.6000,134.3200,132.7300,14478291,1945134634.7900,1,0,1.049416
2025-07-01,sh.601127,134.6000,138.0000,134.6000,136.5100,134.3200,19502459,2660952676.4000,1,0,1.049416
2025-07-02,sh.601127,136.5100,137.4900,134.0000,134.4000,136.5100,14152010,1915469632.1800,1,0,1.049416
2025-07-03,sh.601127,134.9300,136.7900,134.0000,135.5900,134.4000,14289484,1933398497.8000,1,0,1.049416
2025-07-04,sh.601127,135.5000,136.9000,133.8200,135.0800,135.5900,16721322,2264748207.4500,1,0,1.049416
2025-07-07,sh.601127,135.2000,137.5000,135.1700,136.5100,135.0800,17316848,2365870408.3200,1,0,1.049416
2025-07-08,sh.601127,136.5100,141.3900,135.8800,139.6800,136.5100,25597342,3550481970.2000,1,0,1.049416
2025-07-09,sh.601127,139.2300,140.7300,138.3900,139.6300,139.6800,15964958,2225947773.5900,1,0,1.049416
2025-07-10,sh.601127,139.2200,139.8500,137.7500,138.4400,139.6300,15515170,2151966994.4500,1,0,1.049416
2025-07-11,sh.601127,133.4000,134.0100,130.8000,131.9900,138.4400,51142659,6767785198.3500,1,0,1.049416
2025-07-14,sh.601127,132.0900,132.2800,129.0000,130.0300,131.9900,26046256,3389460171.0500,1,0,1.049416
2025-07-15,sh.601127,130.0400,130.7000,129.6800,130.1200,130.0300,15439919,2008890748.8300,1,0,1.049416
2025-07-16,sh.601127,130.9500,130.9500,129.0000,129.0800,130.1200,20469075,2647840461.5800,1,0,1.049416
2025-07-17,sh.601127,128.7000,130.4500,127.6800,130.4000,129.0800,24387722,3148897168.2400,1,0,1.049416
2025-07-18,sh.601127,130.4500,130.8000,129.8200,130.2000,130.4000,12846672,1672200662.7000,1,0,1.049416
2025-07-21,sh.601127,130.1800,130.3200,129.3400,129.5500,130.2000,14443732,1873720406.3200,1,0,1.049416
2025-07-22,sh.601127,129.3000,129.5000,128.6700,129.2700,129.5500,14013923,1807875620.3700,1,0,1.049416
2025-07-23,sh.601127,129.0100,130.5000,128.8000,129.8800,129.2700,14396896,1869063945.0000,1,0,1.049416
2025-07-24,sh.601127,129.4400,129.9500,129.0000,129.4200,129.8800,16314426,2109443597.8200,1,0,1.049416
2025-07-25,sh.601127,129.4300,129.8800,129.0200,129.1600,129.4200,13523460,1748967102.5500,1,0,1.049416
2025-07-28,sh.601127,129.7000,131.4400,129.1600,130.4100,129.1600,17222135,2244342570.4800,1,0,1.049416
2025-07-29,sh.601127,130.9900,130.9900,129.1000,129.3200,130.4100,15155301,1962811262.6000,1,0,1.049416
2025-07-30,sh.601127,129.0100,129.7800,128.3700,128.7600,129.3200,13713536,1767441507.8500,1,0,1.049416
2025-07-31,sh.601127,128.3200,128.5600,126.7500,126.9100,128.7600,18212230,2323551395.9900,1,0,1.049416
2025-08-01,sh.601127,126.8200,129.0500,126.2600,128.4500,126.9100,14161478,1816300676.0100,1,0,1.049416
2025-08-04,sh.601127,128.0000,128.0000,127.1600,127.6600,128.4500,9812059,1251490378.8200,1,0,1.049416
2025-08-05,sh.601127,127.6800,128.8800,127.2000,127.7600,127.6600,11171619,1428577117.4600,1,0,1.049416
2025-08-06,sh.601127,127.8000,129.5000,127.1800,128.7000,127.7600,12371881,1588151090.7800,1,0,1.049416
2025-08-07,sh.601127,128.5600,128.6000,127.7000,127.8700,128.7000,10522416,1346497853.7700,1,0,1.049416
2025-08-08,sh.601127,127.7000,127.7000,126.6200,126.7000,127.8700,12362149,1567778001.2000,1,0,1.049416
2025-08-11,sh.601127,126.6700,128.6000,126.6600,128.1500,126.7000,13083264,1671092830.7300,1,0,1.049416
2025-08-12,sh.601127,128.8000,131.2200,128.8000,129.8900,128.1500,23008228,2994809052.9300,1,0,1.049416
2025-08-13,sh.601127,128.7000,129.5000,128.3000,128.9200,129.8900,17025634,2193475129.7600,1,0,1.049416
2025-08-14,sh.601127,129.0100,129.7800,127.8600,128.0000,128.9200,14207746,1828894054.2700,1,0,1.049416
2025-08-15,sh.601127,127.5000,129.5000,127.2600,128.6000,128.0000,18448725,2373327601.3700,1,0,1.049416
2025-08-18,sh.601127,128.5500,130.0000,127.4700,128.8800,128.6000,25785991,3324002155.1800,1,0,1.049416
2025-08-19,sh.601127,128.4100,133.3300,128.4100,131.4700,128.8800,42177607,5523671533.7600,1,0,1.049416
2025-08-20,sh.601127,130.5000,132.0700,129.3800,131.8000,131.4700,27931772,3646736446.2900,1,0,1.049416
2025-08-21,sh.601127,132.0000,135.5000,131.5000,132.0000,131.8000,30018969,3992607746.6500,1,0,1.049416
2025-08-22,sh.601127,132.3000,134.6000,132.3000,133.9600,132.0000,30662761,4100292046.1000,1,0,1.049416
2025-08-25,sh.601127,134.3400,136.9900,133.0000,135.8700,133.9600,42618478,5743801126.8200,1,0,1.049416
2025-08-26,sh.601127,135.8700,136.4800,133.8800,134.5700,135.8700,29769787,4014096487.8400,1,0,1.049416
2025-08-27,sh.601127,135.0200,137.5000,131.6500,131.8200,134.5700,40706923,5481474751.1600,1,0,1.049416
2025-08-28,sh.601127,131.0100,131.9400,128.6400,131.3800,131.8200,30120866,3934813468.2300,1,0,1.049416
2025-08-29,sh.601127,131.3600,138.8400,130.7400,136.9100,131.3800,62188556,8469690674.3300,1,0,1.049416
2025-09-01,sh.601127,138.9000,145.3000,138.8800,143.8900,136.9100,54637774,7807271115.6100,1,0,1.049416
2025-09-02,sh.601127,143.0000,150.8800,142.6500,146.9400,143.8900,58680219,8596149598.8900,1,0,1.049416
2025-09-03,sh.601127,149.5800,153.0000,146.7400,147.6600,146.9400,49770209,7456703959.1800,1,0,1.049416
2025-09-04,sh.601127,147.3500,151.9800,145.6700,148.3000,147.6600,47724583,7079741329.2500,1,0,1.049416
2025-09-05,sh.601127,149.0000,149.6900,138.5000,146.5000,148.3000,73154032,10485335510.6800,1,0,1.049416
2025-09-08,sh.601127,146.3000,149.9400,141.3600,143.1500,146.5000,43623442,6323127014.3900,1,0,1.049416
2025-09-09,sh.601127,143.0000,144.0000,139.5000,139.9800,143.1500,30026047,4248993570.8900,1,0,1.049416
2025-09-10,sh.601127,140.0000,141.2100,138.0300,138.5700,139.9800,22427504,3115981342.0200,1,0,1.049416
2025-09-11,sh.601127,138.0000,139.3900,136.5400,139.3900,138.5700,28978788,3998079643.5600,1,0,1.049416
2025-09-12,sh.601127,139.4000,140.2000,138.0700,138.3000,139.3900,22048762,3061752507.0400,1,0,1.049416
2025-09-15,sh.601127,140.0000,144.8700,140.0000,142.5000,138.3000,44323419,6325075413.8600,1,0,1.049416
2025-09-16,sh.601127,143.0000,143.0000,140.0300,140.7900,142.5000,24022457,3388854995.0800,1,0,1.049416
2025-09-17,sh.601127,140.2000,141.8000,139.3100,141.0800,140.7900,24186711,3393646683.6400,1,0,1.049416
2025-09-18,sh.601127,141.0600,147.7600,140.6300,143.1000,141.0800,51686328,7458972998.8700,1,0,1.049416
2025-09-19,sh.601127,143.1000,144.7800,141.4100,143.6000,143.1000,26398356,3776818349.9800,1,0,1.049416
2025-09-22,sh.601127,143.9000,145.0000,140.7100,144.7000,143.6000,31565470,4510604545.4400,1,0,1.049416
2025-09-23,sh.601127,144.3200,144.3200,139.5200,142.0000,144.7000,27490850,3887993353.6800,1,0,1.049416
2025-09-24,sh.601127,139.0000,144.9900,138.0100,143.3500,142.0000,35137329,4989953570.2900,1,0,1.049416
2025-09-25,sh.601127,140.0000,150.0000,139.5000,148.6500,143.3500,62425521,9141412042.8300,1,0,1.049416
2025-09-26,sh.601127,152.0000,163.5200,151.6200,157.2200,148.6500,99743563,16002434024.3800,1,0,1.049416
2025-09-29,sh.601127,158.0000,159.9000,154.4900,159.1900,157.2200,56773332,8948054814.8700,1,0,1.049416
2025-09-30,sh.601127,161.1000,174.6600,160.2800,171.5700,159.1900,63629032,10731974785.2300,1,0,1.049416
2025-10-09,sh.601127,173.5000,173.5000,158.7700,160.0000,171.5700,79427825,12953281518.3000,1,0,1.049416
2025-10-10,sh.601127,165.0000,172.0000,165.0000,167.6700,160.0000,63593789,10728546442.1400,1,0,1.049416
2025-10-13,sh.601127,161.0000,166.7000,159.0800,161.5000,167.6700,50171759,8108659251.8600,1,0,1.049416
2025-10-14,sh.601127,163.3000,165.8000,159.2100,159.5300,161.5000,34513766,5596504163.2800,1,0,1.049416
2025-10-15,sh.601127,159.7500,160.9800,155.7500,160.5500,159.5300,26884187,4263210822.8800,1,0,1.049416
2025-10-16,sh.601127,160.5500,163.3500,159.6300,160.5500,160.5500,24786130,3997544827.9300,1,0,1.049416
2025-10-17,sh.601127,159.0000,159.8400,155.0100,155.0800,160.5500,27969858,4393135461.5900,1,0,1.049416
2025-10-20,sh.601127,157.5800,157.5800,154.7000,155.7000,155.0800,17024654,2658009446.0400,1,0,1.049416
2025-10-21,sh.601127,156.5000,158.8900,154.6600,158.0400,155.7000,21226584,3332311755.5300,1,0,1.049416
2025-10-22,sh.601127,157.0200,158.7500,156.5800,157.1400,158.0400,11927078,1878350508.7900,1,0,1.049416
2025-10-23,sh.601127,157.0000,160.2000,155.8000,158.4700,157.1400,21851227,3454083490.6400,1,0,1.049416
2025-10-24,sh.601127,158.2800,160.8800,157.6800,160.0100,158.4700,20307764,3237533157.6900,1,0,1.049416
2025-10-27,sh.601127,159.8700,161.5800,156.8800,159.0300,160.0100,25655068,4088575803.7900,1,0,1.049416
2025-10-28,sh.601127,158.0300,160.5000,157.0900,159.0000,159.0300,20243085,3211901321.1500,1,0,1.049416
2025-10-29,sh.601127,159.0000,164.0000,158.8200,163.9900,159.0000,27451029,4453933337.4400,1,0,1.049416
2025-10-30,sh.601127,164.0200,165.3300,160.6100,162.9400,163.6800,27219791,4437220803.1900,1,0,1.051403
2025-10-31,sh.601127,156.4300,158.4000,155.1600,155.1900,162.9400,40465957,6329428592.6600,1,0,1.051403
2025-11-03,sh.601127,156.0000,156.6600,152.0500,152.8100,155.1900,20110242,3087510482.9400,1,0,1.051403
2025-11-04,sh.601127,152.8000,155.4100,152.0600,154.6300,152.8100,19089442,2934329524.7300,1,0,1.051403
2025-11-05,sh.601127,150.0000,150.0000,145.5000,146.0300,154.6300,36275070,5344525730.9500,1,0,1.051403
2025-11-06,sh.601127,145.0000,145.0000,139.9000,142.1300,146.0300,39924734,5662986328.8000,1,0,1.051403
2025-11-07,sh.601127,140.9000,141.7300,137.2600,138.5700,142.1300,35571811,4947266157.2400,1,0,1.051403
2025-11-10,sh.601127,138.2300,139.6900,137.1900,138.6500,138.5700,23498072,3258955226.4800,1,0,1.051403
2025-11-11,sh.601127,139.0000,139.3000,133.4800,133.8400,138.6500,35159097,4750045976.4100,1,0,1.051403
2025-11-12,sh.601127,133.0100,137.0000,131.8000,135.6900,133.8400,28447205,3847204586.7700,1,0,1.051403
2025-11-13,sh.601127,135.7000,136.7600,133.0500,136.3500,135.6900,20392292,2756896570.0600,1,0,1.051403
2025-11-14,sh.601127,134.9400,136.5700,134.8000,135.2000,136.3500,14129406,1915750955.1200,1,0,1.051403
2025-11-17,sh.601127,134.0000,134.3100,132.8800,133.6200,135.2000,15328396,2044957254.6400,1,0,1.051403
2025-11-18,sh.601127,133.0100,133.3500,131.2300,131.3700,133.6200,16756105,2212691252.3300,1,0,1.051403
2025-11-19,sh.601127,130.6800,131.8700,129.6300,129.9300,131.3700,16680667,2176529067.7400,1,0,1.051403
2025-11-20,sh.601127,129.6500,130.6900,126.6000,126.6700,129.9300,24174863,3093528221.1000,1,0,1.051403
2025-11-21,sh.601127,124.4600,126.7000,123.4000,123.4000,126.6700,24923273,3110380871.4400,1,0,1.051403
2025-11-24,sh.601127,123.4200,125.5000,122.3700,124.5000,123.4000,24316973,3022901682.1000,1,0,1.051403
2025-11-25,sh.601127,125.1800,127.1600,124.7500,124.8500,124.5000,21831817,2747561147.7500,1,0,1.051403
2025-11-26,sh.601127,124.9900,125.4000,123.8400,125.1000,124.8500,12572383,1569932034.6200,1,0,1.051403
2025-11-27,sh.601127,125.1000,126.8300,124.6500,125.5700,125.1000,14776141,1859268075.5000,1,0,1.051403
2025-11-28,sh.601127,127.2000,127.3200,125.0200,126.1900,125.5700,15707054,1978720998.6600,1,0,1.051403
2025-12-01,sh.601127,126.2100,131.2200,126.2000,131.2200,126.1900,27359544,3548961058.2800,1,0,1.051403
2025-12-02,sh.601127,131.1600,131.2000,128.2500,128.9000,131.2200,17356470,2242740606.7700,1,0,1.051403
2025-12-03,sh.601127,128.4600,128.8800,126.7000,126.8700,128.9000,12372746,1574758045.8300,1,0,1.051403
2025-12-04,sh.601127,126.2400,126.6600,124.6000,125.9900,126.8700,11585526,1455260623.3200,1,0,1.051403
2025-12-05,sh.601127,126.1000,126.6900,124.8300,126.1100,125.9900,12267751,1538583298.1800,1,0,1.051403
2025-12-08,sh.601127,126.0600,126.3800,124.8200,125.5800,126.1100,13749055,1725361384.7300,1,0,1.051403
2025-12-09,sh.601127,125.1000,125.8800,123.8700,124.0000,125.5800,15848614,1976214628.3600,1,0,1.051403
2025-12-10,sh.601127,123.5000,124.5600,122.5600,124.4400,124.0000,13381177,1654653281.7400,1,0,1.051403
2025-12-11,sh.601127,124.3800,124.8000,122.0000,122.3000,124.4400,16633150,2046855538.8700,1,0,1.051403
2025-12-12,sh.601127,121.8900,122.8000,118.5100,122.3700,122.3000,20281948,2454767307.7400,1,0,1.051403
2025-12-15,sh.601127,120.8600,121.8500,119.5000,119.5000,122.3700,14124576,1703293787.3100,1,0,1.051403
2025-12-16,sh.601127,122.0000,125.0000,119.8500,123.3100,119.5000,31466724,3863443993.4200,1,0,1.051403
2025-12-17,sh.601127,122.0100,122.0100,119.9500,121.5500,123.3100,19814053,2392794067.4600,1,0,1.051403
2025-12-18,sh.601127,120.2000,120.7000,119.5000,119.5000,121.5500,12585634,1510772974.9500,1,0,1.051403
2025-12-19,sh.601127,118.8800,121.3000,118.8300,120.6000,119.5000,12797729,1541688516.5300,1,0,1.051403
2025-12-22,sh.601127,121.5000,123.3800,121.3600,121.4200,120.6000,14188621,1734256488.0400,1,0,1.051403
2025-12-23,sh.601127,120.6500,121.0000,119.3000,119.6400,121.4200,14519176,1742004939.8100,1,0,1.051403
2025-12-24,sh.601127,119.4300,120.3800,118.7100,119.7000,119.6400,12847852,1532437971.3000,1,0,1.051403
2025-12-25,sh.601127,119.7000,119.7000,118.8000,119.1100,119.7000,10930974,1301577066.2200,1,0,1.051403
2025-12-26,sh.601127,119.0000,122.9500,118.8700,120.6700,119.1100,22208028,2692402072.6200,1,0,1.051403
2025-12-29,sh.601127,120.6600,122.3200,119.8600,120.3600,120.6700,14633544,1771165832.3800,1,0,1.051403
2025-12-30,sh.601127,120.6000,121.8500,119.5800,121.3400,120.3600,14710022,1781782283.8400,1,0,1.051403
2025-12-31,sh.601127,122.8800,125.3000,120.8900,120.9600,121.3400,21397063,2626090912.0500,1,0,1.051403
