date,code,open,high,low,close,preclose,volume,amount,tradestatus,isST,backAdjustFactor
2018-01-02,sh.601899,4.6600,4.7800,4.4800,4.6100,4.5900,904969248,4168940614.0000,1,0,1.844945
2018-01-03,sh.601899,4.6100,4.7800,4.5500,4.6300,4.6100,800586912,3721553056.0000,1,0,1.844945
2018-01-04,sh.601899,4.5600,4.7500,4.5000,4.6900,4.6300,745690608,3456677303.0000,1,0,1.844945
2018-01-05,sh.601899,4.7000,4.8500,4.6100,4.6300,4.6900,709989440,3365816802.0000,1,0,1.844945
2018-01-08,sh.601899,4.5800,4.9000,4.5500,4.8500,4.6300,750815232,3580414036.0000,1,0,1.844945
2018-01-09,sh.601899,4.8300,4.9600,4.7500,4.8100,4.8500,555580464,2691874245.0000,1,0,1.844945
2018-01-10,sh.601899,4.7800,4.9200,4.7600,4.8200,4.8100,409991184,1978303847.0000,1,0,1.844945
2018-01-11,sh.601899,4.8200,4.8900,4.6800,4.7200,4.8200,366501664,1740009788.0000,1,0,1.844945
2018-01-12,sh.601899,4.7000,4.7100,4.6000,4.6400,4.7200,365856912,1702481808.0000,1,0,1.844945
2018-01-15,sh.601899,4.6900,4.7800,4.6000,4.7100,4.6400,421465792,1981633411.0000,1,0,1.844945
2018-01-16,sh.601899,4.7100,4.7300,4.6200,4.7000,4.7100,311944432,1456838523.0000,1,0,1.844945
2018-01-17,sh.601899,4.6300,4.6300,4.4500,4.4600,4.7000,444916720,2017206958.0000,1,0,1.844945
2018-01-18,sh.601899,4.4200,4.5200,4.4000,4.4800,4.4600,248575487,1110672768.0000,1,0,1.844945
2018-01-19,sh.601899,4.4800,4.5200,4.4000,4.5100,4.4800,317515504,1417287849.0000,1,0,1.844945
2018-01-22,sh.601899,4.4800,4.5700,4.4500,4.5600,4.5100,280803440,1267011573.0000,1,0,1.844945
2018-01-23,sh.601899,4.5700,4.6300,4.4900,4.6100,4.5600,302481152,1384968836.0000,1,0,1.844945
2018-01-24,sh.601899,4.5500,4.5500,4.4200,4.5200,4.6100,398778768,1786094956.0000,1,0,1.844945
2018-01-25,sh.601899,4.7500,4.9600,4.6900,4.9000,4.5200,876609248,4242586241.0000,1,0,1.844945
2018-01-26,sh.601899,4.8100,4.9000,4.7800,4.8800,4.9000,417327696,2018676291.0000,1,0,1.844945
2018-01-29,sh.601899,4.8800,5.1200,4.8700,5.0400,4.8800,662433568,3333594628.0000,1,0,1.844945
2018-01-30,sh.601899,4.9800,5.1200,4.9000,4.9400,5.0400,450541952,2259405129.0000,1,0,1.844945
2018-01-31,sh.601899,4.8700,5.1500,4.8200,5.1300,4.9400,511292656,2557821534.0000,1,0,1.844945
2018-02-01,sh.601899,5.1300,5.2300,5.0100,5.0800,5.1300,577300304,2942522529.0000,1,0,1.844945
2018-02-02,sh.601899,5.0200,5.5000,4.8300,5.3800,5.0800,595392544,3077204377.0000,1,0,1.844945
2018-02-05,sh.601899,5.2100,5.5300,5.1800,5.4100,5.3800,586541200,3163354010.0000,1,0,1.844945
2018-02-06,sh.601899,5.3000,5.5500,5.1000,5.3000,5.4100,722180192,3834685965.0000,1,0,1.844945
2018-02-07,sh.601899,5.3900,5.4300,4.9800,5.1200,5.3000,611264224,3196141141.0000,1,0,1.844945
2018-02-08,sh.601899,4.8900,4.9500,4.6100,4.6900,5.1200,577049296,2749736918.0000,1,0,1.844945
2018-02-09,sh.601899,4.4600,4.5500,4.2200,4.3700,4.6900,649434384,2814751716.0000,1,0,1.844945
2018-02-12,sh.601899,4.3400,4.4500,4.1600,4.3900,4.3700,336628208,1455777849.0000,1,0,1.844945
2018-02-13,sh.601899,4.4500,4.5100,4.3500,4.4200,4.3900,328270192,1456919583.0000,1,0,1.844945
2018-02-14,sh.601899,4.5300,4.6200,4.4400,4.5900,4.4200,325366480,1478247299.0000,1,0,1.844945
2018-02-22,sh.601899,4.6500,4.8200,4.5800,4.7700,4.5900,319993792,1513264830.0000,1,0,1.844945
2018-02-23,sh.601899,4.8300,4.8800,4.6800,4.8200,4.7700,260541903,1244804557.0000,1,0,1.844945
2018-02-26,sh.601899,4.8500,4.9500,4.7200,4.8900,4.8200,338513152,1639762325.0000,1,0,1.844945
2018-02-27,sh.601899,4.8800,4.8800,4.6600,4.7000,4.8900,368811456,1748334003.0000,1,0,1.844945
2018-02-28,sh.601899,4.5700,4.7100,4.5100,4.6000,4.7000,279989616,1286793739.0000,1,0,1.844945
2018-03-01,sh.601899,4.5500,4.6900,4.5200,4.6800,4.6000,251600854,1164974491.0000,1,0,1.844945
2018-03-02,sh.601899,4.6000,4.6800,4.5500,4.6100,4.6800,170169220,785565427.0000,1,0,1.844945
2018-03-05,sh.601899,4.6200,4.6500,4.5600,4.6100,4.6100,178464875,822677049.0000,1,0,1.844945
2018-03-06,sh.601899,4.6200,4.6500,4.4400,4.5900,4.6100,399975536,1820549644.0000,1,0,1.844945
2018-03-07,sh.601899,4.6200,4.6500,4.4900,4.5400,4.5900,228842371,1048768489.0000,1,0,1.844945
2018-03-08,sh.601899,4.6200,4.9400,4.6200,4.8200,4.5400,635166624,3040178320.0000,1,0,1.844945
2018-03-09,sh.601899,4.7800,4.8000,4.7000,4.7700,4.8200,341002784,1618334429.0000,1,0,1.844945
2018-03-12,sh.601899,4.8300,4.8900,4.7400,4.8100,4.7700,413033856,1993447308.0000,1,0,1.844945
2018-03-13,sh.601899,4.7600,4.8300,4.7300,4.7700,4.8100,226292637,1079793154.0000,1,0,1.844945
2018-03-14,sh.601899,4.7500,4.9100,4.7400,4.8800,4.7700,372302256,1801815221.0000,1,0,1.844945
2018-03-15,sh.601899,4.8600,4.9400,4.7900,4.8400,4.8800,282543312,1372284305.0000,1,0,1.844945
2018-03-16,sh.601899,4.8000,4.8200,4.7200,4.7200,4.8400,225419309,1073972294.0000,1,0,1.844945
2018-03-19,sh.601899,4.6600,4.6600,4.5400,4.5800,4.7200,261132788,1196628789.0000,1,0,1.844945
2018-03-20,sh.601899,4.5400,4.5800,4.5100,4.5700,4.5800,170123686,773451388.0000,1,0,1.844945
2018-03-21,sh.601899,4.5500,4.6500,4.5200,4.6200,4.5700,213658188,976944842.0000,1,0,1.844945
2018-03-22,sh.601899,4.6500,4.6800,4.5100,4.5700,4.6200,209454663,961274662.0000,1,0,1.844945
2018-03-23,sh.601899,4.4100,4.5900,4.3100,4.5400,4.5700,519486464,2320704777.0000,1,0,1.844945
2018-03-26,sh.601899,4.5600,4.6800,4.4700,4.5200,4.5400,316902896,1442623396.0000,1,0,1.844945
2018-03-27,sh.601899,4.5500,4.6400,4.4800,4.6100,4.5200,295866992,1346549251.0000,1,0,1.844945
2018-03-28,sh.601899,4.5200,4.5800,4.4500,4.4900,4.6100,217563114,982380889.0000,1,0,1.844945
2018-03-29,sh.601899,4.4600,4.4800,4.3200,4.4000,4.4900,298277952,1310933147.0000,1,0,1.844945
2018-03-30,sh.601899,4.4200,4.4300,4.3200,4.3500,4.4000,270815568,1177370385.0000,1,0,1.844945
2018-04-02,sh.601899,4.3300,4.4300,4.3300,4.4200,4.3500,291633136,1275452006.0000,1,0,1.844945
2018-04-03,sh.601899,4.4000,4.4600,4.3300,4.3400,4.4200,244083959,1068878545.0000,1,0,1.844945
2018-04-04,sh.601899,4.3200,4.4000,4.3100,4.3500,4.3400,204173242,889490962.0000,1,0,1.844945
2018-04-09,sh.601899,4.3400,4.3600,4.2800,4.2800,4.3500,201918931,871697257.0000,1,0,1.844945
2018-04-10,sh.601899,4.2900,4.4000,4.2800,4.3900,4.2800,242576599,1054708629.0000,1,0,1.844945
2018-04-11,sh.601899,4.4500,4.5400,4.4000,4.5200,4.3900,351698880,1569640345.0000,1,0,1.844945
2018-04-12,sh.601899,4.5000,4.5500,4.4500,4.4700,4.5200,252202090,1133414768.0000,1,0,1.844945
2018-04-13,sh.601899,4.4000,4.4300,4.3600,4.3700,4.4700,187450385,822549219.0000,1,0,1.844945
2018-04-16,sh.601899,4.4100,4.4200,4.3000,4.3300,4.3700,178887348,777957367.0000,1,0,1.844945
2018-04-17,sh.601899,4.3600,4.3600,4.1700,4.2100,4.3300,218257133,928681771.0000,1,0,1.844945
2018-04-18,sh.601899,4.2400,4.2500,4.0600,4.1400,4.2100,212365928,876452269.0000,1,0,1.844945
2018-04-19,sh.601899,4.2000,4.3000,4.2000,4.2700,4.1400,199515833,847765706.0000,1,0,1.844945
2018-04-20,sh.601899,4.2100,4.2400,4.1000,4.2100,4.2700,178399448,742749915.0000,1,0,1.844945
2018-04-23,sh.601899,4.1600,4.1800,4.1000,4.1200,4.2100,111312115,459493431.0000,1,0,1.844945
2018-04-24,sh.601899,4.0900,4.1800,4.0800,4.1500,4.1200,123523286,511819389.0000,1,0,1.844945
2018-04-25,sh.601899,4.1200,4.1700,4.0900,4.1400,4.1500,114519246,472976940.0000,1,0,1.844945
2018-04-26,sh.601899,4.1200,4.1600,4.0600,4.1200,4.1400,128055471,524197419.0000,1,0,1.844945
2018-04-27,sh.601899,4.1200,4.1400,4.0500,4.1200,4.1200,117512377,480943612.0000,1,0,1.844945
2018-05-02,sh.601899,4.0800,4.1000,3.9800,3.9900,4.1200,136097114,548387635.0000,1,0,1.844945
2018-05-03,sh.601899,3.9900,4.0100,3.8800,3.9600,3.9900,144132119,566675889.0000,1,0,1.844945
2018-05-04,sh.601899,3.9500,3.9900,3.9300,3.9600,3.9600,86444077,342856025.0000,1,0,1.844945
2018-05-07,sh.601899,3.9500,4.0000,3.9300,3.9900,3.9600,105286276,418214731.0000,1,0,1.844945
2018-05-08,sh.601899,3.9800,4.1000,3.9700,4.0800,3.9900,160479333,649312842.0000,1,0,1.844945
2018-05-09,sh.601899,4.0700,4.1100,4.0500,4.0700,4.0800,94121958,383985857.0000,1,0,1.844945
2018-05-10,sh.601899,4.0900,4.1200,4.0800,4.1000,4.0700,91203595,374134612.0000,1,0,1.844945
2018-05-11,sh.601899,4.1200,4.1600,4.0900,4.1200,4.1000,116731693,482282881.0000,1,0,1.844945
2018-05-14,sh.601899,4.1200,4.1300,4.0700,4.1000,4.1200,86524457,354663889.0000,1,0,1.844945
2018-05-15,sh.601899,4.1000,4.1100,3.9900,4.0600,4.1000,132618822,534987975.0000,1,0,1.844945
2018-05-16,sh.601899,4.0000,4.0000,3.9500,3.9600,4.0600,127135495,504987717.0000,1,0,1.844945
2018-05-17,sh.601899,3.9600,3.9700,3.9000,3.9200,3.9600,105165087,412276559.0000,1,0,1.844945
2018-05-18,sh.601899,3.9100,3.9700,3.9000,3.9700,3.9200,92607473,364862250.0000,1,0,1.844945
2018-05-21,sh.601899,3.9800,4.0200,3.9700,4.0000,3.9700,88436197,353893495.0000,1,0,1.844945
2018-05-22,sh.601899,4.0100,4.0200,3.9300,3.9500,4.0000,82182634,325430770.0000,1,0,1.844945
2018-05-23,sh.601899,3.9600,3.9900,3.9200,3.9300,3.9500,93606992,370653460.0000,1,0,1.844945
2018-05-24,sh.601899,3.9000,3.9300,3.8800,3.8900,3.9300,85591156,334051519.0000,1,0,1.844945
2018-05-25,sh.601899,3.9200,3.9300,3.8100,3.8800,3.8900,121488320,470151184.0000,1,0,1.844945
2018-05-28,sh.601899,3.8500,3.8600,3.7700,3.8100,3.8800,99800165,379983795.0000,1,0,1.844945
2018-05-29,sh.601899,3.7900,3.8300,3.7600,3.8200,3.8100,98206205,372609541.0000,1,0,1.844945
2018-05-30,sh.601899,3.7900,3.8800,3.7600,3.8400,3.8200,147489263,564250729.0000,1,0,1.844945
2018-05-31,sh.601899,3.7800,3.8100,3.7100,3.7500,3.8400,170948486,640028872.0000,1,0,1.844945
2018-06-01,sh.601899,3.7400,3.7400,3.6600,3.6800,3.7500,126384236,467186419.0000,1,0,1.844945
2018-06-04,sh.601899,3.6800,3.7000,3.6300,3.6600,3.6800,106601581,390589542.0000,1,0,1.844945
2018-06-05,sh.601899,3.6500,3.7300,3.6500,3.7200,3.6600,102980832,380916088.0000,1,0,1.844945
2018-06-06,sh.601899,3.7700,3.9900,3.7700,3.9600,3.7200,348214736,1362820915.0000,1,0,1.844945
2018-06-07,sh.601899,4.0300,4.0900,3.9300,3.9600,3.9600,267608747,1069134678.0000,1,0,1.844945
2018-06-08,sh.601899,3.9600,4.0400,3.8800,3.9000,3.9600,193883622,768406403.0000,1,0,1.844945
2018-06-11,sh.601899,3.9200,4.0400,3.9200,4.0200,3.9000,197254925,788921120.0000,1,0,1.844945
2018-06-12,sh.601899,3.9900,4.0600,3.9600,4.0500,4.0200,165167658,663884527.0000,1,0,1.844945
2018-06-13,sh.601899,4.0000,4.0100,3.9600,4.0000,4.0500,106974656,426102311.0000,1,0,1.844945
2018-06-14,sh.601899,3.9800,4.0200,3.9300,3.9500,4.0000,105299261,417706662.0000,1,0,1.844945
2018-06-15,sh.601899,3.9300,3.9800,3.7500,3.9600,3.9500,199486650,777005571.0000,1,0,1.844945
2018-06-19,sh.601899,3.8200,4.0000,3.7900,3.9700,3.9600,363722960,1428536094.0000,1,0,1.844945
2018-06-20,sh.601899,3.9100,3.9200,3.7800,3.8500,3.9700,183578570,704693848.0000,1,0,1.844945
2018-06-21,sh.601899,3.8200,3.9200,3.7700,3.7800,3.8500,119725731,459784036.0000,1,0,1.844945
2018-06-22,sh.601899,3.7600,3.8200,3.7100,3.8000,3.7800,73246225,276585020.0000,1,0,1.844945
2018-06-25,sh.601899,3.8500,3.8500,3.7200,3.7300,3.8000,81521208,307880073.0000,1,0,1.844945
2018-06-26,sh.601899,3.6700,3.6800,3.6000,3.6600,3.7300,122799870,447177991.0000,1,0,1.844945
2018-06-27,sh.601899,3.6400,3.6700,3.6100,3.6600,3.6600,88045681,319964759.0000,1,0,1.844945
2018-06-28,sh.601899,3.6300,3.6600,3.6100,3.6400,3.6600,70000601,254395535.0000,1,0,1.844945
2018-06-29,sh.601899,3.5600,3.6300,3.5200,3.6100,3.5500,95240469,340217147.0000,1,0,1.891718
2018-07-02,sh.601899,3.6000,3.6000,3.4500,3.4800,3.6100,108042332,381365196.0000,1,0,1.891718
2018-07-03,sh.601899,3.4500,3.4700,3.4000,3.4700,3.4800,98470146,338863641.0000,1,0,1.891718
2018-07-04,sh.601899,3.4700,3.5900,3.4600,3.5600,3.4700,152350864,538256754.0000,1,0,1.891718
2018-07-05,sh.601899,3.5100,3.6000,3.4200,3.5700,3.5600,233961495,821014505.0000,1,0,1.891718
2018-07-06,sh.601899,3.5200,3.5600,3.4800,3.5300,3.5700,104495672,367856641.0000,1,0,1.891718
2018-07-09,sh.601899,3.5300,3.5900,3.5200,3.5800,3.5300,93213680,331388820.0000,1,0,1.891718
2018-07-10,sh.601899,3.5600,3.6200,3.5500,3.5700,3.5800,99712288,356953748.0000,1,0,1.891718
2018-07-11,sh.601899,3.4800,3.4900,3.3600,3.4000,3.5700,172747618,593195315.0000,1,0,1.891718
2018-07-12,sh.601899,3.3700,3.4600,3.3600,3.4500,3.4000,112418876,385086316.0000,1,0,1.891718
2018-07-13,sh.601899,3.4400,3.4500,3.4000,3.4100,3.4500,83051585,283844966.0000,1,0,1.891718
2018-07-16,sh.601899,3.4100,3.4200,3.3700,3.3900,3.4100,55170415,186902981.0000,1,0,1.891718
2018-07-17,sh.601899,3.3700,3.3800,3.3400,3.3700,3.3900,74982768,251642170.0000,1,0,1.891718
2018-07-18,sh.601899,3.3500,3.3600,3.3000,3.3100,3.3700,110973017,369907793.0000,1,0,1.891718
2018-07-19,sh.601899,3.3200,3.3300,3.2600,3.2700,3.3100,80229812,264344005.0000,1,0,1.891718
2018-07-20,sh.601899,3.2500,3.2900,3.2100,3.2800,3.2700,113083940,366872211.0000,1,0,1.891718
2018-07-23,sh.601899,3.3400,3.4200,3.3300,3.4100,3.2800,197011234,665743492.0000,1,0,1.891718
2018-07-24,sh.601899,3.3900,3.6000,3.3800,3.5700,3.4100,296322592,1046711688.0000,1,0,1.891718
2018-07-25,sh.601899,3.6200,3.6200,3.5400,3.5900,3.5700,169175839,605206332.0000,1,0,1.891718
2018-07-26,sh.601899,3.5900,3.6200,3.5200,3.5600,3.5900,126354595,450589762.0000,1,0,1.891718
2018-07-27,sh.601899,3.5300,3.5800,3.5100,3.5500,3.5600,73858620,261765338.0000,1,0,1.891718
2018-07-30,sh.601899,3.5700,3.6000,3.5200,3.5200,3.5500,83509977,297125412.0000,1,0,1.891718
2018-07-31,sh.601899,3.5400,3.5600,3.5300,3.5400,3.5200,58153102,206139744.0000,1,0,1.891718
2018-08-01,sh.601899,3.5400,3.5700,3.4600,3.4700,3.5400,69700287,245340314.0000,1,0,1.891718
2018-08-02,sh.601899,3.4400,3.4400,3.3000,3.3600,3.4700,128103124,428847837.0000,1,0,1.891718
2018-08-03,sh.601899,3.3300,3.3500,3.2900,3.3000,3.3600,77910253,258368508.0000,1,0,1.891718
2018-08-06,sh.601899,3.3000,3.3500,3.2500,3.2800,3.3000,88518903,291436300.0000,1,0,1.891718
2018-08-07,sh.601899,3.2800,3.4100,3.2200,3.3900,3.2800,160752217,533523135.0000,1,0,1.891718
2018-08-08,sh.601899,3.3600,3.4400,3.3300,3.3900,3.3900,141103558,478449339.0000,1,0,1.891718
2018-08-09,sh.601899,3.3600,3.4800,3.3500,3.4600,3.3900,122494361,421206775.0000,1,0,1.891718
2018-08-10,sh.601899,3.4400,3.4600,3.3900,3.4300,3.4600,83895519,286875819.0000,1,0,1.891718
2018-08-13,sh.601899,3.3800,3.4100,3.3500,3.4100,3.4300,65728554,222503936.0000,1,0,1.891718
2018-08-14,sh.601899,3.3700,3.4000,3.3500,3.3900,3.4100,50637856,170882584.0000,1,0,1.891718
2018-08-15,sh.601899,3.3700,3.3800,3.3100,3.3100,3.3900,66431764,221442770.0000,1,0,1.891718
2018-08-16,sh.601899,3.2500,3.3100,3.2100,3.2400,3.3100,88496235,288416356.0000,1,0,1.891718
2018-08-17,sh.601899,3.2600,3.3000,3.2100,3.2300,3.2400,66970601,217885862.0000,1,0,1.891718
2018-08-20,sh.601899,3.2300,3.2800,3.2300,3.2800,3.2300,55659941,181084021.0000,1,0,1.891718
2018-08-21,sh.601899,3.2800,3.3300,3.2800,3.3200,3.2800,59473421,197101232.0000,1,0,1.891718
2018-08-22,sh.601899,3.3200,3.3200,3.2900,3.3000,3.3200,34221031,112980342.0000,1,0,1.891718
2018-08-23,sh.601899,3.2900,3.3200,3.2800,3.3000,3.3000,41309905,136220215.0000,1,0,1.891718
2018-08-24,sh.601899,3.2900,3.3200,3.2700,3.3100,3.3000,39982015,131987155.0000,1,0,1.891718
2018-08-27,sh.601899,3.3700,3.4400,3.3600,3.4300,3.3100,129243921,440278209.0000,1,0,1.891718
2018-08-28,sh.601899,3.4500,3.4600,3.4100,3.4300,3.4300,89970171,308711988.0000,1,0,1.891718
2018-08-29,sh.601899,3.4200,3.4700,3.4100,3.4300,3.4300,90383591,311233066.0000,1,0,1.891718
2018-08-30,sh.601899,3.4300,3.4700,3.3800,3.3900,3.4300,71431588,244292105.0000,1,0,1.891718
2018-08-31,sh.601899,3.4000,3.4300,3.3600,3.4000,3.3900,68925152,233939583.0000,1,0,1.891718
2018-09-03,sh.601899,3.4000,3.4000,3.3400,3.3700,3.4000,57869087,194786402.0000,1,0,1.891718
2018-09-04,sh.601899,3.3700,3.4300,3.3700,3.4000,3.3700,61418167,208711650.0000,1,0,1.891718
2018-09-05,sh.601899,3.3800,3.4200,3.3600,3.3700,3.4000,58111361,196698749.0000,1,0,1.891718
2018-09-06,sh.601899,3.4100,3.4600,3.3800,3.3900,3.3700,114259985,391608823.0000,1,0,1.891718
2018-09-07,sh.601899,3.3800,3.4600,3.3800,3.4400,3.3900,101482056,348019064.0000,1,0,1.891718
2018-09-10,sh.601899,3.4400,3.4500,3.3500,3.3500,3.4400,80334977,272793173.0000,1,0,1.891718
2018-09-11,sh.601899,3.3500,3.3600,3.2900,3.3300,3.3500,71288918,236968287.0000,1,0,1.891718
2018-09-12,sh.601899,3.3200,3.3500,3.2900,3.3200,3.3300,48056571,159331543.0000,1,0,1.891718
2018-09-13,sh.601899,3.3700,3.4100,3.3500,3.4000,3.3200,75581208,255709874.0000,1,0,1.891718
2018-09-14,sh.601899,3.3900,3.4700,3.3800,3.4500,3.4000,105338132,361913558.0000,1,0,1.891718
2018-09-17,sh.601899,3.4200,3.4400,3.3800,3.4000,3.4500,56436193,192352712.0000,1,0,1.891718
2018-09-18,sh.601899,3.4000,3.4700,3.3600,3.4500,3.4000,95041737,324152375.0000,1,0,1.891718
2018-09-19,sh.601899,3.4500,3.5800,3.4400,3.5500,3.4500,178428653,630701468.0000,1,0,1.891718
2018-09-20,sh.601899,3.5400,3.5800,3.5200,3.5300,3.5500,106961357,379392919.0000,1,0,1.891718
2018-09-21,sh.601899,3.5600,3.6300,3.5400,3.6100,3.5300,145793098,522851804.0000,1,0,1.891718
2018-09-25,sh.601899,3.6100,3.6700,3.5700,3.6000,3.6100,112969413,408260969.0000,1,0,1.891718
2018-09-26,sh.601899,3.6000,3.6500,3.5700,3.5900,3.6000,115448165,416704574.0000,1,0,1.891718
2018-09-27,sh.601899,3.6100,3.6200,3.5500,3.5500,3.5900,94159472,337014128.0000,1,0,1.891718
2018-09-28,sh.601899,3.5200,3.5800,3.5100,3.5700,3.5500,87367883,309914651.0000,1,0,1.891718
2018-10-08,sh.601899,3.5100,3.5700,3.4500,3.4700,3.5700,105933154,372169362.0000,1,0,1.891718
2018-10-09,sh.601899,3.4900,3.6300,3.4600,3.5900,3.4700,152155785,542088624.0000,1,0,1.891718
2018-10-10,sh.601899,3.6300,3.7300,3.6000,3.6900,3.5900,218598038,806092888.0000,1,0,1.891718
2018-10-11,sh.601899,3.6100,3.7400,3.5100,3.6000,3.6900,233582752,843449893.0000,1,0,1.891718
2018-10-12,sh.601899,3.6900,3.7300,3.6000,3.6500,3.6000,210741355,771736459.0000,1,0,1.891718
2018-10-15,sh.601899,3.6400,3.6400,3.5400,3.5800,3.6500,146955681,526147074.0000,1,0,1.891718
2018-10-16,sh.601899,3.5700,3.5900,3.2800,3.3400,3.5800,208346562,716109052.0000,1,0,1.891718
2018-10-17,sh.601899,3.3300,3.4100,3.3100,3.3700,3.3400,107280833,360311959.0000,1,0,1.891718
2018-10-18,sh.601899,3.3400,3.3500,3.2500,3.2900,3.3700,101001739,333500632.0000,1,0,1.891718
2018-10-19,sh.601899,3.2600,3.4300,3.2400,3.4000,3.2900,129329428,430464003.0000,1,0,1.891718
2018-10-22,sh.601899,3.4200,3.5500,3.4100,3.5000,3.4000,186047967,646718299.0000,1,0,1.891718
2018-10-23,sh.601899,3.4800,3.5100,3.3900,3.4800,3.5000,143088697,493578974.0000,1,0,1.891718
2018-10-24,sh.601899,3.4500,3.5500,3.4400,3.5100,3.4800,134741366,472682340.0000,1,0,1.891718
2018-10-25,sh.601899,3.4600,3.5700,3.4500,3.5600,3.5100,171463192,605311833.0000,1,0,1.891718
2018-10-26,sh.601899,3.5200,3.5900,3.5100,3.5500,3.5600,113865773,404415940.0000,1,0,1.891718
2018-10-29,sh.601899,3.5100,3.5500,3.4100,3.4200,3.5500,134893375,466537206.0000,1,0,1.891718
2018-10-30,sh.601899,3.3900,3.4400,3.3500,3.4100,3.4200,95908276,325844176.0000,1,0,1.891718
2018-10-31,sh.601899,3.4100,3.4400,3.3600,3.4200,3.4100,98727312,336171740.0000,1,0,1.891718
2018-11-01,sh.601899,3.4200,3.5200,3.3900,3.5000,3.4200,155805569,536065778.0000,1,0,1.891718
2018-11-02,sh.601899,3.5400,3.5800,3.4900,3.5400,3.5000,187295266,662036510.0000,1,0,1.891718
2018-11-05,sh.601899,3.5300,3.5800,3.5200,3.5500,3.5400,114472927,406837865.0000,1,0,1.891718
2018-11-06,sh.601899,3.5300,3.5500,3.5000,3.5500,3.5500,81464032,287662229.0000,1,0,1.891718
2018-11-07,sh.601899,3.5400,3.6300,3.5300,3.5600,3.5500,134390284,480570633.0000,1,0,1.891718
2018-11-08,sh.601899,3.5400,3.5500,3.4700,3.4800,3.5600,97301177,341950309.0000,1,0,1.891718
2018-11-09,sh.601899,3.4500,3.4900,3.4000,3.4200,3.4800,78866534,271397265.0000,1,0,1.891718
2018-11-12,sh.601899,3.3900,3.4400,3.3700,3.4400,3.4200,108277904,369331257.0000,1,0,1.891718
2018-11-13,sh.601899,3.4000,3.4800,3.3900,3.4600,3.4400,99813597,343498405.0000,1,0,1.891718
2018-11-14,sh.601899,3.4400,3.4900,3.4300,3.4400,3.4600,97716861,338478617.0000,1,0,1.891718
2018-11-15,sh.601899,3.4600,3.4800,3.4300,3.4800,3.4400,88172759,304095802.0000,1,0,1.891718
2018-11-16,sh.601899,3.4700,3.4800,3.4400,3.4600,3.4800,104465398,361846064.0000,1,0,1.891718
2018-11-19,sh.601899,3.4700,3.4800,3.4500,3.4700,3.4600,100314835,347315730.0000,1,0,1.891718
2018-11-20,sh.601899,3.4600,3.5500,3.4500,3.5400,3.4700,212665738,748297396.0000,1,0,1.891718
2018-11-21,sh.601899,3.5200,3.5400,3.4800,3.5300,3.5400,126890818,445277376.0000,1,0,1.891718
2018-11-22,sh.601899,3.5300,3.5400,3.5000,3.5100,3.5300,61350805,215531368.0000,1,0,1.891718
2018-11-23,sh.601899,3.5000,3.5200,3.3800,3.3900,3.5100,127364673,438775410.0000,1,0,1.891718
2018-11-26,sh.601899,3.3700,3.4000,3.3200,3.3400,3.3900,88107285,296798766.0000,1,0,1.891718
2018-11-27,sh.601899,3.3400,3.3700,3.3200,3.3400,3.3400,56393802,188470436.0000,1,0,1.891718
2018-11-28,sh.601899,3.3300,3.3400,3.2900,3.3400,3.3400,99836942,331312288.0000,1,0,1.891718
2018-11-29,sh.601899,3.3800,3.4500,3.3700,3.3800,3.3400,163190285,555564330.0000,1,0,1.891718
2018-11-30,sh.601899,3.3600,3.3900,3.3200,3.3900,3.3800,83990033,282038749.0000,1,0,1.891718
2018-12-03,sh.601899,3.4200,3.4400,3.3900,3.4400,3.3900,112694896,385631751.0000,1,0,1.891718
2018-12-04,sh.601899,3.4300,3.4400,3.4000,3.4400,3.4400,119089025,407564316.0000,1,0,1.891718
2018-12-05,sh.601899,3.4000,3.4500,3.3900,3.4100,3.4400,143883036,492685955.0000,1,0,1.891718
2018-12-06,sh.601899,3.4200,3.4500,3.3900,3.4000,3.4100,97294809,332574589.0000,1,0,1.891718
2018-12-07,sh.601899,3.3900,3.4200,3.3800,3.4000,3.4000,50006667,169973407.0000,1,0,1.891718
2018-12-10,sh.601899,3.4400,3.4900,3.4300,3.4600,3.4000,155008925,535494314.0000,1,0,1.891718
2018-12-11,sh.601899,3.4300,3.4900,3.4300,3.4800,3.4600,96102612,332499404.0000,1,0,1.891718
2018-12-12,sh.601899,3.4700,3.4800,3.4100,3.4300,3.4800,80943899,279133122.0000,1,0,1.891718
2018-12-13,sh.601899,3.4300,3.4500,3.4000,3.4300,3.4300,91535730,313858003.0000,1,0,1.891718
2018-12-14,sh.601899,3.4200,3.4300,3.3700,3.3800,3.4300,86016139,292736681.0000,1,0,1.891718
2018-12-17,sh.601899,3.3600,3.4300,3.3500,3.4100,3.3800,62025925,210290439.0000,1,0,1.891718
2018-12-18,sh.601899,3.4100,3.4600,3.4000,3.4200,3.4100,99574674,341688682.0000,1,0,1.891718
2018-12-19,sh.601899,3.4200,3.4400,3.3900,3.4200,3.4200,61950662,211668553.0000,1,0,1.891718
2018-12-20,sh.601899,3.3900,3.4100,3.3500,3.3700,3.4200,94984629,320432530.0000,1,0,1.891718
2018-12-21,sh.601899,3.4000,3.4400,3.3500,3.3800,3.3700,108557282,368394897.0000,1,0,1.891718
2018-12-24,sh.601899,3.3800,3.4100,3.3600,3.3900,3.3800,59325844,200664813.0000,1,0,1.891718
2018-12-25,sh.601899,3.4000,3.4200,3.3600,3.3900,3.3900,95503961,323666219.0000,1,0,1.891718
2018-12-26,sh.601899,3.3700,3.3900,3.3400,3.3700,3.3900,92924792,312749757.0000,1,0,1.891718
2018-12-27,sh.601899,3.3800,3.3900,3.3100,3.3200,3.3700,92075056,307861955.0000,1,0,1.891718
2018-12-28,sh.601899,3.3200,3.3400,3.3100,3.3400,3.3200,54649258,181881972.0000,1,0,1.891718
2019-01-02,sh.601899,3.2900,3.2900,3.0100,3.0100,3.3400,344893936,1053924528.0000,1,0,1.891718
2019-01-03,sh.601899,2.9600,3.0600,2.9400,3.0500,3.0100,223657048,671474346.0000,1,0,1.891718
2019-01-04,sh.601899,3.0400,3.0900,3.0200,3.0800,3.0500,136524076,418297509.0000,1,0,1.891718
2019-01-07,sh.601899,3.0800,3.1000,3.0500,3.0800,3.0800,140964202,432767016.0000,1,0,1.891718
2019-01-08,sh.601899,3.0800,3.0800,3.0300,3.0400,3.0800,111505464,340018009.0000,1,0,1.891718
2019-01-09,sh.601899,3.0400,3.0900,3.0300,3.0600,3.0400,102030136,312767505.0000,1,0,1.891718
2019-01-10,sh.601899,3.0700,3.0900,3.0500,3.0700,3.0600,82158912,252413214.0000,1,0,1.891718
2019-01-11,sh.601899,3.0600,3.0700,3.0400,3.0500,3.0700,65781950,200926574.0000,1,0,1.891718
2019-01-14,sh.601899,3.0600,3.0700,3.0300,3.0500,3.0500,76629224,233837403.0000,1,0,1.891718
2019-01-15,sh.601899,3.0400,3.0500,3.0100,3.0500,3.0500,97828330,296207954.0000,1,0,1.891718
2019-01-16,sh.601899,3.0400,3.0500,2.9700,2.9900,3.0500,140584685,421550055.0000,1,0,1.891718
2019-01-17,sh.601899,3.0000,3.0200,2.9700,3.0000,2.9900,113644594,340311195.0000,1,0,1.891718
2019-01-18,sh.601899,3.0000,3.0300,2.9800,3.0300,3.0000,127583959,384932071.0000,1,0,1.891718
2019-01-21,sh.601899,3.0300,3.0300,3.0000,3.0100,3.0300,95026517,286619405.0000,1,0,1.891718
2019-01-22,sh.601899,3.0100,3.0100,2.9700,2.9800,3.0100,75337852,224932194.0000,1,0,1.891718
2019-01-23,sh.601899,2.9900,2.9900,2.9700,2.9800,2.9800,54932032,163490858.0000,1,0,1.891718
2019-01-24,sh.601899,2.9700,2.9800,2.9600,2.9700,2.9800,56591581,168086165.0000,1,0,1.891718
2019-01-25,sh.601899,2.9700,2.9800,2.9600,2.9800,2.9700,45509255,135332535.0000,1,0,1.891718
2019-01-28,sh.601899,3.0100,3.0200,2.9900,2.9900,2.9800,93396791,280438867.0000,1,0,1.891718
2019-01-29,sh.601899,2.9900,2.9900,2.9300,2.9500,2.9900,105175315,311184295.0000,1,0,1.891718
2019-01-30,sh.601899,2.9600,2.9700,2.9500,2.9700,2.9500,49189999,145594596.0000,1,0,1.891718
2019-01-31,sh.601899,2.9800,3.0200,2.9600,2.9800,2.9700,112379860,335933675.0000,1,0,1.891718
2019-02-01,sh.601899,2.9900,3.0100,2.9700,3.0100,2.9800,86699838,259499586.0000,1,0,1.891718
2019-02-11,sh.601899,3.0100,3.0600,3.0100,3.0500,3.0100,152350959,462853611.0000,1,0,1.891718
2019-02-12,sh.601899,3.0400,3.0800,3.0300,3.0800,3.0500,150506609,460753002.0000,1,0,1.891718
2019-02-13,sh.601899,3.0900,3.2200,3.0600,3.2000,3.0800,277932624,878670581.0000,1,0,1.891718
2019-02-14,sh.601899,3.1900,3.1900,3.1400,3.1700,3.2000,132319449,418775529.0000,1,0,1.891718
2019-02-15,sh.601899,3.1600,3.3000,3.1600,3.2500,3.1700,248612565,809923218.0000,1,0,1.891718
2019-02-18,sh.601899,3.2700,3.4200,3.2700,3.4000,3.2500,267694257,898396864.0000,1,0,1.891718
2019-02-19,sh.601899,3.4100,3.4700,3.3700,3.3900,3.4000,198043064,675266281.0000,1,0,1.891718
2019-02-20,sh.601899,3.4800,3.5800,3.4400,3.5100,3.3900,304060192,1071154024.0000,1,0,1.891718
2019-02-21,sh.601899,3.5300,3.5600,3.4500,3.4900,3.5100,227817222,798430780.0000,1,0,1.891718
2019-02-22,sh.601899,3.4200,3.4800,3.4000,3.4800,3.4900,196605150,674102083.0000,1,0,1.891718
2019-02-25,sh.601899,3.5100,3.7700,3.5000,3.7400,3.4800,421263088,1541419020.0000,1,0,1.891718
2019-02-26,sh.601899,3.6800,3.7900,3.6600,3.6900,3.7400,338028800,1259418280.0000,1,0,1.891718
2019-02-27,sh.601899,3.6600,3.7100,3.5900,3.6300,3.6900,274601696,1000401454.0000,1,0,1.891718
2019-02-28,sh.601899,3.6200,3.6500,3.5600,3.5800,3.6300,139667105,501639130.0000,1,0,1.891718
2019-03-01,sh.601899,3.5900,3.6300,3.5500,3.6300,3.5800,131776899,472651861.0000,1,0,1.891718
2019-03-04,sh.601899,3.6200,3.7100,3.5800,3.6300,3.6300,297107376,1082746508.0000,1,0,1.891718
2019-03-05,sh.601899,3.5800,3.6200,3.5600,3.6100,3.6300,212953785,763237487.0000,1,0,1.891718
2019-03-06,sh.601899,3.6200,3.7300,3.6100,3.7000,3.6100,342072784,1256969888.0000,1,0,1.891718
2019-03-07,sh.601899,3.6800,3.8600,3.6500,3.7700,3.7000,468007536,1764096440.0000,1,0,1.891718
2019-03-08,sh.601899,3.6800,3.6900,3.5300,3.5500,3.7700,310032384,1120571834.0000,1,0,1.891718
2019-03-11,sh.601899,3.5500,3.6100,3.5300,3.6100,3.5500,184553876,659811851.0000,1,0,1.891718
2019-03-12,sh.601899,3.6300,3.6400,3.5700,3.6000,3.6100,221104114,797310719.0000,1,0,1.891718
2019-03-13,sh.601899,3.6200,3.6300,3.5500,3.5600,3.6000,169520946,607876408.0000,1,0,1.891718
2019-03-14,sh.601899,3.5600,3.6100,3.4300,3.4500,3.5600,182958636,642706827.0000,1,0,1.891718
2019-03-15,sh.601899,3.4500,3.5100,3.4300,3.4800,3.4500,149209484,517591807.0000,1,0,1.891718
2019-03-18,sh.601899,3.4800,3.5700,3.4800,3.5600,3.4800,157844342,555408698.0000,1,0,1.891718
2019-03-19,sh.601899,3.5700,3.5800,3.5100,3.5500,3.5600,148766752,528713620.0000,1,0,1.891718
2019-03-20,sh.601899,3.5400,3.5800,3.4900,3.5400,3.5500,147702573,522397780.0000,1,0,1.891718
2019-03-21,sh.601899,3.5800,3.6700,3.5700,3.6400,3.5400,313392128,1138116588.0000,1,0,1.891718
2019-03-22,sh.601899,3.6200,3.6300,3.5600,3.5900,3.6400,159107065,570971113.0000,1,0,1.891718
2019-03-25,sh.601899,3.5700,3.5800,3.5100,3.5200,3.5900,185615645,657300552.0000,1,0,1.891718
2019-03-26,sh.601899,3.5500,3.5900,3.4800,3.5000,3.5200,158470262,561080935.0000,1,0,1.891718
2019-03-27,sh.601899,3.5000,3.5100,3.4100,3.4700,3.5000,151900538,523928947.0000,1,0,1.891718
2019-03-28,sh.601899,3.4300,3.4700,3.4100,3.4500,3.4700,103903538,357584262.0000,1,0,1.891718
2019-03-29,sh.601899,3.4300,3.5100,3.4100,3.5100,3.4500,167790834,581712051.0000,1,0,1.891718
2019-04-01,sh.601899,3.5500,3.7200,3.5400,3.6500,3.5100,346648720,1259302128.0000,1,0,1.891718
2019-04-02,sh.601899,3.6700,3.6900,3.6100,3.6600,3.6500,235620825,859311920.0000,1,0,1.891718
2019-04-03,sh.601899,3.6300,3.7200,3.6100,3.7000,3.6600,230835767,848546417.0000,1,0,1.891718
2019-04-04,sh.601899,3.7200,3.8400,3.7000,3.7300,3.7000,288487952,1085739335.0000,1,0,1.891718
2019-04-08,sh.601899,3.7600,3.8100,3.6800,3.7500,3.7300,333352432,1246674096.0000,1,0,1.891718
2019-04-09,sh.601899,3.7600,3.8000,3.6300,3.6900,3.7500,257117880,951603150.0000,1,0,1.891718
2019-04-10,sh.601899,3.6800,3.7000,3.6300,3.6800,3.6900,197666788,723624001.0000,1,0,1.891718
2019-04-11,sh.601899,3.6700,3.6900,3.6000,3.6100,3.6800,156941363,570926700.0000,1,0,1.891718
2019-04-12,sh.601899,3.5700,3.5900,3.5100,3.5500,3.6100,170424612,604890841.0000,1,0,1.891718
2019-04-15,sh.601899,3.5900,3.6300,3.4900,3.5200,3.5500,160273922,573876253.0000,1,0,1.891718
2019-04-16,sh.601899,3.5000,3.6400,3.4800,3.6300,3.5200,263379873,948318251.0000,1,0,1.891718
2019-04-17,sh.601899,3.6000,3.6200,3.5600,3.5900,3.6300,226071018,811982992.0000,1,0,1.891718
2019-04-18,sh.601899,3.5800,3.6300,3.5400,3.5600,3.5900,175409777,629662487.0000,1,0,1.891718
2019-04-19,sh.601899,3.5400,3.5700,3.5100,3.5700,3.5600,158245475,559821155.0000,1,0,1.891718
2019-04-22,sh.601899,3.5800,3.5900,3.5100,3.5400,3.5700,148102227,524731660.0000,1,0,1.891718
2019-04-23,sh.601899,3.5200,3.5300,3.4500,3.4700,3.5400,146636430,510690419.0000,1,0,1.891718
2019-04-24,sh.601899,3.4600,3.4900,3.4300,3.4900,3.4700,109202266,376959548.0000,1,0,1.891718
2019-04-25,sh.601899,3.4700,3.4700,3.3800,3.3900,3.4900,172772380,591371024.0000,1,0,1.891718
2019-04-26,sh.601899,3.3700,3.4000,3.3300,3.3300,3.3900,123799987,415461141.0000,1,0,1.891718
2019-04-29,sh.601899,3.3500,3.3600,3.3000,3.3100,3.3300,127627281,425138734.0000,1,0,1.891718
2019-04-30,sh.601899,3.3000,3.3300,3.2800,3.3200,3.3100,117784272,388963818.0000,1,0,1.891718
2019-05-06,sh.601899,3.2200,3.2800,3.1500,3.1800,3.3200,230442131,739351343.0000,1,0,1.891718
2019-05-07,sh.601899,3.1800,3.2100,3.1500,3.2100,3.1800,146427468,465262257.0000,1,0,1.891718
2019-05-08,sh.601899,3.1700,3.3000,3.1600,3.2800,3.2100,162070654,524053530.0000,1,0,1.891718
2019-05-09,sh.601899,3.2300,3.2500,3.1900,3.2000,3.2800,103281446,332260356.0000,1,0,1.891718
2019-05-10,sh.601899,3.2200,3.2500,3.2000,3.2500,3.2000,114172700,368469920.0000,1,0,1.891718
2019-05-13,sh.601899,3.2200,3.2300,3.2000,3.2000,3.2500,61057401,196370624.0000,1,0,1.891718
2019-05-14,sh.601899,3.2300,3.2900,3.2300,3.2500,3.2000,145078681,472593703.0000,1,0,1.891718
2019-05-15,sh.601899,3.2300,3.2700,3.2200,3.2600,3.2500,99146627,321697731.0000,1,0,1.891718
2019-05-16,sh.601899,3.2400,3.3500,3.2400,3.3100,3.2600,150643893,497132664.0000,1,0,1.891718
2019-05-17,sh.601899,3.2800,3.2900,3.2000,3.2100,3.3100,120071846,389050310.0000,1,0,1.891718
2019-05-20,sh.601899,3.1900,3.2000,3.1500,3.1900,3.2100,69048190,219325757.0000,1,0,1.891718
2019-05-21,sh.601899,3.1800,3.2700,3.1700,3.2400,3.1900,87065610,281220484.0000,1,0,1.891718
2019-05-22,sh.601899,3.2400,3.2600,3.2100,3.2300,3.2400,57109946,184427616.0000,1,0,1.891718
2019-05-23,sh.601899,3.2200,3.2300,3.1800,3.1900,3.2300,48545816,155472684.0000,1,0,1.891718
2019-05-24,sh.601899,3.2200,3.2300,3.1900,3.2000,3.1900,44999395,144322192.0000,1,0,1.891718
2019-05-27,sh.601899,3.1900,3.2300,3.1800,3.2200,3.2000,76507453,245418875.0000,1,0,1.891718
2019-05-28,sh.601899,3.2200,3.2400,3.1900,3.2300,3.2200,96931021,311977015.0000,1,0,1.891718
2019-05-29,sh.601899,3.2000,3.2300,3.2000,3.2300,3.2300,63991993,205822189.0000,1,0,1.891718
2019-05-30,sh.601899,3.2100,3.2200,3.1700,3.2100,3.2300,76343565,244296235.0000,1,0,1.891718
2019-05-31,sh.601899,3.2300,3.2500,3.2200,3.2500,3.2100,113893012,368863749.0000,1,0,1.891718
2019-06-03,sh.601899,3.3000,3.3600,3.2700,3.3400,3.2500,266795971,888632128.0000,1,0,1.891718
2019-06-04,sh.601899,3.3900,3.4000,3.2900,3.3100,3.3400,171255469,571587163.0000,1,0,1.891718
2019-06-05,sh.601899,3.3100,3.3700,3.2900,3.3600,3.3100,157710476,526815268.0000,1,0,1.891718
2019-06-06,sh.601899,3.3300,3.3700,3.3000,3.3000,3.3600,121516118,405147975.0000,1,0,1.891718
2019-06-10,sh.601899,3.3000,3.3000,3.2200,3.2500,3.3000,158761527,516379882.0000,1,0,1.891718
2019-06-11,sh.601899,3.2400,3.3300,3.2200,3.3200,3.2500,154686714,507671330.0000,1,0,1.891718
2019-06-12,sh.601899,3.3000,3.4800,3.2900,3.4200,3.3200,375130400,1271788146.0000,1,0,1.891718
2019-06-13,sh.601899,3.3900,3.4300,3.3600,3.4000,3.4200,184375944,624813001.0000,1,0,1.891718
2019-06-14,sh.601899,3.4200,3.4900,3.3700,3.4800,3.4000,286710416,990449295.0000,1,0,1.891718
2019-06-17,sh.601899,3.4200,3.4800,3.4100,3.4300,3.4800,178284782,613840179.0000,1,0,1.891718
2019-06-18,sh.601899,3.4100,3.4800,3.4100,3.4700,3.4300,145246787,500133362.0000,1,0,1.891718
2019-06-19,sh.601899,3.4500,3.5000,3.4200,3.4700,3.4700,179674094,622624052.0000,1,0,1.891718
2019-06-20,sh.601899,3.5700,3.6800,3.5200,3.6300,3.4700,541793888,1954251539.0000,1,0,1.891718
2019-06-21,sh.601899,3.7200,3.9000,3.6400,3.7300,3.6300,677274912,2554960281.0000,1,0,1.891718
2019-06-24,sh.601899,3.7900,3.8300,3.7100,3.7500,3.7300,382163728,1440315173.0000,1,0,1.891718
2019-06-25,sh.601899,3.8300,3.9800,3.8200,3.9200,3.7500,834572848,3241022154.0000,1,0,1.891718
2019-06-26,sh.601899,3.8000,3.8200,3.6500,3.6700,3.9200,542518720,2032183833.0000,1,0,1.891718
2019-06-27,sh.601899,3.6600,3.7600,3.6500,3.7300,3.6700,309696848,1151680959.0000,1,0,1.891718
2019-06-28,sh.601899,3.7900,3.8800,3.7500,3.7700,3.7300,319098704,1218288356.0000,1,0,1.891718
2019-07-01,sh.601899,3.6500,3.7700,3.6200,3.7400,3.7700,303932528,1128537599.0000,1,0,1.891718
2019-07-02,sh.601899,3.7100,3.7900,3.6800,3.7800,3.7400,235653589,880675447.0000,1,0,1.891718
2019-07-03,sh.601899,3.9600,3.9900,3.8200,3.8300,3.7800,339464304,1315641436.0000,1,0,1.891718
2019-07-04,sh.601899,3.8200,3.8500,3.6900,3.7200,3.8300,272680640,1027790271.0000,1,0,1.891718
2019-07-05,sh.601899,3.7200,3.7700,3.7200,3.7600,3.7200,133314881,498832118.0000,1,0,1.891718
2019-07-08,sh.601899,3.7000,3.7200,3.6300,3.7000,3.7600,199171360,730919478.0000,1,0,1.891718
2019-07-09,sh.601899,3.6500,3.6600,3.6100,3.6500,3.7000,100211367,364207042.0000,1,0,1.891718
2019-07-10,sh.601899,3.6200,3.6500,3.5700,3.5800,3.6500,101798956,366622498.0000,1,0,1.891718
2019-07-11,sh.601899,3.6000,3.6400,3.5500,3.5800,3.4800,211054511,758833387.0000,1,0,1.946077
2019-07-12,sh.601899,3.5400,3.5600,3.4900,3.5200,3.5800,121573973,428024229.0000,1,0,1.946077
2019-07-15,sh.601899,3.5300,3.5600,3.4800,3.5500,3.5200,99242100,349883320.0000,1,0,1.946077
2019-07-16,sh.601899,3.5300,3.5800,3.5200,3.5700,3.5500,86871280,309321289.0000,1,0,1.946077
2019-07-17,sh.601899,3.5300,3.5500,3.5000,3.5200,3.5700,93719750,329889608.0000,1,0,1.946077
2019-07-18,sh.601899,3.6000,3.6100,3.5200,3.5300,3.5200,132252728,470818812.0000,1,0,1.946077
2019-07-19,sh.601899,3.6200,3.6900,3.5800,3.6700,3.5300,268517568,980937232.0000,1,0,1.946077
2019-07-22,sh.601899,3.6000,3.6300,3.5400,3.6100,3.6700,144723990,520057928.0000,1,0,1.946077
2019-07-23,sh.601899,3.5600,3.6100,3.5600,3.6100,3.6100,92937260,332945259.0000,1,0,1.946077
2019-07-24,sh.601899,3.6000,3.6400,3.5900,3.6400,3.6100,124948452,451288238.0000,1,0,1.946077
2019-07-25,sh.601899,3.6100,3.6300,3.5800,3.6100,3.6400,128370877,461568398.0000,1,0,1.946077
2019-07-26,sh.601899,3.5700,3.5800,3.5300,3.5800,3.6100,110488584,392964661.0000,1,0,1.946077
2019-07-29,sh.601899,3.5900,3.6000,3.5500,3.5700,3.5800,81150731,289893542.0000,1,0,1.946077
2019-07-30,sh.601899,3.5800,3.6300,3.5600,3.6300,3.5700,167623940,602459359.0000,1,0,1.946077
2019-07-31,sh.601899,3.6200,3.6700,3.6000,3.6600,3.6300,162458817,590928835.0000,1,0,1.946077
2019-08-01,sh.601899,3.5600,3.6000,3.5200,3.5800,3.6600,167697088,599389558.0000,1,0,1.946077
2019-08-02,sh.601899,3.6400,3.6600,3.5600,3.5800,3.5800,136928969,493236703.0000,1,0,1.946077
2019-08-05,sh.601899,3.5700,3.8300,3.5700,3.7900,3.5800,458177648,1711798584.0000,1,0,1.946077
2019-08-06,sh.601899,3.8000,3.8500,3.6500,3.6900,3.7900,387461552,1442662291.0000,1,0,1.946077
2019-08-07,sh.601899,3.7500,3.8200,3.7300,3.7800,3.6900,323050304,1222506083.0000,1,0,1.946077
2019-08-08,sh.601899,3.8500,3.8800,3.7600,3.8000,3.7800,285591168,1091029817.0000,1,0,1.946077
2019-08-09,sh.601899,3.7900,3.8200,3.7200,3.7300,3.8000,195146372,737695153.0000,1,0,1.946077
2019-08-12,sh.601899,3.7200,3.7200,3.6700,3.7100,3.7300,136638962,504382239.0000,1,0,1.946077
2019-08-13,sh.601899,3.7600,3.8700,3.7300,3.8300,3.7100,309429104,1176951535.0000,1,0,1.946077
2019-08-14,sh.601899,3.7000,3.7600,3.6800,3.7200,3.8300,223181302,830019062.0000,1,0,1.946077
2019-08-15,sh.601899,3.7700,3.7800,3.6900,3.7100,3.7200,218554432,816343915.0000,1,0,1.946077
2019-08-16,sh.601899,3.7200,3.7400,3.6900,3.7100,3.7100,149629883,554886026.0000,1,0,1.946077
2019-08-19,sh.601899,3.6600,3.6800,3.6200,3.6800,3.7100,198651411,724358423.0000,1,0,1.946077
2019-08-20,sh.601899,3.6400,3.7100,3.6200,3.7000,3.6800,181590340,666060194.0000,1,0,1.946077
2019-08-21,sh.601899,3.6900,3.6900,3.6600,3.6600,3.7000,96672290,354938144.0000,1,0,1.946077
2019-08-22,sh.601899,3.6600,3.6600,3.6100,3.6200,3.6600,99838837,362373669.0000,1,0,1.946077
2019-08-23,sh.601899,3.6000,3.6500,3.5800,3.6300,3.6200,100201136,362096334.0000,1,0,1.946077
2019-08-26,sh.601899,3.7300,3.7700,3.6700,3.6900,3.6300,215623393,800903557.0000,1,0,1.946077
2019-08-27,sh.601899,3.6600,3.7200,3.6400,3.6900,3.6900,182000141,668406090.0000,1,0,1.946077
2019-08-28,sh.601899,3.6900,3.7000,3.6200,3.6400,3.6900,162154048,593139452.0000,1,0,1.946077
2019-08-29,sh.601899,3.6200,3.7000,3.6100,3.7000,3.6400,157937605,578097155.0000,1,0,1.946077
2019-08-30,sh.601899,3.6400,3.7000,3.6300,3.6600,3.7000,127445684,467081098.0000,1,0,1.946077
2019-09-02,sh.601899,3.6500,3.6600,3.5900,3.6200,3.6600,181443744,655668099.0000,1,0,1.946077
2019-09-03,sh.601899,3.6100,3.6200,3.5500,3.5700,3.6200,172952508,618596630.0000,1,0,1.946077
2019-09-04,sh.601899,3.6000,3.6100,3.5700,3.5900,3.5700,184818636,664404085.0000,1,0,1.946077
2019-09-05,sh.601899,3.6000,3.6500,3.5900,3.6300,3.5900,199660011,723946918.0000,1,0,1.946077
2019-09-06,sh.601899,3.5800,3.5800,3.5300,3.5400,3.6300,222410678,790645556.0000,1,0,1.946077
2019-09-09,sh.601899,3.5400,3.5500,3.5100,3.5500,3.5400,155197013,547940013.0000,1,0,1.946077
2019-09-10,sh.601899,3.5200,3.5500,3.5100,3.5400,3.5500,124017965,437623735.0000,1,0,1.946077
2019-09-11,sh.601899,3.5300,3.5800,3.5200,3.5600,3.5400,155344511,550764358.0000,1,0,1.946077
2019-09-12,sh.601899,3.5400,3.5500,3.5300,3.5500,3.5600,93111669,329497768.0000,1,0,1.946077
2019-09-16,sh.601899,3.5600,3.5800,3.5400,3.5800,3.5500,119140628,424518749.0000,1,0,1.946077
2019-09-17,sh.601899,3.5600,3.5600,3.4800,3.4900,3.5800,119951230,421274280.0000,1,0,1.946077
2019-09-18,sh.601899,3.4900,3.5100,3.4800,3.4800,3.4900,74665247,260507515.0000,1,0,1.946077
2019-09-19,sh.601899,3.4700,3.4700,3.4300,3.4700,3.4800,87685864,302676394.0000,1,0,1.946077
2019-09-20,sh.601899,3.4600,3.5000,3.4600,3.5000,3.4700,85767787,298989340.0000,1,0,1.946077
2019-09-23,sh.601899,3.5000,3.5100,3.4500,3.4500,3.5000,70250594,244167787.0000,1,0,1.946077
2019-09-24,sh.601899,3.4600,3.4700,3.4300,3.4400,3.4500,90421323,311447936.0000,1,0,1.946077
2019-09-25,sh.601899,3.4600,3.4600,3.4000,3.4100,3.4400,80683010,275765270.0000,1,0,1.946077
2019-09-26,sh.601899,3.3800,3.3900,3.2800,3.3100,3.4100,152296672,505757088.0000,1,0,1.946077
2019-09-27,sh.601899,3.3000,3.3100,3.2800,3.2900,3.3100,78820942,259443496.0000,1,0,1.946077
2019-09-30,sh.601899,3.2900,3.3000,3.2600,3.2700,3.2900,57650269,188917350.0000,1,0,1.946077
2019-10-08,sh.601899,3.2700,3.3000,3.2500,3.2600,3.2700,56785613,185964836.0000,1,0,1.946077
2019-10-09,sh.601899,3.2700,3.3400,3.2700,3.3200,3.2600,74633694,247151727.0000,1,0,1.946077
2019-10-10,sh.601899,3.3200,3.3400,3.3000,3.3300,3.3200,59814655,198644499.0000,1,0,1.946077
2019-10-11,sh.601899,3.3200,3.3400,3.3000,3.3400,3.3300,48805114,161989702.0000,1,0,1.946077
2019-10-14,sh.601899,3.3200,3.3500,3.3100,3.3300,3.3400,108556823,361196939.0000,1,0,1.946077
2019-10-15,sh.601899,3.3300,3.3400,3.3000,3.3000,3.3300,53369662,176899821.0000,1,0,1.946077
2019-10-16,sh.601899,3.3100,3.3100,3.2800,3.2800,3.3000,43326972,142885892.0000,1,0,1.946077
2019-10-17,sh.601899,3.2900,3.2900,3.2600,3.2700,3.2800,62259627,203746749.0000,1,0,1.946077
2019-10-18,sh.601899,3.2700,3.2800,3.2100,3.2100,3.2700,74581850,241910160.0000,1,0,1.946077
2019-10-21,sh.601899,3.2100,3.2300,3.1600,3.2200,3.2100,68742172,219256255.0000,1,0,1.946077
2019-10-22,sh.601899,3.2000,3.2100,3.1900,3.2100,3.2200,48405094,154874183.0000,1,0,1.946077
2019-10-23,sh.601899,3.2000,3.2500,3.2000,3.2400,3.2100,69112601,223124358.0000,1,0,1.946077
2019-10-24,sh.601899,3.2400,3.2400,3.1900,3.2100,3.2400,49556042,159094997.0000,1,0,1.946077
2019-10-25,sh.601899,3.2200,3.2400,3.2000,3.2400,3.2100,51727067,166483875.0000,1,0,1.946077
2019-10-28,sh.601899,3.2300,3.3600,3.2200,3.3600,3.2400,179880301,594036904.0000,1,0,1.946077
2019-10-29,sh.601899,3.3300,3.3500,3.3100,3.3100,3.3600,70227470,233833283.0000,1,0,1.946077
2019-10-30,sh.601899,3.3100,3.3600,3.3000,3.3500,3.3100,124647773,415689023.0000,1,0,1.946077
2019-10-31,sh.601899,3.3600,3.3900,3.3300,3.3800,3.3500,108485100,364380428.0000,1,0,1.946077
2019-11-01,sh.601899,3.4000,3.4300,3.3500,3.3700,3.3800,140977812,477409469.0000,1,0,1.946077
2019-11-04,sh.601899,3.3700,3.4900,3.3600,3.4700,3.3700,201467036,694381282.0000,1,0,1.946077
2019-11-05,sh.601899,3.4700,3.5000,3.4400,3.4700,3.4700,105677308,366458650.0000,1,0,1.946077
2019-11-06,sh.601899,3.4400,3.6300,3.4400,3.5900,3.4700,304066848,1084341781.0000,1,0,1.946077
2019-11-07,sh.601899,3.5800,3.6100,3.5300,3.5900,3.5900,126546850,452763577.0000,1,0,1.946077
2019-11-08,sh.601899,3.5700,3.6100,3.5400,3.5900,3.5900,132126617,472742107.0000,1,0,1.946077
2019-11-11,sh.601899,3.5600,3.5700,3.4800,3.5000,3.5900,160408254,562936815.0000,1,0,1.946077
2019-11-12,sh.601899,3.4900,3.5000,3.4100,3.4400,3.5000,113034113,389494847.0000,1,0,1.946077
2019-11-13,sh.601899,3.5100,3.6200,3.4700,3.4900,3.4400,218683387,769966877.0000,1,0,1.946077
2019-11-14,sh.601899,3.4900,3.5000,3.4200,3.4400,3.4900,159394784,549665936.0000,1,0,1.946077
2019-11-15,sh.601899,3.4400,3.4400,3.4400,3.4400,3.4400,0,0.0000,0,0,1.946077
2019-11-18,sh.601899,3.4400,3.4400,3.4400,3.4400,3.4400,0,0.0000,0,0,1.946077
2019-11-19,sh.601899,3.4400,3.4400,3.4400,3.4400,3.4400,0,0.0000,0,0,1.946077
2019-11-20,sh.601899,3.4400,3.4400,3.4400,3.4400,3.4400,0,0.0000,0,0,1.946077
2019-11-21,sh.601899,3.4600,3.5500,3.4600,3.5300,3.4400,208016211,728901282.0000,1,0,1.946077
2019-11-22,sh.601899,3.5200,3.6400,3.5000,3.6200,3.5300,202963641,727914211.0000,1,0,1.946077
2019-11-25,sh.601899,3.6700,3.8000,3.6300,3.7700,3.6200,298447504,1111055352.0000,1,0,1.946077
2019-11-26,sh.601899,3.7400,3.7700,3.6900,3.7700,3.7700,149457075,556600985.0000,1,0,1.946077
2019-11-27,sh.601899,3.7500,3.7500,3.6300,3.6800,3.7700,127916678,471747132.0000,1,0,1.946077
2019-11-28,sh.601899,3.6600,3.7100,3.6300,3.6400,3.6800,80012924,293512373.0000,1,0,1.946077
2019-11-29,sh.601899,3.5400,3.6000,3.4900,3.5600,3.6400,255794315,908602840.0000,1,0,1.946077
2019-12-02,sh.601899,3.6000,3.7800,3.5800,3.7000,3.5600,281817648,1047378755.0000,1,0,1.946077
2019-12-03,sh.601899,3.7700,3.8000,3.7100,3.7300,3.7000,166242030,623537933.0000,1,0,1.946077
2019-12-04,sh.601899,3.7700,3.8000,3.7300,3.7700,3.7300,207460504,782589734.0000,1,0,1.946077
2019-12-05,sh.601899,3.7600,3.7700,3.6700,3.7000,3.7700,157013478,582175224.0000,1,0,1.946077
2019-12-06,sh.601899,3.6900,3.7200,3.6500,3.6800,3.7000,109172021,401696745.0000,1,0,1.946077
2019-12-09,sh.601899,3.6600,3.8500,3.6600,3.8500,3.6800,304464624,1154219269.0000,1,0,1.946077
2019-12-10,sh.601899,3.8500,4.0000,3.8300,3.9600,3.8500,362710976,1435690091.0000,1,0,1.946077
2019-12-11,sh.601899,3.9600,4.0200,3.9300,3.9500,3.9600,159072047,630518218.0000,1,0,1.946077
2019-12-12,sh.601899,4.0200,4.0500,3.9300,3.9300,3.9500,138460815,550252445.0000,1,0,1.946077
2019-12-13,sh.601899,3.9500,3.9900,3.9100,3.9600,3.9300,125701226,495294901.0000,1,0,1.946077
2019-12-16,sh.601899,3.9600,3.9700,3.8700,3.9500,3.9600,165928676,649806268.0000,1,0,1.946077
2019-12-17,sh.601899,3.9600,4.0300,3.9300,3.9900,3.9500,209732926,834670360.0000,1,0,1.946077
2019-12-18,sh.601899,3.9800,3.9900,3.9500,3.9700,3.9900,130068260,516003370.0000,1,0,1.946077
2019-12-19,sh.601899,3.9600,4.1300,3.9400,4.1000,3.9700,310569072,1261566070.0000,1,0,1.946077
2019-12-20,sh.601899,4.1000,4.1100,3.9900,4.0200,4.1000,206432567,832142083.0000,1,0,1.946077
2019-12-23,sh.601899,3.9900,4.0400,3.9600,3.9700,4.0200,116477193,465728636.0000,1,0,1.946077
2019-12-24,sh.601899,3.9800,4.1400,3.9300,4.1200,3.9700,210025202,853742897.0000,1,0,1.946077
2019-12-25,sh.601899,4.1500,4.2000,4.0900,4.1400,4.1200,169416725,701708414.0000,1,0,1.946077
2019-12-26,sh.601899,4.1200,4.2400,4.1000,4.1900,4.1400,188737081,789315920.0000,1,0,1.946077
2019-12-27,sh.601899,4.1900,4.6100,4.1900,4.4600,4.1900,476812688,2114576087.0000,1,0,1.946077
2019-12-30,sh.601899,4.4800,4.6000,4.3700,4.4900,4.4600,293426672,1312175630.0000,1,0,1.946077
2019-12-31,sh.601899,4.5300,4.6400,4.4500,4.5900,4.4900,292216496,1330267050.0000,1,0,1.946077
2020-01-02,sh.601899,4.6200,4.8500,4.6000,4.7500,4.5900,350856768,1667226632.0000,1,0,1.946077
2020-01-03,sh.601899,4.7800,4.9000,4.7100,4.8000,4.7500,274099872,1319798516.0000,1,0,1.946077
2020-01-06,sh.601899,4.9400,5.0200,4.6500,4.8600,4.8000,577602336,2780549169.0000,1,0,1.946077
2020-01-07,sh.601899,4.7300,4.7300,4.6200,4.6700,4.8600,402402480,1877777118.0000,1,0,1.946077
2020-01-08,sh.601899,4.7900,4.8300,4.6100,4.7000,4.6700,440337776,2072072563.0000,1,0,1.946077
2020-01-09,sh.601899,4.5300,4.6200,4.4800,4.5100,4.7000,387550880,1758105776.0000,1,0,1.946077
2020-01-10,sh.601899,4.5000,4.5500,4.4600,4.5400,4.5100,235712336,1063149765.0000,1,0,1.946077
2020-01-13,sh.601899,4.5500,4.6400,4.5200,4.6300,4.5400,203908618,936407153.0000,1,0,1.946077
2020-01-14,sh.601899,4.6300,4.8800,4.6200,4.7400,4.6300,321751152,1532893173.0000,1,0,1.946077
2020-01-15,sh.601899,4.7300,4.7400,4.5700,4.6000,4.7400,189435385,879009858.0000,1,0,1.946077
2020-01-16,sh.601899,4.6000,4.6200,4.4900,4.5200,4.6000,168868136,765643798.0000,1,0,1.946077
2020-01-17,sh.601899,4.5200,4.6600,4.4900,4.6200,4.5200,179916087,823719405.0000,1,0,1.946077
2020-01-20,sh.601899,4.6000,4.6100,4.4800,4.5400,4.6200,185356720,837995411.0000,1,0,1.946077
2020-01-21,sh.601899,4.5200,4.5200,4.3600,4.3600,4.5400,255850302,1131010501.0000,1,0,1.946077
2020-01-22,sh.601899,4.3300,4.4700,4.2100,4.4300,4.3600,192937829,841726380.0000,1,0,1.946077
2020-01-23,sh.601899,4.3100,4.5300,4.2200,4.2900,4.4300,295411008,1286037893.0000,1,0,1.946077
2020-02-03,sh.601899,3.8600,4.0500,3.8600,3.8600,4.2900,449831808,1751335325.0000,1,0,1.946077
2020-02-04,sh.601899,3.8600,4.0300,3.8600,3.9800,3.8600,278159584,1101626239.0000,1,0,1.946077
2020-02-05,sh.601899,3.9600,4.1200,3.9300,4.0300,3.9800,302199280,1217004269.0000,1,0,1.946077
2020-02-06,sh.601899,4.0700,4.1800,4.0000,4.1300,4.0300,302518832,1235523049.0000,1,0,1.946077
2020-02-07,sh.601899,4.0900,4.1800,4.0300,4.1000,4.1300,234159108,958238599.0000,1,0,1.946077
2020-02-10,sh.601899,4.0600,4.2300,4.0100,4.2000,4.1000,292442848,1210140318.0000,1,0,1.946077
2020-02-11,sh.601899,4.1800,4.3800,4.1600,4.2400,4.2000,262161138,1120219409.0000,1,0,1.946077
2020-02-12,sh.601899,4.2300,4.3200,4.2200,4.3000,4.2400,169084056,724574715.0000,1,0,1.946077
2020-02-13,sh.601899,4.3000,4.3500,4.2600,4.3200,4.3000,178212554,768082420.0000,1,0,1.946077
2020-02-14,sh.601899,4.3300,4.5900,4.2800,4.5400,4.3200,336806368,1510655409.0000,1,0,1.946077
2020-02-17,sh.601899,4.5500,4.6300,4.4800,4.6100,4.5400,247418859,1129242130.0000,1,0,1.946077
2020-02-18,sh.601899,4.6400,4.6400,4.5500,4.5700,4.6100,199042510,911733417.0000,1,0,1.946077
2020-02-19,sh.601899,4.6400,4.6700,4.5300,4.5900,4.5700,255613779,1177137327.0000,1,0,1.946077
2020-02-20,sh.601899,4.5700,4.6000,4.5000,4.5900,4.5900,216979060,987786543.0000,1,0,1.946077
2020-02-21,sh.601899,4.6300,4.7700,4.5800,4.7000,4.5900,368369248,1725826075.0000,1,0,1.946077
2020-02-24,sh.601899,4.8300,4.8600,4.6600,4.7200,4.7000,364972688,1731035706.0000,1,0,1.946077
2020-02-25,sh.601899,4.5700,4.6900,4.5300,4.5700,4.7200,346098272,1585828516.0000,1,0,1.946077
2020-02-26,sh.601899,4.5000,4.5000,4.3500,4.3600,4.5700,351814208,1551328882.0000,1,0,1.946077
2020-02-27,sh.601899,4.3600,4.4400,4.3100,4.4100,4.3600,169457473,744811994.0000,1,0,1.946077
2020-02-28,sh.601899,4.2800,4.3500,4.1600,4.1600,4.4100,260306946,1104330595.0000,1,0,1.946077
2020-03-02,sh.601899,4.1500,4.3400,4.1500,4.3000,4.1600,190485086,808677902.0000,1,0,1.946077
2020-03-03,sh.601899,4.3500,4.4100,4.2800,4.3000,4.3000,170989183,743489482.0000,1,0,1.946077
2020-03-04,sh.601899,4.4000,4.4300,4.2700,4.3300,4.3000,246941406,1070946894.0000,1,0,1.946077
2020-03-05,sh.601899,4.3000,4.3700,4.3000,4.3500,4.3300,190491581,825623677.0000,1,0,1.946077
2020-03-06,sh.601899,4.4000,4.4200,4.3500,4.3800,4.3500,245260315,1076871742.0000,1,0,1.946077
2020-03-09,sh.601899,4.3800,4.3800,4.0600,4.0800,4.3800,415442816,1732497705.0000,1,0,1.946077
2020-03-10,sh.601899,3.9600,4.0700,3.9200,4.0400,4.0800,361726480,1451419075.0000,1,0,1.946077
2020-03-11,sh.601899,4.0500,4.1100,4.0200,4.0200,4.0400,223741044,909501942.0000,1,0,1.946077
2020-03-12,sh.601899,3.9100,3.9500,3.8600,3.9200,4.0200,221317398,864047673.0000,1,0,1.946077
2020-03-13,sh.601899,3.6400,3.8900,3.5500,3.8400,3.9200,318814192,1188724176.0000,1,0,1.946077
2020-03-16,sh.601899,3.8400,3.8400,3.6000,3.6400,3.8400,253454001,944140266.0000,1,0,1.946077
2020-03-17,sh.601899,3.6200,3.6900,3.3600,3.4800,3.6400,340711248,1187974544.0000,1,0,1.946077
2020-03-18,sh.601899,3.5300,3.5800,3.4000,3.4100,3.4800,242283744,848489163.0000,1,0,1.946077
2020-03-19,sh.601899,3.3000,3.3800,3.2700,3.3600,3.4100,306868416,1022614520.0000,1,0,1.946077
2020-03-20,sh.601899,3.4000,3.4900,3.3300,3.4600,3.3600,225092925,764617229.0000,1,0,1.946077
2020-03-23,sh.601899,3.3700,3.5400,3.3300,3.4600,3.4600,315355984,1092837259.0000,1,0,1.946077
2020-03-24,sh.601899,3.7200,3.8000,3.6100,3.7400,3.4600,542024272,2008946649.0000,1,0,1.946077
2020-03-25,sh.601899,3.9000,3.9100,3.7800,3.8000,3.7400,367117008,1412171374.0000,1,0,1.946077
2020-03-26,sh.601899,3.7300,3.8500,3.6900,3.7700,3.8000,246570302,931203364.0000,1,0,1.946077
2020-03-27,sh.601899,3.7900,3.8300,3.7700,3.7900,3.7700,201100657,765439698.0000,1,0,1.946077
2020-03-30,sh.601899,3.7100,3.7800,3.6700,3.6900,3.7900,176598747,655541703.0000,1,0,1.946077
2020-03-31,sh.601899,3.6900,3.7300,3.6600,3.6900,3.6900,135420854,500844862.0000,1,0,1.946077
2020-04-01,sh.601899,3.6400,3.7300,3.6000,3.7300,3.6900,175852865,643599421.0000,1,0,1.946077
2020-04-02,sh.601899,3.6600,3.7000,3.6300,3.7000,3.7300,168837319,618002736.0000,1,0,1.946077
2020-04-03,sh.601899,3.7000,3.8000,3.6900,3.7000,3.7000,210445660,785735035.0000,1,0,1.946077
2020-04-07,sh.601899,3.8200,4.0200,3.7900,3.9700,3.7000,426568704,1674276500.0000,1,0,1.946077
2020-04-08,sh.601899,3.9000,3.9900,3.8800,3.9500,3.9700,185435271,730549685.0000,1,0,1.946077
2020-04-09,sh.601899,3.9500,3.9800,3.9100,3.9500,3.9500,152568999,599543495.0000,1,0,1.946077
2020-04-10,sh.601899,4.0900,4.1000,3.9500,3.9700,3.9500,288564080,1154769445.0000,1,0,1.946077
2020-04-13,sh.601899,3.9600,4.0500,3.9400,4.0000,3.9700,146092977,581531262.0000,1,0,1.946077
2020-04-14,sh.601899,4.1000,4.3600,4.0600,4.2800,4.0000,503774400,2129995342.0000,1,0,1.946077
2020-04-15,sh.601899,4.2600,4.3500,4.2200,4.2600,4.2800,271626608,1161664878.0000,1,0,1.946077
2020-04-16,sh.601899,4.2000,4.2500,4.1400,4.2500,4.2600,273389792,1143408182.0000,1,0,1.946077
2020-04-17,sh.601899,4.1700,4.2000,4.0800,4.1300,4.2500,272941408,1128015712.0000,1,0,1.946077
2020-04-20,sh.601899,4.0800,4.1700,4.0400,4.1400,4.1300,171816787,707599952.0000,1,0,1.946077
2020-04-21,sh.601899,4.1200,4.1600,4.0300,4.0900,4.1400,159913476,653477714.0000,1,0,1.946077
2020-04-22,sh.601899,4.0500,4.0900,4.0200,4.0600,4.0900,156436189,634118411.0000,1,0,1.946077
2020-04-23,sh.601899,4.1600,4.2100,4.1000,4.1500,4.0600,264954481,1100114871.0000,1,0,1.946077
2020-04-24,sh.601899,4.1300,4.2500,4.1100,4.2300,4.1500,296695088,1246241645.0000,1,0,1.946077
2020-04-27,sh.601899,3.9500,4.0000,3.8100,3.8400,4.2300,588580640,2299444430.0000,1,0,1.946077
2020-04-28,sh.601899,3.8400,3.9800,3.7600,3.9700,3.8400,392069152,1524562834.0000,1,0,1.946077
2020-04-29,sh.601899,3.9700,4.0000,3.8900,3.9200,3.9700,139861213,550700512.0000,1,0,1.946077
2020-04-30,sh.601899,3.9300,3.9500,3.8600,3.9100,3.9200,182031895,710735856.0000,1,0,1.946077
2020-05-06,sh.601899,3.9200,3.9800,3.9000,3.9600,3.9100,149217826,589983415.0000,1,0,1.946077
2020-05-07,sh.601899,3.9300,4.0300,3.9100,3.9500,3.9600,152442431,604005327.0000,1,0,1.946077
2020-05-08,sh.601899,4.0300,4.0500,3.9700,4.0100,3.9500,148640409,594129230.0000,1,0,1.946077
2020-05-11,sh.601899,3.9900,4.0200,3.9400,3.9500,4.0100,129290571,514066307.0000,1,0,1.946077
2020-05-12,sh.601899,3.9300,3.9400,3.8600,3.8800,3.9500,161932416,630416316.0000,1,0,1.946077
2020-05-13,sh.601899,3.8800,3.9000,3.8500,3.8800,3.8800,108110906,418541497.0000,1,0,1.946077
2020-05-14,sh.601899,3.8900,3.9000,3.8000,3.8300,3.8800,132539659,508209915.0000,1,0,1.946077
2020-05-15,sh.601899,3.8700,3.9600,3.8500,3.9400,3.8300,211454554,828352157.0000,1,0,1.946077
2020-05-18,sh.601899,4.0300,4.1900,3.9900,4.1400,3.9400,370651360,1525032614.0000,1,0,1.946077
2020-05-19,sh.601899,4.0800,4.1100,4.0000,4.0200,4.1400,208508107,846906493.0000,1,0,1.946077
2020-05-20,sh.601899,4.0900,4.1600,4.0500,4.1200,4.0200,187880102,773737648.0000,1,0,1.946077
2020-05-21,sh.601899,4.1100,4.1500,4.0100,4.0300,4.1200,145381960,591209992.0000,1,0,1.946077
2020-05-22,sh.601899,4.0200,4.0200,3.8800,3.9200,4.0300,155083436,609120547.0000,1,0,1.946077
2020-05-25,sh.601899,3.8900,3.8900,3.8100,3.8400,3.9200,141222959,543110487.0000,1,0,1.946077
2020-05-26,sh.601899,3.8700,3.9200,3.8500,3.8800,3.8400,114431254,444171782.0000,1,0,1.946077
2020-05-27,sh.601899,3.8300,3.8400,3.7800,3.8000,3.8800,155699736,591922211.0000,1,0,1.946077
2020-05-28,sh.601899,3.8200,3.8600,3.7900,3.8300,3.8000,142375582,544209522.0000,1,0,1.946077
2020-05-29,sh.601899,3.8000,3.8200,3.7500,3.7800,3.8300,148432424,560952487.0000,1,0,1.946077
2020-06-01,sh.601899,3.8100,3.9100,3.8000,3.8900,3.7800,204161218,786524857.0000,1,0,1.946077
2020-06-02,sh.601899,3.8900,3.9200,3.8400,3.8800,3.8900,140908222,546551406.0000,1,0,1.946077
2020-06-03,sh.601899,3.8800,3.9800,3.8600,3.9300,3.8800,181300723,712210034.0000,1,0,1.946077
2020-06-04,sh.601899,3.8800,3.9000,3.8400,3.8500,3.9300,153906963,593820776.0000,1,0,1.946077
2020-06-05,sh.601899,3.8700,3.8700,3.8100,3.8200,3.8500,122956377,470868977.0000,1,0,1.946077
2020-06-08,sh.601899,3.8700,4.0300,3.8700,4.0100,3.8200,358920560,1424201274.0000,1,0,1.946077
2020-06-09,sh.601899,4.0300,4.0600,3.9900,4.0400,4.0100,176534926,709716269.0000,1,0,1.946077
2020-06-10,sh.601899,4.1000,4.1200,3.9800,4.0100,4.0400,134188940,539774472.0000,1,0,1.946077
2020-06-11,sh.601899,4.0800,4.1400,4.0300,4.0500,4.0100,204945094,837059194.0000,1,0,1.946077
2020-06-12,sh.601899,3.9300,4.0000,3.9100,3.9700,4.0500,156647213,621241311.0000,1,0,1.946077
2020-06-15,sh.601899,3.9700,4.0000,3.9100,3.9100,3.9700,138581732,545708188.0000,1,0,1.946077
2020-06-16,sh.601899,3.9300,4.0200,3.9200,4.0000,3.9100,153538189,609292784.0000,1,0,1.946077
2020-06-17,sh.601899,3.9800,4.0300,3.9400,4.0300,4.0000,164785221,657553385.0000,1,0,1.946077
2020-06-18,sh.601899,4.0500,4.1800,3.9900,4.1500,4.0300,315164336,1295909916.0000,1,0,1.946077
2020-06-19,sh.601899,4.1500,4.2000,4.1100,4.1600,4.1500,203306269,844352899.0000,1,0,1.946077
2020-06-22,sh.601899,4.2100,4.3400,4.2000,4.2500,4.1600,283332704,1210457695.0000,1,0,1.946077
2020-06-23,sh.601899,4.2800,4.3100,4.2100,4.2400,4.2500,145361538,618116883.0000,1,0,1.946077
2020-06-24,sh.601899,4.3300,4.4100,4.3200,4.3800,4.2400,240447058,1051518904.0000,1,0,1.946077
2020-06-29,sh.601899,4.3700,4.4400,4.3000,4.3700,4.3800,191705099,836245747.0000,1,0,1.946077
2020-06-30,sh.601899,4.3700,4.4200,4.3100,4.4000,4.3700,159963505,697737599.0000,1,0,1.946077
2020-07-01,sh.601899,4.4700,4.7000,4.4700,4.5900,4.4000,336231584,1543257513.0000,1,0,1.946077
2020-07-02,sh.601899,4.5100,4.6500,4.5100,4.6200,4.5900,272079408,1252357766.0000,1,0,1.946077
2020-07-03,sh.601899,4.6000,4.7900,4.5800,4.7500,4.6200,330125520,1558853698.0000,1,0,1.946077
2020-07-06,sh.601899,4.7700,5.1300,4.7700,5.1100,4.7500,525666208,2642327770.0000,1,0,1.946077
2020-07-07,sh.601899,5.2000,5.4500,5.1200,5.1300,5.1100,463256288,2435377392.0000,1,0,1.946077
2020-07-08,sh.601899,5.1600,5.6000,5.1400,5.5800,5.1300,565314768,3057825693.0000,1,0,1.946077
2020-07-09,sh.601899,5.6500,6.1400,5.6500,6.1400,5.5800,690230768,4116056290.0000,1,0,1.946077
2020-07-10,sh.601899,6.0000,6.0000,5.6400,5.6600,6.1400,623383168,3614792120.0000,1,0,1.946077
2020-07-13,sh.601899,5.8300,6.0700,5.8100,6.0000,5.6600,576155696,3431960881.0000,1,0,1.946077
2020-07-14,sh.601899,5.7800,5.9500,5.7000,5.8200,6.0000,426061472,2469490567.0000,1,0,1.946077
2020-07-15,sh.601899,5.8500,5.9400,5.6000,5.6500,5.8200,368158624,2111417755.0000,1,0,1.946077
2020-07-16,sh.601899,5.5800,5.7800,5.4000,5.4400,5.6500,308009088,1726210139.0000,1,0,1.946077
2020-07-17,sh.601899,5.3000,5.4400,5.2100,5.3500,5.3400,243140716,1299330891.0000,1,0,1.982521
2020-07-20,sh.601899,5.4600,5.6200,5.4200,5.6100,5.3500,380512080,2110951004.0000,1,0,1.982521
2020-07-21,sh.601899,5.7100,5.7800,5.6000,5.6800,5.6100,298565088,1701371308.4700,1,0,1.982521
2020-07-22,sh.601899,6.0100,6.0800,5.8200,5.8500,5.6800,383973296,2275999069.6800,1,0,1.982521
2020-07-23,sh.601899,5.9300,5.9500,5.6200,5.8200,5.8500,305906640,1772895845.7300,1,0,1.982521
2020-07-24,sh.601899,5.7800,5.8700,5.5400,5.6300,5.8200,359066864,2047695723.2600,1,0,1.982521
2020-07-27,sh.601899,5.7700,6.0400,5.6900,6.0200,5.6300,581687440,3458036747.2800,1,0,1.982521
2020-07-28,sh.601899,6.2300,6.3000,5.7000,5.7600,6.0200,641076128,3836954516.6700,1,0,1.982521
2020-07-29,sh.601899,5.7600,5.7900,5.5800,5.7400,5.7600,419692240,2381905024.2900,1,0,1.982521
2020-07-30,sh.601899,5.7700,5.8600,5.6300,5.6500,5.7400,294110304,1681310716.0500,1,0,1.982521
2020-07-31,sh.601899,5.7000,5.8500,5.6300,5.8500,5.6500,349910752,2013444108.5700,1,0,1.982521
2020-08-03,sh.601899,5.8000,5.8800,5.7100,5.8400,5.8500,300128608,1741028418.0300,1,0,1.982521
2020-08-04,sh.601899,5.8300,5.9500,5.7600,5.7900,5.8400,285044608,1660603526.5100,1,0,1.982521
2020-08-05,sh.601899,5.9700,6.0500,5.8200,6.0400,5.7900,471020400,2803206794.7100,1,0,1.982521
2020-08-06,sh.601899,6.0900,6.6000,6.0800,6.5700,6.0400,718268736,4625912973.3500,1,0,1.982521
2020-08-07,sh.601899,6.5700,6.9800,6.5100,6.6400,6.5700,728252320,4919137309.3600,1,0,1.982521
2020-08-10,sh.601899,6.3700,6.4300,6.2000,6.3300,6.6400,408542640,2572469568.7800,1,0,1.982521
2020-08-11,sh.601899,6.2000,6.3500,6.0000,6.0300,6.3300,398065552,2455260277.7800,1,0,1.982521
2020-08-12,sh.601899,5.5900,5.7600,5.4400,5.7000,6.0300,596546480,3334005267.9700,1,0,1.982521
2020-08-13,sh.601899,5.7100,5.7700,5.6000,5.7200,5.7000,197710106,1125242590.2000,1,0,1.982521
2020-08-14,sh.601899,5.7400,5.9200,5.7000,5.7800,5.7200,181252163,1051840701.8900,1,0,1.982521
2020-08-17,sh.601899,5.7500,6.1600,5.6900,6.1100,5.7800,317022000,1886070320.1200,1,0,1.982521
2020-08-18,sh.601899,6.2700,6.4100,6.1800,6.3600,6.1100,305112736,1926947631.1500,1,0,1.982521
2020-08-19,sh.601899,6.3600,6.5200,6.2800,6.5000,6.3600,452817744,2904487833.5100,1,0,1.982521
2020-08-20,sh.601899,6.1900,6.5500,6.1000,6.3200,6.5000,355196080,2238850114.3700,1,0,1.982521
2020-08-21,sh.601899,6.3300,6.4000,6.1600,6.2000,6.3200,208846031,1305123835.9500,1,0,1.982521
2020-08-24,sh.601899,6.3000,6.8000,6.2600,6.7000,6.2000,492134400,3233027175.8800,1,0,1.982521
2020-08-25,sh.601899,6.7600,6.7600,6.3400,6.6000,6.7000,368169776,2400064576.7800,1,0,1.982521
2020-08-26,sh.601899,6.5300,6.7200,6.4300,6.5300,6.6000,264105493,1732649924.8800,1,0,1.982521
2020-08-27,sh.601899,6.6600,6.7100,6.4200,6.4800,6.5300,186834777,1223716663.8000,1,0,1.982521
2020-08-28,sh.601899,6.4500,6.6900,6.2900,6.6500,6.4800,259636921,1694238227.8100,1,0,1.982521
2020-08-31,sh.601899,6.7700,7.3200,6.7600,7.1900,6.6500,746287392,5352225218.7900,1,0,1.982521
2020-09-01,sh.601899,7.2000,7.4900,7.1500,7.3400,7.1900,444801360,3253480596.7900,1,0,1.982521
2020-09-02,sh.601899,7.2500,7.3100,7.0200,7.1300,7.3400,346897504,2474034081.2400,1,0,1.982521
2020-09-03,sh.601899,7.0100,7.2500,6.9500,7.0600,7.1300,270134576,1923632823.6100,1,0,1.982521
2020-09-04,sh.601899,6.9200,7.1900,6.9100,7.0000,7.0600,223535260,1573107055.7800,1,0,1.982521
2020-09-07,sh.601899,7.1000,7.4300,6.9700,7.0900,7.0000,350756192,2530520459.8300,1,0,1.982521
2020-09-08,sh.601899,6.9900,7.1200,6.7100,7.0400,7.0900,305837184,2109194439.3600,1,0,1.982521
2020-09-09,sh.601899,6.8400,6.9900,6.7100,6.7300,7.0400,233008778,1585961863.9700,1,0,1.982521
2020-09-10,sh.601899,6.9000,7.1700,6.8300,6.9800,6.7300,343475744,2407420871.1500,1,0,1.982521
2020-09-11,sh.601899,6.9000,6.9600,6.7300,6.9100,6.9800,214292288,1466902454.7300,1,0,1.982521
2020-09-14,sh.601899,7.0000,7.2400,6.8500,7.1400,6.9100,286499184,2031960307.2700,1,0,1.982521
2020-09-15,sh.601899,7.2000,7.2800,7.1100,7.1700,7.1400,237318149,1704384190.4300,1,0,1.982521
2020-09-16,sh.601899,7.0500,7.1400,6.9200,7.0400,7.1700,168620765,1184866870.9800,1,0,1.982521
2020-09-17,sh.601899,6.9800,6.9900,6.7400,6.8000,7.0400,233631054,1594086151.3100,1,0,1.982521
2020-09-18,sh.601899,6.8600,7.0500,6.8200,7.0300,6.8000,220922464,1533430239.7400,1,0,1.982521
2020-09-21,sh.601899,7.0200,7.1100,6.8300,6.8700,7.0300,198003684,1377199172.6900,1,0,1.982521
2020-09-22,sh.601899,6.6000,6.7700,6.5100,6.5600,6.8700,281916496,1871226401.1900,1,0,1.982521
2020-09-23,sh.601899,6.5800,6.6300,6.3800,6.4500,6.5600,256802497,1660748398.8700,1,0,1.982521
2020-09-24,sh.601899,6.2800,6.3000,6.0000,6.0200,6.4500,394361760,2413826183.3900,1,0,1.982521
2020-09-25,sh.601899,6.1300,6.2400,6.1000,6.2000,6.0200,220718804,1363147840.0600,1,0,1.982521
2020-09-28,sh.601899,6.2200,6.2800,6.0900,6.1900,6.2000,155839487,966583391.3800,1,0,1.982521
2020-09-29,sh.601899,6.3200,6.4200,6.1600,6.1900,6.1900,208115087,1300959855.1300,1,0,1.982521
2020-09-30,sh.601899,6.2500,6.2900,6.0700,6.1500,6.1900,160117715,988075369.2600,1,0,1.982521
2020-10-09,sh.601899,6.2500,6.2800,6.1500,6.2200,6.1500,255638892,1588025395.0800,1,0,1.982521
2020-10-12,sh.601899,6.2400,6.5900,6.2400,6.5800,6.2200,283980144,1845566146.8500,1,0,1.982521
2020-10-13,sh.601899,6.5400,6.6000,6.4200,6.5800,6.5800,143854706,938112526.3500,1,0,1.982521
2020-10-14,sh.601899,6.4100,6.5400,6.3700,6.4900,6.5800,126964096,820486583.6200,1,0,1.982521
2020-10-15,sh.601899,6.5100,6.6700,6.4900,6.5600,6.4900,132363029,871390722.6600,1,0,1.982521
2020-10-16,sh.601899,6.7000,6.8200,6.5600,6.5900,6.5600,164105665,1094957743.4000,1,0,1.982521
2020-10-19,sh.601899,6.6000,6.7100,6.4800,6.6800,6.5900,146237282,970042975.2800,1,0,1.982521
2020-10-20,sh.601899,6.7100,6.8200,6.5700,6.7500,6.6800,181648607,1221323953.8400,1,0,1.982521
2020-10-21,sh.601899,6.8800,7.0400,6.8800,6.9700,6.7500,250975220,1747918619.6700,1,0,1.982521
2020-10-22,sh.601899,6.9900,7.0000,6.8600,6.9600,6.9700,132248568,915540070.5200,1,0,1.982521
2020-10-23,sh.601899,6.8700,7.0300,6.8600,6.9100,6.9600,123050431,854363384.7100,1,0,1.982521
2020-10-26,sh.601899,6.9100,7.0700,6.7700,7.0400,6.9100,187101086,1301961102.8600,1,0,1.982521
2020-10-27,sh.601899,7.0000,7.1000,6.9800,7.0700,7.0400,125888167,885737458.3100,1,0,1.982521
2020-10-28,sh.601899,7.0500,7.2300,7.0000,7.1600,7.0700,165674101,1180890656.2100,1,0,1.982521
2020-10-29,sh.601899,6.9500,7.0800,6.8800,7.0100,7.1600,150836485,1056418008.9300,1,0,1.982521
2020-10-30,sh.601899,7.0400,7.2800,6.9500,6.9900,7.0100,196605879,1391936744.9100,1,0,1.982521
2020-11-02,sh.601899,7.0700,7.2200,7.0000,7.1900,6.9900,202034380,1447781683.7700,1,0,1.982521
2020-11-03,sh.601899,7.2600,7.8900,7.2200,7.6500,7.1900,416717744,3170877779.8900,1,0,1.982521
2020-11-04,sh.601899,7.6500,7.7300,7.5100,7.6700,7.6500,198735271,1518356030.9100,1,0,1.982521
2020-11-05,sh.601899,7.7400,7.8000,7.5100,7.6600,7.6700,220684641,1687147407.1200,1,0,1.982521
2020-11-06,sh.601899,7.8500,8.0300,7.7600,7.9000,7.6600,318343984,2518923528.0200,1,0,1.982521
2020-11-09,sh.601899,8.0200,8.1700,7.9500,8.1300,7.9000,293704256,2374099304.4400,1,0,1.982521
2020-11-10,sh.601899,7.7500,7.8600,7.6100,7.7000,8.1300,389531056,3017574704.3400,1,0,1.982521
2020-11-11,sh.601899,7.6800,7.7500,7.5000,7.5300,7.7000,223126301,1695610304.3200,1,0,1.982521
2020-11-12,sh.601899,7.4700,7.7200,7.3400,7.6700,7.5300,248024070,1876190342.6800,1,0,1.982521
2020-11-13,sh.601899,7.7000,7.7700,7.5200,7.6400,7.6700,155571312,1189078819.1300,1,0,1.982521
2020-11-16,sh.601899,7.7800,8.3000,7.7800,8.1900,7.6400,402642368,3255892343.8700,1,0,1.982521
2020-11-17,sh.601899,8.1900,8.4100,8.1100,8.2100,8.1900,289942160,2389264146.8100,1,0,1.982521
2020-11-18,sh.601899,8.1600,8.8600,8.1500,8.4200,8.2100,467088240,3978854137.0800,1,0,1.982521
2020-11-19,sh.601899,8.3500,8.4300,8.1100,8.3800,8.4200,233169686,1929711760.6300,1,0,1.982521
2020-11-20,sh.601899,8.3400,8.9800,8.3000,8.9800,8.3800,341594880,2976508137.3800,1,0,1.982521
2020-11-23,sh.601899,9.1600,9.4300,8.8200,9.1600,8.9800,490866560,4501613889.7500,1,0,1.982521
2020-11-24,sh.601899,8.8900,9.1600,8.8100,9.1500,9.1600,368028912,3304259942.3500,1,0,1.982521
2020-11-25,sh.601899,9.1200,9.4000,8.6000,8.6200,9.1500,527469520,4694577304.2800,1,0,1.982521
2020-11-26,sh.601899,8.6200,8.8600,8.5800,8.8600,8.6200,296723120,2592404150.9400,1,0,1.982521
2020-11-27,sh.601899,9.0000,9.1000,8.6800,8.9500,8.8600,258483274,2294451402.5000,1,0,1.982521
2020-11-30,sh.601899,8.9100,9.4700,8.8200,9.2900,8.9500,430307408,3983057662.8400,1,0,1.982521
2020-12-01,sh.601899,9.1300,9.3900,9.0500,9.3900,9.2900,260739041,2408544751.7000,1,0,1.982521
2020-12-02,sh.601899,9.5500,9.7000,9.2000,9.3500,9.3900,330162864,3118879122.7300,1,0,1.982521
2020-12-03,sh.601899,9.2200,9.2900,8.7700,8.8600,9.3500,377381824,3377235826.7200,1,0,1.982521
2020-12-04,sh.601899,8.8800,9.1500,8.7500,9.1300,8.8600,267796859,2408571975.6800,1,0,1.982521
2020-12-07,sh.601899,9.0700,9.1800,8.7100,8.8100,9.1300,264861178,2348355261.6500,1,0,1.982521
2020-12-08,sh.601899,8.9100,9.1300,8.8000,8.9100,8.8100,285706864,2557945104.4100,1,0,1.982521
2020-12-09,sh.601899,8.9200,9.0500,8.6800,8.7100,8.9100,234836436,2066947594.3400,1,0,1.982521
2020-12-10,sh.601899,8.5100,8.6000,8.2000,8.5500,8.7100,297764688,2506752991.0500,1,0,1.982521
2020-12-11,sh.601899,8.8100,8.8400,8.2900,8.4300,8.5500,285486336,2443012610.0300,1,0,1.982521
2020-12-14,sh.601899,8.3000,8.5700,8.2000,8.5100,8.4300,191295595,1611031525.6500,1,0,1.982521
2020-12-15,sh.601899,8.4200,8.4500,8.1100,8.3300,8.5100,285011728,2347146658.8400,1,0,1.982521
2020-12-16,sh.601899,8.4300,8.5000,8.1900,8.3800,8.3300,195560638,1632712270.8500,1,0,1.982521
2020-12-17,sh.601899,8.4100,8.8300,8.3800,8.8300,8.3800,359553632,3111877662.1800,1,0,1.982521
2020-12-18,sh.601899,8.9500,9.3300,8.9200,9.1900,8.8300,374924512,3428916938.5800,1,0,1.982521
2020-12-21,sh.601899,9.3300,9.4800,9.1600,9.3900,9.1900,280066576,2615269450.2400,1,0,1.982521
2020-12-22,sh.601899,9.1800,9.2300,8.7100,8.7500,9.3900,391525600,3516910192.2000,1,0,1.982521
2020-12-23,sh.601899,8.6700,8.8500,8.5200,8.7700,8.7500,249846668,2175904493.9500,1,0,1.982521
2020-12-24,sh.601899,8.8200,9.0700,8.8200,8.9100,8.7700,200987038,1799389702.1700,1,0,1.982521
2020-12-25,sh.601899,8.9300,9.3000,8.7100,9.2700,8.9100,273356912,2487214500.7900,1,0,1.982521
2020-12-28,sh.601899,9.3700,9.6500,9.3500,9.4400,9.2700,321029008,3055390719.1800,1,0,1.982521
2020-12-29,sh.601899,9.5100,9.5500,9.1000,9.1000,9.4400,244064436,2254838141.7600,1,0,1.982521
2020-12-30,sh.601899,9.0900,9.3600,8.9900,9.2700,9.1000,245102232,2258500596.8500,1,0,1.982521
2020-12-31,sh.601899,9.3200,9.4300,9.1600,9.2900,9.2700,243889964,2267849820.4400,1,0,1.982521
2021-01-04,sh.601899,9.4200,10.1700,9.3800,10.0400,9.2900,445168336,4361922843.4800,1,0,1.982521
2021-01-05,sh.601899,10.0900,10.2500,9.8500,10.2100,10.0400,362738176,3659225116.9700,1,0,1.982521
2021-01-06,sh.601899,10.4500,10.7900,10.3100,10.5000,10.2100,382786000,4029757962.3200,1,0,1.982521
2021-01-07,sh.601899,10.4300,11.3200,10.3800,11.1800,10.5000,447954128,4908866977.9200,1,0,1.982521
2021-01-08,sh.601899,11.4000,11.5200,10.9000,11.3500,11.1800,389430576,4344575344.1500,1,0,1.982521
2021-01-11,sh.601899,10.9000,11.1200,10.5000,10.6700,11.3500,471688816,5095583003.8300,1,0,1.982521
2021-01-12,sh.601899,10.3000,10.9000,10.2300,10.9000,10.6700,330386256,3497531107.5900,1,0,1.982521
2021-01-13,sh.601899,10.9200,11.5600,10.5100,10.6800,10.9000,446550144,4931502129.4500,1,0,1.982521
2021-01-14,sh.601899,10.6200,10.7200,10.3100,10.4300,10.6800,248924015,2614963250.4800,1,0,1.982521
2021-01-15,sh.601899,10.5900,10.8800,10.2400,10.5600,10.4300,265911595,2800597213.3200,1,0,1.982521
2021-01-18,sh.601899,10.3000,10.7100,9.9300,10.6900,10.5600,297687280,3080365298.2300,1,0,1.982521
2021-01-19,sh.601899,10.5500,10.7400,10.1400,10.2800,10.6900,241515575,2515421369.5600,1,0,1.982521
2021-01-20,sh.601899,10.2800,10.6600,10.2800,10.5600,10.2800,207543682,2181268564.8500,1,0,1.982521
2021-01-21,sh.601899,10.7000,11.1500,10.6200,10.9700,10.5600,327400496,3571286802.9300,1,0,1.982521
2021-01-22,sh.601899,10.8700,10.9900,10.6600,10.8300,10.9700,209061346,2266390398.4400,1,0,1.982521
2021-01-25,sh.601899,10.8400,11.3400,10.7200,11.0500,10.8300,302129488,3350992978.3400,1,0,1.982521
2021-01-26,sh.601899,11.0000,11.0000,10.5100,10.7400,11.0500,268877456,2893638773.5700,1,0,1.982521
2021-01-27,sh.601899,10.7900,10.9200,10.1500,10.4200,10.7400,264593333,2751539537.0700,1,0,1.982521
2021-01-28,sh.601899,10.0000,10.2100,9.6000,9.6800,10.4200,351893776,3475714738.3600,1,0,1.982521
2021-01-29,sh.601899,9.9000,10.0000,9.3100,9.6000,9.6800,277139968,2676524826.4500,1,0,1.982521
2021-02-01,sh.601899,9.9400,10.4800,9.8200,10.4400,9.6000,355225248,3610966764.2900,1,0,1.982521
2021-02-02,sh.601899,10.4800,10.8900,10.3300,10.8000,10.4400,280799952,2988213539.1400,1,0,1.982521
2021-02-03,sh.601899,10.5900,10.7600,10.2500,10.4900,10.8000,281468912,2949954723.5600,1,0,1.982521
2021-02-04,sh.601899,10.5000,10.5600,10.0300,10.1500,10.4900,186606141,1910565322.4000,1,0,1.982521
2021-02-05,sh.601899,9.9900,10.3400,9.7300,9.8000,10.1500,263340422,2621783114.6800,1,0,1.982521
2021-02-08,sh.601899,10.1000,10.6500,10.0600,10.5900,9.8000,302447968,3151110631.0300,1,0,1.982521
2021-02-09,sh.601899,10.9800,11.3500,10.7800,11.3400,10.5900,347099984,3868479612.5100,1,0,1.982521
2021-02-10,sh.601899,11.4700,12.2800,11.4300,12.0800,11.3400,426762336,5065308197.8700,1,0,1.982521
2021-02-18,sh.601899,13.2900,13.2900,13.2900,13.2900,12.0800,81753772,1086507629.8800,1,0,1.982521
2021-02-19,sh.601899,13.6700,14.1100,12.8900,13.6400,13.2900,1008802432,13756431472.1100,1,0,1.982521
2021-02-22,sh.601899,14.4600,15.0000,14.3200,14.6300,13.6400,1031889104,15225407083.5700,1,0,1.982521
2021-02-23,sh.601899,14.1000,14.5400,13.7700,13.8500,14.6300,717283184,10155195094.0800,1,0,1.982521
2021-02-24,sh.601899,13.9500,14.2700,12.5500,13.1000,13.8500,763929152,10206863198.0300,1,0,1.982521
2021-02-25,sh.601899,13.6500,13.7400,12.8800,12.9800,13.1000,546806688,7290211659.3800,1,0,1.982521
2021-02-26,sh.601899,12.1900,12.5600,11.9800,12.1900,12.9800,636144896,7798379240.9700,1,0,1.982521
2021-03-01,sh.601899,12.2200,12.4000,11.7600,12.3200,12.1900,531899040,6448600367.6700,1,0,1.982521
2021-03-02,sh.601899,12.1000,12.1000,11.5500,11.7500,12.3200,495700048,5849304561.9900,1,0,1.982521
2021-03-03,sh.601899,11.9600,12.3500,11.8000,12.3200,11.7500,522198992,6320032302.7300,1,0,1.982521
2021-03-04,sh.601899,11.9300,12.0300,11.2000,11.4500,12.3200,603698528,7008365501.9400,1,0,1.982521
2021-03-05,sh.601899,10.7800,11.1300,10.6000,11.0000,11.4500,532956768,5798586694.2800,1,0,1.982521
2021-03-08,sh.601899,11.3300,11.4000,10.5900,10.6700,11.0000,418196496,4602169063.2400,1,0,1.982521
2021-03-09,sh.601899,10.7000,11.0700,10.0100,10.7100,10.6700,505206080,5344246000.1000,1,0,1.982521
2021-03-10,sh.601899,10.7900,10.8000,10.3500,10.4900,10.7100,296477776,3119352160.3200,1,0,1.982521
2021-03-11,sh.601899,10.6500,11.5400,10.5400,11.5400,10.4900,572997920,6359017076.2300,1,0,1.982521
2021-03-12,sh.601899,11.7100,11.7700,11.0600,11.3500,11.5400,460870192,5259841299.1900,1,0,1.982521
2021-03-15,sh.601899,11.3000,11.6400,10.9700,11.2500,11.3500,418274400,4730861426.2400,1,0,1.982521
2021-03-16,sh.601899,11.2800,11.3000,10.7500,11.1100,11.2500,305393456,3362527958.5600,1,0,1.982521
2021-03-17,sh.601899,10.8000,11.1100,10.6600,11.0900,11.1100,244471019,2672406852.9100,1,0,1.982521
2021-03-18,sh.601899,11.4000,11.5700,11.1500,11.1800,11.0900,302583472,3428045770.0800,1,0,1.982521
2021-03-19,sh.601899,10.8200,11.0300,10.6900,10.8300,11.1800,360642224,3899339140.4700,1,0,1.982521
2021-03-22,sh.601899,10.7500,10.8400,10.4100,10.6600,10.8300,311295888,3300885479.1000,1,0,1.982521
2021-03-23,sh.601899,10.7800,10.8400,10.0000,10.1300,10.6600,437961712,4499471589.0900,1,0,1.982521
2021-03-24,sh.601899,9.9000,10.0300,9.3000,9.3600,10.1300,573323232,5474910242.1200,1,0,1.982521
2021-03-25,sh.601899,9.4500,9.7900,9.4100,9.5600,9.3600,397265840,3817736537.0800,1,0,1.982521
2021-03-26,sh.601899,9.6000,10.0200,9.5200,9.9100,9.5600,408898176,3995802972.5200,1,0,1.982521
2021-03-29,sh.601899,9.9200,10.0000,9.6500,9.9300,9.9100,295006016,2907970634.9300,1,0,1.982521
2021-03-30,sh.601899,9.8100,10.1600,9.6800,9.9300,9.9300,296079312,2938037286.7800,1,0,1.982521
2021-03-31,sh.601899,9.8100,9.8300,9.4500,9.6200,9.9300,341747840,3274537357.5400,1,0,1.982521
2021-04-01,sh.601899,9.7200,9.8200,9.6100,9.7400,9.6200,230815665,2240304734.5800,1,0,1.982521
2021-04-02,sh.601899,9.8500,10.1400,9.8200,10.1300,9.7400,395349728,3962425756.4800,1,0,1.982521
2021-04-06,sh.601899,10.3500,10.4400,10.1300,10.1500,10.1300,306084880,3141800029.6400,1,0,1.982521
2021-04-07,sh.601899,10.2500,10.2900,9.9000,10.2400,10.1500,253068408,2555155700.6000,1,0,1.982521
2021-04-08,sh.601899,10.2000,10.6800,10.0700,10.5300,10.2400,409922288,4297622177.3000,1,0,1.982521
2021-04-09,sh.601899,10.5900,10.6200,10.2500,10.2900,10.5300,227726836,2361921476.6000,1,0,1.982521
2021-04-12,sh.601899,10.1700,10.1700,9.6000,9.6800,10.2900,382576976,3746359620.5300,1,0,1.982521
2021-04-13,sh.601899,9.5900,9.8300,9.5100,9.7000,9.6800,215462208,2092158730.1300,1,0,1.982521
2021-04-14,sh.601899,9.7200,9.9700,9.7200,9.9300,9.7000,222354597,2196393986.4800,1,0,1.982521
2021-04-15,sh.601899,10.1000,10.2400,9.8000,10.2100,9.9300,283596688,2851263081.4100,1,0,1.982521
2021-04-16,sh.601899,10.5700,10.6900,10.2000,10.2300,10.2100,411957776,4305401933.3000,1,0,1.982521
2021-04-19,sh.601899,10.2400,10.6500,9.9800,10.6500,10.2300,399896656,4173023437.7100,1,0,1.982521
2021-04-20,sh.601899,10.5000,10.8600,10.4600,10.7400,10.6500,375163760,4012678441.9400,1,0,1.982521
2021-04-21,sh.601899,10.5000,10.6600,10.3500,10.5500,10.7400,240994349,2536689651.2300,1,0,1.982521
2021-04-22,sh.601899,10.6600,10.8300,10.5200,10.6000,10.5500,258894772,2766959349.1700,1,0,1.982521
2021-04-23,sh.601899,10.5600,10.8200,10.4100,10.7800,10.6000,285518032,3056599835.5900,1,0,1.982521
2021-04-26,sh.601899,11.0300,11.4000,10.9300,11.1500,10.7800,486226800,5443923867.2700,1,0,1.982521
2021-04-27,sh.601899,11.3200,11.5400,11.0100,11.2900,11.1500,490881808,5550831104.0800,1,0,1.982521
2021-04-28,sh.601899,11.0200,11.2300,10.8500,11.0900,11.2900,299160544,3308172913.0900,1,0,1.982521
2021-04-29,sh.601899,11.3100,11.4800,11.1600,11.3600,11.0900,352853728,3995319718.3100,1,0,1.982521
2021-04-30,sh.601899,11.2000,11.4100,10.8500,11.0300,11.3600,369975088,4087299495.1700,1,0,1.982521
2021-05-06,sh.601899,11.5600,11.9700,11.4100,11.5400,11.0300,498383280,5803831804.3100,1,0,1.982521
2021-05-07,sh.601899,11.9700,12.0900,11.8400,11.9200,11.5400,501563280,5992351538.7200,1,0,1.982521
2021-05-10,sh.601899,12.3500,12.5000,12.1300,12.3500,11.9200,577791600,7112689364.3200,1,0,1.982521
2021-05-11,sh.601899,11.9000,11.9000,11.3100,11.5800,12.3500,533978720,6190222552.7000,1,0,1.982521
2021-05-12,sh.601899,11.5000,11.7800,11.4100,11.7500,11.5800,267046039,3109739688.0400,1,0,1.982521
2021-05-13,sh.601899,11.2600,11.4100,11.0000,11.0800,11.7500,401687360,4482547608.9000,1,0,1.982521
2021-05-14,sh.601899,11.0100,11.1200,10.7000,11.0600,11.0800,359966288,3923947721.6700,1,0,1.982521
2021-05-17,sh.601899,11.1200,11.5000,11.0000,11.4500,11.0600,382905376,4320022450.5200,1,0,1.982521
2021-05-18,sh.601899,11.7400,11.8800,11.5900,11.7300,11.4500,293717680,3452682328.7200,1,0,1.982521
2021-05-19,sh.601899,11.5700,11.5700,11.3200,11.4200,11.7300,260692258,2972228880.7900,1,0,1.982521
2021-05-20,sh.601899,10.9000,11.1000,10.6000,10.9300,11.4200,440449024,4757953611.5700,1,0,1.982521
2021-05-21,sh.601899,10.8000,11.0300,10.6700,10.8200,10.9300,273640496,2962046118.1000,1,0,1.982521
2021-05-24,sh.601899,10.5600,10.7600,10.4900,10.6200,10.8200,261063789,2769535488.1800,1,0,1.982521
2021-05-25,sh.601899,10.6900,11.0100,10.5500,10.9300,10.6200,309188928,3349195351.5200,1,0,1.982521
2021-05-26,sh.601899,10.9300,11.1900,10.8800,11.0600,10.9300,264624958,2921685346.8800,1,0,1.982521
2021-05-27,sh.601899,11.1900,11.2400,10.9600,11.1400,11.0600,235782674,2619503633.0200,1,0,1.982521
2021-05-28,sh.601899,11.4400,11.5100,11.1900,11.1900,11.1400,284479216,3228782021.9800,1,0,1.982521
2021-05-31,sh.601899,11.2900,11.3800,11.0900,11.2300,11.1900,274209232,3077621769.2400,1,0,1.982521
2021-06-01,sh.601899,11.1500,11.4400,11.0700,11.4400,11.2300,299210048,3371369883.8400,1,0,1.982521
2021-06-02,sh.601899,11.3000,11.4000,11.1500,11.1800,11.4400,241051336,2711209480.8700,1,0,1.982521
2021-06-03,sh.601899,11.1400,11.2700,11.0000,11.0000,11.1800,264730027,2946459114.1700,1,0,1.982521
2021-06-04,sh.601899,10.5100,10.9700,10.3900,10.8400,11.0000,402898080,4289951088.0100,1,0,1.982521
2021-06-07,sh.601899,10.8700,11.3200,10.8500,11.1700,10.8400,332356304,3695016908.7300,1,0,1.982521
2021-06-08,sh.601899,11.2900,11.3500,10.9900,11.0600,11.1700,261484316,2907604384.4500,1,0,1.982521
2021-06-09,sh.601899,11.2000,11.2000,10.9100,11.0800,11.0600,207377190,2297180996.5700,1,0,1.982521
2021-06-10,sh.601899,11.1000,11.2400,11.0500,11.0700,11.0800,216082902,2404639032.1200,1,0,1.982521
2021-06-11,sh.601899,11.1200,11.2700,10.8100,11.0000,11.0700,418514480,4630407468.7200,1,0,1.982521
2021-06-15,sh.601899,10.8800,10.9000,10.4000,10.4700,11.0000,460805360,4871405687.4000,1,0,1.982521
2021-06-16,sh.601899,10.2700,10.3900,9.9000,9.9400,10.4700,416736944,4188211881.9300,1,0,1.982521
2021-06-17,sh.601899,9.7800,10.0700,9.7300,9.8700,9.9400,251847790,2496062963.7100,1,0,1.982521
2021-06-18,sh.601899,9.5300,9.8400,9.3800,9.7700,9.8700,398962480,3841538872.8600,1,0,1.982521
2021-06-21,sh.601899,9.6400,9.8500,9.5700,9.7600,9.7700,243546360,2368894152.4200,1,0,1.982521
2021-06-22,sh.601899,9.8600,9.8900,9.7100,9.7800,9.7600,227173133,2227761262.2100,1,0,1.982521
2021-06-23,sh.601899,9.8300,9.8400,9.6900,9.7800,9.7800,235780723,2305475530.1200,1,0,1.982521
2021-06-24,sh.601899,9.8300,9.8700,9.6200,9.7300,9.7800,207415719,2021424296.0500,1,0,1.982521
2021-06-25,sh.601899,9.7500,10.1700,9.7500,10.1500,9.7300,371821152,3740231216.5400,1,0,1.982521
2021-06-28,sh.601899,10.1500,10.1500,9.9200,9.9700,10.1500,239332470,2387798338.4000,1,0,1.982521
2021-06-29,sh.601899,9.9300,9.9300,9.5700,9.6500,9.9700,287644320,2789464365.1400,1,0,1.982521
2021-06-30,sh.601899,9.6400,9.7500,9.5200,9.6900,9.6500,141339080,1365157035.4300,1,0,1.982521
2021-07-01,sh.601899,9.7400,9.7900,9.6100,9.7900,9.6900,159486111,1552823715.3200,1,0,1.982521
2021-07-02,sh.601899,9.8800,10.0900,9.7900,9.8400,9.7900,302368928,3000272960.7500,1,0,1.982521
2021-07-05,sh.601899,9.8500,10.0800,9.8400,10.0300,9.8400,298247136,2972403627.3600,1,0,1.982521
2021-07-06,sh.601899,10.1100,10.1500,9.9000,10.0400,10.0300,245210281,2449466647.7900,1,0,1.982521
2021-07-07,sh.601899,9.8300,10.0700,9.7600,9.9900,10.0400,244861197,2428009619.6100,1,0,1.982521
2021-07-08,sh.601899,10.0700,10.0900,9.6800,9.7300,9.9900,307122592,3018272388.7400,1,0,1.982521
2021-07-09,sh.601899,9.6300,10.2300,9.5500,10.1400,9.6100,524989984,5251637905.4000,1,0,2.007277
2021-07-12,sh.601899,10.4800,10.7000,10.2800,10.3800,10.1400,515750928,5402078978.3500,1,0,2.007277
2021-07-13,sh.601899,10.3000,10.5000,10.0300,10.1500,10.3800,287840304,2929502128.2300,1,0,2.007277
2021-07-14,sh.601899,10.0300,10.0300,9.7800,9.8200,10.1500,303091648,2985594542.0500,1,0,2.007277
2021-07-15,sh.601899,9.8400,10.0400,9.6500,10.0300,9.8200,299806672,2956474075.2900,1,0,2.007277
2021-07-16,sh.601899,10.0000,10.2000,9.8800,10.0000,10.0300,271506592,2723085432.5400,1,0,2.007277
2021-07-19,sh.601899,9.9200,10.0500,9.8500,9.9700,10.0000,255394747,2543088628.9500,1,0,2.007277
2021-07-20,sh.601899,9.7700,9.7800,9.6200,9.7200,9.9700,274588416,2662218196.6900,1,0,2.007277
2021-07-21,sh.601899,9.7500,9.8400,9.6500,9.8200,9.7200,293460784,2855218715.8600,1,0,2.007277
2021-07-22,sh.601899,9.7700,10.1000,9.7000,10.0300,9.8200,374177424,3721218657.0100,1,0,2.007277
2021-07-23,sh.601899,10.0300,10.3800,10.0000,10.1300,10.0300,438245056,4475502580.2700,1,0,2.007277
2021-07-26,sh.601899,10.3500,10.4500,9.9500,10.1800,10.1300,465878176,4768601800.3700,1,0,2.007277
2021-07-27,sh.601899,10.5200,11.1300,10.4700,10.6400,10.1800,927630608,10055251098.7100,1,0,2.007277
2021-07-28,sh.601899,10.5100,10.6000,9.9100,10.0200,10.6400,551300384,5580639800.1200,1,0,2.007277
2021-07-29,sh.601899,10.1800,10.3000,9.9200,10.2400,10.0200,392959024,3977584187.4700,1,0,2.007277
2021-07-30,sh.601899,10.2400,10.4000,10.0900,10.2500,10.2400,291420832,2975393471.6800,1,0,2.007277
2021-08-02,sh.601899,10.3800,11.0000,10.1600,10.8100,10.2500,583619328,6142871807.8200,1,0,2.007277
2021-08-03,sh.601899,10.7600,10.7700,10.3300,10.4100,10.8100,410342432,4302764778.9900,1,0,2.007277
2021-08-04,sh.601899,10.4200,10.5900,10.2200,10.5300,10.4100,357410288,3741821976.9500,1,0,2.007277
2021-08-05,sh.601899,10.3300,10.4200,10.1600,10.2800,10.5300,342679856,3516739867.3500,1,0,2.007277
2021-08-06,sh.601899,10.2300,10.7600,10.2300,10.6800,10.2800,500137056,5287101615.7000,1,0,2.007277
2021-08-09,sh.601899,10.3000,10.9200,10.2100,10.6900,10.6800,409476208,4315411802.5100,1,0,2.007277
2021-08-10,sh.601899,10.5600,10.6800,10.4000,10.5500,10.6900,294265232,3092572705.4600,1,0,2.007277
2021-08-11,sh.601899,10.6500,10.8200,10.4800,10.5900,10.5500,337027616,3585872944.8100,1,0,2.007277
2021-08-12,sh.601899,10.6200,11.1500,10.5100,11.0100,10.5900,664056032,7270785681.1600,1,0,2.007277
2021-08-13,sh.601899,10.9000,11.3400,10.7800,11.2900,11.0100,507957552,5629514682.0000,1,0,2.007277
2021-08-16,sh.601899,11.4400,11.8400,11.1500,11.1700,11.2900,539013216,6196314544.8100,1,0,2.007277
2021-08-17,sh.601899,11.0700,11.4400,10.7800,10.9500,11.1700,448247904,4984103033.1100,1,0,2.007277
2021-08-18,sh.601899,10.7900,10.9800,10.6000,10.9100,10.9500,359915568,3882209141.3800,1,0,2.007277
2021-08-19,sh.601899,10.6200,10.6500,10.1100,10.3400,10.9100,591193040,6139845359.6000,1,0,2.007277
2021-08-20,sh.601899,10.1300,10.1400,9.9000,10.0400,10.3400,414310592,4130780289.3000,1,0,2.007277
2021-08-23,sh.601899,10.1300,10.2500,10.0200,10.1400,10.0400,296510672,3003175788.0400,1,0,2.007277
2021-08-24,sh.601899,10.2500,10.4300,10.2100,10.3200,10.1400,304859936,3155299754.1700,1,0,2.007277
2021-08-25,sh.601899,10.3200,10.6200,10.1300,10.5200,10.3200,345752576,3596037347.6100,1,0,2.007277
2021-08-26,sh.601899,10.4300,10.6700,10.3700,10.3900,10.5200,295880000,3102328423.3100,1,0,2.007277
2021-08-27,sh.601899,10.3100,10.5000,10.2800,10.4500,10.3900,278706512,2891161547.1500,1,0,2.007277
2021-08-30,sh.601899,10.6600,11.0200,10.5300,10.8900,10.4500,536410944,5806055586.7400,1,0,2.007277
2021-08-31,sh.601899,10.8000,11.1100,10.6500,11.1100,10.8900,482796496,5295000177.1100,1,0,2.007277
2021-09-01,sh.601899,11.1200,11.2400,10.5700,10.6900,11.1100,476200784,5160104185.5200,1,0,2.007277
2021-09-02,sh.601899,10.5900,11.0400,10.5500,10.9000,10.6900,371841824,4030435661.3500,1,0,2.007277
2021-09-03,sh.601899,11.0200,11.4200,10.9400,11.0700,10.9000,478081040,5339696180.0700,1,0,2.007277
2021-09-06,sh.601899,11.2200,11.2800,10.7600,10.9500,11.0700,382572000,4171886231.2100,1,0,2.007277
2021-09-07,sh.601899,10.9600,11.0900,10.8200,10.9800,10.9500,355052672,3899936562.6900,1,0,2.007277
2021-09-08,sh.601899,10.9100,11.0400,10.6800,10.8500,10.9800,423473728,4593585370.5600,1,0,2.007277
2021-09-09,sh.601899,10.7700,11.5700,10.7300,11.4300,10.8500,791356848,8926994879.0200,1,0,2.007277
2021-09-10,sh.601899,11.4200,12.4500,11.3800,11.9700,11.4300,920206624,11055875820.2400,1,0,2.007277
2021-09-13,sh.601899,12.2800,12.6800,12.1300,12.3900,11.9700,720541120,8918540790.0100,1,0,2.007277
2021-09-14,sh.601899,12.1000,12.2200,11.6700,11.7200,12.3900,572338176,6827189281.0500,1,0,2.007277
2021-09-15,sh.601899,11.6000,11.6700,11.3100,11.5200,11.7200,356747856,4099964555.9200,1,0,2.007277
2021-09-16,sh.601899,11.7000,11.8300,11.1000,11.1100,11.5200,390504096,4448110307.6900,1,0,2.007277
2021-09-17,sh.601899,10.8200,11.0700,10.5900,10.8100,11.1100,374819440,4042139006.9500,1,0,2.007277
2021-09-22,sh.601899,10.5000,10.7300,10.4300,10.7100,10.8100,276147424,2914656696.6300,1,0,2.007277
2021-09-23,sh.601899,10.7900,10.8500,10.5200,10.5800,10.7100,273484160,2909217671.5300,1,0,2.007277
2021-09-24,sh.601899,10.5200,10.6300,10.3100,10.3400,10.5800,290751152,3030210106.6700,1,0,2.007277
2021-09-27,sh.601899,10.3300,10.3700,10.0100,10.1300,10.3400,291327184,2958240237.8800,1,0,2.007277
2021-09-28,sh.601899,10.1400,10.3600,10.0900,10.2200,10.1300,192161870,1963186343.7500,1,0,2.007277
2021-09-29,sh.601899,10.1000,10.1500,9.9100,10.0200,10.2200,224656525,2250109484.8600,1,0,2.007277
2021-09-30,sh.601899,10.0000,10.1000,9.9800,10.0900,10.0200,123459769,1241545888.0200,1,0,2.007277
2021-10-08,sh.601899,10.2600,10.3000,10.0600,10.2600,10.0900,151931425,1549243831.1300,1,0,2.007277
2021-10-11,sh.601899,10.7300,11.2000,10.6200,11.0400,10.2600,555733360,6096616463.1200,1,0,2.007277
2021-10-12,sh.601899,10.9800,10.9800,10.5300,10.8200,11.0400,316027968,3385255642.2900,1,0,2.007277
2021-10-13,sh.601899,10.7100,10.7800,10.5600,10.7100,10.8200,146895461,1569183323.2300,1,0,2.007277
2021-10-14,sh.601899,11.0000,11.3400,11.0000,11.1300,10.7100,384859984,4295788245.2300,1,0,2.007277
2021-10-15,sh.601899,11.2000,11.9500,11.2000,11.4600,11.1300,514937216,5955272594.2500,1,0,2.007277
2021-10-18,sh.601899,11.7000,11.8000,11.1800,11.5600,11.4600,529088368,6067538618.3100,1,0,2.007277
2021-10-19,sh.601899,11.4000,11.8800,11.2700,11.8000,11.5600,410110320,4778513014.0300,1,0,2.007277
2021-10-20,sh.601899,11.3800,11.4600,11.1600,11.3200,11.8000,428670640,4855264739.7700,1,0,2.007277
2021-10-21,sh.601899,11.4300,11.5800,11.2500,11.3400,11.3200,284046656,3241488056.4600,1,0,2.007277
2021-10-22,sh.601899,11.1000,11.2400,10.9000,11.1200,11.3400,305697616,3394327524.9100,1,0,2.007277
2021-10-25,sh.601899,11.1200,11.2700,10.8800,11.1600,11.1200,194366975,2158677635.4500,1,0,2.007277
2021-10-26,sh.601899,11.2600,11.4700,11.1100,11.3100,11.1600,224968726,2534819432.2700,1,0,2.007277
2021-10-27,sh.601899,11.2000,11.2600,10.8400,10.8900,11.3100,276186240,3037153315.4100,1,0,2.007277
2021-10-28,sh.601899,10.7000,10.8200,10.3700,10.5100,10.8900,286533280,3022389846.1600,1,0,2.007277
2021-10-29,sh.601899,10.5900,10.6400,10.3700,10.4600,10.5100,208885775,2186745474.8900,1,0,2.007277
2021-11-01,sh.601899,10.3700,10.5600,10.2800,10.4800,10.4600,210225343,2191801786.3700,1,0,2.007277
2021-11-02,sh.601899,10.4700,10.5200,10.0500,10.2300,10.4800,315797376,3242283765.8500,1,0,2.007277
2021-11-03,sh.601899,10.2300,10.2600,10.0800,10.2000,10.2300,231626822,2351302285.3000,1,0,2.007277
2021-11-04,sh.601899,10.2100,10.2600,10.1200,10.2600,10.2000,188213934,1919555805.0400,1,0,2.007277
2021-11-05,sh.601899,10.1700,10.2500,10.1500,10.1800,10.2600,150868038,1536473007.1700,1,0,2.007277
2021-11-08,sh.601899,10.3000,10.6400,10.3000,10.5100,10.1800,291238976,3056813877.4200,1,0,2.007277
2021-11-09,sh.601899,10.6000,10.6500,10.4100,10.5600,10.5100,165074576,1734037571.7900,1,0,2.007277
2021-11-10,sh.601899,10.5400,10.5800,10.3500,10.5500,10.5600,168884883,1764772530.8500,1,0,2.007277
2021-11-11,sh.601899,10.5000,10.7300,10.5000,10.6900,10.5500,200024833,2121113366.3700,1,0,2.007277
2021-11-12,sh.601899,10.7600,10.9500,10.7300,10.7400,10.6900,178949092,1932810518.9500,1,0,2.007277
2021-11-15,sh.601899,10.7500,10.9000,10.5000,10.5600,10.7400,160909699,1711734275.6900,1,0,2.007277
2021-11-16,sh.601899,10.5700,10.6100,10.3200,10.3600,10.5600,163075827,1699260780.3300,1,0,2.007277
2021-11-17,sh.601899,10.3100,10.4400,10.2800,10.4200,10.3600,103452801,1074398998.6800,1,0,2.007277
2021-11-18,sh.601899,10.3200,10.4400,10.3200,10.3600,10.4200,135204181,1402017901.7200,1,0,2.007277
2021-11-19,sh.601899,10.3600,10.4500,10.2400,10.4300,10.3600,165884255,1715728744.1600,1,0,2.007277
2021-11-22,sh.601899,10.4400,10.5600,10.3700,10.5400,10.4300,155700446,1633281047.1800,1,0,2.007277
2021-11-23,sh.601899,10.5000,10.6800,10.4600,10.5800,10.5400,163768165,1732241839.9200,1,0,2.007277
2021-11-24,sh.601899,10.6000,10.6200,10.3600,10.4400,10.5800,155171133,1620450534.7300,1,0,2.007277
2021-11-25,sh.601899,10.4800,10.5700,10.3400,10.5300,10.4400,147353124,1543611126.3500,1,0,2.007277
2021-11-26,sh.601899,10.4400,10.4600,10.3300,10.3600,10.5300,136933219,1421666885.4100,1,0,2.007277
2021-11-29,sh.601899,10.2000,10.4400,10.0800,10.2500,10.3600,196592099,2012578664.0900,1,0,2.007277
2021-11-30,sh.601899,10.2700,10.3200,10.1300,10.1500,10.2500,164771599,1679330428.3000,1,0,2.007277
2021-12-01,sh.601899,10.0900,10.1700,10.0000,10.1400,10.1500,173396555,1747896488.9300,1,0,2.007277
2021-12-02,sh.601899,10.0900,10.1400,10.0100,10.0400,10.1400,171598087,1723933861.7200,1,0,2.007277
2021-12-03,sh.601899,10.0500,10.1200,9.9700,10.1200,10.0400,180795611,1814986967.4900,1,0,2.007277
2021-12-06,sh.601899,10.1200,10.2600,10.0600,10.1700,10.1200,165710038,1687485543.9900,1,0,2.007277
2021-12-07,sh.601899,10.2600,10.2800,10.1600,10.2500,10.1700,154853258,1583273592.9400,1,0,2.007277
2021-12-08,sh.601899,10.3400,10.3400,10.2500,10.3000,10.2500,149696872,1540960254.0400,1,0,2.007277
2021-12-09,sh.601899,10.3400,10.3900,10.2800,10.3600,10.3000,179496338,1856700650.6200,1,0,2.007277
2021-12-10,sh.601899,10.3100,10.3200,10.1600,10.2600,10.3600,152268622,1558863155.0300,1,0,2.007277
2021-12-13,sh.601899,10.2800,10.4900,10.2500,10.3800,10.2600,225459238,2337278145.6100,1,0,2.007277
2021-12-14,sh.601899,10.3000,10.3200,10.1000,10.1400,10.3800,201746051,2054070176.6800,1,0,2.007277
2021-12-15,sh.601899,10.1100,10.1200,10.0300,10.0500,10.1400,153263643,1541102577.7600,1,0,2.007277
2021-12-16,sh.601899,10.0500,10.1400,10.0000,10.1100,10.0500,154927165,1559941264.5200,1,0,2.007277
2021-12-17,sh.601899,10.1800,10.3300,10.1600,10.1700,10.1100,184007620,1882848129.1000,1,0,2.007277
2021-12-20,sh.601899,10.0200,10.1200,9.9200,9.9600,10.1700,234661098,2346452601.0100,1,0,2.007277
2021-12-21,sh.601899,9.9400,10.0100,9.9200,9.9900,9.9600,81491132,812875087.6400,1,0,2.007277
2021-12-22,sh.601899,9.9900,10.0400,9.9400,9.9700,9.9900,100050658,997061440.8200,1,0,2.007277
2021-12-23,sh.601899,10.0000,10.0800,9.9600,10.0300,9.9700,108666698,1088696073.8000,1,0,2.007277
2021-12-24,sh.601899,10.0300,10.0300,9.6300,9.6900,10.0300,229753578,2242390542.2200,1,0,2.007277
2021-12-27,sh.601899,9.7600,9.7600,9.5400,9.5800,9.6900,130990345,1261772199.7200,1,0,2.007277
2021-12-28,sh.601899,9.6200,9.7400,9.5600,9.7100,9.5800,127947316,1234969570.4200,1,0,2.007277
2021-12-29,sh.601899,9.7000,9.7200,9.5800,9.6200,9.7100,105092586,1011289593.5600,1,0,2.007277
2021-12-30,sh.601899,9.6500,9.7400,9.5900,9.6400,9.6200,90555018,874786652.1800,1,0,2.007277
2021-12-31,sh.601899,9.6700,9.7300,9.6200,9.7000,9.6400,80544673,780543449.1300,1,0,2.007277
2022-01-04,sh.601899,9.7000,9.8600,9.6200,9.8200,9.7000,151937844,1476678476.1000,1,0,2.007277
2022-01-05,sh.601899,9.8000,9.8600,9.7200,9.7700,9.8200,117856607,1154269047.1500,1,0,2.007277
2022-01-06,sh.601899,9.7100,9.8100,9.6500,9.6700,9.7700,112224349,1087737432.0400,1,0,2.007277
2022-01-07,sh.601899,9.6500,9.6600,9.3000,9.3700,9.6700,288598400,2723652166.9700,1,0,2.007277
2022-01-10,sh.601899,9.3700,9.4300,9.3100,9.4000,9.3700,130256364,1221940933.3300,1,0,2.007277
2022-01-11,sh.601899,9.4200,9.4900,9.3800,9.4300,9.4000,107029977,1010333226.0600,1,0,2.007277
2022-01-12,sh.601899,9.4900,10.0900,9.4900,10.0100,9.4300,438182880,4321974972.4800,1,0,2.007277
2022-01-13,sh.601899,10.2300,10.4600,10.0500,10.0600,10.0100,389068320,3989473620.8300,1,0,2.007277
2022-01-14,sh.601899,10.0000,10.0100,9.7800,9.8200,10.0600,195308862,1923461414.5600,1,0,2.007277
2022-01-17,sh.601899,9.8500,9.8600,9.5800,9.6800,9.8200,197777488,1917765148.8400,1,0,2.007277
2022-01-18,sh.601899,9.7500,10.0900,9.6700,9.9400,9.6800,247705199,2462070698.9800,1,0,2.007277
2022-01-19,sh.601899,9.9500,10.0100,9.8300,9.8900,9.9400,159293183,1576770289.2500,1,0,2.007277
2022-01-20,sh.601899,10.0800,10.2100,10.0500,10.1200,9.8900,278928960,2827346305.5700,1,0,2.007277
2022-01-21,sh.601899,10.1300,10.3500,9.9700,10.2700,10.1200,293429744,3007898728.8100,1,0,2.007277
2022-01-24,sh.601899,10.1300,10.3000,10.1100,10.2900,10.2700,179100403,1831281747.8900,1,0,2.007277
2022-01-25,sh.601899,10.1900,10.4500,10.1000,10.1100,10.2900,228660124,2350208683.0000,1,0,2.007277
2022-01-26,sh.601899,10.2000,10.2700,9.9800,10.1800,10.1100,140693969,1427162038.5000,1,0,2.007277
2022-01-27,sh.601899,10.2000,10.2000,9.9000,9.9100,10.1800,177745272,1780717923.1400,1,0,2.007277
2022-01-28,sh.601899,9.8800,9.9900,9.6100,9.7600,9.9100,148019030,1447213004.3100,1,0,2.007277
2022-02-07,sh.601899,10.0300,10.2800,10.0200,10.2500,9.7600,242635817,2469767346.8300,1,0,2.007277
2022-02-08,sh.601899,10.2800,10.3500,10.1300,10.3500,10.2500,190474875,1952559159.3100,1,0,2.007277
2022-02-09,sh.601899,10.4100,10.8900,10.3700,10.7800,10.3500,393840768,4228453406.6600,1,0,2.007277
2022-02-10,sh.601899,11.0200,11.4100,11.0200,11.2100,10.7800,526339376,5924627598.2600,1,0,2.007277
2022-02-11,sh.601899,11.2700,11.6200,11.0500,11.0600,11.2100,353530336,3994054355.7200,1,0,2.007277
2022-02-14,sh.601899,11.0600,11.2400,10.9700,11.0600,11.0600,236092175,2617562427.2800,1,0,2.007277
2022-02-15,sh.601899,11.1300,11.1500,10.7600,10.9000,11.0600,214786908,2341801550.5800,1,0,2.007277
2022-02-16,sh.601899,10.8300,11.0300,10.7700,10.9300,10.9000,162692641,1776274260.8400,1,0,2.007277
2022-02-17,sh.601899,10.9400,11.3200,10.9200,11.2700,10.9300,277804592,3114061250.1100,1,0,2.007277
2022-02-18,sh.601899,11.3400,11.3400,11.0800,11.2300,11.2700,183977329,2058938301.9500,1,0,2.007277
2022-02-21,sh.601899,11.1400,11.3800,11.0400,11.1200,11.2300,154311223,1722703572.4300,1,0,2.007277
2022-02-22,sh.601899,11.1700,11.2600,10.9600,11.2000,11.1200,191084683,2125847412.4300,1,0,2.007277
2022-02-23,sh.601899,11.1100,11.1400,10.8300,10.9200,11.2000,260732359,2840347948.4800,1,0,2.007277
2022-02-24,sh.601899,10.8800,11.2900,10.8400,11.0000,10.9200,437359792,4846879680.0900,1,0,2.007277
2022-02-25,sh.601899,10.8900,11.1700,10.6500,10.9500,11.0000,284296432,3114026825.1900,1,0,2.007277
2022-02-28,sh.601899,11.0000,11.2800,10.8500,11.2200,10.9500,305738560,3391277088.0000,1,0,2.007277
2022-03-01,sh.601899,11.2300,11.2600,10.9700,11.1500,11.2200,202566146,2248499088.0000,1,0,2.007277
2022-03-02,sh.601899,11.3600,11.5200,11.3100,11.4000,11.1500,320060320,3654721664.0000,1,0,2.007277
2022-03-03,sh.601899,11.5200,12.0900,11.5200,11.8700,11.4000,455231456,5417605376.0000,1,0,2.007277
2022-03-04,sh.601899,11.8100,11.9700,11.5200,11.5800,11.8700,295238176,3456283184.0000,1,0,2.007277
2022-03-07,sh.601899,12.0100,12.1700,11.7300,11.8300,11.5800,417808496,4982781440.0000,1,0,2.007277
2022-03-08,sh.601899,11.4400,11.7900,11.1000,11.4100,11.8300,411158640,4705712384.0000,1,0,2.007277
2022-03-09,sh.601899,11.4800,11.6000,10.8200,11.2700,11.4100,307834288,3473775824.0000,1,0,2.007277
2022-03-10,sh.601899,11.0100,11.1400,10.7700,10.9800,11.2700,289722720,3178442560.0000,1,0,2.007277
2022-03-11,sh.601899,10.8900,10.9800,10.6500,10.9800,10.9800,198185486,2144011520.0000,1,0,2.007277
2022-03-14,sh.601899,10.7500,10.8500,10.4400,10.4500,10.9800,216690517,2298407680.0000,1,0,2.007277
2022-03-15,sh.601899,10.0700,10.1400,9.5200,9.5500,10.4500,378224160,3709245328.0000,1,0,2.007277
2022-03-16,sh.601899,9.7000,10.1500,9.3200,10.1200,9.5500,293755904,2866381936.0000,1,0,2.007277
2022-03-17,sh.601899,10.3000,10.4900,10.1500,10.3000,10.1200,213102023,2199430176.0000,1,0,2.007277
2022-03-18,sh.601899,10.3600,10.6900,10.2400,10.6300,10.3000,196944613,2064937224.3900,1,0,2.007277
2022-03-21,sh.601899,10.8200,11.0600,10.5500,11.0000,10.6300,235034214,2559192678.0700,1,0,2.007277
2022-03-22,sh.601899,10.9400,11.3900,10.9000,11.3000,11.0000,254417629,2869808347.3600,1,0,2.007277
2022-03-23,sh.601899,11.4000,11.4000,11.1800,11.3400,11.3000,170924368,1931372436.8200,1,0,2.007277
2022-03-24,sh.601899,11.4300,11.8300,11.4200,11.7100,11.3400,267406595,3114656699.2200,1,0,2.007277
2022-03-25,sh.601899,11.6500,11.8100,11.4800,11.5200,11.7100,201675870,2343224244.6700,1,0,2.007277
2022-03-28,sh.601899,11.4400,11.6900,11.2500,11.5600,11.5200,192200509,2210364586.1300,1,0,2.007277
2022-03-29,sh.601899,11.5000,11.7300,11.4700,11.5900,11.5600,139373074,1618640238.2600,1,0,2.007277
2022-03-30,sh.601899,11.5800,11.5800,11.3500,11.4600,11.5900,179686151,2059265366.5200,1,0,2.007277
2022-03-31,sh.601899,11.5300,11.6900,11.2500,11.3400,11.4600,148366567,1693618738.9000,1,0,2.007277
2022-04-01,sh.601899,11.3700,11.5900,11.2000,11.4500,11.3400,131866667,1506877086.1900,1,0,2.007277
2022-04-06,sh.601899,11.5200,11.7800,11.4000,11.6000,11.4500,137554740,1586775595.7300,1,0,2.007277
2022-04-07,sh.601899,11.4500,11.6800,11.3800,11.5300,11.6000,123728339,1428194910.6500,1,0,2.007277
2022-04-08,sh.601899,11.6000,12.0500,11.5900,11.9500,11.5300,323989792,3864415488.9700,1,0,2.007277
2022-04-11,sh.601899,12.0000,12.0200,11.4800,11.6800,11.9500,245756229,2874313776.0300,1,0,2.007277
2022-04-12,sh.601899,11.7000,11.7900,11.4300,11.6800,11.6800,170559305,1986767928.3800,1,0,2.007277
2022-04-13,sh.601899,11.7800,12.7400,11.7300,12.5300,11.6800,415821440,5133714614.0900,1,0,2.007277
2022-04-14,sh.601899,12.6100,12.9100,12.4200,12.7400,12.5300,258289403,3273347108.1400,1,0,2.007277
2022-04-15,sh.601899,12.4300,12.8600,12.0800,12.1300,12.7400,351868144,4390283214.8500,1,0,2.007277
2022-04-18,sh.601899,12.1000,12.2000,11.8800,12.0200,12.1300,167335376,2014499598.7700,1,0,2.007277
2022-04-19,sh.601899,12.2000,12.3600,11.9100,12.0000,12.0200,225673388,2732121827.0300,1,0,2.007277
2022-04-20,sh.601899,11.8200,12.0000,11.4000,11.4400,12.0000,232400706,2697329315.2700,1,0,2.007277
2022-04-21,sh.601899,11.3600,11.4800,10.9100,11.0100,11.4400,188969162,2105839855.5300,1,0,2.007277
2022-04-22,sh.601899,10.9000,11.4500,10.7100,11.3300,11.0100,193633012,2163813294.9600,1,0,2.007277
2022-04-25,sh.601899,10.8800,11.1000,10.5300,10.6200,11.3300,249779205,2705158282.9100,1,0,2.007277
2022-04-26,sh.601899,10.6200,10.6600,10.0900,10.2400,10.6200,234308568,2417806295.2200,1,0,2.007277
2022-04-27,sh.601899,10.1800,11.0000,10.1600,10.8900,10.2400,292473024,3125612224.6000,1,0,2.007277
2022-04-28,sh.601899,10.9000,10.9100,10.5800,10.8000,10.8900,158313438,1701755883.6800,1,0,2.007277
2022-04-29,sh.601899,10.8300,11.0800,10.6800,11.0700,10.8000,229876483,2505304425.9700,1,0,2.007277
2022-05-05,sh.601899,10.9200,10.9400,10.5900,10.8400,11.0700,247028234,2657300895.5300,1,0,2.007277
2022-05-06,sh.601899,10.3900,10.4200,10.0000,10.0700,10.8400,338454096,3441823913.0200,1,0,2.007277
2022-05-09,sh.601899,9.9700,9.9900,9.6600,9.8000,10.0700,297419568,2914075654.9600,1,0,2.007277
2022-05-10,sh.601899,9.5000,9.6500,9.2600,9.6300,9.8000,462887328,4363358620.3600,1,0,2.007277
2022-05-11,sh.601899,9.5100,9.9600,9.3600,9.8000,9.6300,410262352,3980280714.7700,1,0,2.007277
2022-05-12,sh.601899,9.6000,9.7400,9.4000,9.5300,9.8000,325554048,3102432853.1700,1,0,2.007277
2022-05-13,sh.601899,9.4900,9.5700,9.3300,9.5300,9.5300,254805221,2407824478.2400,1,0,2.007277
2022-05-16,sh.601899,9.5800,9.7000,9.5000,9.7000,9.5300,236498868,2272664399.6700,1,0,2.007277
2022-05-17,sh.601899,9.7800,9.9800,9.7000,9.9700,9.7000,309536272,3051618198.7800,1,0,2.007277
2022-05-18,sh.601899,10.0000,10.0200,9.7200,9.7900,9.9700,234661822,2299470934.6700,1,0,2.007277
2022-05-19,sh.601899,9.5400,9.7600,9.4900,9.7200,9.7900,170773758,1643521786.5200,1,0,2.007277
2022-05-20,sh.601899,9.8400,10.0700,9.7900,10.0200,9.7200,303767616,3019357093.8600,1,0,2.007277
2022-05-23,sh.601899,10.1000,10.1000,9.9000,10.0100,10.0200,208817422,2084720613.8100,1,0,2.007277
2022-05-24,sh.601899,10.0100,10.1500,9.7000,9.7100,10.0100,249769582,2479398276.1900,1,0,2.007277
2022-05-25,sh.601899,9.7900,9.9300,9.7100,9.9000,9.7100,187539449,1846276081.7600,1,0,2.007277
2022-05-26,sh.601899,9.9500,9.9500,9.6700,9.8600,9.9000,191665641,1883151816.2600,1,0,2.007277
2022-05-27,sh.601899,9.9600,10.0500,9.8400,9.9300,9.8600,201010876,2001030770.7300,1,0,2.007277
2022-05-30,sh.601899,9.9900,10.2500,9.9600,10.1100,9.9300,265527615,2685567614.8900,1,0,2.007277
2022-05-31,sh.601899,10.0800,10.0900,9.9500,10.0600,10.1100,176527091,1768943483.5200,1,0,2.007277
2022-06-01,sh.601899,10.0500,10.0500,9.7500,9.8600,10.0600,249920959,2463645753.3300,1,0,2.007277
2022-06-02,sh.601899,9.8000,9.8700,9.7300,9.8700,9.8600,144421219,1415939291.5400,1,0,2.007277
2022-06-06,sh.601899,9.9600,10.4200,9.9600,10.4000,9.8700,433529408,4432067127.1800,1,0,2.007277
2022-06-07,sh.601899,10.4300,10.4700,10.2400,10.3000,10.4000,219949651,2271053068.1300,1,0,2.007277
2022-06-08,sh.601899,10.3600,10.4000,10.1300,10.3400,10.3000,236458960,2428922945.2500,1,0,2.007277
2022-06-09,sh.601899,10.2900,10.3900,10.1600,10.2800,10.3400,179958773,1846670090.1800,1,0,2.007277
2022-06-10,sh.601899,9.9700,10.1900,9.8100,10.1900,10.0800,229679022,2310513743.6800,1,0,2.047104
2022-06-13,sh.601899,10.0100,10.1800,10.0000,10.1200,10.1900,215313176,2169588377.7500,1,0,2.047104
2022-06-14,sh.601899,9.9000,10.0100,9.6600,10.0100,10.1200,317968368,3128768224.4600,1,0,2.047104
2022-06-15,sh.601899,9.9600,10.1400,9.8800,9.9800,10.0100,315337360,3157966822.4700,1,0,2.047104
2022-06-16,sh.601899,10.0600,10.0800,9.8700,9.9000,9.9800,229291736,2279252465.0500,1,0,2.047104
2022-06-17,sh.601899,9.8000,9.9200,9.7500,9.8800,9.9000,258604068,2542694429.6800,1,0,2.047104
2022-06-20,sh.601899,9.8000,9.8000,9.5000,9.5900,9.8800,479455216,4598757985.9400,1,0,2.047104
2022-06-21,sh.601899,9.5800,9.5800,9.3500,9.4300,9.5900,317665168,3000754546.2400,1,0,2.047104
2022-06-22,sh.601899,9.4500,9.4900,9.2100,9.2500,9.4300,343157280,3208317441.1300,1,0,2.047104
2022-06-23,sh.601899,9.2000,9.3000,9.1600,9.3000,9.2500,260965342,2408480086.8600,1,0,2.047104
2022-06-24,sh.601899,9.1500,9.2500,9.1100,9.2000,9.3000,353997888,3244752968.8800,1,0,2.047104
2022-06-27,sh.601899,9.2000,9.4500,9.1400,9.2900,9.2000,451805744,4193503713.7800,1,0,2.047104
2022-06-28,sh.601899,9.2900,9.3700,9.1900,9.3600,9.2900,323094000,2992813020.6600,1,0,2.047104
2022-06-29,sh.601899,9.2900,9.3300,9.1600,9.2000,9.3600,292823408,2699892435.7100,1,0,2.047104
2022-06-30,sh.601899,9.3000,9.3800,9.2600,9.3300,9.2000,272617200,2541356555.9300,1,0,2.047104
2022-07-01,sh.601899,9.3300,9.5400,9.2300,9.4700,9.3300,320559520,3014432917.0800,1,0,2.047104
2022-07-04,sh.601899,9.4000,9.4100,9.2900,9.3600,9.4700,261484338,2444003447.8400,1,0,2.047104
2022-07-05,sh.601899,9.3600,9.4300,9.3000,9.3500,9.3600,257958904,2412338376.4400,1,0,2.047104
2022-07-06,sh.601899,9.1700,9.1800,8.9700,9.0400,9.3500,508560160,4602822384.7300,1,0,2.047104
2022-07-07,sh.601899,8.9900,9.1500,8.8900,9.0400,9.0400,235114955,2123322089.7700,1,0,2.047104
2022-07-08,sh.601899,9.1700,9.1700,9.0500,9.0700,9.0400,179642361,1633880540.3500,1,0,2.047104
2022-07-11,sh.601899,9.1500,9.1500,9.0000,9.0500,9.0700,199478383,1803916658.3700,1,0,2.047104
2022-07-12,sh.601899,9.0000,9.0400,8.9200,8.9200,9.0500,185281318,1660716714.5200,1,0,2.047104
2022-07-13,sh.601899,8.8500,8.8500,8.7000,8.7500,8.9200,267767224,2340864173.1700,1,0,2.047104
2022-07-14,sh.601899,8.7100,8.7600,8.5800,8.6200,8.7500,315775490,2727699056.3900,1,0,2.047104
2022-07-15,sh.601899,8.5200,8.6200,8.3600,8.3700,8.6200,323754101,2745245734.3900,1,0,2.047104
2022-07-18,sh.601899,8.4400,8.8700,8.4000,8.8700,8.3700,428426581,3726491162.8800,1,0,2.047104
2022-07-19,sh.601899,8.8700,8.8700,8.6800,8.7400,8.8700,220073438,1924439108.0200,1,0,2.047104
2022-07-20,sh.601899,8.7800,8.8400,8.7300,8.7900,8.7400,163351405,1435042516.2100,1,0,2.047104
2022-07-21,sh.601899,8.7100,8.7800,8.6500,8.6700,8.7900,155175807,1349429661.5200,1,0,2.047104
2022-07-22,sh.601899,8.7200,8.7900,8.5800,8.6700,8.6700,153563469,1334206106.4700,1,0,2.047104
2022-07-25,sh.601899,8.6700,8.7800,8.6700,8.7100,8.6700,129878162,1132469242.7200,1,0,2.047104
2022-07-26,sh.601899,8.7400,8.9200,8.7100,8.9100,8.7100,221952273,1961061012.2300,1,0,2.047104
2022-07-27,sh.601899,8.8800,8.8900,8.7600,8.8100,8.9100,127274986,1121337242.2100,1,0,2.047104
2022-07-28,sh.601899,8.9400,9.1500,8.9200,8.9700,8.8100,254046326,2292741282.8100,1,0,2.047104
2022-07-29,sh.601899,9.0600,9.0700,8.9000,8.9300,8.9700,178230301,1598540209.2300,1,0,2.047104
2022-08-01,sh.601899,8.9400,8.9500,8.7800,8.8400,8.9300,149292011,1320113509.9100,1,0,2.047104
2022-08-02,sh.601899,8.7300,8.7300,8.5100,8.6000,8.8400,201534963,1732095559.1000,1,0,2.047104
2022-08-03,sh.601899,8.5600,8.7000,8.4700,8.4900,8.6000,157131379,1349486968.8600,1,0,2.047104
2022-08-04,sh.601899,8.5400,8.6200,8.4700,8.5500,8.4900,133839573,1142769901.0000,1,0,2.047104
2022-08-05,sh.601899,8.6400,8.8500,8.6200,8.8200,8.5500,252322205,2211241248.0000,1,0,2.047104
2022-08-08,sh.601899,8.8000,8.8100,8.6900,8.7200,8.8200,189877419,1658915408.0000,1,0,2.047104
2022-08-09,sh.601899,8.7300,8.8300,8.6800,8.7900,8.7200,175622493,1541435749.0000,1,0,2.047104
2022-08-10,sh.601899,8.8000,8.9800,8.8000,8.8400,8.7900,222811135,1979075743.0000,1,0,2.047104
2022-08-11,sh.601899,8.8800,9.0300,8.8600,9.0300,8.8400,278114790,2499603733.0000,1,0,2.047104
2022-08-12,sh.601899,9.0600,9.2000,8.9600,9.1900,9.0300,309872781,2829691553.0000,1,0,2.047104
2022-08-15,sh.601899,9.2000,9.3200,9.0100,9.0400,9.1900,301855501,2746398443.8900,1,0,2.047104
2022-08-16,sh.601899,9.0000,9.0500,8.9000,9.0300,9.0400,181031289,1626300936.2800,1,0,2.047104
2022-08-17,sh.601899,9.0400,9.0500,8.9000,9.0200,9.0300,148829974,1335608810.2300,1,0,2.047104
2022-08-18,sh.601899,8.9500,8.9600,8.8700,8.8900,9.0200,146135336,1300705725.3500,1,0,2.047104
2022-08-19,sh.601899,8.9000,8.9400,8.8400,8.8400,8.8900,130913731,1162745914.3000,1,0,2.047104
2022-08-22,sh.601899,8.8900,9.1200,8.8100,9.0500,8.8400,221648699,1991513760.1200,1,0,2.047104
2022-08-23,sh.601899,9.0000,9.0500,8.9300,9.0000,9.0500,134652997,1209587047.1500,1,0,2.047104
2022-08-24,sh.601899,9.0400,9.1500,8.8600,8.8800,9.0000,187531129,1683780459.7900,1,0,2.047104
2022-08-25,sh.601899,8.9000,9.1500,8.8700,9.1300,8.8800,313089212,2833849667.1600,1,0,2.047104
2022-08-26,sh.601899,9.1800,9.2500,9.1200,9.1500,9.1300,249539410,2292597166.3400,1,0,2.047104
2022-08-29,sh.601899,9.0000,9.0400,8.9100,9.0200,9.1500,146273141,1312418178.3800,1,0,2.047104
2022-08-30,sh.601899,8.9900,9.0200,8.8600,8.9000,9.0200,140910396,1255657538.5600,1,0,2.047104
2022-08-31,sh.601899,8.8200,8.9100,8.7600,8.8000,8.9000,185611990,1636196522.5500,1,0,2.047104
2022-09-01,sh.601899,8.7500,8.7500,8.6500,8.6500,8.8000,155301212,1350126563.2700,1,0,2.047104
2022-09-02,sh.601899,8.6200,8.6500,8.5000,8.5200,8.6500,156636962,1337387725.8400,1,0,2.047104
2022-09-05,sh.601899,8.5200,8.6000,8.4600,8.5900,8.5200,122101200,1041474670.3000,1,0,2.047104
2022-09-06,sh.601899,8.6200,8.8500,8.6100,8.8400,8.5900,184190365,1615313308.4100,1,0,2.047104
2022-09-07,sh.601899,8.8000,9.0100,8.7600,8.9400,8.8400,192296930,1718685719.7500,1,0,2.047104
2022-09-08,sh.601899,9.0000,9.1100,8.9000,9.0600,8.9400,299728212,2706525434.6000,1,0,2.047104
2022-09-09,sh.601899,9.1500,9.2800,9.1300,9.1900,9.0600,314943845,2900753760.5600,1,0,2.047104
2022-09-13,sh.601899,9.2200,9.3800,9.2100,9.2900,9.1900,296454908,2763159610.6000,1,0,2.047104
2022-09-14,sh.601899,9.0400,9.1400,9.0000,9.0000,9.2900,228910343,2071126084.9800,1,0,2.047104
2022-09-15,sh.601899,9.0500,9.0800,8.9000,8.9500,9.0000,167790849,1504989788.5700,1,0,2.047104
2022-09-16,sh.601899,8.9000,8.9200,8.6000,8.6800,8.9500,263963327,2296926010.0300,1,0,2.047104
2022-09-19,sh.601899,8.7200,8.7500,8.5700,8.6200,8.6800,128844015,1112612020.5300,1,0,2.047104
2022-09-20,sh.601899,8.6900,8.7800,8.6400,8.7000,8.6200,109319140,951318825.4200,1,0,2.047104
2022-09-21,sh.601899,8.6500,8.7400,8.5700,8.7100,8.7000,102311798,885932149.6300,1,0,2.047104
2022-09-22,sh.601899,8.6100,8.7500,8.5900,8.6500,8.7100,98676666,855080781.1400,1,0,2.047104
2022-09-23,sh.601899,8.6500,8.6900,8.5000,8.5300,8.6500,139700434,1196553872.2300,1,0,2.047104
2022-09-26,sh.601899,8.3700,8.3700,7.6800,7.8200,8.5300,524156843,4173459493.0300,1,0,2.047104
2022-09-27,sh.601899,7.7100,7.8800,7.6100,7.8500,7.8200,248076288,1915560657.6500,1,0,2.047104
2022-09-28,sh.601899,7.7800,7.7800,7.4600,7.4800,7.8500,234017150,1776402157.7700,1,0,2.047104
2022-09-29,sh.601899,7.6500,7.8200,7.6500,7.7000,7.4800,234463111,1810164271.1700,1,0,2.047104
2022-09-30,sh.601899,7.7800,7.9200,7.7300,7.8400,7.7000,198857512,1560820484.4200,1,0,2.047104
2022-10-10,sh.601899,7.9000,7.9200,7.7600,7.7700,7.8400,162469224,1273717134.3300,1,0,2.047104
2022-10-11,sh.601899,7.8100,7.8900,7.6900,7.8800,7.7700,139793507,1091160139.7200,1,0,2.047104
2022-10-12,sh.601899,7.8500,8.0000,7.7300,7.9900,7.8800,175211317,1381748033.2600,1,0,2.047104
2022-10-13,sh.601899,8.0000,8.0000,7.8100,7.8400,7.9900,141275714,1111742249.8800,1,0,2.047104
2022-10-14,sh.601899,7.8900,8.0100,7.8300,7.9600,7.8400,172754824,1369600345.1900,1,0,2.047104
2022-10-17,sh.601899,7.8800,8.0600,7.8300,8.0500,7.9600,146074707,1163808126.7800,1,0,2.047104
2022-10-18,sh.601899,8.0600,8.1300,7.9800,8.0000,8.0500,101832305,817813804.4300,1,0,2.047104
2022-10-19,sh.601899,8.0000,8.0700,7.9100,7.9200,8.0000,106845757,853614142.8200,1,0,2.047104
2022-10-20,sh.601899,7.8500,7.9200,7.7600,7.8500,7.9200,107125151,839114788.2800,1,0,2.047104
2022-10-21,sh.601899,7.9300,8.0200,7.8800,7.9300,7.8500,136386500,1085643734.9700,1,0,2.047104
2022-10-24,sh.601899,8.0200,8.1800,7.9300,7.9400,7.9300,265077369,2136077719.9900,1,0,2.047104
2022-10-25,sh.601899,7.9100,8.0000,7.7400,7.9000,7.9400,168484044,1323691772.6100,1,0,2.047104
2022-10-26,sh.601899,7.9000,7.9900,7.8600,7.9400,7.9000,146393708,1160710321.6700,1,0,2.047104
2022-10-27,sh.601899,8.1000,8.3700,8.0700,8.2300,7.9400,342977068,2834782717.2000,1,0,2.047104
2022-10-28,sh.601899,8.1600,8.2900,8.0700,8.1000,8.2300,173211806,1412906073.2000,1,0,2.047104
2022-10-31,sh.601899,7.9900,8.0300,7.8000,7.9200,8.1000,171305082,1354289749.2700,1,0,2.047104
2022-11-01,sh.601899,7.9500,8.2000,7.8800,8.2000,7.9200,218922797,1770733296.8100,1,0,2.047104
2022-11-02,sh.601899,8.2200,8.3300,8.1300,8.2600,8.2000,173509392,1427937948.4100,1,0,2.047104
2022-11-03,sh.601899,8.1200,8.2000,8.0600,8.1400,8.2600,142263556,1155433093.1500,1,0,2.047104
2022-11-04,sh.601899,8.1400,8.4400,8.1100,8.3600,8.1400,293136408,2437913504.8800,1,0,2.047104
2022-11-07,sh.601899,8.7700,9.2000,8.7700,9.0900,8.3600,742699594,6724140752.7000,1,0,2.047104
2022-11-08,sh.601899,8.9200,9.1900,8.8600,9.0600,9.0900,363657732,3287347462.2700,1,0,2.047104
2022-11-09,sh.601899,9.3500,9.5300,9.2800,9.2900,9.0600,536101697,5033796064.6800,1,0,2.047104
2022-11-10,sh.601899,9.1800,9.2700,9.0300,9.1500,9.2900,213962717,1962404189.6900,1,0,2.047104
2022-11-11,sh.601899,9.9000,10.0500,9.7500,9.9200,9.1500,820813076,8124031232.2100,1,0,2.047104
2022-11-14,sh.601899,10.0400,10.0700,9.7600,9.9700,9.9200,459254363,4560365860.4100,1,0,2.047104
2022-11-15,sh.601899,9.8500,10.0200,9.7200,9.9200,9.9700,296318868,2939302033.0600,1,0,2.047104
2022-11-16,sh.601899,9.9300,10.0300,9.8300,9.9900,9.9200,249677241,2485077111.4000,1,0,2.047104
2022-11-17,sh.601899,9.8900,10.0100,9.6200,9.7700,9.9900,347511455,3402574370.2300,1,0,2.047104
2022-11-18,sh.601899,9.7200,9.7800,9.6000,9.6400,9.7700,222152882,2146534023.9600,1,0,2.047104
2022-11-21,sh.601899,9.4500,9.4500,9.1900,9.4200,9.6400,275648574,2570803937.9400,1,0,2.047104
2022-11-22,sh.601899,9.4000,9.6900,9.4000,9.5300,9.4200,179331303,1709668113.7200,1,0,2.047104
2022-11-23,sh.601899,9.5900,9.7500,9.5300,9.5500,9.5300,155610090,1500526682.2500,1,0,2.047104
2022-11-24,sh.601899,9.7000,9.8000,9.6500,9.7400,9.5500,171961026,1676111049.4500,1,0,2.047104
2022-11-25,sh.601899,9.6600,9.9000,9.6500,9.7900,9.7400,173300051,1702461842.5400,1,0,2.047104
2022-11-28,sh.601899,9.6000,9.6200,9.4100,9.5800,9.7900,163193830,1556102205.1400,1,0,2.047104
2022-11-29,sh.601899,9.6000,9.9100,9.5600,9.8700,9.5800,208150733,2037945871.5300,1,0,2.047104
2022-11-30,sh.601899,9.8300,9.8900,9.7400,9.8300,9.8700,147098132,1440760815.6800,1,0,2.047104
2022-12-01,sh.601899,10.2000,10.4000,10.1400,10.3000,9.8300,432823798,4452176976.9700,1,0,2.047104
2022-12-02,sh.601899,10.3200,10.3900,10.0700,10.1100,10.3000,227035825,2314858443.6200,1,0,2.047104
2022-12-05,sh.601899,10.2300,10.5600,10.1400,10.4500,10.1100,288048196,2987498579.8000,1,0,2.047104
2022-12-06,sh.601899,10.2800,10.4900,10.2600,10.4100,10.4500,172410459,1790673373.6800,1,0,2.047104
2022-12-07,sh.601899,10.3500,10.4000,10.1800,10.2700,10.4100,163043069,1673195621.6700,1,0,2.047104
2022-12-08,sh.601899,10.2700,10.4300,10.2300,10.3200,10.2700,94830304,978948852.6600,1,0,2.047104
2022-12-09,sh.601899,10.3600,10.6500,10.3400,10.6100,10.3200,234509493,2467591512.9700,1,0,2.047104
2022-12-12,sh.601899,10.4600,10.5500,10.3000,10.3300,10.6100,166552027,1725703647.8700,1,0,2.047104
2022-12-13,sh.601899,10.2500,10.4300,10.2300,10.3400,10.3300,106640564,1102630965.2200,1,0,2.047104
2022-12-14,sh.601899,10.5100,10.6100,10.4200,10.4700,10.3400,130256410,1369480467.6500,1,0,2.047104
2022-12-15,sh.601899,10.4000,10.5500,10.1800,10.2600,10.4700,145297324,1492625711.2300,1,0,2.047104
2022-12-16,sh.601899,10.1200,10.3700,10.1000,10.3000,10.2600,118304167,1214876712.5100,1,0,2.047104
2022-12-19,sh.601899,10.3800,10.4400,9.9700,10.0600,10.3000,139321031,1411591502.7400,1,0,2.047104
2022-12-20,sh.601899,10.0000,10.0800,9.7900,9.9000,10.0600,133898026,1329192817.0600,1,0,2.047104
2022-12-21,sh.601899,10.0500,10.1500,9.9400,9.9700,9.9000,79063000,790609468.7600,1,0,2.047104
2022-12-22,sh.601899,10.1500,10.1700,9.9800,10.0100,9.9700,88120531,885366767.5200,1,0,2.047104
2022-12-23,sh.601899,9.8600,9.9800,9.7700,9.9000,10.0100,90110430,891005890.3400,1,0,2.047104
2022-12-26,sh.601899,9.9500,9.9600,9.7400,9.7800,9.9000,112772086,1105195654.4500,1,0,2.047104
2022-12-27,sh.601899,9.8800,10.0700,9.8500,10.0500,9.7800,115147751,1153000341.7100,1,0,2.047104
2022-12-28,sh.601899,10.0000,10.0100,9.8800,10.0000,10.0500,82167768,818747277.5900,1,0,2.047104
2022-12-29,sh.601899,9.8800,9.9400,9.7700,9.8400,10.0000,133667018,1316567546.0800,1,0,2.047104
2022-12-30,sh.601899,9.8800,10.0900,9.8500,10.0000,9.8400,132916479,1330907367.4000,1,0,2.047104
2023-01-03,sh.601899,9.9600,10.5900,9.8800,10.5300,10.0000,237742369,2435849225.0300,1,0,2.047104
2023-01-04,sh.601899,10.4300,10.5100,10.2500,10.3000,10.5300,135956369,1408808664.7100,1,0,2.047104
2023-01-05,sh.601899,10.4300,10.5000,10.3300,10.3900,10.3000,162355070,1689022685.9200,1,0,2.047104
2023-01-06,sh.601899,10.4400,10.5000,10.3900,10.4300,10.3900,105452849,1103010331.2600,1,0,2.047104
2023-01-09,sh.601899,10.6900,11.4600,10.6700,11.4400,10.4300,389677661,4360584307.5200,1,0,2.047104
2023-01-10,sh.601899,11.4400,11.5200,11.2800,11.4100,11.4400,187217759,2133339104.0300,1,0,2.047104
2023-01-11,sh.601899,11.5600,11.6900,11.4400,11.4900,11.4100,151648273,1750771198.7600,1,0,2.047104
2023-01-12,sh.601899,11.7000,11.8500,11.3800,11.4200,11.4900,152678023,1759625008.9200,1,0,2.047104
2023-01-13,sh.601899,11.5900,11.7700,11.4500,11.5500,11.4200,141332948,1633981181.9200,1,0,2.047104
2023-01-16,sh.601899,11.6500,11.7700,11.4000,11.5100,11.5500,192191522,2219123889.8400,1,0,2.047104
2023-01-17,sh.601899,11.4500,11.4500,11.1100,11.2900,11.5100,187682889,2112958786.8000,1,0,2.047104
2023-01-18,sh.601899,11.3900,11.5200,11.3300,11.3900,11.2900,131328387,1499809705.2800,1,0,2.047104
2023-01-19,sh.601899,11.4000,11.6400,11.3300,11.5800,11.3900,122601126,1413433217.5300,1,0,2.047104
2023-01-20,sh.601899,11.6800,12.1100,11.6700,11.9100,11.5800,215167523,2564227694.7900,1,0,2.047104
2023-01-30,sh.601899,12.0000,12.0000,11.4800,11.5300,11.9100,308807306,3612459461.6100,1,0,2.047104
2023-01-31,sh.601899,11.5300,11.9300,11.4500,11.7900,11.5300,216048832,2545545790.5500,1,0,2.047104
2023-02-01,sh.601899,11.8700,12.3200,11.8500,12.2700,11.7900,258835312,3145383530.9900,1,0,2.047104
2023-02-02,sh.601899,12.2600,12.2700,11.9900,12.0700,12.2700,156991318,1895266867.9800,1,0,2.047104
2023-02-03,sh.601899,11.8800,11.8900,11.7000,11.8500,12.0700,171095072,2016425553.7600,1,0,2.047104
2023-02-06,sh.601899,11.5000,11.5100,11.2100,11.3900,11.8500,257288012,2919434101.9200,1,0,2.047104
2023-02-07,sh.601899,11.4500,11.6900,11.3900,11.5600,11.3900,148197686,1710761766.5900,1,0,2.047104
2023-02-08,sh.601899,11.5900,11.6200,11.3600,11.3700,11.5600,120970851,1382747238.6400,1,0,2.047104
2023-02-09,sh.601899,11.3000,11.4200,11.2400,11.4000,11.3700,113320039,1285946140.4900,1,0,2.047104
2023-02-10,sh.601899,11.3000,11.3400,11.1300,11.1900,11.4000,131292710,1469071697.5200,1,0,2.047104
2023-02-13,sh.601899,11.0200,11.3600,11.0200,11.3000,11.1900,136635604,1532458256.5900,1,0,2.047104
2023-02-14,sh.601899,11.3200,11.6800,11.2800,11.5700,11.3000,183553830,2118339621.9200,1,0,2.047104
2023-02-15,sh.601899,11.5800,11.9100,11.4600,11.5700,11.5700,168857877,1963625905.9500,1,0,2.047104
2023-02-16,sh.601899,11.5500,11.5700,11.1800,11.2700,11.5700,133298984,1518834193.3700,1,0,2.047104
2023-02-17,sh.601899,11.3500,11.6900,11.3200,11.3600,11.2700,156839795,1802517624.9600,1,0,2.047104
2023-02-20,sh.601899,11.4100,11.7000,11.3800,11.6900,11.3600,168910196,1960868880.0300,1,0,2.047104
2023-02-21,sh.601899,11.7500,12.2400,11.7200,12.1300,11.6900,263388056,3178377268.8900,1,0,2.047104
2023-02-22,sh.601899,12.0300,12.1800,11.9000,11.9500,12.1300,144342540,1735658671.4700,1,0,2.047104
2023-02-23,sh.601899,11.9500,12.0500,11.8300,11.9500,11.9500,83065313,990484715.6200,1,0,2.047104
2023-02-24,sh.601899,11.7900,11.8100,11.5600,11.6300,11.9500,162573387,1893125538.0000,1,0,2.047104
2023-02-27,sh.601899,11.4000,11.5500,11.2600,11.4100,11.6300,135699473,1547282422.1200,1,0,2.047104
2023-02-28,sh.601899,11.4900,11.5800,11.3000,11.4100,11.4100,106019006,1212800782.3200,1,0,2.047104
2023-03-01,sh.601899,11.5500,12.0500,11.5200,11.9800,11.4100,192370983,2282005158.7800,1,0,2.047104
2023-03-02,sh.601899,12.0600,12.2500,11.9300,12.1000,11.9800,162166552,1965528682.2400,1,0,2.047104
2023-03-03,sh.601899,12.1000,12.1400,11.9000,11.9800,12.1000,99356063,1189308861.5800,1,0,2.047104
2023-03-06,sh.601899,12.0400,12.0900,11.6600,11.9300,11.9800,128029028,1516326776.6700,1,0,2.047104
2023-03-07,sh.601899,11.9500,12.1900,11.8100,11.9800,11.9300,196536373,2371518722.3000,1,0,2.047104
2023-03-08,sh.601899,11.7000,11.7500,11.4200,11.6600,11.9800,157851419,1833163668.2600,1,0,2.047104
2023-03-09,sh.601899,11.7000,11.7500,11.5100,11.5600,11.6600,96441797,1117176939.1900,1,0,2.047104
2023-03-10,sh.601899,11.4600,11.5900,11.4100,11.4400,11.5600,93161452,1069969723.7900,1,0,2.047104
2023-03-13,sh.601899,11.6800,12.2000,11.6700,12.1600,11.4400,250055940,3002805892.0700,1,0,2.047104
2023-03-14,sh.601899,12.3400,12.5900,12.0000,12.0300,12.1600,215749155,2645455944.5700,1,0,2.047104
2023-03-15,sh.601899,12.0200,12.0300,11.8100,11.8200,12.0300,136479127,1623018250.3100,1,0,2.047104
2023-03-16,sh.601899,11.6000,11.7100,11.3600,11.3900,11.8200,231926620,2675243677.1500,1,0,2.047104
2023-03-17,sh.601899,11.4900,11.6900,11.3200,11.4600,11.3900,171872537,1977050843.5800,1,0,2.047104
2023-03-20,sh.601899,11.7300,11.9000,11.6700,11.8000,11.4600,165806656,1954092650.5200,1,0,2.047104
2023-03-21,sh.601899,11.8000,11.8900,11.6200,11.8200,11.8000,111609459,1315342749.3400,1,0,2.047104
2023-03-22,sh.601899,11.7100,11.9000,11.6500,11.7400,11.8200,119278038,1401494421.1900,1,0,2.047104
2023-03-23,sh.601899,11.8200,12.1800,11.7400,12.1400,11.7400,201091345,2415200024.6000,1,0,2.047104
2023-03-24,sh.601899,12.2000,12.2000,11.9700,12.0100,12.1400,117251488,1414079551.0300,1,0,2.047104
2023-03-27,sh.601899,12.0000,12.0700,11.7300,11.9900,12.0100,123953844,1477826631.9700,1,0,2.047104
2023-03-28,sh.601899,11.9900,12.1400,11.8800,12.0100,11.9900,107876553,1295667989.0400,1,0,2.047104
2023-03-29,sh.601899,12.1200,12.3400,11.9900,12.0100,12.0100,109723903,1329468456.1100,1,0,2.047104
2023-03-30,sh.601899,12.0400,12.2500,11.9300,12.2500,12.0100,150717840,1823963764.5000,1,0,2.047104
2023-03-31,sh.601899,12.2900,12.4500,12.2500,12.3900,12.2500,158691034,1961371288.6500,1,0,2.047104
2023-04-03,sh.601899,12.3900,12.4500,12.0700,12.1200,12.3900,168677506,2056156606.2800,1,0,2.047104
2023-04-04,sh.601899,12.2000,12.4300,12.0900,12.3500,12.1200,155954633,1911436454.7300,1,0,2.047104
2023-04-06,sh.601899,12.4300,13.1400,12.4100,13.1300,12.3500,294272220,3804302883.9400,1,0,2.047104
2023-04-07,sh.601899,12.9600,13.0700,12.7900,12.8900,13.1300,138168235,1783722640.0200,1,0,2.047104
2023-04-10,sh.601899,12.7900,13.1200,12.6600,12.9800,12.8900,116873407,1511031410.1400,1,0,2.047104
2023-04-11,sh.601899,12.9800,13.4400,12.8400,13.4300,12.9800,225374558,2979279873.2700,1,0,2.047104
2023-04-12,sh.601899,13.3800,13.7500,13.3200,13.5500,13.4300,185436762,2509011953.4600,1,0,2.047104
2023-04-13,sh.601899,13.5000,13.7800,13.2400,13.4000,13.5500,158387217,2131877521.5000,1,0,2.047104
2023-04-14,sh.601899,13.7400,13.9900,13.6900,13.9400,13.4000,210578014,2921463219.9200,1,0,2.047104
2023-04-17,sh.601899,13.5800,14.0200,13.4800,13.9100,13.9400,163355709,2251982342.2300,1,0,2.047104
2023-04-18,sh.601899,13.8700,14.0500,13.7500,13.8600,13.9100,123473848,1712913193.5600,1,0,2.047104
2023-04-19,sh.601899,13.9000,14.1000,13.8300,13.9000,13.8600,115489075,1611809153.8600,1,0,2.047104
2023-04-20,sh.601899,13.8000,13.8200,13.3200,13.5900,13.9000,205681007,2783818747.6400,1,0,2.047104
2023-04-21,sh.601899,13.6200,13.6600,13.2900,13.2900,13.5900,129483400,1741387713.6000,1,0,2.047104
2023-04-24,sh.601899,13.2500,13.4300,12.5800,12.6900,13.2900,244729896,3148770163.5000,1,0,2.047104
2023-04-25,sh.601899,12.8300,13.0800,12.6700,12.8800,12.6900,181595737,2332637151.1800,1,0,2.047104
2023-04-26,sh.601899,12.6600,12.8100,12.4700,12.5700,12.8800,169260872,2133008369.5300,1,0,2.047104
2023-04-27,sh.601899,12.4900,13.0300,12.4200,12.8200,12.5700,177955680,2271307177.8400,1,0,2.047104
2023-04-28,sh.601899,12.5500,12.9800,12.5500,12.8300,12.8200,145362116,1862171128.0000,1,0,2.047104
2023-05-04,sh.601899,13.2500,13.3800,12.8400,12.9300,12.8300,211489221,2759858586.8000,1,0,2.047104
2023-05-05,sh.601899,13.0300,13.1400,12.4500,12.5800,12.9300,187067529,2369427896.6300,1,0,2.047104
2023-05-08,sh.601899,12.4900,12.7400,12.3100,12.6600,12.5800,147503510,1855566188.0000,1,0,2.047104
2023-05-09,sh.601899,12.6700,12.6700,12.1900,12.2500,12.6600,171466059,2122541128.5200,1,0,2.047104
2023-05-10,sh.601899,12.3200,12.4200,12.0400,12.0800,12.2500,124335355,1515467085.7500,1,0,2.047104
2023-05-11,sh.601899,12.0400,12.0900,11.6000,11.6800,12.0800,186931676,2195055674.1800,1,0,2.047104
2023-05-12,sh.601899,11.4000,11.4100,10.9100,10.9800,11.6800,338569980,3753418798.0100,1,0,2.047104
2023-05-15,sh.601899,10.9800,11.2000,10.6600,11.1100,10.9800,235775700,2585029803.3800,1,0,2.047104
2023-05-16,sh.601899,11.0500,11.4200,11.0000,11.2500,11.1100,206495633,2324659916.9100,1,0,2.047104
2023-05-17,sh.601899,11.0400,11.2000,10.9300,11.0000,11.2500,130722931,1444290354.3900,1,0,2.047104
2023-05-18,sh.601899,11.1700,11.2700,11.0100,11.1000,11.0000,138468681,1543914207.4800,1,0,2.047104
2023-05-19,sh.601899,10.8600,11.0300,10.7000,10.8900,11.1000,205289952,2228604260.8100,1,0,2.047104
2023-05-22,sh.601899,10.9000,11.0000,10.8100,10.9000,10.8900,99725436,1087424849.2900,1,0,2.047104
2023-05-23,sh.601899,10.8800,10.9400,10.6700,10.6700,10.9000,126921865,1361389537.2700,1,0,2.047104
2023-05-24,sh.601899,10.6200,10.8300,10.5100,10.6900,10.6700,128497770,1376146040.8000,1,0,2.047104
2023-05-25,sh.601899,10.6200,10.6200,10.3800,10.5200,10.6900,148254167,1553157377.4900,1,0,2.047104
2023-05-26,sh.601899,10.4500,10.8700,10.3900,10.8000,10.5200,128083399,1367316401.5700,1,0,2.047104
2023-05-29,sh.601899,10.8200,10.8800,10.7100,10.8000,10.8000,115787493,1249777587.7500,1,0,2.047104
2023-05-30,sh.601899,10.7900,10.8700,10.6100,10.7100,10.8000,118788486,1273962445.9600,1,0,2.047104
2023-05-31,sh.601899,10.7500,10.8700,10.6100,10.6900,10.7100,124179454,1332813547.2800,1,0,2.047104
2023-06-01,sh.601899,10.7300,11.2300,10.6800,11.0500,10.6900,220497810,2431831428.8100,1,0,2.047104
2023-06-02,sh.601899,11.1700,11.6200,11.1700,11.5900,11.0500,267583940,3071508966.6200,1,0,2.047104
2023-06-05,sh.601899,11.4100,11.4100,11.1400,11.2800,11.5900,167579066,1884615625.1200,1,0,2.047104
2023-06-06,sh.601899,11.3800,11.6500,11.3400,11.3900,11.2800,168797874,1940115544.8400,1,0,2.047104
2023-06-07,sh.601899,11.4600,11.6000,11.3600,11.4000,11.3900,110395819,1267421317.6800,1,0,2.047104
2023-06-08,sh.601899,11.2800,11.5700,11.1600,11.5200,11.4000,117954964,1346032613.8900,1,0,2.047104
2023-06-09,sh.601899,11.6900,11.8800,11.5200,11.7100,11.5200,150815129,1754620086.0200,1,0,2.047104
2023-06-12,sh.601899,11.5900,11.6200,11.3800,11.5500,11.7100,136545790,1572107109.0800,1,0,2.047104
2023-06-13,sh.601899,11.4900,11.6200,11.4200,11.6000,11.5500,88581336,1021045510.6500,1,0,2.047104
2023-06-14,sh.601899,11.7000,12.0000,11.7000,11.8800,11.6000,196690302,2340740618.7100,1,0,2.047104
2023-06-15,sh.601899,11.6800,11.8400,11.4200,11.8000,11.6800,145484376,1697224235.8400,1,0,2.082157
2023-06-16,sh.601899,11.8500,12.2800,11.8400,12.0300,11.8000,180454160,2181097715.6200,1,0,2.082157
2023-06-19,sh.601899,12.0300,12.0800,11.7100,11.8100,12.0300,148234676,1748223930.5100,1,0,2.082157
2023-06-20,sh.601899,11.7900,11.8600,11.5900,11.7600,11.8100,92657207,1089373378.1700,1,0,2.082157
2023-06-21,sh.601899,11.6000,11.8500,11.5400,11.5700,11.7600,84114400,983109004.7800,1,0,2.082157
2023-06-26,sh.601899,11.5200,11.6500,11.4300,11.4900,11.5700,79180144,912614623.7800,1,0,2.082157
2023-06-27,sh.601899,11.4500,11.7300,11.2800,11.6900,11.4900,102267126,1183301063.0900,1,0,2.082157
2023-06-28,sh.601899,11.5900,11.7300,11.5200,11.6600,11.6900,73042283,848689369.4000,1,0,2.082157
2023-06-29,sh.601899,11.6100,11.6600,11.3300,11.3500,11.6600,94829276,1082828353.7000,1,0,2.082157
2023-06-30,sh.601899,11.3900,11.5200,11.2500,11.3700,11.3500,66313367,756138024.9900,1,0,2.082157
2023-07-03,sh.601899,11.5000,12.0300,11.4900,11.9300,11.3700,171518591,2037155959.1300,1,0,2.082157
2023-07-04,sh.601899,11.9700,12.0000,11.7400,11.8000,11.9300,107427130,1267639364.9700,1,0,2.082157
2023-07-05,sh.601899,11.7800,11.9000,11.7300,11.8000,11.8000,71207528,840514440.1700,1,0,2.082157
2023-07-06,sh.601899,11.7100,11.7500,11.5200,11.6100,11.8000,76833555,891638838.5200,1,0,2.082157
2023-07-07,sh.601899,11.5100,11.7200,11.2800,11.5500,11.6100,125582984,1442386663.7300,1,0,2.082157
2023-07-10,sh.601899,11.5800,11.7600,11.4800,11.5400,11.5500,80589768,935831992.4000,1,0,2.082157
2023-07-11,sh.601899,11.7100,11.9500,11.6800,11.8400,11.5400,121686578,1437145245.5900,1,0,2.082157
2023-07-12,sh.601899,11.8300,12.0500,11.7700,11.9500,11.8400,187653141,2243047026.7000,1,0,2.082157
2023-07-13,sh.601899,12.3800,12.7600,12.3800,12.5200,11.9500,289777576,3643040703.9500,1,0,2.082157
2023-07-14,sh.601899,12.7500,12.8000,12.5600,12.5800,12.5200,127187184,1608069170.0500,1,0,2.082157
2023-07-17,sh.601899,12.4800,12.5000,12.3000,12.3400,12.5800,86362787,1069695816.2400,1,0,2.082157
2023-07-18,sh.601899,12.3400,12.5300,12.2600,12.4000,12.3400,68098977,845908311.7900,1,0,2.082157
2023-07-19,sh.601899,12.5600,12.6600,12.4500,12.5900,12.4000,103886841,1304436928.7400,1,0,2.082157
2023-07-20,sh.601899,12.5400,12.8000,12.5200,12.6100,12.5900,98663315,1251621301.2200,1,0,2.082157
2023-07-21,sh.601899,12.5500,12.6800,12.4900,12.5300,12.6100,70515847,887056619.7000,1,0,2.082157
2023-07-24,sh.601899,12.4100,12.6200,12.3800,12.4300,12.5300,57319982,715170937.0100,1,0,2.082157
2023-07-25,sh.601899,12.6400,13.1000,12.6400,12.9400,12.4300,175567357,2270880545.7000,1,0,2.082157
2023-07-26,sh.601899,12.9600,13.0800,12.8800,13.0700,12.9400,89449527,1161974128.5700,1,0,2.082157
2023-07-27,sh.601899,13.0700,13.1000,12.8300,12.8800,13.0700,76066981,986230626.0700,1,0,2.082157
2023-07-28,sh.601899,12.6600,12.8400,12.5500,12.7900,12.8800,145064577,1840514413.0400,1,0,2.082157
2023-07-31,sh.601899,12.9900,13.1800,12.9500,13.0100,12.7900,116713079,1524225381.4000,1,0,2.082157
2023-08-01,sh.601899,13.2700,13.4400,13.0000,13.0500,13.0100,120142346,1584776007.3900,1,0,2.082157
2023-08-02,sh.601899,12.8200,12.9600,12.7700,12.8600,13.0500,83936798,1078483437.5300,1,0,2.082157
2023-08-03,sh.601899,12.7500,12.8000,12.6000,12.7400,12.8600,109846621,1394928275.1000,1,0,2.082157
2023-08-04,sh.601899,12.8600,12.9900,12.7800,12.8500,12.7400,78105281,1007042199.6300,1,0,2.082157
2023-08-07,sh.601899,12.7800,12.8800,12.7300,12.8500,12.8500,44623088,572241705.8300,1,0,2.082157
2023-08-08,sh.601899,12.8500,13.1300,12.7400,13.0300,12.8500,111902027,1455326073.7300,1,0,2.082157
2023-08-09,sh.601899,12.9000,12.9800,12.7400,12.8700,13.0300,84007485,1079691460.0100,1,0,2.082157
2023-08-10,sh.601899,12.8000,12.8800,12.6900,12.7300,12.8700,70330322,897239230.3400,1,0,2.082157
2023-08-11,sh.601899,12.7500,12.8300,12.4400,12.5000,12.7300,93182422,1172097977.6300,1,0,2.082157
2023-08-14,sh.601899,12.3900,12.4200,12.1500,12.3200,12.5000,131024479,1612319538.3700,1,0,2.082157
2023-08-15,sh.601899,12.3400,12.4300,12.1600,12.3200,12.3200,68007984,835672640.8100,1,0,2.082157
2023-08-16,sh.601899,12.1800,12.2500,12.0800,12.1900,12.3200,74573738,907904340.5300,1,0,2.082157
2023-08-17,sh.601899,12.0600,12.3400,11.8400,12.2900,12.1900,101796875,1234023155.0700,1,0,2.082157
2023-08-18,sh.601899,12.2900,12.4300,12.0500,12.0800,12.2900,76821225,939366605.2100,1,0,2.082157
2023-08-21,sh.601899,12.0800,12.1800,11.9800,11.9800,12.0800,75479962,910248452.3500,1,0,2.082157
2023-08-22,sh.601899,12.0800,12.4800,12.0800,12.4100,11.9800,165777633,2045267562.3300,1,0,2.082157
2023-08-23,sh.601899,12.4500,12.4900,12.1200,12.1700,12.4100,126975644,1557000098.1600,1,0,2.082157
2023-08-24,sh.601899,12.4500,12.6500,12.3500,12.4900,12.1700,138872628,1736015214.4300,1,0,2.082157
2023-08-25,sh.601899,12.4000,12.4500,12.1500,12.3000,12.4900,127145799,1563198557.7900,1,0,2.082157
2023-08-28,sh.601899,12.9200,12.9700,12.0600,12.1400,12.3000,203852109,2505833264.7000,1,0,2.082157
2023-08-29,sh.601899,12.1100,12.3700,12.0400,12.0800,12.1400,140982272,1719289961.4900,1,0,2.082157
2023-08-30,sh.601899,12.2500,12.5400,12.2200,12.4500,12.0800,159470560,1978837053.4900,1,0,2.082157
2023-08-31,sh.601899,12.4900,12.6000,12.3400,12.3600,12.4500,82969987,1031632502.8400,1,0,2.082157
2023-09-01,sh.601899,12.3900,12.9000,12.3700,12.8000,12.3600,143485185,1825917255.9600,1,0,2.082157
2023-09-04,sh.601899,12.9500,13.5000,12.9500,13.2000,12.8000,188698652,2493402696.3700,1,0,2.082157
2023-09-05,sh.601899,13.1000,13.2100,12.9700,13.1500,13.2000,80427855,1051883312.9400,1,0,2.082157
2023-09-06,sh.601899,13.0200,13.1800,12.9300,13.0600,13.1500,72466469,946999081.4600,1,0,2.082157
2023-09-07,sh.601899,12.9400,13.1100,12.9000,13.0100,13.0600,72247716,941296011.8000,1,0,2.082157
2023-09-08,sh.601899,13.0100,13.1000,12.8100,12.8800,13.0100,55492369,716285757.5800,1,0,2.082157
2023-09-11,sh.601899,12.8800,13.1500,12.8200,13.0000,12.8800,87787035,1141585554.2200,1,0,2.082157
2023-09-12,sh.601899,13.0100,13.0900,12.8000,12.8400,13.0000,84410056,1088460258.5200,1,0,2.082157
2023-09-13,sh.601899,12.7800,12.9800,12.7600,12.8400,12.8400,87054305,1118569961.3800,1,0,2.082157
2023-09-14,sh.601899,12.9000,13.1000,12.8400,12.9800,12.8400,152218542,1978039446.8400,1,0,2.082157
2023-09-15,sh.601899,13.1900,13.4200,13.0600,13.1500,12.9800,173231399,2293010436.1000,1,0,2.082157
2023-09-18,sh.601899,13.0800,13.0800,12.8900,13.0700,13.1500,105742734,1373023886.1000,1,0,2.082157
2023-09-19,sh.601899,13.0000,13.2500,12.9800,13.1700,13.0700,108154112,1423466929.4000,1,0,2.082157
2023-09-20,sh.601899,13.1000,13.2800,13.0400,13.2500,13.1700,90314021,1192683790.1100,1,0,2.082157
2023-09-21,sh.601899,13.1000,13.2000,12.9800,13.0900,13.2500,96166185,1258503964.2500,1,0,2.082157
2023-09-22,sh.601899,12.9500,12.9800,12.6800,12.9300,13.0900,186231640,2383603518.3400,1,0,2.082157
2023-09-25,sh.601899,12.8800,12.9900,12.7400,12.7600,12.9300,115655415,1484110321.9100,1,0,2.082157
2023-09-26,sh.601899,12.6900,12.7500,12.4900,12.6500,12.7600,128915086,1627524476.8500,1,0,2.082157
2023-09-27,sh.601899,12.6500,12.6800,12.3800,12.4100,12.6500,133613484,1666206857.1200,1,0,2.082157
2023-09-28,sh.601899,12.4100,12.5200,12.0600,12.1300,12.4100,149985684,1827180749.9300,1,0,2.082157
2023-10-09,sh.601899,11.9100,12.2500,11.7400,12.2000,12.1300,122116683,1471766811.5700,1,0,2.082157
2023-10-10,sh.601899,12.2800,12.4200,12.2000,12.2200,12.2000,68398356,839634889.7200,1,0,2.082157
2023-10-11,sh.601899,12.3000,12.3100,11.9900,12.1300,12.2200,85168723,1030641326.2200,1,0,2.082157
2023-10-12,sh.601899,12.2700,12.3600,12.1800,12.2900,12.1300,70314506,862664146.9900,1,0,2.082157
2023-10-13,sh.601899,12.1300,12.1500,12.0000,12.0200,12.2900,66449566,800676293.3400,1,0,2.082157
2023-10-16,sh.601899,12.2500,12.2800,12.1000,12.1400,12.0200,94815422,1156057632.8400,1,0,2.082157
2023-10-17,sh.601899,12.1200,12.1400,11.9800,12.0600,12.1400,80051798,964979087.9500,1,0,2.082157
2023-10-18,sh.601899,12.0900,12.1300,11.9600,11.9800,12.0600,73584741,886160394.3100,1,0,2.082157
2023-10-19,sh.601899,11.9500,11.9800,11.7500,11.7700,11.9800,98618747,1167806409.2400,1,0,2.082157
2023-10-20,sh.601899,11.8200,11.9300,11.5900,11.6500,11.7700,79552087,932493225.6600,1,0,2.082157
2023-10-23,sh.601899,11.5800,11.6600,11.3300,11.4500,11.6500,85800104,985685575.1900,1,0,2.082157
2023-10-24,sh.601899,11.5400,11.8300,11.5300,11.7500,11.4500,119694433,1396287628.2900,1,0,2.082157
2023-10-25,sh.601899,12.0400,12.3100,12.0400,12.0800,11.7500,129416820,1575510361.3400,1,0,2.082157
2023-10-26,sh.601899,12.0000,12.1100,11.8800,12.0800,12.0800,74025968,887984381.7300,1,0,2.082157
2023-10-27,sh.601899,11.9800,12.1600,11.9500,12.0100,12.0800,92836222,1118062156.7400,1,0,2.082157
2023-10-30,sh.601899,12.2000,12.6800,12.1900,12.4200,12.0100,180159501,2233732783.9200,1,0,2.082157
2023-10-31,sh.601899,12.4000,12.4600,12.2800,12.4400,12.4200,75169604,929308103.0800,1,0,2.082157
2023-11-01,sh.601899,12.3200,12.3500,12.1400,12.2000,12.4400,93872097,1145423054.3800,1,0,2.082157
2023-11-02,sh.601899,12.3500,12.4800,12.2000,12.2100,12.2000,91383818,1128790482.7800,1,0,2.082157
2023-11-03,sh.601899,12.2200,12.3000,12.1000,12.1700,12.2100,81585921,992620603.6300,1,0,2.082157
2023-11-06,sh.601899,12.1800,12.2000,11.8700,11.9300,12.1700,144313303,1725547500.4600,1,0,2.082157
2023-11-07,sh.601899,11.8800,12.0300,11.7200,12.0100,11.9300,91670061,1090796540.1200,1,0,2.082157
2023-11-08,sh.601899,11.8800,11.9500,11.7200,11.8200,12.0100,113321587,1340004024.2100,1,0,2.082157
2023-11-09,sh.601899,11.7000,11.9000,11.7000,11.8800,11.8200,77642269,918449508.1600,1,0,2.082157
2023-11-10,sh.601899,11.8300,11.8600,11.7200,11.7800,11.8800,43771753,515193192.7700,1,0,2.082157
2023-11-13,sh.601899,11.7900,11.9300,11.7300,11.9000,11.7800,55328036,654865236.3900,1,0,2.082157
2023-11-14,sh.601899,11.9500,11.9800,11.8100,11.8600,11.9000,49533264,587725506.2800,1,0,2.082157
2023-11-15,sh.601899,12.2300,12.2300,11.9300,12.0000,11.8600,100819208,1214529080.7800,1,0,2.082157
2023-11-16,sh.601899,11.9700,12.0300,11.8500,11.9700,12.0000,72428050,864811238.3200,1,0,2.082157
2023-11-17,sh.601899,11.9800,12.0200,11.8700,11.9700,11.9700,56250453,670740301.6500,1,0,2.082157
2023-11-20,sh.601899,11.9600,11.9700,11.7700,11.8600,11.9700,67797583,804255270.2700,1,0,2.082157
2023-11-21,sh.601899,11.9600,12.2100,11.9100,12.1400,11.8600,146698506,1779892323.3300,1,0,2.082157
2023-11-22,sh.601899,12.1400,12.1400,11.9200,11.9500,12.1400,62734020,753600457.2600,1,0,2.082157
2023-11-23,sh.601899,11.9400,12.0000,11.8200,11.9900,11.9500,55954963,665698869.4000,1,0,2.082157
2023-11-24,sh.601899,11.9700,11.9900,11.8400,11.8500,11.9900,51770983,615768319.4700,1,0,2.082157
2023-11-27,sh.601899,11.8600,12.0300,11.7300,11.8700,11.8500,57775499,685011611.2500,1,0,2.082157
2023-11-28,sh.601899,11.8600,11.9000,11.7100,11.8900,11.8700,62640831,739510570.0700,1,0,2.082157
2023-11-29,sh.601899,12.0900,12.2000,12.0800,12.1500,11.8900,169653492,2061141701.7000,1,0,2.082157
2023-11-30,sh.601899,12.1400,12.2700,12.0700,12.1800,12.1500,116747513,1421931900.1100,1,0,2.082157
2023-12-01,sh.601899,12.1500,12.2000,11.9600,12.0400,12.1800,101753675,1228288082.7500,1,0,2.082157
2023-12-04,sh.601899,12.4500,12.6900,12.3800,12.4000,12.0400,229119485,2865128222.5900,1,0,2.082157
2023-12-05,sh.601899,12.1200,12.1600,11.9200,11.9500,12.4000,158484060,1905395189.2000,1,0,2.082157
2023-12-06,sh.601899,11.8400,12.0800,11.7500,12.0000,11.9500,110464022,1321048902.9600,1,0,2.082157
2023-12-07,sh.601899,11.9000,11.9200,11.7500,11.8000,12.0000,108883301,1285326253.0100,1,0,2.082157
2023-12-08,sh.601899,11.8100,11.8300,11.6500,11.6700,11.8000,118281121,1383385683.8000,1,0,2.082157
2023-12-11,sh.601899,11.5900,11.7300,11.3800,11.6700,11.6700,111213214,1285375456.5400,1,0,2.082157
2023-12-12,sh.601899,11.5700,11.6300,11.4600,11.6200,11.6700,89300708,1030115692.6500,1,0,2.082157
2023-12-13,sh.601899,11.5400,11.6100,11.4400,11.4400,11.6200,85644343,987071611.0900,1,0,2.082157
2023-12-14,sh.601899,11.8000,11.8300,11.4600,11.4800,11.4400,135531561,1572792098.0100,1,0,2.082157
2023-12-15,sh.601899,11.6000,11.9700,11.6000,11.7000,11.4800,204753292,2415721667.5600,1,0,2.082157
2023-12-18,sh.601899,11.6400,11.8500,11.5800,11.7800,11.7000,73733359,867805169.3000,1,0,2.082157
2023-12-19,sh.601899,11.7600,11.8400,11.6500,11.8000,11.7800,59946318,704972689.8400,1,0,2.082157
2023-12-20,sh.601899,11.9200,12.1200,11.8600,12.0200,11.8000,165592823,1992734597.0500,1,0,2.082157
2023-12-21,sh.601899,11.9400,12.0900,11.8900,12.0700,12.0200,108702830,1304679471.3300,1,0,2.082157
2023-12-22,sh.601899,12.1500,12.1800,11.9900,12.1400,12.0700,127206298,1540207670.5900,1,0,2.082157
2023-12-25,sh.601899,12.0300,12.2400,12.0100,12.2200,12.0900,85968431,1045070554.9900,1,0,2.090768
2023-12-26,sh.601899,12.2000,12.2800,12.1500,12.1800,12.2200,74621667,910846708.0100,1,0,2.090768
2023-12-27,sh.601899,12.2300,12.4200,12.1900,12.4000,12.1800,125564716,1548586309.3100,1,0,2.090768
2023-12-28,sh.601899,12.4900,12.6700,12.3100,12.3500,12.4000,185718401,2312289056.5100,1,0,2.090768
2023-12-29,sh.601899,12.2700,12.4800,12.2700,12.4600,12.3500,121461541,1506071319.4700,1,0,2.090768
2024-01-02,sh.601899,12.4100,12.6600,12.3900,12.4900,12.4600,113316938,1418264969.2300,1,0,2.090768
2024-01-03,sh.601899,12.4300,12.5900,12.3900,12.5300,12.4900,76049148,951970406.4700,1,0,2.090768
2024-01-04,sh.601899,12.4300,12.5200,12.3900,12.5100,12.5300,99822517,1242764334.8000,1,0,2.090768
2024-01-05,sh.601899,12.4600,12.6800,12.3700,12.4700,12.5100,109752652,1377692737.5900,1,0,2.090768
2024-01-08,sh.601899,12.4600,12.5300,12.2700,12.3000,12.4700,91581562,1131732816.6700,1,0,2.090768
2024-01-09,sh.601899,12.3100,12.4500,12.2800,12.4300,12.3000,94179782,1166609534.3300,1,0,2.090768
2024-01-10,sh.601899,12.3300,12.4400,12.2800,12.2800,12.4300,63262795,780721482.4700,1,0,2.090768
2024-01-11,sh.601899,12.3100,12.3200,12.0900,12.1400,12.2800,96780156,1179075751.9200,1,0,2.090768
2024-01-12,sh.601899,12.0700,12.2600,12.0500,12.2000,12.1400,76433877,930414484.5200,1,0,2.090768
2024-01-15,sh.601899,12.1700,12.2600,12.0500,12.1200,12.2000,49632551,603042874.4500,1,0,2.090768
2024-01-16,sh.601899,12.0600,12.2700,12.0600,12.1900,12.1200,80436459,978561025.7400,1,0,2.090768
2024-01-17,sh.601899,12.0900,12.1300,11.7000,11.7000,12.1900,140735055,1671092719.1900,1,0,2.090768
2024-01-18,sh.601899,11.6600,11.9400,11.4000,11.8400,11.7000,166379121,1935251849.7500,1,0,2.090768
2024-01-19,sh.601899,11.7800,11.9700,11.6500,11.9200,11.8400,123795036,1468955722.4800,1,0,2.090768
2024-01-22,sh.601899,11.8800,11.9400,11.5500,11.6800,11.9200,145354976,1710510980.4000,1,0,2.090768
2024-01-23,sh.601899,11.6100,11.6800,11.2100,11.5400,11.6800,169491744,1940940579.0900,1,0,2.090768
2024-01-24,sh.601899,11.6200,11.7500,11.4300,11.7200,11.5400,105940754,1229718058.4400,1,0,2.090768
2024-01-25,sh.601899,11.8200,12.0500,11.7900,12.0500,11.7200,127482289,1522375801.5400,1,0,2.090768
2024-01-26,sh.601899,12.1000,12.2800,11.9800,12.2200,12.0500,124521021,1516091357.5400,1,0,2.090768
2024-01-29,sh.601899,12.2300,12.3500,12.2000,12.2400,12.2200,84753628,1040554942.2800,1,0,2.090768
2024-01-30,sh.601899,12.1800,12.3000,12.0600,12.1800,12.2400,106355676,1296846927.0700,1,0,2.090768
2024-01-31,sh.601899,12.1200,12.2300,12.0300,12.0400,12.1800,109897920,1333498982.2800,1,0,2.090768
2024-02-01,sh.601899,12.0000,12.2700,11.9000,12.1300,12.0400,108409521,1313469936.1300,1,0,2.090768
2024-02-02,sh.601899,12.2000,12.3400,11.8800,12.0300,12.1300,139010279,1693724843.3900,1,0,2.090768
2024-02-05,sh.601899,12.0700,12.2800,11.9600,12.1600,12.0300,171075963,2074493834.7800,1,0,2.090768
2024-02-06,sh.601899,12.1300,12.3800,12.0400,12.1900,12.1600,202093771,2464896609.7800,1,0,2.090768
2024-02-07,sh.601899,12.1900,12.3000,12.0400,12.2500,12.1900,215806989,2628884526.7400,1,0,2.090768
2024-02-08,sh.601899,12.2400,12.5200,12.2200,12.5000,12.2500,191109271,2365281337.0500,1,0,2.090768
2024-02-19,sh.601899,12.5100,12.8600,12.4000,12.8500,12.5000,188654642,2393625731.7000,1,0,2.090768
2024-02-20,sh.601899,12.8000,13.1800,12.7200,13.1000,12.8500,137078328,1790347205.5800,1,0,2.090768
2024-02-21,sh.601899,13.0600,13.2900,13.0100,13.0500,13.1000,153987034,2029310532.6500,1,0,2.090768
2024-02-22,sh.601899,13.0900,13.2800,13.0200,13.2600,13.0500,112739991,1484391737.0700,1,0,2.090768
2024-02-23,sh.601899,13.2500,13.6800,13.2000,13.5000,13.2600,137726096,1857150076.5900,1,0,2.090768
2024-02-26,sh.601899,13.5100,13.6100,13.0900,13.1500,13.5000,146004515,1940973998.0400,1,0,2.090768
2024-02-27,sh.601899,13.0600,13.2700,13.0000,13.1600,13.1500,136491393,1791457394.7300,1,0,2.090768
2024-02-28,sh.601899,13.1600,13.1700,12.9700,13.0100,13.1600,109335806,1429626557.6500,1,0,2.090768
2024-02-29,sh.601899,13.0200,13.2000,12.9600,13.1100,13.0100,108124101,1410959457.0200,1,0,2.090768
2024-03-01,sh.601899,13.0600,13.3600,13.0000,13.2500,13.1100,117846665,1552005621.9000,1,0,2.090768
2024-03-04,sh.601899,13.4600,13.6200,13.3600,13.4600,13.2500,131400110,1769842793.5900,1,0,2.090768
2024-03-05,sh.601899,13.6000,13.9700,13.5900,13.8500,13.4600,196087650,2710355632.7000,1,0,2.090768
2024-03-06,sh.601899,13.8500,14.3600,13.8400,14.2000,13.8500,201787689,2854602325.1900,1,0,2.090768
2024-03-07,sh.601899,14.3800,14.9600,14.2700,14.7300,14.2000,237493563,3490560848.5100,1,0,2.090768
2024-03-08,sh.601899,14.9000,14.9300,14.5300,14.8900,14.7300,169234965,2495033635.7500,1,0,2.090768
2024-03-11,sh.601899,15.0000,15.0500,14.6200,14.8600,14.8900,153666334,2272630522.1300,1,0,2.090768
2024-03-12,sh.601899,14.7500,14.8200,14.2800,14.3600,14.8600,204275442,2953248651.5700,1,0,2.090768
2024-03-13,sh.601899,14.2500,14.7600,14.1800,14.6900,14.3600,145451986,2110554046.5200,1,0,2.090768
2024-03-14,sh.601899,15.2500,15.7800,15.2500,15.3900,14.6900,271917472,4216534924.8000,1,0,2.090768
2024-03-15,sh.601899,15.3200,16.1200,15.3000,15.9600,15.3900,223316308,3509902917.4300,1,0,2.090768
2024-03-18,sh.601899,15.9700,16.1600,15.5800,15.7800,15.9600,230329695,3633999462.1800,1,0,2.090768
2024-03-19,sh.601899,15.7000,15.9300,15.5000,15.5300,15.7800,161899947,2543787074.6000,1,0,2.090768
2024-03-20,sh.601899,15.3500,15.6100,15.2000,15.5100,15.5300,177110050,2723258799.2300,1,0,2.090768
2024-03-21,sh.601899,15.9100,16.1300,15.6000,15.6200,15.5100,199623701,3151230649.8500,1,0,2.090768
2024-03-22,sh.601899,15.3900,15.5200,15.1700,15.3900,15.6200,177112121,2717488083.1500,1,0,2.090768
2024-03-25,sh.601899,15.3800,15.8600,15.3100,15.7400,15.3900,164527564,2580594445.6400,1,0,2.090768
2024-03-26,sh.601899,15.7700,15.8200,15.3300,15.5300,15.7400,132797874,2057986263.7300,1,0,2.090768
2024-03-27,sh.601899,15.4600,15.8900,15.4400,15.7200,15.5300,156142161,2459520729.0400,1,0,2.090768
2024-03-28,sh.601899,15.6500,16.1800,15.5300,16.1000,15.7200,188868882,3013540981.1500,1,0,2.090768
2024-03-29,sh.601899,16.4000,16.8700,16.3000,16.8200,16.1000,209564474,3491214364.7500,1,0,2.090768
2024-04-01,sh.601899,17.2400,17.3900,16.6900,16.8700,16.8200,207614091,3527137250.4800,1,0,2.090768
2024-04-02,sh.601899,16.9500,17.1500,16.7600,16.9500,16.8700,133763881,2265617998.2900,1,0,2.090768
2024-04-03,sh.601899,17.1900,17.6500,16.9800,17.5100,16.9500,238086948,4121388637.9900,1,0,2.090768
2024-04-08,sh.601899,17.6500,18.1700,17.2300,17.3000,17.5100,312711908,5555680583.5200,1,0,2.090768
2024-04-09,sh.601899,17.2200,17.4000,16.9300,17.0100,17.3000,201583611,3447848186.6900,1,0,2.090768
2024-04-10,sh.601899,17.1400,18.1500,17.1400,17.9900,17.0100,264269860,4685400744.1000,1,0,2.090768
2024-04-11,sh.601899,17.5200,18.5200,17.4900,17.9900,17.9900,256576582,4620626247.3500,1,0,2.090768
2024-04-12,sh.601899,18.4800,18.5800,17.9800,18.3900,17.9900,233781929,4289461428.0100,1,0,2.090768
2024-04-15,sh.601899,17.8000,18.5600,17.7800,18.4600,18.3900,238595623,4327726049.3800,1,0,2.090768
2024-04-16,sh.601899,18.4600,18.6300,17.8900,17.9400,18.4600,208220527,3791491592.7900,1,0,2.090768
2024-04-17,sh.601899,17.9100,18.1500,17.5800,18.0800,17.9400,215427958,3853775926.2800,1,0,2.090768
2024-04-18,sh.601899,17.9100,18.5400,17.8600,18.4700,18.0800,200597370,3665579378.8700,1,0,2.090768
2024-04-19,sh.601899,18.5600,19.3300,18.4000,18.6300,18.4700,265311852,4990039164.1500,1,0,2.090768
2024-04-22,sh.601899,18.8700,19.0000,17.7500,17.8000,18.6300,267730371,4889599624.7700,1,0,2.090768
2024-04-23,sh.601899,17.4100,17.6500,17.0000,17.0400,17.8000,320100041,5522404560.2600,1,0,2.090768
2024-04-24,sh.601899,17.0400,17.5900,17.0400,17.5400,17.0400,211374281,3671334959.5900,1,0,2.090768
2024-04-25,sh.601899,17.3300,17.5600,17.0900,17.4000,17.5400,142950969,2475547326.8100,1,0,2.090768
2024-04-26,sh.601899,17.5800,18.3700,17.4100,18.2700,17.4000,266128445,4799432001.5700,1,0,2.090768
2024-04-29,sh.601899,18.1300,18.1300,17.3900,17.6600,18.2700,225298735,4005052725.3400,1,0,2.090768
2024-04-30,sh.601899,17.9200,18.0600,17.5500,17.6100,17.6600,169466708,3018725384.3200,1,0,2.090768
2024-05-06,sh.601899,17.3200,17.5600,16.8200,17.5200,17.6100,260634802,4487638405.7200,1,0,2.090768
2024-05-07,sh.601899,17.6200,17.9000,17.3900,17.4500,17.5200,152394077,2684017066.0400,1,0,2.090768
2024-05-08,sh.601899,17.3000,17.6800,17.0100,17.4500,17.4500,132403984,2300504673.9700,1,0,2.090768
2024-05-09,sh.601899,17.2800,17.9100,17.2800,17.7100,17.4500,146586763,2587027544.3300,1,0,2.090768
2024-05-10,sh.601899,18.1000,18.2800,17.7800,18.2400,17.7100,206140807,3722450387.5100,1,0,2.090768
2024-05-13,sh.601899,18.0000,18.3400,17.8300,18.1800,18.2400,140858971,2546450262.7300,1,0,2.090768
2024-05-14,sh.601899,18.3500,18.7200,18.2500,18.4900,18.1800,147429801,2726855288.4600,1,0,2.090768
2024-05-15,sh.601899,18.5400,18.8500,18.2600,18.3000,18.4900,138687553,2566910428.6300,1,0,2.090768
2024-05-16,sh.601899,18.6300,18.8900,18.2100,18.2700,18.3000,193911149,3594190888.1300,1,0,2.090768
2024-05-17,sh.601899,18.3700,18.7800,18.0000,18.7800,18.2700,183095090,3375111654.5600,1,0,2.090768
2024-05-20,sh.601899,19.4300,19.7900,19.0900,19.4700,18.7800,265236190,5155591277.9400,1,0,2.090768
2024-05-21,sh.601899,19.4100,19.5800,18.5600,18.6500,19.4700,228374846,4309331268.6100,1,0,2.090768
2024-05-22,sh.601899,18.6500,18.7800,18.3300,18.4300,18.6500,142475452,2637331817.1000,1,0,2.090768
2024-05-23,sh.601899,17.5600,18.0100,17.3600,17.8400,18.4300,208253603,3694875282.6500,1,0,2.090768
2024-05-24,sh.601899,17.6000,18.0300,17.5900,17.8200,17.8400,125712778,2245716302.9400,1,0,2.090768
2024-05-27,sh.601899,17.7700,18.3600,17.7600,18.2000,17.8200,146711397,2662784806.3200,1,0,2.090768
2024-05-28,sh.601899,18.3800,18.4800,18.0100,18.0500,18.2000,132807255,2420542086.4200,1,0,2.090768
2024-05-29,sh.601899,18.0800,18.5800,17.9700,18.4500,18.0500,158414598,2914016095.7500,1,0,2.090768
2024-05-30,sh.601899,18.3000,18.3700,17.5500,17.6400,18.4500,209249886,3729795968.5300,1,0,2.090768
2024-05-31,sh.601899,17.6300,17.7200,17.2000,17.4100,17.6400,197034747,3434982967.3700,1,0,2.090768
2024-06-03,sh.601899,17.2900,17.6300,17.1700,17.3300,17.4100,134833199,2343666557.1900,1,0,2.090768
2024-06-04,sh.601899,17.4500,17.7000,17.1800,17.4200,17.3300,152060494,2652422195.7300,1,0,2.090768
2024-06-05,sh.601899,17.0000,17.2000,16.7500,17.0500,17.4200,185460719,3155725050.9300,1,0,2.090768
2024-06-06,sh.601899,17.3500,17.7900,17.3300,17.5900,17.0500,186439319,3276766583.3200,1,0,2.090768
2024-06-07,sh.601899,17.8200,17.8800,17.3100,17.7600,17.5900,173772656,3063217622.5200,1,0,2.090768
2024-06-11,sh.601899,17.1100,17.2200,16.7800,17.0000,17.5600,172739432,2932617274.9700,1,0,2.114581
2024-06-12,sh.601899,16.8900,17.2700,16.8600,17.2100,17.0000,131900625,2255787020.2700,1,0,2.114581
2024-06-13,sh.601899,17.1400,17.2200,16.5100,16.8100,17.2100,174909151,2935447403.8100,1,0,2.114581
2024-06-14,sh.601899,16.6000,17.1700,16.5500,17.0900,16.8100,163013937,2764928685.7800,1,0,2.114581
2024-06-17,sh.601899,16.9900,17.1700,16.7600,17.0400,17.0900,106381680,1811063471.5300,1,0,2.114581
2024-06-18,sh.601899,16.6100,17.0800,16.3800,16.9200,17.0400,239853361,4016852350.7600,1,0,2.114581
2024-06-19,sh.601899,16.9200,17.5000,16.8800,17.3200,16.9200,172049521,2971053454.5800,1,0,2.114581
2024-06-20,sh.601899,17.4100,17.8600,17.3700,17.5600,17.3200,128820710,2269494994.2000,1,0,2.114581
2024-06-21,sh.601899,17.7800,17.8700,17.2400,17.3200,17.5600,145232753,2537688937.2200,1,0,2.114581
2024-06-24,sh.601899,17.0000,17.5800,16.9300,17.4700,17.3200,132034135,2291742449.5500,1,0,2.114581
2024-06-25,sh.601899,17.4500,17.5200,17.2000,17.3500,17.4700,95570539,1658445653.5400,1,0,2.114581
2024-06-26,sh.601899,17.2200,17.3400,16.9700,17.2600,17.3500,107923422,1849478444.2700,1,0,2.114581
2024-06-27,sh.601899,17.1400,17.1700,16.8900,16.9000,17.2600,100714132,1710178992.1600,1,0,2.114581
2024-06-28,sh.601899,16.9800,17.6300,16.8200,17.5700,16.9000,129524371,2248803981.3200,1,0,2.114581
2024-07-01,sh.601899,17.7800,18.1000,17.7400,18.0400,17.5700,149049625,2674413716.3200,1,0,2.114581
2024-07-02,sh.601899,18.0800,18.0800,17.6400,17.8400,18.0400,95719894,1705179399.8500,1,0,2.114581
2024-07-03,sh.601899,17.8400,18.0300,17.7100,17.8900,17.8400,103934461,1853176366.1900,1,0,2.114581
2024-07-04,sh.601899,18.2300,18.5900,18.1700,18.1700,17.8900,176292083,3241891071.8400,1,0,2.114581
2024-07-05,sh.601899,18.1700,18.6600,18.1100,18.6400,18.1700,188747609,3484687196.4000,1,0,2.114581
2024-07-08,sh.601899,18.6900,18.8800,18.4400,18.4500,18.6400,149197688,2778400677.3600,1,0,2.114581
2024-07-09,sh.601899,18.6000,18.8600,18.5500,18.8200,18.4500,164930663,3089185866.4700,1,0,2.114581
2024-07-10,sh.601899,18.7300,18.9800,18.2800,18.3800,18.8200,150842964,2806437585.2800,1,0,2.114581
2024-07-11,sh.601899,18.5000,18.9600,18.3000,18.8700,18.3800,155807757,2925447886.6100,1,0,2.114581
2024-07-12,sh.601899,18.9700,19.0000,18.3600,18.4800,18.8700,139055070,2586146821.0300,1,0,2.114581
2024-07-15,sh.601899,18.5000,18.9500,18.4300,18.8200,18.4800,126988958,2392322767.4200,1,0,2.114581
2024-07-16,sh.601899,18.7800,19.2400,18.7800,19.2100,18.8200,134595480,2569268514.0200,1,0,2.114581
2024-07-17,sh.601899,19.5000,19.5400,18.3700,18.4700,19.2100,217167411,4075167474.7400,1,0,2.114581
2024-07-18,sh.601899,18.2400,18.4900,17.9700,18.4500,18.4700,149177702,2719754559.6800,1,0,2.114581
2024-07-19,sh.601899,17.8000,18.0500,17.1100,17.9400,18.4500,238617158,4220560796.1800,1,0,2.114581
2024-07-22,sh.601899,17.7500,17.8400,17.2100,17.6000,17.9400,192975122,3373542743.0200,1,0,2.114581
2024-07-23,sh.601899,17.5800,17.7200,16.5000,16.5200,17.6000,235473241,3978851947.0300,1,0,2.114581
2024-07-24,sh.601899,16.4500,16.7500,16.4000,16.5300,16.5200,136809553,2262423374.7100,1,0,2.114581
2024-07-25,sh.601899,16.0800,16.2400,15.3800,15.4300,16.5300,288215160,4506442224.9400,1,0,2.114581
2024-07-26,sh.601899,15.5500,16.0900,15.5100,15.8500,15.4300,175389610,2781765968.8100,1,0,2.114581
2024-07-29,sh.601899,16.0000,16.2800,15.7600,16.1100,15.8500,143993630,2311428227.0100,1,0,2.114581
2024-07-30,sh.601899,15.9700,16.0100,15.7300,15.9100,16.1100,125323095,1987811940.4000,1,0,2.114581
2024-07-31,sh.601899,15.9900,16.6600,15.9700,16.5800,15.9100,190163776,3120989658.0600,1,0,2.114581
2024-08-01,sh.601899,16.8800,17.0800,16.4800,16.6300,16.5800,149688988,2507529785.5700,1,0,2.114581
2024-08-02,sh.601899,16.3100,16.3100,15.7000,15.9600,16.6300,214393694,3415283680.9700,1,0,2.114581
2024-08-05,sh.601899,15.5700,16.0300,15.4600,15.6300,15.9600,179119079,2821695200.7400,1,0,2.114581
2024-08-06,sh.601899,15.7000,15.7800,15.1600,15.3500,15.6300,175303308,2685324518.3200,1,0,2.114581
2024-08-07,sh.601899,15.2500,15.6600,15.2000,15.4800,15.3500,116601847,1809204278.9900,1,0,2.114581
2024-08-08,sh.601899,15.3400,15.3500,15.0300,15.2100,15.4800,117102412,1775561766.1500,1,0,2.114581
2024-08-09,sh.601899,15.3800,15.6600,15.3100,15.3400,15.1100,140162600,2169838975.0200,1,0,2.128575
2024-08-12,sh.601899,15.3000,15.4900,15.2400,15.3600,15.3400,63635602,974895620.5600,1,0,2.128575
2024-08-13,sh.601899,15.6600,15.7300,15.3000,15.5400,15.3600,141287859,2191712921.9800,1,0,2.128575
2024-08-14,sh.601899,15.5500,15.6200,15.3500,15.4000,15.5400,66506834,1028773395.1600,1,0,2.128575
2024-08-15,sh.601899,15.2800,15.6300,15.2100,15.5800,15.4000,91464500,1417686969.6900,1,0,2.128575
2024-08-16,sh.601899,15.7800,16.1800,15.7800,15.8700,15.5800,150829135,2405009021.0500,1,0,2.128575
2024-08-19,sh.601899,16.0600,16.4900,16.0000,16.2200,15.8700,136456088,2220435252.4200,1,0,2.128575
2024-08-20,sh.601899,16.3200,16.3200,15.8900,16.0500,16.2200,89052973,1428671394.3800,1,0,2.128575
2024-08-21,sh.601899,16.0600,16.2500,15.9300,16.1600,16.0500,82239256,1328595784.9300,1,0,2.128575
2024-08-22,sh.601899,16.1600,16.2000,15.9500,16.1700,16.1600,74620792,1201182294.6000,1,0,2.128575
2024-08-23,sh.601899,15.9700,16.0900,15.9000,16.0600,16.1700,75078634,1202326602.0800,1,0,2.128575
2024-08-26,sh.601899,16.3100,16.3800,15.9500,16.2100,16.0600,146188349,2360957697.3300,1,0,2.128575
2024-08-27,sh.601899,16.1500,16.2500,15.8500,16.0700,16.2100,89916727,1444490875.6900,1,0,2.128575
2024-08-28,sh.601899,16.1000,16.2400,15.6300,15.8200,16.0700,130275045,2066444454.7600,1,0,2.128575
2024-08-29,sh.601899,15.7500,15.9900,15.6100,15.9300,15.8200,80769901,1280880646.4100,1,0,2.128575
2024-08-30,sh.601899,15.8900,16.1700,15.6600,16.0000,15.9300,144252253,2299149999.7700,1,0,2.128575
2024-09-02,sh.601899,15.8600,15.8700,15.3100,15.6100,16.0000,129969381,2022749647.4700,1,0,2.128575
2024-09-03,sh.601899,15.5000,15.6900,15.3700,15.4900,15.6100,68786090,1068102841.0900,1,0,2.128575
2024-09-04,sh.601899,15.0500,15.1000,14.5600,14.6800,15.4900,236436306,3496281168.1300,1,0,2.128575
2024-09-05,sh.601899,14.7500,14.9700,14.5300,14.6800,14.6800,108842214,1602794384.8800,1,0,2.128575
2024-09-06,sh.601899,14.8400,15.0100,14.7000,14.7600,14.6800,98102619,1456232567.2900,1,0,2.128575
2024-09-09,sh.601899,14.4700,14.4700,13.9400,14.1500,14.7600,232868695,3290633022.6400,1,0,2.128575
2024-09-10,sh.601899,14.2700,14.3500,14.0700,14.2200,14.1500,109501502,1553971992.6600,1,0,2.128575
2024-09-11,sh.601899,14.1500,14.2500,13.9600,14.2000,14.2200,140742326,1982554983.2700,1,0,2.128575
2024-09-12,sh.601899,14.2400,14.3900,14.0700,14.2000,14.2000,127138913,1809433188.1200,1,0,2.128575
2024-09-13,sh.601899,14.5900,14.9100,14.5200,14.6800,14.2000,222888677,3285178181.1700,1,0,2.128575
2024-09-18,sh.601899,14.9800,15.2200,14.8500,15.0400,14.6800,168791702,2542627079.1700,1,0,2.128575
2024-09-19,sh.601899,15.1100,15.4600,14.7700,15.4000,15.0400,182900219,2781048853.7800,1,0,2.128575
2024-09-20,sh.601899,15.4900,15.8800,15.3100,15.8800,15.4000,192733014,3031915812.1300,1,0,2.128575
2024-09-23,sh.601899,15.8800,16.0000,15.6800,15.8200,15.8800,136737176,2166292149.2800,1,0,2.128575
2024-09-24,sh.601899,16.1000,16.6400,16.0200,16.5100,15.8200,251226583,4106644354.9400,1,0,2.128575
2024-09-25,sh.601899,16.9200,17.3200,16.9000,16.9200,16.5100,283724846,4841338019.7000,1,0,2.128575
2024-09-26,sh.601899,17.1000,17.3900,16.7000,17.3700,16.9200,224564936,3833086687.0200,1,0,2.128575
2024-09-27,sh.601899,17.8500,18.0500,17.2700,17.5100,17.3700,174092796,3061022313.6400,1,0,2.128575
2024-09-30,sh.601899,17.8800,18.7400,17.1200,18.1400,17.5100,671972617,11989845280.7500,1,0,2.128575
2024-10-08,sh.601899,19.6400,19.8700,17.5100,17.9600,18.1400,706617244,13098607114.9800,1,0,2.128575
2024-10-09,sh.601899,17.7000,17.7700,16.9000,16.9300,17.9600,395716432,6837072587.7000,1,0,2.128575
2024-10-10,sh.601899,17.0000,17.9800,16.8500,17.3500,16.9300,301784759,5253048164.2500,1,0,2.128575
2024-10-11,sh.601899,17.6000,17.7900,17.0800,17.2400,17.3500,204517323,3576578455.9200,1,0,2.128575
2024-10-14,sh.601899,17.3600,17.7700,17.0800,17.6700,17.2400,209895342,3685655112.6600,1,0,2.128575
2024-10-15,sh.601899,17.5000,17.5100,17.1300,17.1300,17.6700,167326264,2896694036.2200,1,0,2.128575
2024-10-16,sh.601899,17.0800,17.5400,17.0200,17.4500,17.1300,139067215,2416131415.0400,1,0,2.128575
2024-10-17,sh.601899,17.4800,17.6100,17.1200,17.1400,17.4500,132417366,2300457654.1900,1,0,2.128575
2024-10-18,sh.601899,17.3500,17.8800,17.3100,17.6300,17.1400,219917288,3856826864.1300,1,0,2.128575
2024-10-21,sh.601899,18.0800,18.5800,17.9000,18.2200,17.6300,271742565,4961500151.6000,1,0,2.128575
2024-10-22,sh.601899,18.1300,18.3000,17.8800,18.0500,18.2200,170124384,3067127996.1400,1,0,2.128575
2024-10-23,sh.601899,18.1000,18.1700,17.6800,17.8500,18.0500,158883827,2839459534.3400,1,0,2.128575
2024-10-24,sh.601899,17.6000,17.6000,17.3200,17.4900,17.8500,153140704,2674306647.0600,1,0,2.128575
2024-10-25,sh.601899,17.4200,17.4400,17.1400,17.2300,17.4900,151253747,2610995383.4000,1,0,2.128575
2024-10-28,sh.601899,17.2000,17.2300,16.9600,17.2000,17.2300,122817788,2100442301.6900,1,0,2.128575
2024-10-29,sh.601899,17.2700,17.5200,17.1800,17.2200,17.2000,157067199,2720298492.3200,1,0,2.128575
2024-10-30,sh.601899,17.3500,17.5500,17.0000,17.1300,17.2200,158313500,2724881175.5400,1,0,2.128575
2024-10-31,sh.601899,17.0600,17.0800,16.6600,16.8200,17.1300,183766661,3091011649.0800,1,0,2.128575
2024-11-01,sh.601899,16.7200,17.5000,16.6400,17.2500,16.8200,251428808,4333954461.3800,1,0,2.128575
2024-11-04,sh.601899,17.3600,17.4200,16.9700,17.3500,17.2500,150856016,2591393809.2900,1,0,2.128575
2024-11-05,sh.601899,17.2600,17.7200,17.1500,17.7000,17.3500,185523057,3243783398.3400,1,0,2.128575
2024-11-06,sh.601899,17.6500,17.7000,17.1600,17.3100,17.7000,193328545,3379872879.3500,1,0,2.128575
2024-11-07,sh.601899,16.7200,17.1000,16.5000,17.0900,17.3100,280875443,4722689573.1100,1,0,2.128575
2024-11-08,sh.601899,17.3500,17.5900,17.0200,17.0900,17.0900,225997770,3902730429.4800,1,0,2.128575
2024-11-11,sh.601899,16.8000,16.8100,16.0800,16.5100,17.0900,342706502,5620690506.7100,1,0,2.128575
2024-11-12,sh.601899,16.1000,16.4500,15.8000,15.9800,16.5100,285631363,4602711827.6800,1,0,2.128575
2024-11-13,sh.601899,15.9300,16.1700,15.9000,16.0000,15.9800,143993851,2308724717.5100,1,0,2.128575
2024-11-14,sh.601899,15.9000,15.9400,15.5800,15.6100,16.0000,194726921,3066365949.2400,1,0,2.128575
2024-11-15,sh.601899,15.6000,16.1000,15.5200,15.6200,15.6100,186356748,2954520861.2800,1,0,2.128575
2024-11-18,sh.601899,15.7600,15.9900,15.5900,15.7100,15.6200,176079371,2781021688.0700,1,0,2.128575
2024-11-19,sh.601899,16.0000,16.4300,16.0000,16.2100,15.7100,260099889,4215053446.6800,1,0,2.128575
2024-11-20,sh.601899,16.2900,16.3000,15.9400,16.0300,16.2100,146052592,2347972311.6000,1,0,2.128575
2024-11-21,sh.601899,16.0400,16.2300,15.9700,16.1600,16.0300,135377378,2177155617.4800,1,0,2.128575
2024-11-22,sh.601899,16.1800,16.2000,15.7600,15.7600,16.1600,125243144,1995032918.1000,1,0,2.128575
2024-11-25,sh.601899,15.8800,16.0400,15.4700,15.5500,15.7600,119793219,1883870366.9000,1,0,2.128575
2024-11-26,sh.601899,15.4000,15.6800,15.3700,15.5400,15.5500,91452206,1421300260.0900,1,0,2.128575
2024-11-27,sh.601899,15.5500,15.6800,15.3300,15.6800,15.5400,110182933,1711331758.0600,1,0,2.128575
2024-11-28,sh.601899,15.6500,15.7200,15.4600,15.5300,15.6800,87158737,1357463152.5200,1,0,2.128575
2024-11-29,sh.601899,15.6000,15.9400,15.4300,15.7000,15.5300,141260443,2220567457.8000,1,0,2.128575
2024-12-02,sh.601899,15.7200,15.7700,15.5000,15.5600,15.7000,168359703,2628279645.3200,1,0,2.128575
2024-12-03,sh.601899,15.5900,15.6300,15.2800,15.6100,15.5600,149572070,2315346607.7400,1,0,2.128575
2024-12-04,sh.601899,15.6800,15.9400,15.6400,15.8000,15.6100,180836598,2853814255.3400,1,0,2.128575
2024-12-05,sh.601899,15.7300,15.7500,15.4200,15.4800,15.8000,141237064,2192389551.1400,1,0,2.128575
2024-12-06,sh.601899,15.4200,15.7400,15.4100,15.6900,15.4800,137873276,2155290558.3700,1,0,2.128575
2024-12-09,sh.601899,15.7400,16.0500,15.6700,15.8800,15.6900,138620472,2208532969.0700,1,0,2.128575
2024-12-10,sh.601899,16.3800,16.5500,16.0000,16.0600,15.8800,191717269,3111739801.7100,1,0,2.128575
2024-12-11,sh.601899,16.1600,16.3800,16.0600,16.1200,16.0600,146859489,2374455019.0200,1,0,2.128575
2024-12-12,sh.601899,16.1200,16.2800,16.0900,16.2400,16.1200,100504477,1628318302.9100,1,0,2.128575
2024-12-13,sh.601899,16.0000,16.0000,15.5700,15.5700,16.2400,199811168,3143512082.2100,1,0,2.128575
2024-12-16,sh.601899,15.5700,15.6400,15.3100,15.3500,15.5700,128353468,1977871985.8100,1,0,2.128575
2024-12-17,sh.601899,15.3500,15.5900,15.2700,15.4500,15.3500,119682220,1851932603.9800,1,0,2.128575
2024-12-18,sh.601899,15.4000,15.6300,15.4000,15.4900,15.4500,75347659,1169485235.2100,1,0,2.128575
2024-12-19,sh.601899,15.2100,15.4100,15.0500,15.3200,15.4900,92554681,1414586144.0600,1,0,2.128575
2024-12-20,sh.601899,15.2800,15.3300,15.0200,15.0200,15.3200,140062667,2117319775.9600,1,0,2.128575
2024-12-23,sh.601899,15.1600,15.5900,15.0900,15.5100,15.0200,188440900,2903979101.5200,1,0,2.128575
2024-12-24,sh.601899,15.4900,15.6600,15.2900,15.6300,15.5100,116741937,1811782586.0300,1,0,2.128575
2024-12-25,sh.601899,15.6300,15.6700,15.3400,15.5200,15.6300,87854107,1359933125.7800,1,0,2.128575
2024-12-26,sh.601899,15.5300,15.7300,15.4600,15.6200,15.5200,87509255,1366286290.6500,1,0,2.128575
2024-12-27,sh.601899,15.6400,15.6900,15.2700,15.3000,15.6200,123641600,1903734256.2500,1,0,2.128575
2024-12-30,sh.601899,15.2600,15.7200,15.2300,15.5400,15.3000,152484072,2365457326.2800,1,0,2.128575
2024-12-31,sh.601899,15.4300,15.4600,15.1200,15.1200,15.5400,142236489,2172211222.5600,1,0,2.128575
2025-01-02,sh.601899,15.2000,15.4800,15.0000,15.1800,15.1200,199053077,3037419314.1800,1,0,2.128575
2025-01-03,sh.601899,15.3000,15.9200,15.2700,15.5700,15.1800,312488466,4898067954.7200,1,0,2.128575
2025-01-06,sh.601899,15.6800,15.8600,15.3300,15.4900,15.5700,225283187,3516450287.8300,1,0,2.128575
2025-01-07,sh.601899,15.5500,16.0500,15.4000,16.0200,15.4900,229893314,3655875984.8700,1,0,2.128575
2025-01-08,sh.601899,16.0200,16.1700,15.7400,15.8500,16.0200,176843669,2815392400.1100,1,0,2.128575
2025-01-09,sh.601899,15.9100,16.0300,15.7200,15.9200,15.8500,134299826,2132733325.4100,1,0,2.128575
2025-01-10,sh.601899,16.0900,16.3400,15.8700,16.1500,15.9200,195551711,3158715409.2700,1,0,2.128575
2025-01-13,sh.601899,16.1400,16.6600,16.0300,16.4000,16.1500,237723203,3905138855.5900,1,0,2.128575
2025-01-14,sh.601899,16.2900,16.4800,16.0500,16.4100,16.4000,180089819,2933492769.6200,1,0,2.128575
2025-01-15,sh.601899,16.3500,16.4000,15.5300,15.7800,16.4100,327946407,5211318615.1000,1,0,2.128575
2025-01-16,sh.601899,16.0300,16.3000,16.0300,16.1700,15.7800,220764301,3573654016.6900,1,0,2.128575
2025-01-17,sh.601899,16.3100,16.4100,16.1200,16.2700,16.1700,168269157,2741904813.7000,1,0,2.128575
2025-01-20,sh.601899,16.2500,16.3900,16.0700,16.2900,16.2700,144611527,2346499184.2200,1,0,2.128575
2025-01-21,sh.601899,16.3000,16.3900,16.1400,16.2500,16.2900,109108876,1775020124.0900,1,0,2.128575
2025-01-22,sh.601899,16.3600,16.3900,16.0500,16.2000,16.2500,128315220,2077766555.0100,1,0,2.128575
2025-01-23,sh.601899,16.1900,16.3600,15.8600,15.8800,16.2000,180804250,2905923917.0100,1,0,2.128575
2025-01-24,sh.601899,16.0100,16.1200,15.8100,16.0200,15.8800,137656329,2200932989.7500,1,0,2.128575
2025-01-27,sh.601899,16.0000,16.3100,15.9400,16.2400,16.0200,154794284,2507171802.9800,1,0,2.128575
2025-02-05,sh.601899,16.5900,16.7300,16.3100,16.4700,16.2400,206140590,3391610270.7600,1,0,2.128575
2025-02-06,sh.601899,16.5800,16.5800,16.1100,16.3100,16.4700,200162692,3258744766.3200,1,0,2.128575
2025-02-07,sh.601899,16.3500,16.6600,16.1600,16.6200,16.3100,216552808,3565663120.9000,1,0,2.128575
2025-02-10,sh.601899,16.8100,17.0600,16.7400,16.8700,16.6200,221206459,3733076553.0900,1,0,2.128575
2025-02-11,sh.601899,17.0400,17.5800,16.9200,17.2800,16.8700,292526186,5070661924.8600,1,0,2.128575
2025-02-12,sh.601899,17.0300,17.1200,16.8700,16.9800,17.2800,158201006,2685571781.7700,1,0,2.128575
2025-02-13,sh.601899,17.0800,17.2000,16.9800,17.0100,16.9800,127292194,2173308263.8800,1,0,2.128575
2025-02-14,sh.601899,17.1500,17.3400,17.0100,17.1600,17.0100,115526968,1979857332.6800,1,0,2.128575
2025-02-17,sh.601899,16.7100,16.7100,16.4100,16.5000,17.1600,238543986,3938646125.3800,1,0,2.128575
2025-02-18,sh.601899,16.4100,16.5900,16.3100,16.4100,16.5000,144998347,2385640199.6100,1,0,2.128575
2025-02-19,sh.601899,16.5100,16.6100,16.2900,16.3500,16.4100,156681707,2572213147.0300,1,0,2.128575
2025-02-20,sh.601899,16.3800,16.4800,16.1200,16.4400,16.3500,130081857,2124966942.8900,1,0,2.128575
2025-02-21,sh.601899,16.4800,16.5600,16.1300,16.1900,16.4400,206161074,3357537473.4800,1,0,2.128575
2025-02-24,sh.601899,15.9900,16.2200,15.8000,16.0800,16.1900,173586045,2779918367.7000,1,0,2.128575
2025-02-25,sh.601899,16.0600,16.1300,15.7500,15.7800,16.0800,155863280,2486448005.0200,1,0,2.128575
2025-02-26,sh.601899,15.8300,16.0900,15.6800,15.8600,15.7800,157544107,2498948793.5700,1,0,2.128575
2025-02-27,sh.601899,15.8700,15.8700,15.6100,15.7500,15.8600,136307172,2143446761.8300,1,0,2.128575
2025-02-28,sh.601899,15.6100,15.6700,15.3500,15.3500,15.7500,179374561,2776454070.3400,1,0,2.128575
2025-03-03,sh.601899,15.4800,15.8600,15.4500,15.6400,15.3500,146170042,2290750530.1000,1,0,2.128575
2025-03-04,sh.601899,15.6900,16.0600,15.6000,15.9300,15.6400,152935515,2423804478.1000,1,0,2.128575
2025-03-05,sh.601899,15.9300,16.0900,15.8100,16.0100,15.9300,123758172,1976188829.2200,1,0,2.128575
2025-03-06,sh.601899,16.2500,16.4900,16.1900,16.3000,16.0100,178208236,2906467183.4300,1,0,2.128575
2025-03-07,sh.601899,16.3300,16.7500,16.2000,16.4300,16.3000,193234059,3190133931.0300,1,0,2.128575
2025-03-10,sh.601899,16.5000,16.6900,16.3100,16.6500,16.4300,163158330,2696257981.0800,1,0,2.128575
2025-03-11,sh.601899,16.2800,16.4800,16.1000,16.4800,16.6500,180000551,2928916870.2700,1,0,2.128575
2025-03-12,sh.601899,16.5500,16.7200,16.2800,16.6900,16.4800,162398213,2687231258.7400,1,0,2.128575
2025-03-13,sh.601899,16.8800,17.0800,16.7400,16.9600,16.6900,209768213,3559737980.8600,1,0,2.128575
2025-03-14,sh.601899,17.3900,17.6300,17.1800,17.4800,16.9600,298981573,5219104860.0600,1,0,2.128575
2025-03-17,sh.601899,17.4900,17.7000,17.1100,17.2100,17.4800,236776268,4111730675.0100,1,0,2.128575
2025-03-18,sh.601899,17.4000,17.9500,17.3600,17.7600,17.2100,255205982,4520896346.3700,1,0,2.128575
2025-03-19,sh.601899,17.7800,18.0500,17.6900,18.0500,17.7600,189285223,3390128165.0400,1,0,2.128575
2025-03-20,sh.601899,18.3000,18.4300,18.0100,18.1700,18.0500,232578991,4235118472.4200,1,0,2.128575
2025-03-21,sh.601899,18.0000,18.0600,17.4000,17.5700,18.1700,251475387,4440714112.6700,1,0,2.128575
2025-03-24,sh.601899,17.6600,18.3500,17.4800,18.0500,17.5700,269625162,4868638361.3400,1,0,2.128575
2025-03-25,sh.601899,18.0500,18.4200,17.9300,18.4000,18.0500,226625130,4130000623.2700,1,0,2.128575
2025-03-26,sh.601899,18.7000,18.9600,18.1000,18.2000,18.4000,322922397,5979045486.9100,1,0,2.128575
2025-03-27,sh.601899,17.9000,18.1300,17.6000,17.8600,18.2000,225531363,4013993130.6800,1,0,2.128575
2025-03-28,sh.601899,18.0500,18.3400,17.8100,18.1600,17.8600,186364433,3365891158.8100,1,0,2.128575
2025-03-31,sh.601899,18.0700,18.3100,17.9800,18.1200,18.1600,160677554,2912951501.7200,1,0,2.128575
2025-04-01,sh.601899,18.2000,18.3300,17.8000,17.9300,18.1200,153422653,2760335772.4300,1,0,2.128575
2025-04-02,sh.601899,17.7600,17.8500,17.4400,17.5000,17.9300,158099014,2787581793.1200,1,0,2.128575
2025-04-03,sh.601899,17.3500,17.4800,16.8700,17.1100,17.5000,216426825,3702083025.3700,1,0,2.128575
2025-04-07,sh.601899,15.4000,15.8500,15.4000,15.4100,17.1100,488035941,7566671764.1900,1,0,2.128575
2025-04-08,sh.601899,15.5400,15.9500,15.2100,15.9500,15.4100,373360740,5849553136.1100,1,0,2.128575
2025-04-09,sh.601899,15.5400,15.9200,15.1900,15.9200,15.9500,446712674,6914703374.5500,1,0,2.128575
2025-04-10,sh.601899,16.5500,16.8500,16.3700,16.7500,15.9200,359139490,5968607760.5000,1,0,2.128575
2025-04-11,sh.601899,17.1500,17.3100,16.9800,17.1500,16.7500,271836755,4652651213.2000,1,0,2.128575
2025-04-14,sh.601899,17.3900,18.0000,17.1100,17.6300,17.1500,333600634,5893332635.5400,1,0,2.128575
2025-04-15,sh.601899,17.6400,17.7000,17.2800,17.6500,17.6300,190553769,3344171353.1400,1,0,2.128575
2025-04-16,sh.601899,17.9000,17.9800,17.4200,17.7400,17.6500,207456482,3650843291.3400,1,0,2.128575
2025-04-17,sh.601899,18.1300,18.3000,17.6600,17.8200,17.7400,310531684,5565604082.3000,1,0,2.128575
2025-04-18,sh.601899,17.6500,17.7700,17.3500,17.6200,17.8200,139917652,2455099398.5800,1,0,2.128575
2025-04-21,sh.601899,17.7700,18.6300,17.7600,18.6000,17.6200,317461127,5795921288.3800,1,0,2.128575
2025-04-22,sh.601899,18.7100,18.7600,18.4100,18.5000,18.6000,253360332,4706807753.1700,1,0,2.128575
2025-04-23,sh.601899,18.0500,18.2800,17.7300,17.7900,18.5000,293150084,5268423260.5500,1,0,2.128575
2025-04-24,sh.601899,17.8900,18.0500,17.6300,17.6700,17.7900,114585259,2039355685.7100,1,0,2.128575
2025-04-25,sh.601899,17.8000,17.9700,17.5800,17.6500,17.6700,121525902,2157484304.0600,1,0,2.128575
2025-04-28,sh.601899,17.5000,17.7400,17.3700,17.6600,17.6500,96878753,1703950167.2800,1,0,2.128575
2025-04-29,sh.601899,17.6700,17.7700,17.5500,17.6300,17.6600,74056269,1306248213.8000,1,0,2.128575
2025-04-30,sh.601899,17.5500,17.5800,17.3600,17.4600,17.6300,84994445,1485278901.6200,1,0,2.128575
2025-05-06,sh.601899,17.7500,17.8400,17.6000,17.7600,17.4600,141363782,2507104911.4300,1,0,2.128575
2025-05-07,sh.601899,18.0900,18.1200,17.8000,18.0500,17.7600,172407911,3099054918.8500,1,0,2.128575
2025-05-08,sh.601899,17.9000,18.0600,17.7600,17.7600,18.0500,112295257,2009443544.7300,1,0,2.128575
2025-05-09,sh.601899,17.6800,17.7800,17.5800,17.6500,17.7600,106486863,1879773996.9400,1,0,2.128575
2025-05-12,sh.601899,17.5000,17.7700,17.4100,17.7100,17.6500,122213982,2152353539.6200,1,0,2.128575
2025-05-13,sh.601899,17.6000,17.8400,17.4000,17.7600,17.7100,116346891,2052948977.1300,1,0,2.128575
2025-05-14,sh.601899,17.7600,17.9100,17.7400,17.9000,17.7600,104341328,1861378083.6800,1,0,2.128575
2025-05-15,sh.601899,17.7100,17.7800,17.3600,17.4900,17.9000,139381293,2441491000.0800,1,0,2.128575
2025-05-16,sh.601899,17.5900,17.6400,17.3600,17.4200,17.4900,95709975,1671055556.6800,1,0,2.128575
2025-05-19,sh.601899,17.4300,17.5600,17.2800,17.4200,17.4200,75758800,1317585529.4400,1,0,2.128575
2025-05-20,sh.601899,17.4200,17.6900,17.4100,17.4600,17.4200,102796244,1803452364.7600,1,0,2.128575
2025-05-21,sh.601899,17.6900,18.5100,17.6800,18.4900,17.4600,260461493,4740421663.1000,1,0,2.128575
2025-05-22,sh.601899,18.3800,18.6800,18.3600,18.5800,18.4900,133536115,2474875038.2600,1,0,2.128575
2025-05-23,sh.601899,18.5400,18.7000,18.4400,18.5900,18.5800,120687210,2242456152.7600,1,0,2.128575
2025-05-26,sh.601899,18.5000,18.8700,18.4800,18.5600,18.5900,112661379,2101696214.0100,1,0,2.128575
2025-05-27,sh.601899,18.5300,18.6500,17.6800,17.8800,18.5600,172685616,3109952083.5000,1,0,2.128575
2025-05-28,sh.601899,17.8000,18.1000,17.7000,17.9800,17.8800,99196119,1781588539.4900,1,0,2.128575
2025-05-29,sh.601899,17.8300,18.0500,17.7800,17.8200,17.9800,90447963,1620696747.5600,1,0,2.128575
2025-05-30,sh.601899,17.9400,18.0700,17.6600,17.7300,17.8200,93355937,1661300676.7300,1,0,2.128575
2025-06-03,sh.601899,18.0700,18.2800,17.9600,18.0600,17.7300,139522376,2527617871.9700,1,0,2.128575
2025-06-04,sh.601899,18.0600,18.3200,18.0100,18.0900,18.0600,83166310,1511055079.2100,1,0,2.128575
2025-06-05,sh.601899,18.1500,18.3000,17.8600,17.8800,18.0900,89338691,1608518639.8500,1,0,2.128575
2025-06-06,sh.601899,17.9900,18.2500,17.9200,18.1400,17.8800,133465047,2419433516.9100,1,0,2.128575
2025-06-09,sh.601899,17.9700,18.1400,17.6300,17.9700,18.1400,191491555,3414969027.8800,1,0,2.128575
2025-06-10,sh.601899,17.9000,18.3800,17.9000,18.2700,17.9700,150608310,2737833239.3200,1,0,2.128575
2025-06-11,sh.601899,18.2700,18.7100,18.2300,18.6600,18.2700,128368795,2379279500.1100,1,0,2.128575
2025-06-12,sh.601899,18.7200,19.4900,18.6300,19.4600,18.6600,208562950,3996991741.6100,1,0,2.128575
2025-06-13,sh.601899,19.2600,19.3700,19.0400,19.1500,19.1800,187887432,3600553500.6700,1,0,2.159649
2025-06-16,sh.601899,19.1400,19.1600,18.6900,18.8200,19.1500,133058304,2515363536.3700,1,0,2.159649
2025-06-17,sh.601899,18.7900,18.9700,18.7000,18.8700,18.8200,84091698,1583811952.9500,1,0,2.159649
2025-06-18,sh.601899,18.8600,18.9800,18.5800,18.7800,18.8700,93199839,1745951006.1500,1,0,2.159649
2025-06-19,sh.601899,18.7500,18.7800,18.3700,18.3700,18.7800,101642948,1886496710.7100,1,0,2.159649
2025-06-20,sh.601899,18.4300,18.6100,18.3400,18.4100,18.3700,87653782,1616157435.9900,1,0,2.159649
2025-06-23,sh.601899,18.4500,18.6200,18.2800,18.5100,18.4100,98516925,1822688315.3000,1,0,2.159649
2025-06-24,sh.601899,18.4300,18.9500,18.4000,18.5400,18.5100,128702412,2406116067.0100,1,0,2.159649
2025-06-25,sh.601899,18.5800,19.0000,18.4500,18.9900,18.5400,122599826,2307853545.3900,1,0,2.159649
2025-06-26,sh.601899,18.9000,19.2200,18.7200,18.9800,18.9900,127312211,2417631357.5400,1,0,2.159649
2025-06-27,sh.601899,19.2000,20.0600,19.2000,19.7800,18.9800,239148155,4716275891.5600,1,0,2.159649
2025-06-30,sh.601899,19.7800,19.8300,19.4000,19.5000,19.7800,138727042,2709722688.1600,1,0,2.159649
2025-07-01,sh.601899,19.6900,19.9200,19.3800,19.9000,19.5000,123933416,2435566618.2000,1,0,2.159649
2025-07-02,sh.601899,19.9000,20.4300,19.8000,20.1700,19.9000,170369637,3436875925.9000,1,0,2.159649
2025-07-03,sh.601899,20.3700,20.4900,20.0800,20.2900,20.1700,137380888,2785493757.7100,1,0,2.159649
2025-07-04,sh.601899,20.0700,20.2900,19.8400,20.0500,20.2900,135855626,2725507573.2100,1,0,2.159649
2025-07-07,sh.601899,19.9600,20.0200,19.7100,19.8000,20.0500,83467474,1658374033.4800,1,0,2.159649
2025-07-08,sh.601899,19.8700,20.0400,19.7500,19.8200,19.8000,97073377,1928723033.2100,1,0,2.159649
2025-07-09,sh.601899,19.8900,19.8900,18.8700,18.9000,19.8200,333834833,6397298173.3100,1,0,2.159649
2025-07-10,sh.601899,18.9200,19.0500,18.8100,18.8400,18.9000,189327293,3578751386.0100,1,0,2.159649
2025-07-11,sh.601899,18.8900,19.2000,18.8600,18.8900,18.8400,218170375,4142641756.5500,1,0,2.159649
2025-07-14,sh.601899,19.2700,19.3400,19.0100,19.0800,18.8900,230591713,4419734338.7300,1,0,2.159649
2025-07-15,sh.601899,19.0600,19.1500,18.8200,19.1200,19.0800,153148319,2913086811.7300,1,0,2.159649
2025-07-16,sh.601899,19.1400,19.1800,18.9800,19.1400,19.1200,92688429,1768546654.4900,1,0,2.159649
2025-07-17,sh.601899,19.1300,19.1900,18.9800,19.0700,19.1400,117455881,2240891162.0900,1,0,2.159649
2025-07-18,sh.601899,19.1900,19.7000,19.0200,19.4700,19.0700,222955191,4335117129.7900,1,0,2.159649
2025-07-21,sh.601899,19.5600,19.8300,19.5000,19.7900,19.4700,173022988,3404209889.3800,1,0,2.159649
2025-07-22,sh.601899,19.9200,20.3800,19.8100,20.2500,19.7900,202578981,4070444891.3900,1,0,2.159649
2025-07-23,sh.601899,20.4300,20.4800,20.1100,20.2100,20.2500,181222474,3672351323.4100,1,0,2.159649
2025-07-24,sh.601899,20.0000,20.2700,19.8300,20.1200,20.2100,161026871,3227202049.8400,1,0,2.159649
2025-07-25,sh.601899,19.9600,20.0700,19.8100,19.8500,20.1200,125296458,2494451751.9600,1,0,2.159649
2025-07-28,sh.601899,19.7100,19.8000,19.4300,19.8000,19.8500,143705129,2826138226.7000,1,0,2.159649
2025-07-29,sh.601899,19.6000,19.7400,19.5100,19.5900,19.8000,129687009,2540208531.5700,1,0,2.159649
2025-07-30,sh.601899,19.6000,19.9800,19.5900,19.8200,19.5900,154361848,3064213163.5900,1,0,2.159649
2025-07-31,sh.601899,19.5100,19.5200,19.0300,19.1500,19.8200,208764256,4005043930.5400,1,0,2.159649
2025-08-01,sh.601899,19.1000,19.4300,19.0500,19.2600,19.1500,121999050,2351099356.5100,1,0,2.159649
2025-08-04,sh.601899,19.5700,19.9400,19.5000,19.8800,19.2600,173825988,3441252665.9600,1,0,2.159649
2025-08-05,sh.601899,19.9900,20.0200,19.7700,19.8700,19.8800,113838689,2261663413.2500,1,0,2.159649
2025-08-06,sh.601899,19.8100,20.2500,19.7800,20.1600,19.8700,142803170,2872001336.9200,1,0,2.159649
2025-08-07,sh.601899,20.1600,20.3600,19.9600,20.3000,20.1600,131718225,2654382863.9800,1,0,2.159649
2025-08-08,sh.601899,20.3600,20.7000,20.3000,20.5400,20.3000,127651036,2618565636.6700,1,0,2.159649
2025-08-11,sh.601899,20.5100,20.5100,20.1900,20.2500,20.5400,140992044,2864111116.2600,1,0,2.159649
2025-08-12,sh.601899,20.2200,20.5600,20.1400,20.3000,20.2500,117353420,2391313473.0000,1,0,2.159649
2025-08-13,sh.601899,20.4500,21.1700,20.4000,21.0200,20.3000,185834096,3897572685.5100,1,0,2.159649
2025-08-14,sh.601899,21.0300,21.5300,20.9700,21.1700,21.0200,138815217,2948194290.8000,1,0,2.159649
2025-08-15,sh.601899,20.9400,21.5600,20.8700,21.2900,21.1700,170980482,3639984796.5300,1,0,2.159649
2025-08-18,sh.601899,21.3000,21.3700,20.8000,20.8000,21.2900,261095278,5491225049.8100,1,0,2.159649
2025-08-19,sh.601899,20.8100,21.1400,20.2800,20.3300,20.8000,235250121,4846967843.6900,1,0,2.159649
2025-08-20,sh.601899,20.3300,20.5700,20.1900,20.5600,20.3300,168298578,3431781958.3900,1,0,2.159649
2025-08-21,sh.601899,20.7100,20.8000,20.5100,20.6000,20.5600,128648595,2656358870.0900,1,0,2.159649
2025-08-22,sh.601899,20.6500,20.7600,20.4500,20.6600,20.6000,148995531,3068477130.3200,1,0,2.159649
2025-08-25,sh.601899,21.0500,22.2500,21.0500,22.2100,20.6600,306329955,6684074080.3200,1,0,2.159649
2025-08-26,sh.601899,22.1900,22.5500,21.9600,22.3900,22.2100,184883107,4120538086.2500,1,0,2.159649
2025-08-27,sh.601899,22.4900,23.3000,22.3200,22.5300,22.3900,238891020,5439362667.0900,1,0,2.159649
2025-08-28,sh.601899,22.5400,22.8900,22.2100,22.5200,22.5300,173370467,3907967186.5000,1,0,2.159649
2025-08-29,sh.601899,22.8200,23.4800,22.7000,23.0800,22.5200,250412819,5782016976.8300,1,0,2.159649
2025-09-01,sh.601899,23.9000,24.6500,23.4100,24.3800,23.0800,376321765,9088067646.7400,1,0,2.159649
2025-09-02,sh.601899,24.7700,25.0800,23.9800,24.4100,24.3800,343891358,8418441905.1400,1,0,2.159649
2025-09-03,sh.601899,25.1000,25.5100,24.3900,24.9400,24.4100,307190816,7639539376.6200,1,0,2.159649
2025-09-04,sh.601899,24.8000,25.1800,23.3900,23.8700,24.9400,387755285,9324657061.2000,1,0,2.159649
2025-09-05,sh.601899,23.7900,25.4100,23.7900,25.2700,23.8700,345232193,8563917229.4300,1,0,2.159649
2025-09-08,sh.601899,25.7000,25.8000,24.4200,24.6400,25.2700,317257933,7917464171.2600,1,0,2.159649
2025-09-09,sh.601899,24.9900,25.8500,24.7500,25.1900,24.6400,353351554,8945036382.5200,1,0,2.159649
2025-09-10,sh.601899,24.5500,25.2600,24.5100,25.1800,25.1900,224391250,5601726778.9800,1,0,2.159649
2025-09-11,sh.601899,25.2500,25.7400,25.0800,25.7100,25.1800,250428471,6371900232.8800,1,0,2.159649
2025-09-12,sh.601899,26.0000,26.3500,25.4300,25.6500,25.7100,326266858,8437739638.4000,1,0,2.159649
2025-09-15,sh.601899,25.5400,26.1000,25.3000,25.5000,25.6500,240898187,6197208655.4900,1,0,2.159649
2025-09-16,sh.601899,26.1000,26.1500,24.8900,25.3200,25.5000,312802939,7930713745.6400,1,0,2.159649
2025-09-17,sh.601899,25.1200,25.2900,24.7500,25.0700,25.3200,209214970,5229817965.7700,1,0,2.159649
2025-09-18,sh.601899,24.6800,25.0400,24.1100,24.4200,25.0700,263192155,6485158841.5000,1,0,2.159649
2025-09-19,sh.601899,24.4200,25.1500,24.4200,25.0200,24.4200,202176273,5031694021.0900,1,0,2.159649
2025-09-22,sh.601899,25.5000,25.5600,24.8500,25.3700,25.0200,194423251,4893950898.2600,1,0,2.159649
2025-09-23,sh.601899,25.6000,26.3800,25.2500,25.8200,25.3700,276108202,7111485400.6700,1,0,2.159649
2025-09-24,sh.601899,25.8200,25.9300,25.4900,25.9300,25.8200,168002837,4324307318.9900,1,0,2.159649
2025-09-25,sh.601899,26.9000,27.6400,26.6900,27.2700,25.9300,395322724,10746355716.0700,1,0,2.159649
2025-09-26,sh.601899,27.1000,28.3600,26.9100,27.4000,27.2700,282057194,7783995639.1900,1,0,2.159649
2025-09-29,sh.601899,27.7000,28.8600,27.5300,28.7700,27.4000,399793958,11348209387.0400,1,0,2.159649
2025-09-30,sh.601899,29.5700,29.8800,28.7400,29.4400,28.5500,385888298,11322434110.3200,1,0,2.176291
2025-10-09,sh.601899,31.2200,32.3800,30.7700,32.3800,29.4400,509343384,16065595631.6800,1,0,2.176291
2025-10-10,sh.601899,31.5000,32.0000,30.3500,30.8700,32.3800,466020625,14488772296.2300,1,0,2.176291
2025-10-13,sh.601899,30.0500,31.6500,29.8800,31.3000,30.8700,417573019,12791497915.2100,1,0,2.176291
2025-10-14,sh.601899,32.4000,32.6500,29.1500,29.5000,31.3000,539236050,16576942200.5400,1,0,2.176291
2025-10-15,sh.601899,29.9600,31.2000,29.3800,30.9800,29.5000,365641142,11059689469.1700,1,0,2.176291
2025-10-16,sh.601899,30.9900,31.3700,30.0600,30.4700,30.9800,289900966,8890666661.6400,1,0,2.176291
2025-10-17,sh.601899,31.1200,31.3000,30.0300,30.1700,30.4700,304443734,9293026128.6300,1,0,2.176291
2025-10-20,sh.601899,29.4000,30.2900,29.0000,29.7500,30.1700,297341006,8845608485.2900,1,0,2.176291
2025-10-21,sh.601899,30.4000,30.7800,29.8100,30.0500,29.7500,261648588,7927327602.7600,1,0,2.176291
2025-10-22,sh.601899,28.1900,29.6000,28.1900,29.4500,30.0500,315355482,9158923057.6500,1,0,2.176291
2025-10-23,sh.601899,29.0300,29.9300,28.5600,29.7000,29.4500,246528306,7195142824.3600,1,0,2.176291
2025-10-24,sh.601899,30.0500,30.3000,29.7600,30.0300,29.7000,186969778,5613321506.2000,1,0,2.176291
2025-10-27,sh.601899,30.1200,31.3000,30.1200,31.0000,30.0300,290246620,8975329654.8200,1,0,2.176291
2025-10-28,sh.601899,30.5000,30.7900,29.8100,29.8400,31.0000,264245245,7986327533.4800,1,0,2.176291
2025-10-29,sh.601899,30.0500,31.0500,30.0100,30.9600,29.8400,211650959,6463154654.2900,1,0,2.176291
2025-10-30,sh.601899,30.7800,31.6000,30.6200,31.1100,30.9600,276672292,8630460754.8700,1,0,2.176291
2025-10-31,sh.601899,31.1100,31.2900,30.4500,30.5000,31.1100,174923110,5380173287.9500,1,0,2.176291
2025-11-03,sh.601899,30.1100,30.3300,28.8700,30.0000,30.5000,236191270,6968610608.8400,1,0,2.176291
2025-11-04,sh.601899,29.5000,29.7800,28.6000,28.7800,30.0000,268031747,7788693364.8800,1,0,2.176291
2025-11-05,sh.601899,27.9200,29.2500,27.8200,29.0100,28.7800,215461356,6171176198.8700,1,0,2.176291
2025-11-06,sh.601899,29.0100,29.8000,28.9200,29.7000,29.0100,178969843,5281857227.3300,1,0,2.176291
2025-11-07,sh.601899,29.6900,30.2500,29.6200,30.1700,29.7000,149756654,4498419194.4100,1,0,2.176291
2025-11-10,sh.601899,30.8000,30.9500,29.8800,30.1700,30.1700,188511170,5707821665.6300,1,0,2.176291
2025-11-11,sh.601899,30.5700,30.6800,29.5000,29.6200,30.1700,166437726,4968850126.2200,1,0,2.176291
2025-11-12,sh.601899,29.6200,30.0600,29.1500,29.4900,29.6200,136428812,4037371771.2200,1,0,2.176291
2025-11-13,sh.601899,29.8000,31.1200,29.7100,30.7200,29.4900,280933594,8597741660.5100,1,0,2.176291
2025-11-14,sh.601899,30.1000,30.4300,29.8200,30.0200,30.7200,166166770,5009890531.4400,1,0,2.176291
2025-11-17,sh.601899,29.7300,29.9200,28.8600,28.9800,30.0200,215994374,6311373290.3100,1,0,2.176291
2025-11-18,sh.601899,28.7000,28.9500,28.2100,28.3900,28.9800,173339754,4945509142.9600,1,0,2.176291
2025-11-19,sh.601899,28.7400,29.5500,28.7000,29.3400,28.3900,192184477,5608158690.9900,1,0,2.176291
2025-11-20,sh.601899,29.4000,29.6800,28.9000,28.9700,29.3400,133141833,3887558724.5400,1,0,2.176291
2025-11-21,sh.601899,28.4700,28.8600,28.0000,28.1400,28.9700,188729249,5347653774.5700,1,0,2.176291
2025-11-24,sh.601899,28.4400,28.5000,27.6300,28.0000,28.1400,170834281,4782114495.0000,1,0,2.176291
2025-11-25,sh.601899,28.4700,28.8800,28.4100,28.5100,28.0000,147447601,4217260552.3700,1,0,2.176291
2025-11-26,sh.601899,28.6600,28.7700,28.3500,28.4300,28.5100,159012608,4530158085.9700,1,0,2.176291
2025-11-27,sh.601899,28.8000,29.2000,28.5000,28.6000,28.4300,163629659,4722632920.9300,1,0,2.176291
2025-11-28,sh.601899,28.7900,29.0900,28.4000,28.5800,28.6000,197543456,5668367755.4700,1,0,2.176291
2025-12-01,sh.601899,29.5000,30.6700,29.4000,30.0600,28.5800,360052973,10853439596.4900,1,0,2.176291
2025-12-02,sh.601899,29.9000,29.9800,29.4500,29.7400,30.0600,154872515,4605561851.6700,1,0,2.176291
2025-12-03,sh.601899,29.8500,30.2600,29.7200,29.9700,29.7400,191128690,5730973206.7600,1,0,2.176291
2025-12-04,sh.601899,30.8400,31.3800,30.5300,30.6900,29.9700,272859568,8436844624.2600,1,0,2.176291
2025-12-05,sh.601899,30.5900,31.4900,30.4700,31.3200,30.6900,233471095,7266652269.1900,1,0,2.176291
2025-12-08,sh.601899,31.4000,31.6000,30.9400,31.5000,31.3200,206802386,6478217450.5000,1,0,2.176291
2025-12-09,sh.601899,31.1800,31.2300,30.1800,30.4000,31.5000,199092649,6086281907.5600,1,0,2.176291
2025-12-10,sh.601899,30.6000,30.8500,30.2000,30.7500,30.4000,117020933,3574713139.1600,1,0,2.176291
2025-12-11,sh.601899,31.2000,31.9500,30.7500,30.9600,30.7500,240772514,7547700504.3600,1,0,2.176291
2025-12-12,sh.601899,31.6700,31.8000,31.3500,31.7000,30.9600,221174285,6991527058.4900,1,0,2.176291
2025-12-15,sh.601899,31.2600,31.8800,31.0600,31.4100,31.7000,169135179,5322761827.4600,1,0,2.176291
2025-12-16,sh.601899,31.0200,31.2200,30.1200,30.3200,31.4100,158390333,4835673794.4800,1,0,2.176291
2025-12-17,sh.601899,30.5500,31.1900,30.4000,30.8700,30.3200,176971055,5445493455.6200,1,0,2.176291
2025-12-18,sh.601899,30.8300,31.3500,30.6500,30.9700,30.8700,138009297,4284607519.9500,1,0,2.176291
2025-12-19,sh.601899,30.8400,31.3800,30.4100,31.1200,30.9700,165672924,5145607364.0300,1,0,2.176291
2025-12-22,sh.601899,31.6900,32.7800,31.6400,32.5300,31.1200,244513190,7919680420.4000,1,0,2.176291
2025-12-23,sh.601899,33.0600,33.1000,31.9000,32.0900,32.5300,270289444,8780138585.5100,1,0,2.176291
2025-12-24,sh.601899,32.5400,32.6500,31.9900,32.3100,32.0900,192710736,6215340061.2700,1,0,2.176291
2025-12-25,sh.601899,31.9900,32.1400,31.8300,32.0300,32.3100,127456719,4074543520.3600,1,0,2.176291
2025-12-26,sh.601899,32.6000,33.7700,32.5500,33.5300,32.0300,286198912,9525910109.2200,1,0,2.176291
2025-12-29,sh.601899,34.1600,34.3000,32.5800,32.6500,33.5300,357553987,11915266398.0800,1,0,2.176291
2025-12-30,sh.601899,31.5500,33.4800,31.5300,33.4200,32.6500,243802377,7987341210.6500,1,0,2.176291
2025-12-31,sh.601899,33.4800,35.3600,33.3900,34.4700,33.4200,341188218,11802518173.6000,1,0,2.176291
