date,code,open,high,low,close,preclose,volume,amount,tradestatus,isST,backAdjustFactor
2020-07-20,sh.688256,250.0000,295.0000,205.6000,212.4000,64.3900,24237613,5645861832.0000,1,0,1.0
2020-07-21,sh.688256,208.0000,285.6000,202.0000,274.0000,212.4000,17584895,4292970831.0000,1,0,1.0
2020-07-22,sh.688256,260.0000,284.3300,257.7700,281.0000,274.0000,12701827,3450335246.0000,1,0,1.0
2020-07-23,sh.688256,274.9200,297.7700,268.0000,281.5000,281.0000,9920207,2791441975.9400,1,0,1.0
2020-07-24,sh.688256,273.0000,276.0000,240.4400,259.3300,281.5000,11385255,2940728530.0000,1,0,1.0
2020-07-27,sh.688256,252.2800,257.9000,227.9400,234.0100,259.3300,8338869,2022044467.0000,1,0,1.0
2020-07-28,sh.688256,236.0000,243.8000,227.5000,238.6400,234.0100,5977562,1410915512.0000,1,0,1.0
2020-07-29,sh.688256,234.5300,245.7800,229.6600,241.5000,238.6400,5473260,1312286233.0000,1,0,1.0
2020-07-30,sh.688256,240.0000,254.9900,236.3600,243.1700,241.5000,6180875,1516837929.4300,1,0,1.0
2020-07-31,sh.688256,238.0100,255.5500,237.1000,249.6000,243.1700,5629413,1392176361.0000,1,0,1.0
2020-08-03,sh.688256,250.0100,257.8800,247.0100,249.5000,249.6000,6972166,1760964726.0000,1,0,1.0
2020-08-04,sh.688256,250.9700,252.8800,232.9900,235.0000,249.5000,5908943,1424160483.0000,1,0,1.0
2020-08-05,sh.688256,246.0000,246.0000,236.7900,236.9200,235.0000,4082217,985070039.2900,1,0,1.0
2020-08-06,sh.688256,233.9600,247.4500,231.8000,243.8300,236.9200,5013107,1211258410.3000,1,0,1.0
2020-08-07,sh.688256,240.9800,240.9800,223.3700,227.4400,243.8300,4853751,1119390462.0000,1,0,1.0
2020-08-10,sh.688256,219.9900,225.8900,218.0000,222.5000,227.4400,2517723,556920403.0000,1,0,1.0
2020-08-11,sh.688256,220.8800,226.3000,219.1000,221.4900,222.5000,2243543,499535721.0000,1,0,1.0
2020-08-12,sh.688256,220.3300,222.0000,213.5000,217.7600,221.4900,2028145,437985755.0000,1,0,1.0
2020-08-13,sh.688256,219.0000,219.6000,212.0000,212.5000,217.7600,1744022,375895504.0000,1,0,1.0
2020-08-14,sh.688256,212.3300,213.9000,207.5000,212.6800,212.5000,1653598,348869120.0000,1,0,1.0
2020-08-17,sh.688256,213.0000,219.8000,209.6800,219.0800,212.6800,2056219,443435980.0000,1,0,1.0
2020-08-18,sh.688256,219.1800,219.1800,212.3000,213.8100,219.0800,1839468,394749714.8900,1,0,1.0
2020-08-19,sh.688256,213.8800,214.5000,204.8700,205.2000,213.8100,1968958,411339029.0000,1,0,1.0
2020-08-20,sh.688256,204.0000,207.2700,200.1100,201.5100,205.2000,1634059,331414026.1300,1,0,1.0
2020-08-21,sh.688256,202.5000,205.6200,201.1100,204.9500,201.5100,1081110,219802675.6700,1,0,1.0
2020-08-24,sh.688256,206.3000,207.8400,196.5000,197.9000,204.9500,2042284,407457572.5500,1,0,1.0
2020-08-25,sh.688256,198.3800,199.8800,189.6600,189.9800,197.9000,2647656,513330948.0000,1,0,1.0
2020-08-26,sh.688256,189.6600,190.9200,173.5100,176.4000,189.9800,3925619,711521259.0000,1,0,1.0
2020-08-27,sh.688256,177.2000,188.8700,170.5100,182.5600,176.4000,3263707,586419659.3700,1,0,1.0
2020-08-28,sh.688256,177.7300,177.8800,168.0200,174.2800,182.5600,3513509,604292859.0000,1,0,1.0
2020-08-31,sh.688256,173.0000,177.2000,170.0000,170.0000,174.2800,2203273,382994315.0000,1,0,1.0
2020-09-01,sh.688256,170.2100,173.8000,169.0300,171.1800,170.0000,1594161,273420605.0000,1,0,1.0
2020-09-02,sh.688256,170.9900,172.3500,167.1200,167.7600,171.1800,1469648,248042528.0000,1,0,1.0
2020-09-03,sh.688256,167.9000,172.5600,164.2800,170.0900,167.7600,2584763,437472228.4700,1,0,1.0
2020-09-04,sh.688256,166.7800,182.3000,166.7800,174.5300,170.0900,3431503,606661796.6100,1,0,1.0
2020-09-07,sh.688256,170.4000,172.8000,163.5200,163.5200,174.5300,2828212,473534230.0000,1,0,1.0
2020-09-08,sh.688256,163.5100,163.5100,160.0100,160.8600,163.5200,1465181,236398576.0000,1,0,1.0
2020-09-09,sh.688256,159.0000,165.9000,155.0000,160.6800,160.8600,2242834,359860676.0000,1,0,1.0
2020-09-10,sh.688256,162.0000,165.7700,157.3300,157.5800,160.6800,1454894,235198490.0000,1,0,1.0
2020-09-11,sh.688256,158.0700,162.8900,155.5500,161.9600,157.5800,1374164,219382545.0000,1,0,1.0
2020-09-14,sh.688256,164.0000,167.5000,163.0000,164.7200,161.9600,1550297,256600966.9600,1,0,1.0
2020-09-15,sh.688256,163.5000,170.8700,161.2600,169.3400,164.7200,2191487,366601497.0000,1,0,1.0
2020-09-16,sh.688256,167.0000,170.5500,165.3900,166.7700,169.3400,1420541,237916832.0000,1,0,1.0
2020-09-17,sh.688256,166.7600,178.0000,163.7800,174.2200,166.7700,3009337,518489580.0000,1,0,1.0
2020-09-18,sh.688256,173.0000,176.5000,172.0100,174.2600,174.2200,1629983,283449999.0000,1,0,1.0
2020-09-21,sh.688256,173.9900,176.8800,169.5000,170.7700,174.2600,1433184,246903265.6600,1,0,1.0
2020-09-22,sh.688256,169.9800,170.7100,166.6800,167.6500,170.7700,1023886,172589092.4800,1,0,1.0
2020-09-23,sh.688256,168.0300,172.9000,167.0400,170.7500,167.6500,1319498,224991493.0000,1,0,1.0
2020-09-24,sh.688256,169.0000,170.6700,164.0100,164.5100,170.7500,1128801,188412135.0000,1,0,1.0
2020-09-25,sh.688256,165.0000,165.7700,161.5200,162.4500,164.5100,824078,134494753.6000,1,0,1.0
2020-09-28,sh.688256,162.4500,163.4200,156.5000,156.8800,162.4500,1027627,163307673.0000,1,0,1.0
2020-09-29,sh.688256,157.9000,162.5800,157.0200,161.3600,156.8800,875555,140840142.5200,1,0,1.0
2020-09-30,sh.688256,162.1100,163.5000,159.8000,160.1900,161.3600,603538,97405882.0000,1,0,1.0
2020-10-09,sh.688256,164.0000,164.9800,163.0700,163.7300,160.1900,698762,114628812.4800,1,0,1.0
2020-10-12,sh.688256,164.9400,175.6500,164.0300,174.3000,163.7300,2065351,354017709.0000,1,0,1.0
2020-10-13,sh.688256,174.3000,174.3000,170.6600,171.9000,174.3000,1273304,218964471.0000,1,0,1.0
2020-10-14,sh.688256,171.0000,172.7400,168.2800,168.3500,171.9000,956448,161956272.6600,1,0,1.0
2020-10-15,sh.688256,167.9800,175.0000,167.6900,169.1700,168.3500,1496560,257138987.1900,1,0,1.0
2020-10-16,sh.688256,170.4900,173.9800,170.0000,171.4000,169.1700,1226507,210804071.6700,1,0,1.0
2020-10-19,sh.688256,172.2000,186.3700,172.2000,182.7100,171.4000,3573909,647545238.0000,1,0,1.0
2020-10-20,sh.688256,181.4500,185.8800,178.5300,182.9600,182.7100,2033631,368933495.0000,1,0,1.0
2020-10-21,sh.688256,182.6900,187.0100,178.3000,186.4000,182.9600,2554978,469257188.0000,1,0,1.0
2020-10-22,sh.688256,186.0000,189.9800,179.0800,179.1800,186.4000,2244238,414769843.6200,1,0,1.0
2020-10-23,sh.688256,179.5100,180.2000,172.0100,172.0100,179.1800,2128252,373336872.5500,1,0,1.0
2020-10-26,sh.688256,170.0200,172.9000,166.5600,169.8000,172.0100,1259469,214092031.0000,1,0,1.0
2020-10-27,sh.688256,169.8800,190.3900,168.8800,187.4300,169.8000,2921881,525108709.7300,1,0,1.0
2020-10-28,sh.688256,187.0000,190.0400,182.7200,183.8900,187.4300,2088590,388663719.2200,1,0,1.0
2020-10-29,sh.688256,181.0200,186.8200,181.0000,183.1200,183.8900,1746769,321515612.0000,1,0,1.0
2020-10-30,sh.688256,183.4300,193.8800,183.4300,187.0800,183.1200,3045277,576442853.0000,1,0,1.0
2020-11-02,sh.688256,187.0100,193.3800,181.0800,184.1100,187.0800,2026738,377113852.9200,1,0,1.0
2020-11-03,sh.688256,185.9500,190.6600,183.0300,184.9200,184.1100,2035723,380681721.4500,1,0,1.0
2020-11-04,sh.688256,186.0000,187.9300,178.0000,178.9300,184.9200,2086595,379571014.4700,1,0,1.0
2020-11-05,sh.688256,182.0000,184.6300,179.1300,183.3800,178.9300,1450813,264304840.7400,1,0,1.0
2020-11-06,sh.688256,183.3000,192.1500,182.6600,188.7000,183.3800,2366422,445176003.6200,1,0,1.0
2020-11-09,sh.688256,190.0200,202.9900,190.0000,197.1800,188.7000,3700445,727637123.6100,1,0,1.0
2020-11-10,sh.688256,193.2200,193.2200,187.5000,188.3500,197.1800,2490711,473495398.1200,1,0,1.0
2020-11-11,sh.688256,186.0000,188.2900,179.0000,179.0000,188.3500,1859647,340231130.3900,1,0,1.0
2020-11-12,sh.688256,181.0000,183.6800,179.5100,181.0800,179.0000,1008985,182876826.7700,1,0,1.0
2020-11-13,sh.688256,180.0000,181.7900,175.8000,179.2000,181.0800,1057510,189170824.2200,1,0,1.0
2020-11-16,sh.688256,179.5800,182.1800,172.5100,173.3200,179.2000,1517848,266345078.7700,1,0,1.0
2020-11-17,sh.688256,174.0000,175.0000,167.1100,171.0000,173.3200,1386272,235107822.9900,1,0,1.0
2020-11-18,sh.688256,170.7700,172.9900,168.0800,170.3200,171.0000,890385,151845821.6800,1,0,1.0
2020-11-19,sh.688256,169.0000,172.5000,166.7100,171.1700,170.3200,752789,128333450.8600,1,0,1.0
2020-11-20,sh.688256,171.5000,173.3000,169.4700,169.7700,171.1700,659806,112634070.5200,1,0,1.0
2020-11-23,sh.688256,168.6500,170.6700,166.7800,168.8800,169.7700,756393,127418444.0700,1,0,1.0
2020-11-24,sh.688256,168.8800,172.8400,168.6600,169.6200,168.8800,890771,152141480.0500,1,0,1.0
2020-11-25,sh.688256,169.6200,170.3100,166.8100,166.9100,169.6200,733840,123318429.5000,1,0,1.0
2020-11-26,sh.688256,166.9200,168.3700,162.8200,163.0000,166.9100,945516,155403084.5300,1,0,1.0
2020-11-27,sh.688256,162.0000,164.7800,161.2400,163.9900,163.0000,667604,108867917.6600,1,0,1.0
2020-11-30,sh.688256,165.0000,168.6600,164.1000,166.2800,163.9900,907111,151069921.7500,1,0,1.0
2020-12-01,sh.688256,165.0300,167.7800,165.0300,166.4300,166.2800,650292,108237623.0900,1,0,1.0
2020-12-02,sh.688256,166.7600,171.6900,166.7600,170.0000,166.4300,1144697,194471991.9900,1,0,1.0
2020-12-03,sh.688256,168.9000,169.9900,167.0100,167.9200,170.0000,824922,138625276.0800,1,0,1.0
2020-12-04,sh.688256,167.9900,169.8500,166.0100,166.4200,167.9200,673302,112593681.2400,1,0,1.0
2020-12-07,sh.688256,168.3600,170.8900,166.5500,166.6600,166.4200,680811,114713879.4900,1,0,1.0
2020-12-08,sh.688256,166.1000,168.5000,160.0000,161.0000,166.6600,1469393,240452044.2500,1,0,1.0
2020-12-09,sh.688256,161.0000,162.4500,158.3300,159.0000,161.0000,834108,133898308.1400,1,0,1.0
2020-12-10,sh.688256,159.1200,161.8300,158.1900,158.6000,159.0000,680522,108771405.2700,1,0,1.0
2020-12-11,sh.688256,162.0000,165.0000,160.3000,163.2200,158.6000,1121708,182297622.5200,1,0,1.0
2020-12-14,sh.688256,162.0000,163.0000,159.0000,160.4300,163.2200,687312,110229348.1600,1,0,1.0
2020-12-15,sh.688256,160.5000,160.9600,158.8400,159.2500,160.4300,506269,80839625.5500,1,0,1.0
2020-12-16,sh.688256,159.2500,159.6000,157.0100,157.6300,159.2500,647482,102270518.8100,1,0,1.0
2020-12-17,sh.688256,156.1300,158.5100,154.1000,158.1500,157.6300,960064,149935508.3600,1,0,1.0
2020-12-18,sh.688256,159.6800,162.5000,158.6900,159.6600,158.1500,736511,118042171.2300,1,0,1.0
2020-12-21,sh.688256,160.5000,163.6000,157.6600,162.0600,159.6600,797158,129172221.6200,1,0,1.0
2020-12-22,sh.688256,162.0000,163.5000,157.5800,157.9800,162.0600,714312,114812477.4500,1,0,1.0
2020-12-23,sh.688256,156.5600,159.9400,155.1700,158.0000,157.9800,820654,128919026.3400,1,0,1.0
2020-12-24,sh.688256,158.0000,159.7700,154.5500,155.0200,158.0000,753010,117707951.9500,1,0,1.0
2020-12-25,sh.688256,154.9900,155.9000,149.4800,149.5000,155.0200,1179143,178179480.2100,1,0,1.0
2020-12-28,sh.688256,149.2900,149.5000,137.0000,137.0100,149.5000,1850511,259053270.2700,1,0,1.0
2020-12-29,sh.688256,136.9600,140.5100,136.0800,137.7800,137.0100,941527,130509348.0900,1,0,1.0
2020-12-30,sh.688256,139.4900,144.0000,138.0000,141.3900,137.7800,846697,119320442.0800,1,0,1.0
2020-12-31,sh.688256,141.3000,147.2000,140.8000,146.7800,141.3900,987986,143369599.6700,1,0,1.0
2021-01-04,sh.688256,146.7800,149.0000,145.0000,147.5800,146.7800,897563,131911442.8000,1,0,1.0
2021-01-05,sh.688256,146.8800,154.4900,146.4400,152.9500,147.5800,1479982,224699810.9600,1,0,1.0
2021-01-06,sh.688256,151.0100,156.0000,149.1100,150.1000,152.9500,1038467,157656610.6400,1,0,1.0
2021-01-07,sh.688256,149.7800,149.9800,141.5100,143.2500,150.1000,1081015,156404569.0400,1,0,1.0
2021-01-08,sh.688256,143.9000,147.4600,142.0000,146.4800,143.2500,687613,100091948.1100,1,0,1.0
2021-01-11,sh.688256,145.5100,155.9900,145.4000,152.1200,146.4800,1327775,203070112.3800,1,0,1.0
2021-01-12,sh.688256,150.5900,154.4300,149.5000,152.3300,152.1200,825878,125728804.4600,1,0,1.0
2021-01-13,sh.688256,151.9300,153.5500,147.1000,149.6100,152.3300,1116522,166817178.2700,1,0,1.0
2021-01-14,sh.688256,147.6000,163.9600,147.6000,159.7300,149.6100,2815053,446309206.3500,1,0,1.0
2021-01-15,sh.688256,159.0000,162.5000,153.9600,155.1000,159.7300,1741943,273870664.7400,1,0,1.0
2021-01-18,sh.688256,154.0000,158.5000,151.0000,154.8900,155.1000,1148981,178673008.4300,1,0,1.0
2021-01-19,sh.688256,153.3500,158.9600,150.0600,150.1800,154.8900,1425750,219647284.7500,1,0,1.0
2021-01-20,sh.688256,148.3000,149.0800,143.4300,144.4000,150.1800,2151668,313031799.1600,1,0,1.0
2021-01-21,sh.688256,151.0000,172.0000,151.0000,170.0000,144.4000,5186183,855545614.8000,1,0,1.0
2021-01-22,sh.688256,166.1000,169.0000,161.8000,162.3600,170.0000,2714913,446876718.1500,1,0,1.0
2021-01-25,sh.688256,161.2000,174.7500,158.4800,172.7800,162.3600,3569844,606605319.6500,1,0,1.0
2021-01-26,sh.688256,172.4000,180.7900,170.4000,171.0100,172.7800,2787697,489800085.7500,1,0,1.0
2021-01-27,sh.688256,171.7200,175.0900,163.7100,165.6200,171.0100,1900147,317162872.6300,1,0,1.0
2021-01-28,sh.688256,161.1000,172.2400,161.1000,166.0000,165.6200,1477743,247506696.5300,1,0,1.0
2021-01-29,sh.688256,166.5900,167.9900,152.0000,153.6000,166.0000,2235775,352210476.2800,1,0,1.0
2021-02-01,sh.688256,150.5000,156.5400,149.3500,150.9900,153.6000,1207520,182100414.2200,1,0,1.0
2021-02-02,sh.688256,151.9900,152.5000,147.0900,147.6900,150.9900,1089143,161694578.3400,1,0,1.0
2021-02-03,sh.688256,147.4400,149.9700,144.1000,144.1300,147.6900,1016571,148304548.6200,1,0,1.0
2021-02-04,sh.688256,143.9400,145.7500,138.2800,141.0600,144.1300,1268737,178938784.8600,1,0,1.0
2021-02-05,sh.688256,141.3400,143.6000,137.8100,137.8900,141.0600,747198,104680847.9400,1,0,1.0
2021-02-08,sh.688256,138.0000,139.8800,136.1200,138.9100,137.8900,783964,108578726.3200,1,0,1.0
2021-02-09,sh.688256,138.9100,148.0000,138.9100,145.3000,138.9100,1093978,158616756.7100,1,0,1.0
2021-02-10,sh.688256,147.5000,147.5000,143.6000,145.8400,145.3000,954070,139304781.4500,1,0,1.0
2021-02-18,sh.688256,146.0000,152.8500,146.0000,150.0200,145.8400,1183736,177640975.5100,1,0,1.0
2021-02-19,sh.688256,149.4900,151.5500,147.0200,151.2700,150.0200,709191,105722586.8800,1,0,1.0
2021-02-22,sh.688256,151.2500,154.9000,148.0000,148.0700,151.2700,942876,142634824.0400,1,0,1.0
2021-02-23,sh.688256,147.4600,148.7100,145.0200,145.7500,148.0700,640966,93924096.3500,1,0,1.0
2021-02-24,sh.688256,145.7700,149.9300,145.2100,145.6800,145.7500,793749,116847373.4700,1,0,1.0
2021-02-25,sh.688256,146.0000,147.4600,140.3100,140.8800,145.6800,947113,134893716.1400,1,0,1.0
2021-02-26,sh.688256,138.9300,145.0000,137.1900,144.0200,140.8800,1032104,144974102.4100,1,0,1.0
2021-03-01,sh.688256,144.8000,154.8900,144.0200,153.7700,144.0200,1832665,275750603.7300,1,0,1.0
2021-03-02,sh.688256,154.3100,156.3600,151.6900,154.3400,153.7700,1101393,169657052.8000,1,0,1.0
2021-03-03,sh.688256,152.8000,157.8900,150.2100,155.7000,154.3400,1023437,158457990.0300,1,0,1.0
2021-03-04,sh.688256,154.4900,157.9800,152.8500,153.9800,155.7000,753258,116510447.9800,1,0,1.0
2021-03-05,sh.688256,152.1400,154.2200,147.8000,152.9100,153.9800,934997,141515596.1900,1,0,1.0
2021-03-08,sh.688256,154.0000,158.6800,151.3000,156.7100,152.9100,1689326,264234978.6600,1,0,1.0
2021-03-09,sh.688256,154.8700,163.9600,149.0000,158.1000,156.7100,1783838,283495490.6400,1,0,1.0
2021-03-10,sh.688256,162.9000,163.9000,157.6200,158.2500,158.1000,1253668,201082425.1000,1,0,1.0
2021-03-11,sh.688256,157.5000,163.7900,155.1200,162.3000,158.2500,1245247,200697511.9900,1,0,1.0
2021-03-12,sh.688256,161.5000,167.7700,153.0000,153.0000,162.3000,2055302,332095506.4400,1,0,1.0
2021-03-15,sh.688256,150.2800,152.9000,146.0000,146.5800,153.0000,1363301,201715406.5400,1,0,1.0
2021-03-16,sh.688256,148.9000,149.5000,145.7200,147.2000,146.5800,516481,75975409.3200,1,0,1.0
2021-03-17,sh.688256,146.0000,149.4000,144.4500,145.2000,147.2000,693799,101802313.6000,1,0,1.0
2021-03-18,sh.688256,144.6000,146.3800,144.1000,144.2200,145.2000,484378,70222473.8700,1,0,1.0
2021-03-19,sh.688256,144.7900,146.9700,141.3600,146.9700,144.2200,555914,80852839.3800,1,0,1.0
2021-03-22,sh.688256,146.7000,148.1800,145.2000,147.2500,146.9700,388041,56955746.7800,1,0,1.0
2021-03-23,sh.688256,147.2200,149.6900,143.0100,144.2000,147.2500,541806,79032075.8000,1,0,1.0
2021-03-24,sh.688256,143.1000,144.7000,141.2600,141.4000,144.2000,404875,57680480.2100,1,0,1.0
2021-03-25,sh.688256,141.0500,142.8800,140.3100,141.2000,141.4000,299195,42350751.1400,1,0,1.0
2021-03-26,sh.688256,142.0100,143.2500,141.3400,142.8400,141.2000,340449,48481112.9700,1,0,1.0
2021-03-29,sh.688256,143.0000,143.9600,140.3000,140.5000,142.8400,436434,61974871.6400,1,0,1.0
2021-03-30,sh.688256,139.5000,141.5800,139.5000,140.1900,140.5000,277987,39013685.8600,1,0,1.0
2021-03-31,sh.688256,140.0800,141.3900,139.2800,140.8900,140.1900,253713,35685445.1400,1,0,1.0
2021-04-01,sh.688256,141.5500,145.1800,141.4200,143.1900,140.8900,472595,67767607.7700,1,0,1.0
2021-04-02,sh.688256,144.6900,148.0000,143.5500,146.0100,143.1900,644778,94381919.2700,1,0,1.0
2021-04-06,sh.688256,147.0000,147.3000,143.6700,144.0000,146.0100,396193,57237161.3200,1,0,1.0
2021-04-07,sh.688256,144.2400,144.2400,142.0100,143.3000,144.0000,306399,43828985.1700,1,0,1.0
2021-04-08,sh.688256,143.2700,144.8000,141.6800,141.7000,143.3000,383048,54841983.0900,1,0,1.0
2021-04-09,sh.688256,141.4100,142.0000,139.8600,142.0000,141.7000,516221,72607563.6700,1,0,1.0
2021-04-12,sh.688256,141.9900,142.7500,139.0200,139.1800,142.0000,396495,55555951.3400,1,0,1.0
2021-04-13,sh.688256,138.3800,139.8300,138.1100,138.5900,139.1800,323953,44964179.2900,1,0,1.0
2021-04-14,sh.688256,138.5900,140.5600,138.3100,139.1100,138.5900,321251,44719184.9200,1,0,1.0
2021-04-15,sh.688256,138.9600,138.9600,127.0000,131.3000,139.1100,1169468,153899737.9800,1,0,1.0
2021-04-16,sh.688256,131.0000,131.9800,127.8000,131.2800,131.3000,812413,105384468.4100,1,0,1.0
2021-04-19,sh.688256,131.3900,133.2500,129.6700,132.4600,131.2800,760573,100223675.1800,1,0,1.0
2021-04-20,sh.688256,132.5000,132.5400,128.5600,128.6300,132.4600,976314,126968780.1500,1,0,1.0
2021-04-21,sh.688256,128.0000,131.5300,127.8000,130.0000,128.6300,543986,70574277.8500,1,0,1.0
2021-04-22,sh.688256,129.9900,131.4800,129.5500,130.6000,130.0000,517969,67732862.8200,1,0,1.0
2021-04-23,sh.688256,130.0000,131.8700,129.3800,129.9600,130.6000,483041,63119966.4300,1,0,1.0
2021-04-26,sh.688256,130.0000,132.1800,128.9100,129.9000,129.9600,582032,76056918.5000,1,0,1.0
2021-04-27,sh.688256,128.8100,128.8100,119.2100,119.4000,129.9000,1803468,221393715.7900,1,0,1.0
2021-04-28,sh.688256,120.5100,120.6000,116.5800,118.2000,119.4000,1227983,144426131.0900,1,0,1.0
2021-04-29,sh.688256,117.5000,120.4700,116.0200,116.2500,118.2000,829610,97531822.0100,1,0,1.0
2021-04-30,sh.688256,116.7500,116.7500,111.1100,111.6900,116.2500,1394523,157212291.2800,1,0,1.0
2021-05-06,sh.688256,112.3900,112.3900,109.5000,110.7400,111.6900,866877,95710486.1400,1,0,1.0
2021-05-07,sh.688256,110.8300,111.4800,106.6600,106.7100,110.7400,806821,87517301.4600,1,0,1.0
2021-05-10,sh.688256,106.8000,108.3000,104.6500,105.3000,106.7100,725846,77020381.7600,1,0,1.0
2021-05-11,sh.688256,105.8100,113.0000,105.4800,111.0200,105.3000,1083472,119885636.2700,1,0,1.0
2021-05-12,sh.688256,110.7700,111.8100,107.8400,109.8100,111.0200,542431,59294771.9400,1,0,1.0
2021-05-13,sh.688256,109.6600,120.4200,109.0000,114.7500,109.8100,1745216,203368439.7000,1,0,1.0
2021-05-14,sh.688256,113.0000,114.5000,112.3000,114.0500,114.7500,830514,94150564.6100,1,0,1.0
2021-05-17,sh.688256,113.5600,115.9000,112.2200,112.2600,114.0500,725676,82320301.9300,1,0,1.0
2021-05-18,sh.688256,114.5000,116.1900,113.0000,114.1700,112.2600,689561,79073376.3300,1,0,1.0
2021-05-19,sh.688256,113.1700,114.5000,112.0000,112.6600,114.1700,439048,49627434.2200,1,0,1.0
2021-05-20,sh.688256,113.0000,116.3900,112.6900,113.3700,112.6600,529786,60636567.7600,1,0,1.0
2021-05-21,sh.688256,113.3600,114.4600,112.4300,112.8400,113.3700,426958,48341060.5800,1,0,1.0
2021-05-24,sh.688256,112.0800,113.0200,110.0500,112.4900,112.8400,579324,64585332.7800,1,0,1.0
2021-05-25,sh.688256,112.0000,114.6800,112.0000,114.0700,112.4900,689305,78344162.4400,1,0,1.0
2021-05-26,sh.688256,114.4300,116.0000,114.0500,114.2200,114.0700,624648,71865065.8100,1,0,1.0
2021-05-27,sh.688256,114.0000,119.3900,113.4100,118.2900,114.2200,1306466,153616070.0200,1,0,1.0
2021-05-28,sh.688256,117.7000,117.7000,115.0400,115.3500,118.2900,865427,100618878.6800,1,0,1.0
2021-05-31,sh.688256,115.8800,118.8600,115.8000,118.6500,115.3500,877705,103292964.1000,1,0,1.0
2021-06-01,sh.688256,119.5800,127.7100,119.5800,124.6000,118.6500,2200445,275314462.6800,1,0,1.0
2021-06-02,sh.688256,122.8000,125.4600,121.8100,123.2500,124.6000,1084944,133673157.5200,1,0,1.0
2021-06-03,sh.688256,124.2500,124.5900,121.0000,122.1000,123.2500,759700,93199835.0900,1,0,1.0
2021-06-04,sh.688256,121.7900,123.6600,119.2100,119.7700,122.1000,961428,116290236.9400,1,0,1.0
2021-06-07,sh.688256,121.0000,125.7600,120.5000,121.1400,119.7700,1054954,129363986.1800,1,0,1.0
2021-06-08,sh.688256,120.7000,120.9500,116.7000,117.3600,121.1400,1055117,125057108.1000,1,0,1.0
2021-06-09,sh.688256,118.0000,119.7200,117.0300,117.2500,117.3600,729650,86072961.7100,1,0,1.0
2021-06-10,sh.688256,118.0100,122.0000,116.7800,121.2600,117.2500,1197269,143098900.6400,1,0,1.0
2021-06-11,sh.688256,121.8100,121.8800,116.9300,117.1100,121.2600,1107231,130870574.8900,1,0,1.0
2021-06-15,sh.688256,117.0000,121.3800,115.9900,119.2500,117.1100,1162786,138567405.5100,1,0,1.0
2021-06-16,sh.688256,119.2000,123.3800,117.8800,118.7000,119.2500,1108423,133610013.5300,1,0,1.0
2021-06-17,sh.688256,118.7100,127.9900,117.7000,125.5000,118.7000,2301945,283860953.1700,1,0,1.0
2021-06-18,sh.688256,124.3200,126.5000,123.1100,123.8300,125.5000,1316327,163712553.7400,1,0,1.0
2021-06-21,sh.688256,124.0000,128.5500,123.0000,126.8000,123.8300,1358920,171698407.5200,1,0,1.0
2021-06-22,sh.688256,127.0100,128.5000,123.8000,124.1100,126.8000,1187087,148764907.3100,1,0,1.0
2021-06-23,sh.688256,125.2600,133.8700,125.0000,131.0000,124.1100,2590508,340237505.9500,1,0,1.0
2021-06-24,sh.688256,129.3600,138.8800,129.2000,135.7500,131.0000,2590174,349346217.9600,1,0,1.0
2021-06-25,sh.688256,135.7700,137.1800,131.8100,134.8000,135.7500,1682590,225925707.8300,1,0,1.0
2021-06-28,sh.688256,133.5000,136.7800,132.3600,134.1200,134.8000,1388191,186610222.9300,1,0,1.0
2021-06-29,sh.688256,135.0300,139.3000,132.5300,135.3000,134.1200,1786996,244405945.4700,1,0,1.0
2021-06-30,sh.688256,135.7000,139.9500,133.8000,138.2000,135.3000,1913760,263715253.8200,1,0,1.0
2021-07-01,sh.688256,137.1500,138.2000,133.1100,133.6000,138.2000,1703862,231268419.9200,1,0,1.0
2021-07-02,sh.688256,132.8200,134.3900,127.2000,127.4200,133.6000,1433784,185357738.2100,1,0,1.0
2021-07-05,sh.688256,128.0800,134.7800,128.0800,134.2000,127.4200,1694981,224800590.8000,1,0,1.0
2021-07-06,sh.688256,134.2000,135.8800,126.6600,128.4800,134.2000,1749593,227716415.2900,1,0,1.0
2021-07-07,sh.688256,127.4300,131.4900,127.1800,131.3000,128.4800,924795,120028334.8000,1,0,1.0
2021-07-08,sh.688256,132.1800,134.2000,129.7000,132.4500,131.3000,1259481,166583970.4800,1,0,1.0
2021-07-09,sh.688256,133.9400,138.5000,133.3900,134.3900,132.4500,2058838,281001411.4300,1,0,1.0
2021-07-12,sh.688256,134.0100,134.0100,129.0000,131.8100,134.3900,1573532,206660340.1900,1,0,1.0
2021-07-13,sh.688256,131.8000,132.6800,126.5100,126.6100,131.8100,1645690,211046169.5100,1,0,1.0
2021-07-14,sh.688256,126.6500,127.1000,121.1900,121.2000,126.6100,1443599,177511107.5500,1,0,1.0
2021-07-15,sh.688256,121.0000,121.5600,117.8200,119.0000,121.2000,937024,111578281.0700,1,0,1.0
2021-07-16,sh.688256,121.6600,123.9900,120.2500,120.6200,119.0000,966367,118088688.4300,1,0,1.0
2021-07-19,sh.688256,122.5900,122.6100,116.5600,116.8000,120.6200,1002147,118561059.1200,1,0,1.0
2021-07-20,sh.688256,112.0000,113.0000,106.6000,108.3200,116.8000,4089074,448049208.9400,1,0,1.0
2021-07-21,sh.688256,108.9100,109.0800,107.2800,107.4600,108.3200,3350580,362095761.4800,1,0,1.0
2021-07-22,sh.688256,108.1700,111.2000,105.3800,110.9200,107.4600,4776462,518932793.7100,1,0,1.0
2021-07-23,sh.688256,106.6000,107.0100,101.1200,102.2700,110.9200,5017008,519392368.4200,1,0,1.0
2021-07-26,sh.688256,100.9900,103.6400,97.0000,102.4100,102.2700,3797106,381138358.0000,1,0,1.0
2021-07-27,sh.688256,102.0000,119.6000,101.0200,108.8000,102.4100,9868443,1091023567.7900,1,0,1.0
2021-07-28,sh.688256,106.6500,107.9800,99.9000,100.6300,108.8000,4843642,498055031.3500,1,0,1.0
2021-07-29,sh.688256,102.8800,105.8800,100.1800,102.4700,100.6300,4410379,455158378.9300,1,0,1.0
2021-07-30,sh.688256,98.0000,104.0200,97.5000,100.1400,102.4700,4006429,403162986.9800,1,0,1.0
2021-08-02,sh.688256,99.8700,106.6600,98.1500,106.3100,100.1400,4381034,454737286.5700,1,0,1.0
2021-08-03,sh.688256,106.1200,107.8600,102.4200,103.3000,106.3100,3031671,316578673.3900,1,0,1.0
2021-08-04,sh.688256,102.9900,106.2100,102.9700,104.3000,103.3000,2491165,261299406.2300,1,0,1.0
2021-08-05,sh.688256,103.0000,118.9700,100.7900,112.3800,104.3000,7893270,872776456.4100,1,0,1.0
2021-08-06,sh.688256,112.8000,116.5500,107.7200,108.8900,112.3800,4513163,497752421.8300,1,0,1.0
2021-08-09,sh.688256,105.8600,106.8800,104.0000,105.3400,108.8900,3056465,321967661.5600,1,0,1.0
2021-08-10,sh.688256,105.3300,106.6800,102.9000,104.4400,105.3400,2945874,307603471.2500,1,0,1.0
2021-08-11,sh.688256,104.0000,104.9000,102.5600,103.6500,104.4400,1989887,205951403.3200,1,0,1.0
2021-08-12,sh.688256,102.2000,106.3100,101.9100,103.6500,103.6500,2833638,295726486.1400,1,0,1.0
2021-08-13,sh.688256,103.0000,103.0000,99.5000,99.7100,103.6500,3410618,343214773.6600,1,0,1.0
2021-08-16,sh.688256,99.3500,101.7800,98.3000,99.7500,99.7100,1734329,173306556.4400,1,0,1.0
2021-08-17,sh.688256,99.7500,102.3200,98.8000,98.8000,99.7500,2191958,219552442.3900,1,0,1.0
2021-08-18,sh.688256,98.3900,99.5300,97.8100,98.1600,98.8000,1546885,152267416.7500,1,0,1.0
2021-08-19,sh.688256,97.9800,100.5000,97.8500,98.6100,98.1600,1450820,143568102.2100,1,0,1.0
2021-08-20,sh.688256,99.4700,101.1800,98.5000,99.9000,98.6100,2119301,211536825.3100,1,0,1.0
2021-08-23,sh.688256,100.0500,100.8800,98.3300,100.4800,99.9000,2074689,207301009.7900,1,0,1.0
2021-08-24,sh.688256,100.9000,100.9000,98.5800,98.7000,100.4800,2392136,237314635.9100,1,0,1.0
2021-08-25,sh.688256,99.5000,99.5300,97.6000,98.2500,98.7000,1526154,150285796.6500,1,0,1.0
2021-08-26,sh.688256,98.2000,98.8800,91.6000,91.6000,98.2500,4150295,392202978.7000,1,0,1.0
2021-08-27,sh.688256,91.4100,92.5000,90.8000,91.4100,91.6000,1431774,131028574.3900,1,0,1.0
2021-08-30,sh.688256,91.2800,94.7800,91.0200,92.8600,91.4100,1722145,160415125.0200,1,0,1.0
2021-08-31,sh.688256,92.0600,92.7500,87.2900,88.6600,92.8600,2368733,210334574.1800,1,0,1.0
2021-09-01,sh.688256,88.6600,89.8200,86.8900,89.6000,88.6600,1622639,143529622.8700,1,0,1.0
2021-09-02,sh.688256,89.2600,89.8500,87.6300,88.1800,89.6000,1262185,111536072.3900,1,0,1.0
2021-09-03,sh.688256,88.4000,94.3500,88.1900,91.4100,88.1800,2077652,189801846.8900,1,0,1.0
2021-09-06,sh.688256,90.8900,93.2200,90.0100,91.6000,91.4100,1711109,157089393.4800,1,0,1.0
2021-09-07,sh.688256,91.3200,92.3000,90.0400,90.6400,91.6000,1453677,131912025.1100,1,0,1.0
2021-09-08,sh.688256,90.6500,92.9600,90.4800,92.6100,90.6400,1723207,158473095.6700,1,0,1.0
2021-09-09,sh.688256,92.5500,92.5500,90.1800,90.3000,92.6100,1406485,127866796.7700,1,0,1.0
2021-09-10,sh.688256,90.3000,92.6900,89.5100,91.7400,90.3000,2027023,185152143.7200,1,0,1.0
2021-09-13,sh.688256,91.5000,91.5000,89.3500,89.6200,91.7400,1509806,135913164.5500,1,0,1.0
2021-09-14,sh.688256,89.6000,90.3600,88.3600,88.5000,89.6200,1311831,117231600.0700,1,0,1.0
2021-09-15,sh.688256,88.3100,89.0300,85.8100,86.1600,88.5000,1888885,163894406.6500,1,0,1.0
2021-09-16,sh.688256,86.2000,86.8800,85.0200,85.0600,86.1600,1285868,110162933.6400,1,0,1.0
2021-09-17,sh.688256,85.8000,86.1400,84.6300,85.8800,85.0600,1202397,102704147.7100,1,0,1.0
2021-09-22,sh.688256,84.7700,84.9200,82.3500,82.8300,85.8800,1757517,146705768.7500,1,0,1.0
2021-09-23,sh.688256,82.6800,84.4500,82.3600,83.4000,82.8300,1136970,95224454.0300,1,0,1.0
2021-09-24,sh.688256,83.4500,84.3000,81.8700,81.9900,83.4000,1224907,101552249.0600,1,0,1.0
2021-09-27,sh.688256,82.6400,83.5000,79.3000,79.7100,81.9900,1779415,143727698.2900,1,0,1.0
2021-09-28,sh.688256,79.9100,81.7500,78.8200,80.1300,79.7100,1179351,94785500.9400,1,0,1.0
2021-09-29,sh.688256,79.5200,80.0000,77.8800,78.1500,80.1300,1495766,117934274.1000,1,0,1.0
2021-09-30,sh.688256,78.7900,80.6000,78.1900,79.6200,78.1500,1138408,90722721.7300,1,0,1.0
2021-10-08,sh.688256,79.5000,82.7700,79.5000,81.4700,79.6200,1176755,95694023.7400,1,0,1.0
2021-10-11,sh.688256,81.9900,82.3700,81.2100,82.0000,81.4700,889807,72830851.8700,1,0,1.0
2021-10-12,sh.688256,81.1000,81.8100,78.7900,79.7100,82.0000,1274026,101726011.4900,1,0,1.0
2021-10-13,sh.688256,79.9000,82.1300,79.5000,80.3500,79.7100,1558030,125525306.6000,1,0,1.0
2021-10-14,sh.688256,79.6500,80.2000,79.0300,79.1300,80.3500,1146078,90896322.2300,1,0,1.0
2021-10-15,sh.688256,79.1400,80.7000,78.5400,79.7500,79.1300,1340769,106842754.5400,1,0,1.0
2021-10-18,sh.688256,79.7500,79.7500,76.5000,77.2500,79.7500,2012742,155715189.5200,1,0,1.0
2021-10-19,sh.688256,77.1800,77.6800,76.3100,76.9500,77.2500,1319550,101624683.5600,1,0,1.0
2021-10-20,sh.688256,77.4000,78.7500,77.1100,77.4300,76.9500,1634745,127425722.7500,1,0,1.0
2021-10-21,sh.688256,77.3000,77.4700,75.5100,75.6100,77.4300,1829592,139540422.5600,1,0,1.0
2021-10-22,sh.688256,76.4600,76.9300,75.6100,75.7800,75.6100,1623772,123859897.6200,1,0,1.0
2021-10-25,sh.688256,75.4500,76.2300,73.8800,76.1000,75.7800,1764031,132053202.8800,1,0,1.0
2021-10-26,sh.688256,76.0000,81.1800,75.7200,79.0200,76.1000,3989487,317375716.5700,1,0,1.0
2021-10-27,sh.688256,78.2000,79.5900,74.3500,74.9700,79.0200,2654103,201839320.3600,1,0,1.0
2021-10-28,sh.688256,74.7900,76.3300,73.9000,74.3300,74.9700,1374779,103186037.6400,1,0,1.0
2021-10-29,sh.688256,74.4200,77.8900,74.3400,76.6100,74.3300,1938323,148050389.2500,1,0,1.0
2021-11-01,sh.688256,76.0000,80.2000,74.8700,79.8800,76.6100,2536330,198817919.4400,1,0,1.0
2021-11-02,sh.688256,79.8600,81.0000,78.1500,78.7500,79.8800,1944040,154713773.7900,1,0,1.0
2021-11-03,sh.688256,78.6100,80.4800,78.2100,78.8100,78.7500,1406502,111343666.0700,1,0,1.0
2021-11-04,sh.688256,83.0000,86.8800,81.7000,84.3800,78.8100,5233719,444335842.9100,1,0,1.0
2021-11-05,sh.688256,85.8900,90.9000,84.5900,85.1000,84.3800,7834570,685203545.6300,1,0,1.0
2021-11-08,sh.688256,83.9800,84.6700,81.6300,81.8900,85.1000,3303032,272172512.1300,1,0,1.0
2021-11-09,sh.688256,81.5000,86.5000,81.3500,85.0000,81.8900,3101708,262039248.5000,1,0,1.0
2021-11-10,sh.688256,84.5100,86.0000,82.9700,83.9500,85.0000,2251433,189658978.9900,1,0,1.0
2021-11-11,sh.688256,83.9800,85.6500,82.7700,84.2200,83.9500,2745878,231121307.2800,1,0,1.0
2021-11-12,sh.688256,85.5000,88.7000,84.5000,85.6700,84.2200,3500745,301867156.5900,1,0,1.0
2021-11-15,sh.688256,85.6800,88.1300,85.5600,86.4000,85.6700,2503711,217359712.2400,1,0,1.0
2021-11-16,sh.688256,86.1000,86.7000,82.8500,82.9600,86.4000,2334553,196503655.0600,1,0,1.0
2021-11-17,sh.688256,82.7000,84.0900,82.6200,83.0200,82.9600,1437806,119733615.9400,1,0,1.0
2021-11-18,sh.688256,83.9800,85.7700,82.8000,83.2000,83.0200,2249203,188424638.0600,1,0,1.0
2021-11-19,sh.688256,83.3500,84.7400,82.5000,83.7500,83.2000,1785711,148973305.0300,1,0,1.0
2021-11-22,sh.688256,83.6100,86.8300,83.0200,86.6700,83.7500,2933463,250700791.7300,1,0,1.0
2021-11-23,sh.688256,85.9900,87.2700,85.5000,85.9800,86.6700,2077620,179110725.9800,1,0,1.0
2021-11-24,sh.688256,85.7000,95.8100,85.4100,95.5400,85.9800,9747261,896049910.4300,1,0,1.0
2021-11-25,sh.688256,95.0000,103.5800,94.1000,100.9400,95.5400,11396853,1142696704.1100,1,0,1.0
2021-11-26,sh.688256,99.4900,102.0000,97.5500,97.5800,100.9400,5393858,533663459.0500,1,0,1.0
2021-11-29,sh.688256,96.6100,96.8000,93.6600,95.6000,97.5800,4278274,407775966.0700,1,0,1.0
2021-11-30,sh.688256,96.6500,100.5000,96.6000,96.6000,95.6000,5673424,556422639.6700,1,0,1.0
2021-12-01,sh.688256,98.3300,99.1000,94.4900,94.8000,96.6000,4377410,420481365.9100,1,0,1.0
2021-12-02,sh.688256,94.4600,95.5800,90.8000,90.9900,94.8000,3801334,351487698.2700,1,0,1.0
2021-12-03,sh.688256,90.9700,95.9700,90.6100,94.0300,90.9900,3766481,350494523.4000,1,0,1.0
2021-12-06,sh.688256,93.6500,93.9500,91.0200,91.2000,94.0300,2235704,206035174.6200,1,0,1.0
2021-12-07,sh.688256,91.2000,92.4000,89.4000,91.7800,91.2000,2516691,227778324.5500,1,0,1.0
2021-12-08,sh.688256,92.2600,97.1000,92.2600,97.0000,91.7800,4110122,390187953.9500,1,0,1.0
2021-12-09,sh.688256,96.3400,98.2500,95.4900,97.0100,97.0000,3563157,345953397.8700,1,0,1.0
2021-12-10,sh.688256,97.0000,102.6800,96.5000,102.0000,97.0100,7757066,780317452.9500,1,0,1.0
2021-12-13,sh.688256,102.0000,106.7000,101.0100,105.8700,102.0000,6801923,712656982.3700,1,0,1.0
2021-12-14,sh.688256,105.8700,105.9700,98.8200,98.9000,105.8700,5595836,565598395.8900,1,0,1.0
2021-12-15,sh.688256,99.5000,100.0000,96.2800,96.5000,98.9000,3333211,325383010.2800,1,0,1.0
2021-12-16,sh.688256,97.8800,98.4600,96.1100,97.0000,96.5000,2559880,248993883.5100,1,0,1.0
2021-12-17,sh.688256,96.6000,96.8000,93.5600,93.7600,97.0000,2906074,274431059.6700,1,0,1.0
2021-12-20,sh.688256,93.0000,94.7000,89.3500,89.6800,93.7600,3729491,339268779.2600,1,0,1.0
2021-12-21,sh.688256,90.1000,91.4300,89.7000,91.0000,89.6800,1855193,168302681.8800,1,0,1.0
2021-12-22,sh.688256,91.1000,91.3500,90.0100,90.7100,91.0000,1803377,163895743.2100,1,0,1.0
2021-12-23,sh.688256,90.0200,90.6900,88.5000,88.8900,90.7100,2058715,183435725.8400,1,0,1.0
2021-12-24,sh.688256,89.2000,91.7000,88.3000,91.0600,88.8900,2341013,210847074.1200,1,0,1.0
2021-12-27,sh.688256,90.7700,92.2200,89.4500,91.3900,91.0600,1595151,144945821.3400,1,0,1.0
2021-12-28,sh.688256,91.4900,92.6500,89.9900,92.1000,91.3900,1545364,141919147.4200,1,0,1.0
2021-12-29,sh.688256,91.1000,91.6800,89.8200,89.9700,92.1000,1159302,104560284.8600,1,0,1.0
2021-12-30,sh.688256,89.8800,92.5000,89.5800,92.0000,89.9700,2128201,193792283.5500,1,0,1.0
2021-12-31,sh.688256,91.5700,96.6000,91.5700,95.1000,92.0000,2856528,270323768.0500,1,0,1.0
2022-01-04,sh.688256,102.0000,105.5000,98.1500,98.5800,95.1000,6934493,704829802.6300,1,0,1.0
2022-01-05,sh.688256,97.0000,99.4400,95.1300,97.3000,98.5800,2937530,285071079.6300,1,0,1.0
2022-01-06,sh.688256,96.9500,96.9500,93.6000,94.3000,97.3000,2175079,206732816.6400,1,0,1.0
2022-01-07,sh.688256,95.5700,97.3800,90.9000,91.0600,94.3000,3039483,284794256.9800,1,0,1.0
2022-01-10,sh.688256,90.9800,92.1500,89.0100,91.2400,91.0600,1549395,140573237.9500,1,0,1.0
2022-01-11,sh.688256,90.0600,92.4500,90.0600,91.4000,91.2400,1251297,114452940.9800,1,0,1.0
2022-01-12,sh.688256,91.4300,92.5000,90.8200,92.1800,91.4000,1017151,93253516.1700,1,0,1.0
2022-01-13,sh.688256,92.7800,95.6600,91.9900,93.1000,92.1800,2088099,196688767.8500,1,0,1.0
2022-01-14,sh.688256,92.0000,94.4600,89.8600,90.5500,93.1000,2264666,207970635.1800,1,0,1.0
2022-01-17,sh.688256,90.5500,91.7500,89.8900,90.8300,90.5500,2054716,186454088.4600,1,0,1.0
2022-01-18,sh.688256,90.3700,94.8800,90.0800,92.3400,90.8300,2067410,192153524.5100,1,0,1.0
2022-01-19,sh.688256,92.0400,92.5000,89.1300,90.4400,92.3400,2048621,184573656.1700,1,0,1.0
2022-01-20,sh.688256,90.4600,91.9600,89.7900,90.3500,90.4400,1467714,133334742.9900,1,0,1.0
2022-01-21,sh.688256,90.0000,90.0000,86.2800,87.2600,90.3500,2037202,178721315.5500,1,0,1.0
2022-01-24,sh.688256,86.4100,86.4700,83.5200,83.8800,87.2600,2238905,189225171.2400,1,0,1.0
2022-01-25,sh.688256,83.8800,84.6000,81.7300,82.8100,83.8800,1888704,156316469.9700,1,0,1.0
2022-01-26,sh.688256,82.8200,84.0700,82.2500,83.5100,82.8100,891759,74238170.3900,1,0,1.0
2022-01-27,sh.688256,84.0000,84.0000,81.0200,81.0200,83.5100,1627736,133511953.4400,1,0,1.0
2022-01-28,sh.688256,81.9900,82.3000,78.6800,78.7800,81.0200,1486952,119672622.1000,1,0,1.0
2022-02-07,sh.688256,80.0000,80.3000,77.3000,77.8400,78.7800,1509664,118544286.7700,1,0,1.0
2022-02-08,sh.688256,77.1900,79.5000,77.1900,78.5300,77.8400,1406030,110547665.8000,1,0,1.0
2022-02-09,sh.688256,78.4800,80.3500,78.4800,79.0500,78.5300,1217638,96439979.2700,1,0,1.0
2022-02-10,sh.688256,78.5300,79.4800,78.5300,78.9200,79.0500,1003282,79214368.0300,1,0,1.0
2022-02-11,sh.688256,78.0300,78.9100,77.3000,77.6600,78.9200,795297,62028779.9400,1,0,1.0
2022-02-14,sh.688256,76.6100,77.6000,75.3200,76.7600,77.6600,1002563,76574507.3500,1,0,1.0
2022-02-15,sh.688256,77.4500,79.3400,77.4000,78.2500,76.7600,1216603,95665969.3800,1,0,1.0
2022-02-16,sh.688256,79.9200,80.8800,78.2500,79.9000,78.2500,1245506,99088215.7300,1,0,1.0
2022-02-17,sh.688256,80.0000,80.7000,78.9100,79.4000,79.9000,1253013,99888140.9600,1,0,1.0
2022-02-18,sh.688256,79.0500,83.3000,79.0500,81.3600,79.4000,1772921,144181184.8100,1,0,1.0
2022-02-21,sh.688256,82.9200,85.8000,82.1000,84.0500,81.3600,2847851,239331437.7800,1,0,1.0
2022-02-22,sh.688256,83.2300,85.0700,81.8000,83.7900,84.0500,1799151,150011016.8300,1,0,1.0
2022-02-23,sh.688256,80.4300,81.7600,78.8900,81.4500,83.7900,3109509,250383329.9800,1,0,1.0
2022-02-24,sh.688256,80.9500,81.3900,77.3500,78.0000,81.4500,2365310,187211659.1300,1,0,1.0
2022-02-25,sh.688256,79.0000,83.3800,78.5000,80.4900,78.0000,2171822,176296435.1000,1,0,1.0
2022-02-28,sh.688256,80.2800,81.3000,79.3000,79.5400,80.4900,1145108,91399675.0000,1,0,1.0
2022-03-01,sh.688256,79.4100,80.9000,77.7800,78.6100,79.5400,1186337,93624447.0000,1,0,1.0
2022-03-02,sh.688256,78.6100,78.7000,77.3600,78.6100,78.6100,1091360,85233015.0000,1,0,1.0
2022-03-03,sh.688256,78.8500,79.7900,77.6800,79.7900,78.6100,1379607,108777264.0000,1,0,1.0
2022-03-04,sh.688256,78.7100,87.5000,78.6800,85.9600,79.7900,5594240,476040800.0000,1,0,1.0
2022-03-07,sh.688256,85.9600,87.5000,83.8600,85.1700,85.9600,3239137,278051952.0000,1,0,1.0
2022-03-08,sh.688256,84.8600,88.4900,83.0000,86.4700,85.1700,3645136,313487536.0000,1,0,1.0
2022-03-09,sh.688256,85.5000,87.5000,81.0000,83.7500,86.4700,2891264,241844808.0000,1,0,1.0
2022-03-10,sh.688256,84.4000,86.0000,82.4400,82.6300,83.7500,2026280,169913747.0000,1,0,1.0
2022-03-11,sh.688256,81.3000,84.2200,79.5200,84.1600,82.6300,1901764,156602266.0000,1,0,1.0
2022-03-14,sh.688256,83.1100,84.0000,80.8000,80.8900,84.1600,1238591,101547975.0000,1,0,1.0
2022-03-15,sh.688256,78.5000,78.5000,64.9800,66.0200,80.8900,7070297,498204976.0000,1,0,1.0
2022-03-16,sh.688256,66.1200,67.4900,62.1700,65.0100,66.0200,3969646,255598585.0000,1,0,1.0
2022-03-17,sh.688256,66.2500,69.4800,65.5000,65.9700,65.0100,3339141,224403635.0000,1,0,1.0
2022-03-18,sh.688256,65.5200,67.0000,64.7000,66.2500,65.9700,1909856,125433029.4000,1,0,1.0
2022-03-21,sh.688256,66.4000,66.5800,64.6500,65.0000,66.2500,2466473,161233679.7500,1,0,1.0
2022-03-22,sh.688256,65.2000,65.8500,64.2400,64.8400,65.0000,1703905,110835868.6100,1,0,1.0
2022-03-23,sh.688256,65.3300,65.5700,64.4300,65.0300,64.8400,1260352,82076551.5000,1,0,1.0
2022-03-24,sh.688256,64.8200,65.1000,63.3500,63.3500,65.0300,1433473,91499502.5200,1,0,1.0
2022-03-25,sh.688256,63.3300,67.0700,63.3300,63.6800,63.3500,2162243,140629197.6800,1,0,1.0
2022-03-28,sh.688256,62.9000,64.8200,62.2800,63.9000,63.6800,1511927,96417125.0100,1,0,1.0
2022-03-29,sh.688256,64.0000,64.3300,62.3900,63.1600,63.9000,1405029,88606435.2400,1,0,1.0
2022-03-30,sh.688256,63.3000,63.9700,62.7000,63.3000,63.1600,1190447,75429121.1700,1,0,1.0
2022-03-31,sh.688256,63.2000,64.8300,63.0200,63.7000,63.3000,1941444,123939117.2800,1,0,1.0
2022-04-01,sh.688256,63.2000,63.4800,62.5100,62.6300,63.7000,1673479,105147862.9600,1,0,1.0
2022-04-06,sh.688256,62.7000,63.5000,62.2100,62.7500,62.6300,1282062,80592040.4000,1,0,1.0
2022-04-07,sh.688256,62.7500,63.2600,60.5200,60.5200,62.7500,1804611,111024991.3300,1,0,1.0
2022-04-08,sh.688256,60.8000,60.8300,58.0200,59.7600,60.5200,1944958,115334091.8200,1,0,1.0
2022-04-11,sh.688256,60.7800,60.7900,58.0000,58.5100,59.7600,1801962,106364806.7000,1,0,1.0
2022-04-12,sh.688256,58.3000,59.3600,57.4000,59.0600,58.5100,1488995,86948303.2100,1,0,1.0
2022-04-13,sh.688256,59.0000,61.1000,58.1200,59.0400,59.0600,1477702,88015952.1700,1,0,1.0
2022-04-14,sh.688256,59.2400,59.8500,57.8000,58.8500,59.0400,1502161,88097782.0400,1,0,1.0
2022-04-15,sh.688256,58.0800,58.4200,56.0100,56.2600,58.8500,2219758,126561221.7800,1,0,1.0
2022-04-18,sh.688256,56.0000,60.6600,55.7300,60.0900,56.2600,3007771,177821612.6900,1,0,1.0
2022-04-19,sh.688256,59.5200,60.5000,59.0000,60.1600,60.0900,1641267,97777291.0300,1,0,1.0
2022-04-20,sh.688256,59.8800,62.2200,59.2300,59.2400,60.1600,1628328,98897164.5800,1,0,1.0
2022-04-21,sh.688256,57.2800,59.0000,56.8400,57.0000,59.2400,1758855,101421526.4900,1,0,1.0
2022-04-22,sh.688256,56.5900,57.9400,55.5200,55.5500,57.0000,1382023,77917362.1300,1,0,1.0
2022-04-25,sh.688256,55.2000,55.2000,50.0000,50.0000,55.5500,2610323,135984721.1200,1,0,1.0
2022-04-26,sh.688256,50.5000,51.1100,47.0300,47.3000,50.0000,1990132,97930894.9800,1,0,1.0
2022-04-27,sh.688256,46.9800,50.1000,46.5900,49.8800,47.3000,2286220,110140625.3300,1,0,1.0
2022-04-28,sh.688256,50.6600,51.0000,48.4200,48.5900,49.8800,1586630,78376588.6500,1,0,1.0
2022-04-29,sh.688256,49.5000,52.2000,48.8300,51.8600,48.5900,1894208,96317511.1100,1,0,1.0
2022-05-05,sh.688256,51.3800,54.0000,51.3400,52.9000,51.8600,2262137,118695324.2300,1,0,1.0
2022-05-06,sh.688256,51.5100,53.9800,51.1000,52.0200,52.9000,1584485,83374155.5200,1,0,1.0
2022-05-09,sh.688256,51.8000,53.5100,51.5800,53.0100,52.0200,1061744,56256154.0800,1,0,1.0
2022-05-10,sh.688256,52.1200,54.3500,52.0500,53.4800,53.0100,1488406,79652801.8400,1,0,1.0
2022-05-11,sh.688256,54.0000,55.2000,52.8000,52.9200,53.4800,2198367,119322132.5400,1,0,1.0
2022-05-12,sh.688256,52.3500,54.9600,52.2700,53.9000,52.9200,1801608,97132597.6600,1,0,1.0
2022-05-13,sh.688256,54.5000,54.5000,52.8600,52.8900,53.9000,1313129,70020501.8200,1,0,1.0
2022-05-16,sh.688256,53.9600,56.4900,53.4100,53.9700,52.8900,1968331,107725567.7200,1,0,1.0
2022-05-17,sh.688256,53.1100,54.7600,53.1000,54.2800,53.9700,1387297,75069816.0000,1,0,1.0
2022-05-18,sh.688256,54.5400,55.4800,53.4100,53.9000,54.2800,1387528,75429935.8000,1,0,1.0
2022-05-19,sh.688256,53.0200,55.1800,52.7500,55.0600,53.9000,1829491,99571905.0600,1,0,1.0
2022-05-20,sh.688256,54.7300,55.9900,54.4400,55.3000,55.0600,1524446,83994949.4500,1,0,1.0
2022-05-23,sh.688256,55.5500,57.0200,55.2200,56.9900,55.3000,2237474,126410563.0700,1,0,1.0
2022-05-24,sh.688256,56.5300,56.9800,52.9800,53.0400,56.9900,2494684,136976223.5600,1,0,1.0
2022-05-25,sh.688256,53.0500,54.9800,52.8600,53.7200,53.0400,1495972,80271757.9300,1,0,1.0
2022-05-26,sh.688256,53.1900,54.3000,51.7100,53.6700,53.7200,1928829,102160579.0400,1,0,1.0
2022-05-27,sh.688256,54.0300,54.4800,52.6800,53.0000,53.6700,1436126,76578294.4200,1,0,1.0
2022-05-30,sh.688256,53.4900,55.4700,53.0800,55.0900,53.0000,2335361,127590494.1000,1,0,1.0
2022-05-31,sh.688256,55.3200,57.8300,54.2000,56.6000,55.0900,2639991,148341398.8200,1,0,1.0
2022-06-01,sh.688256,56.5500,58.3900,55.8000,58.0400,56.6000,2827439,162647890.1600,1,0,1.0
2022-06-02,sh.688256,57.8900,63.9900,57.0800,61.8600,58.0400,5391199,327409065.7400,1,0,1.0
2022-06-06,sh.688256,62.9800,71.9200,61.8600,68.7000,61.8600,8212906,544498594.1200,1,0,1.0
2022-06-07,sh.688256,68.3000,71.0700,67.2100,69.2800,68.7000,4782427,330294973.1000,1,0,1.0
2022-06-08,sh.688256,69.2800,69.5000,65.9500,67.7500,69.2800,3888966,262437427.5800,1,0,1.0
2022-06-09,sh.688256,67.0600,67.8600,63.6900,64.1000,67.7500,3666090,238944638.9100,1,0,1.0
2022-06-10,sh.688256,64.0000,64.7400,63.0200,64.5100,64.1000,5413281,345540172.6300,1,0,1.0
2022-06-13,sh.688256,63.9000,65.5800,63.0200,64.0000,64.5100,4255440,274067462.7700,1,0,1.0
2022-06-14,sh.688256,63.1500,63.8800,60.7900,63.3100,64.0000,2996204,186127813.0800,1,0,1.0
2022-06-15,sh.688256,63.6100,65.2400,62.5200,62.5200,63.3100,3375908,215703609.0300,1,0,1.0
2022-06-16,sh.688256,63.4800,64.9300,62.9000,64.1000,62.5200,2218216,142093311.2100,1,0,1.0
2022-06-17,sh.688256,63.3500,64.5000,61.8000,63.3000,64.1000,2219482,139837123.8100,1,0,1.0
2022-06-20,sh.688256,63.4500,64.2700,62.2800,62.6000,63.3000,1935117,121774237.1700,1,0,1.0
2022-06-21,sh.688256,62.6600,63.8500,61.9600,62.3600,62.6000,2219016,139375113.5800,1,0,1.0
2022-06-22,sh.688256,62.9900,63.0400,61.0100,61.0600,62.3600,2175798,134523992.0600,1,0,1.0
2022-06-23,sh.688256,61.2000,64.5500,61.0700,64.3000,61.0600,3188568,201433580.0200,1,0,1.0
2022-06-24,sh.688256,64.2900,67.5100,63.8400,66.3000,64.3000,3565776,235108706.7000,1,0,1.0
2022-06-27,sh.688256,67.0900,68.5900,66.4000,66.4400,66.3000,2920849,196657430.6100,1,0,1.0
2022-06-28,sh.688256,66.3400,67.4300,65.2500,67.0000,66.4400,2295989,151890737.7700,1,0,1.0
2022-06-29,sh.688256,67.0000,68.1000,65.8200,65.8600,67.0000,2766621,185193941.0300,1,0,1.0
2022-06-30,sh.688256,65.4400,66.9000,64.4000,64.7000,65.8600,2859238,186584065.5400,1,0,1.0
2022-07-01,sh.688256,64.0000,64.6900,61.9400,62.6800,64.7000,3431422,216123289.2100,1,0,1.0
2022-07-04,sh.688256,62.0200,63.3900,61.3600,63.1000,62.6800,1989931,124389922.3600,1,0,1.0
2022-07-05,sh.688256,63.3000,64.8500,62.1000,62.4700,63.1000,1942621,122662924.3000,1,0,1.0
2022-07-06,sh.688256,62.6600,64.8700,62.0300,63.2000,62.4700,2666759,169755308.0900,1,0,1.0
2022-07-07,sh.688256,63.3000,63.7700,61.6500,61.6600,63.2000,1927664,119776439.8300,1,0,1.0
2022-07-08,sh.688256,61.6000,65.2000,61.5700,63.6600,61.6600,2415611,153854735.1800,1,0,1.0
2022-07-11,sh.688256,63.0800,63.2300,61.2400,61.5000,63.6600,1847636,114205441.5400,1,0,1.0
2022-07-12,sh.688256,61.7000,61.8400,60.1100,60.2000,61.5000,1628698,99017209.3700,1,0,1.0
2022-07-13,sh.688256,61.3400,61.5900,60.1000,60.3500,60.2000,1228580,74643457.2000,1,0,1.0
2022-07-14,sh.688256,59.9900,61.3400,59.8500,60.2700,60.3500,1205141,72846478.1200,1,0,1.0
2022-07-15,sh.688256,60.4900,61.9300,60.0300,60.1000,60.2700,1378641,83893100.3400,1,0,1.0
2022-07-18,sh.688256,60.5000,61.5500,59.6000,61.2100,60.1000,1207896,73363092.3400,1,0,1.0
2022-07-19,sh.688256,61.0000,64.3000,60.3000,63.9900,61.2100,2325674,145923755.3800,1,0,1.0
2022-07-20,sh.688256,64.3000,64.3900,62.8800,62.9900,63.9900,1495469,95037203.5800,1,0,1.0
2022-07-21,sh.688256,63.0900,65.4000,63.0900,63.4000,62.9900,2115509,136359384.8100,1,0,1.0
2022-07-22,sh.688256,63.9200,64.2400,61.6500,62.2800,63.4000,1455148,91040139.2200,1,0,1.0
2022-07-25,sh.688256,62.2000,63.5500,61.7000,62.0000,62.2800,1233914,76977844.4100,1,0,1.0
2022-07-26,sh.688256,62.3900,62.4900,60.9100,61.1000,62.0000,1175045,72015823.9900,1,0,1.0
2022-07-27,sh.688256,61.1900,63.6000,60.7300,61.6900,61.1000,1308097,80790462.8000,1,0,1.0
2022-07-28,sh.688256,61.5500,63.8800,61.5000,62.8200,61.6900,2019775,127104409.0700,1,0,1.0
2022-07-29,sh.688256,63.5100,63.5600,61.0000,61.0000,62.8200,1489450,92115262.9800,1,0,1.0
2022-08-01,sh.688256,60.8800,62.6000,58.6800,61.2700,61.0000,2144443,130842157.7600,1,0,1.0
2022-08-02,sh.688256,60.5000,60.9000,58.0000,59.2800,61.2700,2547087,151513724.5900,1,0,1.0
2022-08-03,sh.688256,59.8600,63.7900,59.5000,61.4800,59.2800,3654877,226200857.5000,1,0,1.0
2022-08-04,sh.688256,61.4800,64.7400,61.4800,63.5300,61.4800,3073499,194221056.0000,1,0,1.0
2022-08-05,sh.688256,63.2400,70.8900,63.2400,70.0600,63.5300,8190196,560428238.0000,1,0,1.0
2022-08-08,sh.688256,71.3700,72.0000,66.2300,67.1700,70.0600,6434233,436503560.0000,1,0,1.0
2022-08-09,sh.688256,66.9400,72.0000,66.0000,70.8800,67.1700,6080096,419598039.0000,1,0,1.0
2022-08-10,sh.688256,69.0600,72.8800,69.0400,69.5900,70.8800,5434860,383296807.0000,1,0,1.0
2022-08-11,sh.688256,69.8300,70.8800,69.0300,69.7900,69.5900,3704143,259319603.0000,1,0,1.0
2022-08-12,sh.688256,69.7000,70.1800,67.5000,67.6500,69.7900,3931531,268717174.0000,1,0,1.0
2022-08-15,sh.688256,66.3000,67.2900,64.7500,64.9200,67.6500,3613165,236555294.9000,1,0,1.0
2022-08-16,sh.688256,65.2500,66.1000,63.6600,63.9300,64.9200,2682234,173528343.3000,1,0,1.0
2022-08-17,sh.688256,63.9900,64.3700,62.9100,63.5000,63.9300,2199822,139642450.7100,1,0,1.0
2022-08-18,sh.688256,63.3700,63.9900,62.0600,63.6400,63.5000,2684159,169243050.0200,1,0,1.0
2022-08-19,sh.688256,63.2900,65.0900,61.1000,61.1800,63.6400,3184225,199603680.8600,1,0,1.0
2022-08-22,sh.688256,60.6300,61.8700,60.1000,61.1100,61.1800,1370481,83754769.4600,1,0,1.0
2022-08-23,sh.688256,60.8500,61.5800,60.1500,60.6000,61.1100,1431711,86710278.7600,1,0,1.0
2022-08-24,sh.688256,60.7000,60.7000,58.0400,58.1300,60.6000,2375230,139821535.5100,1,0,1.0
2022-08-25,sh.688256,58.1300,58.9900,56.8100,57.4400,58.1300,1638493,94238837.9500,1,0,1.0
2022-08-26,sh.688256,57.7300,58.4500,57.1600,57.5000,57.4400,1174138,67942055.5900,1,0,1.0
2022-08-29,sh.688256,57.3000,58.8700,57.1000,58.7000,57.5000,1266406,73556274.0200,1,0,1.0
2022-08-30,sh.688256,58.8000,59.2000,57.7600,58.2700,58.7000,867618,50636089.3300,1,0,1.0
2022-08-31,sh.688256,58.0000,59.6600,57.5500,59.0900,58.2700,1728159,101508027.6700,1,0,1.0
2022-09-01,sh.688256,67.0000,70.9100,66.5000,67.3200,59.0900,12023516,829259803.2800,1,0,1.0
2022-09-02,sh.688256,67.4700,80.7800,67.4700,80.7800,67.3200,16561253,1291388853.5200,1,0,1.0
2022-09-05,sh.688256,82.7900,83.8500,75.8000,77.3500,80.7800,16845618,1346785156.8200,1,0,1.0
2022-09-06,sh.688256,76.0000,77.1300,73.0600,74.2000,77.3500,9413664,702660809.0900,1,0,1.0
2022-09-07,sh.688256,74.8500,81.2300,74.8500,79.6800,74.2000,11718356,927598577.7800,1,0,1.0
2022-09-08,sh.688256,79.6800,79.8800,74.6000,74.8600,79.6800,7700464,588034114.4400,1,0,1.0
2022-09-09,sh.688256,74.2800,74.7800,71.6000,72.0000,74.8600,5569286,403597175.2300,1,0,1.0
2022-09-13,sh.688256,69.2900,70.7000,67.5600,67.9700,72.0000,5844110,402313130.0600,1,0,1.0
2022-09-14,sh.688256,67.6800,70.9600,67.3000,70.5000,67.9700,6451348,447402296.5000,1,0,1.0
2022-09-15,sh.688256,70.4500,70.4500,66.8600,67.3500,70.5000,4434036,302576591.0700,1,0,1.0
2022-09-16,sh.688256,67.0000,72.8800,66.9900,69.2400,67.3500,5637216,394419844.5300,1,0,1.0
2022-09-19,sh.688256,69.1400,72.3400,68.4000,68.7800,69.2400,5139407,362815689.9400,1,0,1.0
2022-09-20,sh.688256,69.0200,70.6700,67.0000,67.5600,68.7800,4394403,301307807.3100,1,0,1.0
2022-09-21,sh.688256,67.0100,67.5000,64.8000,66.0000,67.5600,3752600,248772493.7700,1,0,1.0
2022-09-22,sh.688256,65.5100,67.4900,65.5100,66.3500,66.0000,2426072,161708795.6500,1,0,1.0
2022-09-23,sh.688256,66.3800,67.1000,62.8800,63.0600,66.3500,4022331,258289190.0300,1,0,1.0
2022-09-26,sh.688256,62.0100,64.3300,61.8200,63.3100,63.0600,2720786,172753213.2200,1,0,1.0
2022-09-27,sh.688256,63.0700,66.9200,63.0700,66.5100,63.3100,3202092,210907500.8400,1,0,1.0
2022-09-28,sh.688256,65.6800,68.2000,64.2300,64.5600,66.5100,3614455,238275301.4100,1,0,1.0
2022-09-29,sh.688256,65.1800,66.2500,63.7300,63.9700,64.5600,2769388,178900472.0800,1,0,1.0
2022-09-30,sh.688256,64.0400,64.5000,62.6600,62.6800,63.9700,2122341,135133608.3000,1,0,1.0
2022-10-10,sh.688256,58.4700,60.1000,56.5200,57.5000,62.6800,4337879,250357480.9100,1,0,1.0
2022-10-11,sh.688256,57.9800,58.1800,55.8800,56.2600,57.5000,2419530,137580131.7500,1,0,1.0
2022-10-12,sh.688256,56.6800,59.7500,55.5000,59.3900,56.2600,3302239,189891662.2300,1,0,1.0
2022-10-13,sh.688256,58.5000,60.6300,58.5000,59.3100,59.3900,2013823,120166009.7500,1,0,1.0
2022-10-14,sh.688256,60.0000,61.4500,59.6800,60.7700,59.3100,2065716,125301663.9300,1,0,1.0
2022-10-17,sh.688256,60.2800,62.5900,59.5000,61.8000,60.7700,2075569,127901682.2100,1,0,1.0
2022-10-18,sh.688256,62.3000,62.4300,60.3300,60.5100,61.8000,2010387,122541280.0700,1,0,1.0
2022-10-19,sh.688256,60.6800,61.0100,59.1100,59.1100,60.5100,1845647,110246891.1200,1,0,1.0
2022-10-20,sh.688256,58.5500,64.4900,58.5100,63.9300,59.1100,4927135,307751715.8800,1,0,1.0
2022-10-21,sh.688256,63.5000,66.0000,62.1200,65.3300,63.9300,3486611,223711596.5300,1,0,1.0
2022-10-24,sh.688256,66.2000,68.1800,64.0000,64.6800,65.3300,2902052,191219440.1000,1,0,1.0
2022-10-25,sh.688256,64.3000,65.6000,62.9500,64.3500,64.6800,2432014,156110450.3600,1,0,1.0
2022-10-26,sh.688256,65.0000,66.4500,63.0000,65.8000,64.3500,2901655,189222307.8900,1,0,1.0
2022-10-27,sh.688256,65.4400,68.6800,65.4400,67.4200,65.8000,4132613,277278428.7400,1,0,1.0
2022-10-28,sh.688256,66.6000,68.4800,64.2300,64.8200,67.4200,3506949,232850480.5700,1,0,1.0
2022-10-31,sh.688256,64.4000,67.5000,64.0500,65.7600,64.8200,3064417,203355178.9800,1,0,1.0
2022-11-01,sh.688256,65.7700,65.7700,62.6400,65.3400,65.7600,4669056,300327547.7400,1,0,1.0
2022-11-02,sh.688256,65.3400,67.3200,65.0500,65.8800,65.3400,2794043,184386899.9600,1,0,1.0
2022-11-03,sh.688256,64.0800,67.7300,64.0600,67.1500,65.8800,2823221,188471950.6800,1,0,1.0
2022-11-04,sh.688256,66.7700,68.4000,66.1800,67.6900,67.1500,2603213,175353642.9900,1,0,1.0
2022-11-07,sh.688256,67.6400,68.7400,66.1800,66.2100,67.6900,2475483,165958634.0600,1,0,1.0
2022-11-08,sh.688256,66.1800,66.3900,64.7100,65.4800,66.2100,1761462,114969185.4400,1,0,1.0
2022-11-09,sh.688256,65.9100,66.3600,64.4800,65.3500,65.4800,1453631,95162930.9600,1,0,1.0
2022-11-10,sh.688256,64.8000,67.3000,64.0400,64.0900,65.3500,2671857,175096950.3000,1,0,1.0
2022-11-11,sh.688256,66.0000,67.1000,64.5500,64.6800,64.0900,3027631,199451104.1500,1,0,1.0
2022-11-14,sh.688256,64.6500,67.3000,63.8100,66.4800,64.6800,2326153,153552694.7700,1,0,1.0
2022-11-15,sh.688256,66.5000,70.0000,66.4500,69.1400,66.4800,3668932,253105880.7700,1,0,1.0
2022-11-16,sh.688256,68.8800,69.9000,68.2000,68.5000,69.1400,2390733,164930590.3400,1,0,1.0
2022-11-17,sh.688256,68.0000,69.6400,67.1300,69.4500,68.5000,2615886,179185983.1000,1,0,1.0
2022-11-18,sh.688256,69.9900,70.5000,67.7700,67.7700,69.4500,2347204,161607892.8900,1,0,1.0
2022-11-21,sh.688256,69.0100,70.3800,66.6600,67.7000,67.7700,3107230,213231482.4300,1,0,1.0
2022-11-22,sh.688256,67.4200,68.6000,65.7900,65.8800,67.7000,2373274,158875832.1400,1,0,1.0
2022-11-23,sh.688256,65.9000,66.2400,64.2000,64.5400,65.8800,2207471,143160883.0400,1,0,1.0
2022-11-24,sh.688256,64.9500,65.7700,63.5500,63.6500,64.5400,1597120,102698555.8600,1,0,1.0
2022-11-25,sh.688256,63.4800,64.5300,63.1200,63.4500,63.6500,1322825,84313111.3900,1,0,1.0
2022-11-28,sh.688256,62.0600,63.4500,61.6800,62.2500,63.4500,1547998,96477286.9800,1,0,1.0
2022-11-29,sh.688256,62.5700,64.6600,62.5700,64.1900,62.2500,1746706,111497117.5700,1,0,1.0
2022-11-30,sh.688256,64.1700,64.7400,63.2100,63.4200,64.1900,2895119,185105632.4400,1,0,1.0
2022-12-01,sh.688256,64.6000,65.7500,64.0100,64.9200,63.4200,1984623,129028846.5500,1,0,1.0
2022-12-02,sh.688256,65.4300,66.1700,64.6100,66.0000,64.9200,1722561,113257219.6300,1,0,1.0
2022-12-05,sh.688256,66.6000,67.4900,65.6200,66.4900,66.0000,1782066,118047342.2900,1,0,1.0
2022-12-06,sh.688256,66.5000,68.2100,66.0000,67.5900,66.4900,2322638,157059208.8300,1,0,1.0
2022-12-07,sh.688256,67.3400,67.7800,66.8800,67.0600,67.5900,1369081,91998760.0400,1,0,1.0
2022-12-08,sh.688256,66.9000,67.0600,65.0300,65.2200,67.0600,1857025,121898031.4900,1,0,1.0
2022-12-09,sh.688256,65.0700,66.6600,64.8800,65.7100,65.2200,2370533,156102560.6300,1,0,1.0
2022-12-12,sh.688256,65.8800,67.9000,65.5000,67.1100,65.7100,2384383,159734885.1400,1,0,1.0
2022-12-13,sh.688256,67.1600,67.4000,66.3600,66.8700,67.1100,1425180,95272660.9100,1,0,1.0
2022-12-14,sh.688256,69.9900,70.0500,66.8100,66.8100,66.8700,2487509,169611002.3600,1,0,1.0
2022-12-15,sh.688256,67.0000,68.4000,65.7100,67.4800,66.8100,1862162,126142342.8400,1,0,1.0
2022-12-16,sh.688256,64.9500,65.4000,61.4900,63.9800,67.4800,4784661,305005871.0200,1,0,1.0
2022-12-19,sh.688256,63.0600,63.4600,60.1000,60.3000,63.9800,3731411,229085918.1400,1,0,1.0
2022-12-20,sh.688256,60.3500,61.3500,59.4300,59.9000,60.3000,1887743,113827686.8800,1,0,1.0
2022-12-21,sh.688256,59.8900,60.3400,58.2300,58.5300,59.9000,1772879,104847569.2100,1,0,1.0
2022-12-22,sh.688256,58.9400,59.4000,56.8800,57.1900,58.5300,1738063,100559714.6100,1,0,1.0
2022-12-23,sh.688256,56.7900,57.5000,55.9000,56.4700,57.1900,1790642,101300310.6200,1,0,1.0
2022-12-26,sh.688256,56.4800,57.7500,56.4800,57.1400,56.4700,1808619,103667456.2600,1,0,1.0
2022-12-27,sh.688256,57.0000,57.4900,56.3100,57.1700,57.1400,1672861,95088534.7000,1,0,1.0
2022-12-28,sh.688256,57.0000,57.1700,55.6800,55.8800,57.1700,1321209,74184647.1000,1,0,1.0
2022-12-29,sh.688256,55.9000,56.4700,55.6000,55.6000,55.8800,1319469,73836859.1600,1,0,1.0
2022-12-30,sh.688256,56.3700,56.3700,54.5000,54.5600,55.6000,2087202,115094933.2300,1,0,1.0
2023-01-03,sh.688256,54.5100,57.3400,54.1500,56.7800,54.5600,2049104,114950544.1900,1,0,1.0
2023-01-04,sh.688256,57.2300,58.0800,56.3300,56.9400,56.7800,1556703,88769209.0700,1,0,1.0
2023-01-05,sh.688256,56.8800,57.2200,55.8000,56.8000,56.9400,1615095,91448611.0800,1,0,1.0
2023-01-06,sh.688256,56.9800,57.5400,56.0200,56.6500,56.8000,1708176,97090922.2200,1,0,1.0
2023-01-09,sh.688256,56.8300,57.6000,56.6000,56.8900,56.6500,1416688,80789057.9700,1,0,1.0
2023-01-10,sh.688256,56.8900,58.1600,56.8900,57.1400,56.8900,1914714,109909933.6800,1,0,1.0
2023-01-11,sh.688256,57.1700,58.0000,56.2500,56.3700,57.1400,1672659,95478629.8200,1,0,1.0
2023-01-12,sh.688256,56.1900,56.6800,55.3000,55.7300,56.3700,1823372,101906330.1500,1,0,1.0
2023-01-13,sh.688256,56.2600,56.2600,55.5100,56.0900,55.7300,1198055,67067291.2900,1,0,1.0
2023-01-16,sh.688256,55.9900,58.5000,55.8300,57.7900,56.0900,2754769,158869670.9800,1,0,1.0
2023-01-17,sh.688256,57.9900,59.4200,57.5200,58.0500,57.7900,2068939,121012993.3100,1,0,1.0
2023-01-18,sh.688256,58.5500,59.1700,58.0400,58.5000,58.0500,1638655,96114529.3000,1,0,1.0
2023-01-19,sh.688256,58.1000,61.0000,58.0700,61.0000,58.5000,2893483,173912816.9800,1,0,1.0
2023-01-20,sh.688256,61.0200,61.6300,60.5100,61.0300,61.0000,1846164,112711723.5600,1,0,1.0
2023-01-30,sh.688256,65.5000,65.9800,63.5600,64.3100,61.0300,5090146,329053145.8800,1,0,1.0
2023-01-31,sh.688256,64.0000,64.7800,61.8800,62.1000,64.3100,2841052,178354196.9200,1,0,1.0
2023-02-01,sh.688256,62.0000,65.9800,62.0000,64.7400,62.1000,4408074,283995043.1300,1,0,1.0
2023-02-02,sh.688256,66.0000,74.6900,65.7100,69.9000,64.7400,9285172,661459273.5700,1,0,1.0
2023-02-03,sh.688256,69.8800,72.7800,69.8400,71.1100,69.9000,8169512,582621674.7200,1,0,1.0
2023-02-06,sh.688256,73.1000,74.9600,71.0500,72.8400,71.1100,10526794,771667408.5800,1,0,1.0
2023-02-07,sh.688256,71.3100,80.8800,71.3100,75.7000,72.8400,15126771,1150227076.2900,1,0,1.0
2023-02-08,sh.688256,78.0000,82.3000,74.8000,74.8000,75.7000,13914428,1091894130.9600,1,0,1.0
2023-02-09,sh.688256,73.2100,80.0000,72.5500,79.0700,74.8000,14811369,1135510702.6600,1,0,1.0
2023-02-10,sh.688256,78.4000,83.6300,77.7000,79.1100,79.0700,13806028,1115194023.3800,1,0,1.0
2023-02-13,sh.688256,79.0000,91.5000,78.0000,87.5000,79.1100,15939997,1364494394.2900,1,0,1.0
2023-02-14,sh.688256,87.5000,89.5800,83.6900,85.4800,87.5000,11115825,953211419.8400,1,0,1.0
2023-02-15,sh.688256,85.8000,90.8700,83.0000,89.1000,85.4800,15361550,1335392722.6600,1,0,1.0
2023-02-16,sh.688256,86.8000,88.2900,80.0800,80.5000,89.1000,14412638,1212872781.4700,1,0,1.0
2023-02-17,sh.688256,80.8100,82.4200,78.2300,80.0000,80.5000,9171375,736979941.4500,1,0,1.0
2023-02-20,sh.688256,80.8000,83.4000,78.5900,82.4500,80.0000,7455271,604991126.8200,1,0,1.0
2023-02-21,sh.688256,82.6000,87.9500,82.0000,85.3000,82.4500,8915286,765921021.8000,1,0,1.0
2023-02-22,sh.688256,83.0800,86.3300,82.7700,84.4000,85.3000,5762387,485270556.6400,1,0,1.0
2023-02-23,sh.688256,84.9000,86.2500,82.0500,83.2200,84.4000,6672789,559685879.9000,1,0,1.0
2023-02-24,sh.688256,86.5000,89.2800,85.3000,87.9300,83.2200,10624702,930572951.7400,1,0,1.0
2023-02-27,sh.688256,86.7100,88.9900,84.3000,85.1700,87.9300,7500391,645085671.4700,1,0,1.0
2023-02-28,sh.688256,85.2500,87.4400,81.9100,83.9700,85.1700,7300523,613239565.2900,1,0,1.0
2023-03-01,sh.688256,83.5900,92.5500,83.1000,90.6000,83.9700,12939481,1146262544.3400,1,0,1.0
2023-03-02,sh.688256,89.5000,92.6800,89.0200,91.5000,90.6000,8924913,813795623.6100,1,0,1.0
2023-03-03,sh.688256,95.9900,99.5000,92.2600,93.7100,91.5000,10063730,957779032.5100,1,0,1.0
2023-03-06,sh.688256,92.1200,94.4500,90.2000,91.2300,93.7100,6569446,605177841.7600,1,0,1.0
2023-03-07,sh.688256,91.0000,91.8800,86.9400,87.8800,91.2300,6979707,622561685.0400,1,0,1.0
2023-03-08,sh.688256,89.8700,91.6800,87.8800,90.0100,87.8800,6269025,563063491.4700,1,0,1.0
2023-03-09,sh.688256,90.1000,93.5800,89.6000,90.6000,90.0100,4682598,427590539.2500,1,0,1.0
2023-03-10,sh.688256,90.4600,95.8000,89.6000,91.9800,90.6000,8259867,767040087.6300,1,0,1.0
2023-03-13,sh.688256,90.3800,96.6900,90.1500,95.7800,91.9800,7142219,676551635.0600,1,0,1.0
2023-03-14,sh.688256,95.8500,105.0000,95.3000,102.8900,95.7800,12776811,1285581644.7900,1,0,1.0
2023-03-15,sh.688256,102.0000,106.1900,101.9500,103.9800,102.8900,9368586,972971136.4900,1,0,1.0
2023-03-16,sh.688256,104.9800,106.0800,99.5900,102.4400,103.9800,10759426,1113186581.0700,1,0,1.0
2023-03-17,sh.688256,102.6500,122.9300,102.0000,122.9300,102.4400,22253439,2596614413.4500,1,0,1.0
2023-03-20,sh.688256,124.0000,137.6900,122.1500,135.0000,122.9300,19994422,2617703525.8100,1,0,1.0
2023-03-21,sh.688256,133.2500,137.5000,130.4800,136.8000,135.0000,12341805,1659830726.4500,1,0,1.0
2023-03-22,sh.688256,134.9600,164.1600,133.0000,160.1500,136.8000,20374958,3053655865.4300,1,0,1.0
2023-03-23,sh.688256,162.6200,178.8800,159.8500,167.0000,160.1500,20270948,3379541393.0400,1,0,1.0
2023-03-24,sh.688256,167.0100,185.1800,163.0100,183.0000,167.0000,19889311,3414847804.0000,1,0,1.0
2023-03-27,sh.688256,178.0000,188.8800,172.0000,186.3900,183.0000,19097184,3444353294.5200,1,0,1.0
2023-03-28,sh.688256,179.9400,180.5000,170.3000,172.0000,186.3900,15609484,2740150278.8100,1,0,1.0
2023-03-29,sh.688256,174.4600,184.6500,168.8000,172.0000,172.0000,21674823,3804719605.2100,1,0,1.0
2023-03-30,sh.688256,172.6400,181.6000,170.0000,176.1000,172.0000,20671037,3616571945.8000,1,0,1.0
2023-03-31,sh.688256,170.8100,191.7600,165.2300,185.9500,176.1000,20298252,3597394299.2700,1,0,1.0
2023-04-03,sh.688256,188.8800,217.0000,184.0000,211.0000,185.9500,21196597,4155954226.5500,1,0,1.0
2023-04-04,sh.688256,206.0000,226.5300,202.3000,215.5100,211.0000,16494106,3522533466.4200,1,0,1.0
2023-04-06,sh.688256,212.0000,230.9800,203.0300,208.0000,215.5100,15662831,3419824146.0600,1,0,1.0
2023-04-07,sh.688256,209.4500,225.6200,207.0000,225.5000,208.0000,12796932,2781244483.9600,1,0,1.0
2023-04-10,sh.688256,225.5000,225.5100,200.0100,207.5900,225.5000,18501308,3901645862.1300,1,0,1.0
2023-04-11,sh.688256,205.6700,213.6000,187.5100,201.5000,207.5900,18413454,3699557295.5300,1,0,1.0
2023-04-12,sh.688256,193.0000,213.6800,192.0000,206.0000,201.5000,15207871,3095007434.1600,1,0,1.0
2023-04-13,sh.688256,201.0200,207.5500,185.9000,188.0000,206.0000,17134022,3324682743.9400,1,0,1.0
2023-04-14,sh.688256,190.0100,197.7100,183.8900,195.0000,188.0000,13834771,2669359612.9600,1,0,1.0
2023-04-17,sh.688256,191.3900,199.1900,187.0000,196.8000,195.0000,12486326,2421080032.9300,1,0,1.0
2023-04-18,sh.688256,194.0000,201.3300,185.5500,195.7800,196.8000,12696053,2463428565.8600,1,0,1.0
2023-04-19,sh.688256,204.5000,223.2800,204.5000,221.8000,195.7800,21573299,4651853447.0000,1,0,1.0
2023-04-20,sh.688256,230.0600,266.1600,230.0600,266.1600,221.8000,19964291,4944562292.0200,1,0,1.0
2023-04-21,sh.688256,271.4000,271.4700,243.0000,248.0000,266.1600,18946064,4796532928.8300,1,0,1.0
2023-04-24,sh.688256,246.0000,248.0000,228.8800,243.0000,248.0000,16347103,3903562383.1700,1,0,1.0
2023-04-25,sh.688256,242.0000,264.8800,237.1600,248.0000,243.0000,17411621,4366926633.1400,1,0,1.0
2023-04-26,sh.688256,250.0000,255.8000,225.8000,238.0000,248.0000,14446499,3455224907.8200,1,0,1.0
2023-04-27,sh.688256,235.0100,246.0000,217.7800,230.7500,238.0000,13813564,3175623218.0700,1,0,1.0
2023-04-28,sh.688256,228.1000,252.5000,225.8000,249.5000,230.7500,14608544,3537412653.6100,1,0,1.0
2023-05-04,sh.688256,244.5000,245.4800,224.0400,232.8000,249.5000,11748565,2751240504.9200,1,0,1.0
2023-05-05,sh.688256,228.8800,240.5000,200.7300,207.9800,232.8000,19630070,4256183429.3300,1,0,1.0
2023-05-08,sh.688256,203.0000,215.0100,199.0000,208.3900,207.9800,10836641,2259884012.0000,1,0,1.0
2023-05-09,sh.688256,208.1600,218.3000,204.1100,211.4000,208.3900,11252281,2408664699.6600,1,0,1.0
2023-05-10,sh.688256,206.0300,212.9300,191.4100,199.0800,211.4000,13808054,2759834584.2200,1,0,1.0
2023-05-11,sh.688256,201.6200,205.6000,196.0000,196.0200,199.0800,8215291,1636411144.0300,1,0,1.0
2023-05-12,sh.688256,195.9700,204.5000,192.1100,196.0000,196.0200,7502785,1489746415.7500,1,0,1.0
2023-05-15,sh.688256,200.0000,201.5800,177.0000,188.4500,196.0000,17714570,3293823372.6100,1,0,1.0
2023-05-16,sh.688256,191.0800,193.0000,183.3300,184.5100,188.4500,10261854,1929752045.3400,1,0,1.0
2023-05-17,sh.688256,184.0000,192.6600,183.8200,187.5400,184.5100,8012193,1509135887.6700,1,0,1.0
2023-05-18,sh.688256,192.2200,204.5000,188.0000,196.8100,187.5400,16393375,3230820643.2100,1,0,1.0
2023-05-19,sh.688256,205.9000,213.8000,193.9200,195.3000,196.8100,13846796,2838526233.3000,1,0,1.0
2023-05-22,sh.688256,189.1400,201.8900,186.0000,188.6500,195.3000,9489520,1826715861.2900,1,0,1.0
2023-05-23,sh.688256,187.8400,190.9800,183.3600,184.1100,188.6500,8268614,1541882809.7700,1,0,1.0
2023-05-24,sh.688256,183.9200,188.5500,175.0500,182.0000,184.1100,10485434,1900145756.5500,1,0,1.0
2023-05-25,sh.688256,195.0000,203.0000,184.1700,194.5000,182.0000,16082814,3099925655.2600,1,0,1.0
2023-05-26,sh.688256,194.0000,233.4000,193.0300,224.0000,194.5000,19349292,4155578951.3200,1,0,1.0
2023-05-29,sh.688256,225.9900,232.5800,218.4000,219.6000,224.0000,15087680,3388178678.1000,1,0,1.0
2023-05-30,sh.688256,218.0800,239.8000,214.1100,234.8000,219.6000,12165497,2757265139.2600,1,0,1.0
2023-05-31,sh.688256,233.4500,254.1900,227.0000,254.1900,234.8000,14570182,3460211625.4300,1,0,1.0
2023-06-01,sh.688256,248.0000,259.2400,237.0000,237.0100,254.1900,12185998,3007753344.0300,1,0,1.0
2023-06-02,sh.688256,241.0000,244.5800,224.8400,228.7000,237.0100,11829555,2732752212.9600,1,0,1.0
2023-06-05,sh.688256,227.7000,235.2400,225.0000,230.3200,228.7000,8976525,2066278372.5100,1,0,1.0
2023-06-06,sh.688256,227.0000,232.1800,219.0000,223.2500,230.3200,9159566,2059426427.3300,1,0,1.0
2023-06-07,sh.688256,221.0900,226.5300,217.1200,221.2000,223.2500,7110621,1572973389.4700,1,0,1.0
2023-06-08,sh.688256,218.0000,223.6500,213.0100,221.0100,221.2000,7139574,1562324276.4200,1,0,1.0
2023-06-09,sh.688256,221.0100,228.6500,209.0000,226.7800,221.0100,14242879,3102521832.5300,1,0,1.0
2023-06-12,sh.688256,224.5600,234.5600,219.0000,220.2100,226.7800,11373092,2574783631.6700,1,0,1.0
2023-06-13,sh.688256,219.4800,235.9900,213.1000,232.9000,220.2100,12729925,2884886425.8500,1,0,1.0
2023-06-14,sh.688256,229.6000,231.8800,218.8600,224.8000,232.9000,12266776,2747667052.1800,1,0,1.0
2023-06-15,sh.688256,227.5000,230.8900,211.0000,211.0000,224.8000,12010164,2626054839.4000,1,0,1.0
2023-06-16,sh.688256,206.9000,222.8800,202.6300,222.8500,211.0000,13647406,2923130264.1200,1,0,1.0
2023-06-19,sh.688256,227.0000,242.6800,224.0100,239.1000,222.8500,16970777,3991358350.2900,1,0,1.0
2023-06-20,sh.688256,244.0000,269.5000,231.1000,267.0000,239.1000,20430662,5061736664.0300,1,0,1.0
2023-06-21,sh.688256,256.6900,257.0000,230.0000,230.9800,267.0000,15277974,3726921595.3800,1,0,1.0
2023-06-26,sh.688256,221.0000,224.5400,200.2400,202.5000,230.9800,15102394,3169393797.2100,1,0,1.0
2023-06-27,sh.688256,198.0000,202.6500,195.0000,196.6900,202.5000,7954087,1575126112.8200,1,0,1.0
2023-06-28,sh.688256,209.9900,215.0000,198.5000,202.9500,196.6900,16220421,3352777802.3100,1,0,1.0
2023-06-29,sh.688256,202.0000,204.7700,183.3000,193.0000,202.9500,14486654,2784893098.9900,1,0,1.0
2023-06-30,sh.688256,189.9400,193.0000,183.0200,188.0000,193.0000,10952773,2049782238.8700,1,0,1.0
2023-07-03,sh.688256,187.0200,199.0000,181.0000,192.5400,188.0000,11430722,2160024871.4300,1,0,1.0
2023-07-04,sh.688256,190.0000,205.2000,187.2800,202.4100,192.5400,11836875,2349023649.8000,1,0,1.0
2023-07-05,sh.688256,199.4900,206.7400,196.5100,200.8000,202.4100,7493650,1511239830.9300,1,0,1.0
2023-07-06,sh.688256,198.2200,217.8000,198.2200,206.8200,200.8000,10909423,2293471412.1700,1,0,1.0
2023-07-07,sh.688256,206.8200,209.6000,187.8700,195.4300,206.8200,9341646,1833783007.8900,1,0,1.0
2023-07-10,sh.688256,195.4300,205.0000,194.1100,196.9600,195.4300,6746510,1343084217.4800,1,0,1.0
2023-07-11,sh.688256,197.6200,218.0000,195.3500,210.3000,196.9600,11500398,2411368718.1400,1,0,1.0
2023-07-12,sh.688256,212.0100,214.5000,195.5900,196.2900,210.3000,9395973,1917407636.9000,1,0,1.0
2023-07-13,sh.688256,199.9000,204.4800,192.1800,200.1000,196.2900,9686171,1924027827.6400,1,0,1.0
2023-07-14,sh.688256,205.1000,213.6000,201.9100,206.0100,200.1000,9834336,2040119897.3900,1,0,1.0
2023-07-17,sh.688256,199.0000,210.5500,193.8600,200.2000,206.0100,8089877,1623913163.7400,1,0,1.0
2023-07-18,sh.688256,196.9500,198.9300,183.0100,185.0000,200.2000,12650469,2388990206.3700,1,0,1.0
2023-07-19,sh.688256,185.0000,189.9900,182.3000,182.3700,185.0000,6618817,1230412456.0600,1,0,1.0
2023-07-20,sh.688256,184.0000,184.0000,175.3300,176.0000,182.3700,8667130,1552013552.6700,1,0,1.0
2023-07-21,sh.688256,172.7600,176.1300,167.2600,170.9000,176.0000,9857653,1686290388.8300,1,0,1.0
2023-07-24,sh.688256,167.5000,175.0000,166.5100,167.1600,170.9000,8774168,1490250103.3300,1,0,1.0
2023-07-25,sh.688256,169.0000,172.2500,164.0000,167.0000,167.1600,9063193,1520900523.8900,1,0,1.0
2023-07-26,sh.688256,171.4200,175.7500,167.0000,169.4200,167.0000,10438010,1787902795.5700,1,0,1.0
2023-07-27,sh.688256,167.0000,168.5100,163.4100,165.1400,169.4200,6457994,1069843586.2400,1,0,1.0
2023-07-28,sh.688256,162.0000,163.3500,157.5000,160.8000,165.1400,9306420,1493469474.9300,1,0,1.0
2023-07-31,sh.688256,159.5400,166.9900,156.4100,164.0100,160.8000,7752668,1270279583.7500,1,0,1.0
2023-08-01,sh.688256,164.0200,166.4900,159.0000,164.7700,164.0100,6709752,1094123516.7800,1,0,1.0
2023-08-02,sh.688256,164.0000,169.5800,163.0100,166.9000,164.7700,6917721,1151269913.2700,1,0,1.0
2023-08-03,sh.688256,163.5000,171.2600,161.6000,168.2100,166.9000,6791832,1141072221.6800,1,0,1.0
2023-08-04,sh.688256,168.2200,173.5700,166.9000,172.8600,168.2100,7678955,1313793561.8400,1,0,1.0
2023-08-07,sh.688256,173.4700,177.6200,168.9700,169.7500,172.8600,6772169,1168427418.5200,1,0,1.0
2023-08-08,sh.688256,169.5400,172.3300,168.4000,169.1500,169.7500,4097282,697075571.2500,1,0,1.0
2023-08-09,sh.688256,167.3900,169.8000,165.1200,165.1200,169.1500,4790651,797950248.1600,1,0,1.0
2023-08-10,sh.688256,164.4400,166.3900,163.0200,164.0000,165.1200,3450155,567667680.4100,1,0,1.0
2023-08-11,sh.688256,164.8000,166.0000,158.0000,158.0000,164.0000,4634323,749031062.5300,1,0,1.0
2023-08-14,sh.688256,156.8600,159.5900,154.9000,159.4000,158.0000,5458926,858071549.4500,1,0,1.0
2023-08-15,sh.688256,161.5200,164.7400,158.2500,158.5700,159.4000,4158372,669112815.6400,1,0,1.0
2023-08-16,sh.688256,157.0100,158.5000,152.3000,152.8000,158.5700,4994937,771610216.9800,1,0,1.0
2023-08-17,sh.688256,151.9500,161.3000,151.5500,156.9400,152.8000,6683913,1055626952.3100,1,0,1.0
2023-08-18,sh.688256,159.7500,162.0000,151.4000,151.4000,156.9400,4965038,768025246.9800,1,0,1.0
2023-08-21,sh.688256,149.2200,156.3600,149.2200,151.4000,151.4000,3979482,609719133.8300,1,0,1.0
2023-08-22,sh.688256,155.8000,158.5000,151.1700,157.6100,151.4000,5428365,840207856.4400,1,0,1.0
2023-08-23,sh.688256,155.8200,156.0000,149.0100,150.1400,157.6100,4861167,732871374.3900,1,0,1.0
2023-08-24,sh.688256,153.8800,156.4900,150.0000,150.3000,150.1400,5314333,813653980.3300,1,0,1.0
2023-08-25,sh.688256,145.7700,146.3000,139.2300,140.5200,150.3000,7615369,1080616259.1500,1,0,1.0
2023-08-28,sh.688256,154.0000,154.0000,142.9100,145.1000,140.5200,6912825,1011498812.3300,1,0,1.0
2023-08-29,sh.688256,145.3100,149.2000,142.0000,145.9600,145.1000,7972907,1160084080.8800,1,0,1.0
2023-08-30,sh.688256,148.0000,162.0000,147.9900,159.8600,145.9600,13804651,2156188223.5300,1,0,1.0
2023-08-31,sh.688256,154.0000,163.1900,152.7000,158.8000,159.8600,11657481,1832641350.0900,1,0,1.0
2023-09-01,sh.688256,159.5000,160.5000,145.0000,148.8300,158.8000,10465298,1581215499.1400,1,0,1.0
2023-09-04,sh.688256,148.7300,148.8800,143.0000,148.8800,148.8300,7206464,1052482002.8500,1,0,1.0
2023-09-05,sh.688256,150.9000,153.0000,143.4300,144.5000,148.8800,8714519,1291178291.0500,1,0,1.0
2023-09-06,sh.688256,142.8400,153.7400,141.0000,152.9500,144.5000,11444226,1697748036.3800,1,0,1.0
2023-09-07,sh.688256,148.9800,148.9800,138.5100,138.8800,152.9500,11677600,1669119811.9300,1,0,1.0
2023-09-08,sh.688256,137.3900,142.3800,137.3900,140.4800,138.8800,7919972,1114374582.8900,1,0,1.0
2023-09-11,sh.688256,140.2500,144.9900,137.8100,141.0900,140.4800,8286976,1169730221.5400,1,0,1.0
2023-09-12,sh.688256,140.8000,144.5500,139.5800,142.2000,141.0900,6550643,931325437.3400,1,0,1.0
2023-09-13,sh.688256,141.8000,141.8000,134.1000,136.3800,142.2000,7249003,991747883.3800,1,0,1.0
2023-09-14,sh.688256,135.7900,136.9000,133.3300,133.5800,136.3800,4309103,580164513.1800,1,0,1.0
2023-09-15,sh.688256,134.3000,134.4000,130.0000,133.9700,133.5800,7088360,936754512.4400,1,0,1.0
2023-09-18,sh.688256,131.4800,133.7500,128.3200,129.2000,133.9700,6344884,828087972.8400,1,0,1.0
2023-09-19,sh.688256,129.0000,129.7800,126.3000,126.7900,129.2000,5293042,674976728.9200,1,0,1.0
2023-09-20,sh.688256,126.7800,128.3600,123.0000,123.3000,126.7900,6386055,798629971.2200,1,0,1.0
2023-09-21,sh.688256,122.2700,127.5000,122.0000,123.8000,123.3000,6471975,810500491.1600,1,0,1.0
2023-09-22,sh.688256,124.6700,132.5000,123.0100,130.4900,123.8000,9938737,1283800362.6200,1,0,1.0
2023-09-25,sh.688256,129.6900,131.6900,125.7300,126.1300,130.4900,6640161,851611543.3200,1,0,1.0
2023-09-26,sh.688256,127.8400,134.4500,126.2100,130.4200,126.1300,9412527,1235699488.3100,1,0,1.0
2023-09-27,sh.688256,128.1300,130.5800,126.3400,126.8000,130.4200,7443495,952625554.5900,1,0,1.0
2023-09-28,sh.688256,127.0500,130.4100,123.1900,123.9500,126.8000,7001007,880353756.3700,1,0,1.0
2023-10-09,sh.688256,123.2600,132.2700,121.9500,126.0300,123.9500,7926384,1007613066.9800,1,0,1.0
2023-10-10,sh.688256,126.0000,127.8000,122.9200,123.6200,126.0300,5365154,670751134.9500,1,0,1.0
2023-10-11,sh.688256,123.9900,131.5000,123.2800,127.0000,123.6200,9237036,1178113254.9100,1,0,1.0
2023-10-12,sh.688256,126.7400,129.5000,122.5900,123.9000,127.0000,6169288,769872540.6600,1,0,1.0
2023-10-13,sh.688256,122.0400,124.4300,119.0000,121.0400,123.9000,8264277,1001244627.9600,1,0,1.0
2023-10-16,sh.688256,120.0000,120.7700,115.9000,117.0500,121.0400,7868921,927443732.7900,1,0,1.0
2023-10-17,sh.688256,118.0000,118.6800,114.7500,115.4700,117.0500,5924686,686742133.4500,1,0,1.0
2023-10-18,sh.688256,125.9800,131.0000,119.2300,120.2000,115.4700,17137490,2137531494.3100,1,0,1.0
2023-10-19,sh.688256,119.0000,144.2400,119.0000,144.2400,120.2000,20958110,2888313224.9900,1,0,1.0
2023-10-20,sh.688256,144.0000,147.0000,131.5800,135.5500,144.2400,24367778,3343333515.6700,1,0,1.0
2023-10-23,sh.688256,134.0700,136.5200,108.4400,108.4400,135.5500,24306631,2877265078.0600,1,0,1.0
2023-10-24,sh.688256,107.1000,113.0000,104.4400,108.6600,108.4400,16978701,1844404049.9800,1,0,1.0
2023-10-25,sh.688256,111.0200,121.0000,111.0200,112.6800,108.6600,17067592,1977777311.8700,1,0,1.0
2023-10-26,sh.688256,112.1200,118.0000,108.3300,111.2600,112.6800,12728255,1428067640.9500,1,0,1.0
2023-10-27,sh.688256,110.0700,112.9600,107.9100,109.1600,111.2600,10296673,1131982053.0800,1,0,1.0
2023-10-30,sh.688256,109.2200,110.6900,106.8800,109.6800,109.1600,10207266,1111752060.6400,1,0,1.0
2023-10-31,sh.688256,109.4100,109.7600,106.1000,107.2300,109.6800,7273881,780631939.5700,1,0,1.0
2023-11-01,sh.688256,106.8800,112.8700,105.5000,108.0000,107.2300,12841767,1398508721.1900,1,0,1.0
2023-11-02,sh.688256,110.0000,110.7600,104.6200,104.7500,108.0000,8254812,882502404.4600,1,0,1.0
2023-11-03,sh.688256,104.7900,109.9800,104.6200,109.0300,104.7500,10615641,1146162141.4000,1,0,1.0
2023-11-06,sh.688256,110.9000,117.7600,110.8400,116.7700,109.0300,15022122,1733261873.0800,1,0,1.0
2023-11-07,sh.688256,116.3900,126.4900,115.5000,122.8200,116.7700,14747288,1799866504.5000,1,0,1.0
2023-11-08,sh.688256,127.2500,143.6500,125.5000,134.9900,122.8200,21119735,2820234211.0800,1,0,1.0
2023-11-09,sh.688256,132.0400,144.4400,132.0400,132.5200,134.9900,16385876,2250511510.8900,1,0,1.0
2023-11-10,sh.688256,129.7900,139.2100,129.0000,136.9900,132.5200,16086389,2172587586.4000,1,0,1.0
2023-11-13,sh.688256,139.0100,139.6300,132.6000,135.1900,136.9900,13206206,1783504843.4900,1,0,1.0
2023-11-14,sh.688256,134.4800,155.4000,132.3000,153.0200,135.1900,20915113,3002182005.0300,1,0,1.0
2023-11-15,sh.688256,150.0000,163.5000,147.6200,151.5000,153.0200,23122887,3556855264.3800,1,0,1.0
2023-11-16,sh.688256,150.0100,157.6000,148.0100,151.9500,151.5000,15381019,2349840451.1300,1,0,1.0
2023-11-17,sh.688256,152.6000,154.3300,145.0900,153.7000,151.9500,14301268,2145862190.9100,1,0,1.0
2023-11-20,sh.688256,153.7000,169.8000,152.0000,165.4300,153.7000,18970908,3038259692.6800,1,0,1.0
2023-11-21,sh.688256,163.2100,167.5000,155.0000,155.0000,165.4300,12925576,2069587476.7000,1,0,1.0
2023-11-22,sh.688256,156.0100,157.8900,148.6000,152.7800,155.0000,12580109,1921661448.7900,1,0,1.0
2023-11-23,sh.688256,151.9300,153.2300,145.3800,152.0300,152.7800,8621769,1291457682.1500,1,0,1.0
2023-11-24,sh.688256,151.0100,151.0500,140.7000,142.0800,152.0300,12203117,1764740881.2800,1,0,1.0
2023-11-27,sh.688256,139.5100,146.5500,139.0000,144.0100,142.0800,10394195,1489674333.0600,1,0,1.0
2023-11-28,sh.688256,144.0000,146.9900,142.4100,144.1000,144.0100,7652650,1105728648.7900,1,0,1.0
2023-11-29,sh.688256,143.0300,146.9700,142.4000,142.8000,144.1000,7090383,1024742618.3400,1,0,1.0
2023-11-30,sh.688256,141.6600,149.9700,141.2000,149.8100,142.8000,11433957,1679681752.5000,1,0,1.0
2023-12-01,sh.688256,149.0000,156.3200,147.0000,155.0000,149.8100,12336701,1882313505.4000,1,0,1.0
2023-12-04,sh.688256,160.9900,166.0000,157.7000,157.8200,155.0000,13482665,2192673150.1800,1,0,1.0
2023-12-05,sh.688256,157.8200,163.5000,152.9300,153.0000,157.8200,10506510,1655895498.1100,1,0,1.0
2023-12-06,sh.688256,152.0000,160.5000,148.9400,157.5100,153.0000,11964357,1835139830.9200,1,0,1.0
2023-12-07,sh.688256,155.8600,161.6600,153.8300,157.6900,157.5100,11786857,1864571603.2400,1,0,1.0
2023-12-08,sh.688256,159.9800,172.5800,159.3500,169.4200,157.6900,19201002,3183505354.8400,1,0,1.0
2023-12-11,sh.688256,165.0100,172.3300,163.8800,169.9900,169.4200,10986722,1849240551.5300,1,0,1.0
2023-12-12,sh.688256,168.0000,168.2200,153.1800,154.0000,169.9900,16019171,2555590404.7900,1,0,1.0
2023-12-13,sh.688256,153.1600,156.5000,147.5800,148.2800,154.0000,11099309,1674220034.7900,1,0,1.0
2023-12-14,sh.688256,149.4000,154.4000,148.0000,148.8500,148.2800,9393392,1417600018.4000,1,0,1.0
2023-12-15,sh.688256,149.5000,150.5000,142.7000,144.8000,148.8500,7147873,1040001939.7900,1,0,1.0
2023-12-18,sh.688256,143.5000,147.8500,142.0500,145.4500,144.8000,5876964,854951163.8500,1,0,1.0
2023-12-19,sh.688256,143.6600,151.4400,143.1500,148.7800,145.4500,6660938,982017758.7200,1,0,1.0
2023-12-20,sh.688256,149.5000,150.8800,142.6800,142.8900,148.7800,5398495,785704000.2800,1,0,1.0
2023-12-21,sh.688256,142.0000,149.8600,139.8600,146.2000,142.8900,6998055,1011548415.2100,1,0,1.0
2023-12-22,sh.688256,146.2000,151.2000,144.0100,147.0000,146.2000,7394880,1090205805.7300,1,0,1.0
2023-12-25,sh.688256,144.9500,147.2500,121.0000,136.2000,147.0000,11138463,1493921834.4800,1,0,1.0
2023-12-26,sh.688256,134.2000,136.9400,130.1500,132.5000,136.2000,7243831,962743140.1800,1,0,1.0
2023-12-27,sh.688256,134.4400,134.9600,131.4900,131.5100,132.5000,4779566,635522173.5800,1,0,1.0
2023-12-28,sh.688256,133.0000,135.6700,130.9500,132.1100,131.5100,6580235,875027473.9200,1,0,1.0
2023-12-29,sh.688256,132.1100,136.5000,131.0000,134.9600,132.1100,7068483,948223460.0600,1,0,1.0
2024-01-02,sh.688256,136.0000,138.5000,130.5000,134.9000,134.9600,6439820,869851049.7300,1,0,1.0
2024-01-03,sh.688256,134.0000,134.6000,126.9200,127.9600,134.9000,8225167,1064202660.8600,1,0,1.0
2024-01-04,sh.688256,127.4600,128.8000,123.7500,127.6000,127.9600,5712736,721731245.7600,1,0,1.0
2024-01-05,sh.688256,127.8900,128.7200,123.8000,125.1000,127.6000,4413751,554913435.4000,1,0,1.0
2024-01-08,sh.688256,124.5000,125.1000,119.7800,122.0900,125.1000,5719626,696710742.7800,1,0,1.0
2024-01-09,sh.688256,123.0800,124.0000,117.5500,119.0200,122.0900,7394487,883799959.5200,1,0,1.0
2024-01-10,sh.688256,117.8700,121.7200,115.0800,118.4500,119.0200,6311464,745686072.4400,1,0,1.0
2024-01-11,sh.688256,118.4000,121.9900,118.0000,120.3900,118.4500,5450704,656163797.3400,1,0,1.0
2024-01-12,sh.688256,120.0000,122.8000,117.0000,117.1500,120.3900,4992234,594204962.2000,1,0,1.0
2024-01-15,sh.688256,118.0000,124.9000,117.1000,120.8000,117.1500,8606162,1046114893.3300,1,0,1.0
2024-01-16,sh.688256,119.5000,124.5900,119.5000,122.7600,120.8000,8538525,1042660819.0000,1,0,1.0
2024-01-17,sh.688256,123.5800,127.8000,123.1800,123.9200,122.7600,9815370,1228977572.6500,1,0,1.0
2024-01-18,sh.688256,121.0000,131.5000,118.5100,131.5000,123.9200,10613713,1333899053.4800,1,0,1.0
2024-01-19,sh.688256,131.9000,133.5400,128.3000,131.6800,131.5000,7743686,1014911885.0400,1,0,1.0
2024-01-22,sh.688256,135.6300,136.2900,126.5700,129.0000,131.6800,9047274,1193443217.4400,1,0,1.0
2024-01-23,sh.688256,127.0000,136.5000,124.1500,134.7200,129.0000,9327198,1225326286.3000,1,0,1.0
2024-01-24,sh.688256,133.3000,134.6700,126.3300,131.6000,134.7200,8201738,1071366121.3600,1,0,1.0
2024-01-25,sh.688256,132.0500,134.4800,127.4000,132.8100,131.6000,7234242,946868539.1900,1,0,1.0
2024-01-26,sh.688256,131.0000,132.5000,126.4900,126.4900,132.8100,6257204,810154366.4900,1,0,1.0
2024-01-29,sh.688256,126.3300,134.9800,126.3300,127.2000,126.4900,8742102,1137235970.4600,1,0,1.0
2024-01-30,sh.688256,125.0000,125.0000,116.5100,116.9000,127.2000,7518972,899504604.8800,1,0,1.0
2024-01-31,sh.688256,116.0000,117.5000,109.8800,110.0000,116.9000,7074836,800655006.4300,1,0,1.0
2024-02-01,sh.688256,109.9900,122.1800,108.8500,116.4900,110.0000,9095006,1053767937.2300,1,0,1.0
2024-02-02,sh.688256,117.4800,117.9800,104.1000,108.4900,116.4900,9113987,1007055225.1700,1,0,1.0
2024-02-05,sh.688256,108.8200,109.8800,95.8500,103.0300,108.4900,11085388,1153043872.1300,1,0,1.0
2024-02-06,sh.688256,103.0900,111.4800,101.0000,111.2000,103.0300,10101882,1084607251.8500,1,0,1.0
2024-02-07,sh.688256,111.5300,114.6800,109.1800,110.8800,111.2000,8100844,908218039.6600,1,0,1.0
2024-02-08,sh.688256,113.0000,117.8000,111.2100,115.4000,110.8800,7776170,891878430.8700,1,0,1.0
2024-02-19,sh.688256,124.2000,135.6000,121.3000,134.0300,115.4000,11617749,1476583408.5300,1,0,1.0
2024-02-20,sh.688256,130.9800,132.4000,126.6600,129.3000,134.0300,9634512,1252236008.3800,1,0,1.0
2024-02-21,sh.688256,125.5000,130.8800,124.6900,127.3000,129.3000,8212070,1045794464.6600,1,0,1.0
2024-02-22,sh.688256,133.9000,147.8800,133.8500,139.8800,127.3000,12375291,1731367936.3300,1,0,1.0
2024-02-23,sh.688256,146.0000,147.5300,140.0000,141.8300,139.8800,9100313,1303370547.3700,1,0,1.0
2024-02-26,sh.688256,139.4000,153.6600,138.9700,151.2600,141.8300,10616825,1587048530.3900,1,0,1.0
2024-02-27,sh.688256,148.4900,172.1300,146.1200,168.1400,151.2600,13192446,2088950350.2600,1,0,1.0
2024-02-28,sh.688256,166.1000,181.8800,157.0000,158.1000,168.1400,14326376,2397109469.8800,1,0,1.0
2024-02-29,sh.688256,158.1800,170.7700,158.1500,168.6600,158.1000,12347025,2046549079.7000,1,0,1.0
2024-03-01,sh.688256,168.9300,172.9500,165.0000,170.0000,168.6600,10438756,1772559635.4600,1,0,1.0
2024-03-04,sh.688256,175.0000,179.9000,169.5000,177.4000,170.0000,10643968,1866875637.9100,1,0,1.0
2024-03-05,sh.688256,174.0000,189.5000,171.2100,175.0000,177.4000,14775412,2691588232.4200,1,0,1.0
2024-03-06,sh.688256,173.9000,174.8400,167.7600,170.2500,175.0000,9903500,1695278560.9500,1,0,1.0
2024-03-07,sh.688256,173.0400,175.2800,163.5000,164.7600,170.2500,10865666,1835545247.2200,1,0,1.0
2024-03-08,sh.688256,167.9400,171.2300,165.0000,171.1800,164.7600,9746790,1640144616.1800,1,0,1.0
2024-03-11,sh.688256,170.3200,182.0000,169.0000,179.7100,171.1800,12091000,2144002835.3500,1,0,1.0
2024-03-12,sh.688256,177.0200,179.2000,167.6400,169.8200,179.7100,12276261,2116639748.3900,1,0,1.0
2024-03-13,sh.688256,175.0000,178.6000,171.0000,171.5000,169.8200,10289198,1802128657.8400,1,0,1.0
2024-03-14,sh.688256,166.6600,174.9900,166.5100,172.5000,171.5000,9420182,1610565282.5400,1,0,1.0
2024-03-15,sh.688256,171.2300,174.0000,165.4900,171.4500,172.5000,8565513,1454092149.8600,1,0,1.0
2024-03-18,sh.688256,173.5800,197.6600,172.0300,195.0300,171.4500,17081354,3182789728.9400,1,0,1.0
2024-03-19,sh.688256,191.0000,192.5000,185.3000,186.4100,195.0300,11494566,2165963802.8200,1,0,1.0
2024-03-20,sh.688256,186.0000,191.0000,182.9800,185.2600,186.4100,8387838,1561173574.6900,1,0,1.0
2024-03-21,sh.688256,188.0100,189.6600,177.6300,180.2100,185.2600,9282865,1688572234.3400,1,0,1.0
2024-03-22,sh.688256,179.3000,183.2200,175.9900,181.3100,180.2100,8991013,1618043666.2800,1,0,1.0
2024-03-25,sh.688256,181.4800,193.0000,178.6800,182.8800,181.3100,11759990,2190853470.8100,1,0,1.0
2024-03-26,sh.688256,181.0400,186.6800,170.4900,172.6000,182.8800,9744990,1731132542.9700,1,0,1.0
2024-03-27,sh.688256,170.0000,174.6000,167.3000,169.1700,172.6000,7334557,1254064797.3300,1,0,1.0
2024-03-28,sh.688256,169.1700,182.8800,166.3800,178.6600,169.1700,10324949,1817653318.3400,1,0,1.0
2024-03-29,sh.688256,176.7000,179.1000,167.4900,173.4600,178.6600,8413347,1451858864.6900,1,0,1.0
2024-04-01,sh.688256,177.0300,178.4400,169.8700,174.5800,173.4600,7232956,1261660543.9100,1,0,1.0
2024-04-02,sh.688256,173.5000,177.5000,168.4400,170.8800,174.5800,5883189,1014626930.5400,1,0,1.0
2024-04-03,sh.688256,168.2000,170.6000,158.5000,162.1000,170.8800,9628183,1567150405.2800,1,0,1.0
2024-04-08,sh.688256,161.8200,163.8800,157.9600,158.9700,162.1000,4961089,797187324.4700,1,0,1.0
2024-04-09,sh.688256,157.5800,159.4900,151.0600,157.5600,158.9700,5843798,904355247.3200,1,0,1.0
2024-04-10,sh.688256,157.0000,157.4900,148.5000,150.0900,157.5600,6161868,934369563.5900,1,0,1.0
2024-04-11,sh.688256,153.5000,157.8500,151.5000,156.1800,150.0900,7871042,1219643758.9500,1,0,1.0
2024-04-12,sh.688256,158.9800,163.2800,157.5000,160.2000,156.1800,7468220,1201188013.8700,1,0,1.0
2024-04-15,sh.688256,160.0000,160.5000,149.6600,153.6100,160.2000,7478342,1153187788.2200,1,0,1.0
2024-04-16,sh.688256,151.3100,152.3000,144.3800,144.9000,153.6100,7642156,1127568642.4900,1,0,1.0
2024-04-17,sh.688256,147.5000,151.5700,145.5400,150.1000,144.9000,8621026,1284064611.3000,1,0,1.0
2024-04-18,sh.688256,150.0000,154.5000,144.4300,150.1000,150.1000,7986629,1197859101.9400,1,0,1.0
2024-04-19,sh.688256,149.0000,150.2000,141.4100,141.4100,150.1000,7015429,1011215418.0500,1,0,1.0
2024-04-22,sh.688256,132.9400,141.0000,130.0200,138.2500,141.4100,6559855,899832311.0800,1,0,1.0
2024-04-23,sh.688256,139.1500,141.0000,136.5000,139.2400,138.2500,4321210,598643780.5100,1,0,1.0
2024-04-24,sh.688256,140.0000,154.4900,138.5000,153.1900,139.2400,9757046,1442371594.9300,1,0,1.0
2024-04-25,sh.688256,150.7500,153.7500,149.3800,150.0000,153.1900,4527269,683804061.3300,1,0,1.0
2024-04-26,sh.688256,155.0000,163.3500,153.2000,161.9900,150.0000,9582663,1526362082.0500,1,0,1.0
2024-04-29,sh.688256,163.0000,177.5200,163.0000,171.0100,161.9900,11212270,1918747830.7200,1,0,1.0
2024-04-30,sh.688256,169.0000,173.5000,165.4700,171.3900,171.0100,7728703,1308560038.2700,1,0,1.0
2024-05-06,sh.688256,176.0000,176.6500,164.0100,164.7200,171.3900,8535390,1434750428.6900,1,0,1.0
2024-05-07,sh.688256,166.6600,169.9500,158.7000,160.4000,164.7200,8090957,1324252443.5900,1,0,1.0
2024-05-08,sh.688256,159.0000,163.9500,156.5000,160.2000,160.4000,5494380,882076058.4400,1,0,1.0
2024-05-09,sh.688256,162.0200,180.2100,161.0000,178.1100,160.2000,13756569,2360269748.9800,1,0,1.0
2024-05-10,sh.688256,173.9900,175.1700,167.1600,170.3600,178.1100,8628761,1472557235.4900,1,0,1.0
2024-05-13,sh.688256,167.2500,172.0000,164.7800,166.2500,170.3600,5354404,895044674.5900,1,0,1.0
2024-05-14,sh.688256,169.0000,176.2500,163.6200,169.9600,166.2500,8430664,1437561352.0400,1,0,1.0
2024-05-15,sh.688256,167.0300,176.9400,164.8700,174.0500,169.9600,8641160,1484767105.6100,1,0,1.0
2024-05-16,sh.688256,179.2000,187.7700,176.0300,181.6600,174.0500,10021544,1823625265.5200,1,0,1.0
2024-05-17,sh.688256,177.0000,195.8800,176.0300,190.8300,181.6600,9888452,1876941133.4000,1,0,1.0
2024-05-20,sh.688256,188.9000,205.5800,185.5000,195.9300,190.8300,11333158,2228655473.2300,1,0,1.0
2024-05-21,sh.688256,194.3200,201.3200,186.3200,187.0000,195.9300,9310632,1776779607.9300,1,0,1.0
2024-05-22,sh.688256,187.0000,190.5000,182.1900,188.9900,187.0000,6430755,1201753631.3800,1,0,1.0
2024-05-23,sh.688256,190.1000,193.0000,181.5200,183.7000,188.9900,6560554,1212718900.4700,1,0,1.0
2024-05-24,sh.688256,185.0000,186.5000,169.8000,171.9000,183.7000,11136194,1971492337.4700,1,0,1.0
2024-05-27,sh.688256,170.0000,177.6000,165.9800,175.9900,171.9000,9814833,1687678028.3700,1,0,1.0
2024-05-28,sh.688256,174.5100,183.0000,172.0000,172.2500,175.9900,8091765,1428303181.4500,1,0,1.0
2024-05-29,sh.688256,174.3000,178.6400,170.1100,172.0000,172.2500,5770667,1005904403.9100,1,0,1.0
2024-05-30,sh.688256,170.3300,175.0000,168.6400,172.5300,172.0000,5239313,903688775.4800,1,0,1.0
2024-05-31,sh.688256,173.0000,180.9000,170.9400,174.7900,172.5300,7107486,1254837732.7400,1,0,1.0
2024-06-03,sh.688256,172.5500,182.5700,172.5000,180.9900,174.7900,7497803,1342741870.6700,1,0,1.0
2024-06-04,sh.688256,178.8500,182.5500,176.0800,179.5700,180.9900,4756579,849754222.3800,1,0,1.0
2024-06-05,sh.688256,179.0100,186.0000,178.5000,180.1000,179.5700,5790849,1054113402.0300,1,0,1.0
2024-06-06,sh.688256,185.0000,185.8800,172.5000,173.3700,180.1000,8666051,1558513967.3300,1,0,1.0
2024-06-07,sh.688256,174.9300,182.0600,171.6000,181.0000,173.3700,8287988,1461753550.6400,1,0,1.0
2024-06-11,sh.688256,183.0000,190.5000,181.0100,190.4100,181.0000,9954727,1848778858.5200,1,0,1.0
2024-06-12,sh.688256,190.4200,192.2900,188.0200,189.8000,190.4100,5338440,1014931366.5800,1,0,1.0
2024-06-13,sh.688256,193.0000,202.9900,191.6900,195.5300,189.8000,9477745,1877335919.9300,1,0,1.0
2024-06-14,sh.688256,194.0000,200.5000,191.2500,200.0100,195.5300,8214388,1617779422.5100,1,0,1.0
2024-06-17,sh.688256,198.0000,213.8000,196.9600,210.9900,200.0100,10621894,2211612826.5200,1,0,1.0
2024-06-18,sh.688256,210.9600,218.0000,205.2000,209.1000,210.9900,8565820,1803085226.8700,1,0,1.0
2024-06-19,sh.688256,208.6100,222.0000,208.6100,217.3100,209.1000,9745096,2099253932.0600,1,0,1.0
2024-06-20,sh.688256,217.3500,222.2000,212.5500,214.7400,217.3100,7996342,1733521793.5300,1,0,1.0
2024-06-21,sh.688256,210.8800,217.5000,205.7000,215.2900,214.7400,6598157,1396022726.3200,1,0,1.0
2024-06-24,sh.688256,214.8000,216.6600,204.0200,206.3100,215.2900,8288139,1737535849.4600,1,0,1.0
2024-06-25,sh.688256,205.0300,205.3000,196.0000,197.2000,206.3100,9049890,1799750279.8800,1,0,1.0
2024-06-26,sh.688256,200.8500,204.7300,194.0100,202.9700,197.2000,8004071,1601299512.4300,1,0,1.0
2024-06-27,sh.688256,198.5000,205.0100,197.6700,198.6100,202.9700,5247623,1051639644.8600,1,0,1.0
2024-06-28,sh.688256,198.0000,204.2500,196.1000,198.6700,198.6100,7357795,1471104172.7600,1,0,1.0
2024-07-01,sh.688256,199.5000,205.5000,197.0000,204.8400,198.6700,6309305,1271717371.5900,1,0,1.0
2024-07-02,sh.688256,204.0000,204.7000,195.5700,197.0000,204.8400,6655456,1325374773.8300,1,0,1.0
2024-07-03,sh.688256,196.1700,198.0000,187.5500,195.5000,197.0000,6973556,1343316375.3800,1,0,1.0
2024-07-04,sh.688256,196.8500,198.7800,193.0000,193.4600,195.5000,3936461,768920978.9400,1,0,1.0
2024-07-05,sh.688256,192.5200,197.0000,187.5000,192.8000,193.4600,5311250,1019879414.4900,1,0,1.0
2024-07-08,sh.688256,191.5000,195.8800,189.0500,192.5000,192.8000,4232957,819395548.2000,1,0,1.0
2024-07-09,sh.688256,191.5000,208.7000,191.2000,207.3400,192.5000,8016332,1622167756.2600,1,0,1.0
2024-07-10,sh.688256,206.0000,211.8800,206.0000,211.1400,207.3400,5777653,1211964475.1600,1,0,1.0
2024-07-11,sh.688256,213.5000,215.0000,198.9000,201.6500,211.1400,8169273,1674155377.4300,1,0,1.0
2024-07-12,sh.688256,197.0000,201.6000,194.1100,199.4000,201.6500,4187843,829793301.8700,1,0,1.0
2024-07-15,sh.688256,199.4000,211.0000,198.7600,208.2000,199.4000,6481589,1340770890.7800,1,0,1.0
2024-07-16,sh.688256,208.0000,249.8400,208.0000,249.8400,208.2000,19307399,4510843310.3300,1,0,1.0
2024-07-17,sh.688256,248.0000,257.5500,247.0600,247.9400,249.8400,12151129,3062974085.7600,1,0,1.0
2024-07-18,sh.688256,244.0000,257.4700,228.5100,254.0000,247.9400,15252206,3712619338.6500,1,0,1.0
2024-07-19,sh.688256,248.8900,278.5900,246.0100,268.4000,254.0000,15485007,4094585529.4900,1,0,1.0
2024-07-22,sh.688256,268.0000,272.8800,260.5000,265.2200,268.4000,10357001,2759444108.6100,1,0,1.0
2024-07-23,sh.688256,263.0000,266.2300,247.1800,248.4600,265.2200,12188842,3099222547.4900,1,0,1.0
2024-07-24,sh.688256,249.0000,271.0000,249.0000,261.2500,248.4600,13113571,3428381283.3200,1,0,1.0
2024-07-25,sh.688256,260.5900,265.0000,251.7700,255.8000,261.2500,8636328,2219649542.8200,1,0,1.0
2024-07-26,sh.688256,256.3000,257.0000,247.1100,250.7300,255.8000,8141284,2048184221.7400,1,0,1.0
2024-07-29,sh.688256,251.0200,253.4000,236.6900,246.5200,250.7300,7919376,1943887553.2400,1,0,1.0
2024-07-30,sh.688256,246.5300,252.7400,243.0000,244.4000,246.5200,7036312,1739502160.0400,1,0,1.0
2024-07-31,sh.688256,240.0500,268.4800,240.0500,264.0600,244.4000,10858900,2804759460.7300,1,0,1.0
2024-08-01,sh.688256,268.0000,271.9900,256.7500,258.0000,264.0600,8938306,2360243182.8200,1,0,1.0
2024-08-02,sh.688256,250.8800,260.4900,242.8800,245.1000,258.0000,9828538,2446560657.2900,1,0,1.0
2024-08-05,sh.688256,236.9800,246.5000,227.6300,229.6900,245.1000,11936345,2807448369.0400,1,0,1.0
2024-08-06,sh.688256,238.0300,240.0000,228.3000,233.4600,229.6900,6835596,1592301660.1900,1,0,1.0
2024-08-07,sh.688256,232.9800,236.9900,223.8000,229.5000,233.4600,6908984,1596991481.1700,1,0,1.0
2024-08-08,sh.688256,225.3000,235.2500,221.4500,229.5400,229.5000,6795331,1557819401.0700,1,0,1.0
2024-08-09,sh.688256,235.0200,250.0000,231.6800,246.9600,229.5400,11154738,2706175472.0100,1,0,1.0
2024-08-12,sh.688256,243.9200,248.0000,238.1100,241.0500,246.9600,5634015,1368129596.9100,1,0,1.0
2024-08-13,sh.688256,241.9800,246.1500,233.6700,240.7000,241.0500,5429629,1300711270.7900,1,0,1.0
2024-08-14,sh.688256,242.0000,252.4000,241.0000,241.6800,240.7000,6634197,1630482735.5500,1,0,1.0
2024-08-15,sh.688256,239.1000,246.8900,239.0000,241.3200,241.6800,4768298,1158491544.6400,1,0,1.0
2024-08-16,sh.688256,244.1800,251.0000,241.0000,244.6000,241.3200,6272523,1548297773.2000,1,0,1.0
2024-08-19,sh.688256,245.4000,258.0000,245.4000,255.0000,244.6000,6580656,1667890014.1000,1,0,1.0
2024-08-20,sh.688256,256.1100,257.5800,246.5800,247.9800,255.0000,5322463,1339860946.8400,1,0,1.0
2024-08-21,sh.688256,246.8800,269.6900,245.0000,263.8400,247.9800,8292657,2146072076.2700,1,0,1.0
2024-08-22,sh.688256,263.0000,267.9500,258.7600,260.6900,263.8400,5200055,1367354358.3800,1,0,1.0
2024-08-23,sh.688256,258.1100,260.6600,247.8000,253.0200,260.6900,6407227,1619350616.8300,1,0,1.0
2024-08-26,sh.688256,252.0000,254.2200,243.4000,247.2200,253.0200,4950499,1228548626.7100,1,0,1.0
2024-08-27,sh.688256,245.1000,246.0000,239.8800,244.1000,247.2200,3704435,901860774.8800,1,0,1.0
2024-08-28,sh.688256,244.0000,248.3900,236.2000,240.2000,244.1000,4640904,1114605924.3800,1,0,1.0
2024-08-29,sh.688256,232.0000,242.8800,232.0000,240.2900,240.2000,4538637,1080614756.2800,1,0,1.0
2024-08-30,sh.688256,240.0000,262.7600,235.2900,256.6900,240.2900,8468308,2137905933.2200,1,0,1.0
2024-09-02,sh.688256,265.6800,267.9300,252.0900,252.1400,256.6900,8010042,2079665247.9600,1,0,1.0
2024-09-03,sh.688256,252.0000,256.2200,240.1000,240.7000,252.1400,7419613,1817951529.0400,1,0,1.0
2024-09-04,sh.688256,235.0000,241.2000,232.6800,239.1400,240.7000,5639179,1333444698.7600,1,0,1.0
2024-09-05,sh.688256,239.1600,242.0800,205.2600,206.9000,239.1400,14630289,3212494378.3500,1,0,1.0
2024-09-06,sh.688256,211.0000,219.6600,210.0000,215.1800,206.9000,10617610,2287211710.9400,1,0,1.0
2024-09-09,sh.688256,214.9900,216.7800,203.8800,210.7100,215.1800,8461678,1777137355.5900,1,0,1.0
2024-09-10,sh.688256,210.7100,218.1200,206.9700,213.6800,210.7100,6627927,1411502923.6900,1,0,1.0
2024-09-11,sh.688256,213.0000,217.2900,211.0000,215.6600,213.6800,4309610,923740035.8700,1,0,1.0
2024-09-12,sh.688256,219.9800,220.9900,214.0000,214.4900,215.6600,4114397,891201831.0900,1,0,1.0
2024-09-13,sh.688256,216.5500,225.3000,213.7600,220.5000,214.4900,6755502,1493104038.0100,1,0,1.0
2024-09-18,sh.688256,218.0000,221.5500,206.8800,210.0100,220.5000,6156044,1311600263.1500,1,0,1.0
2024-09-19,sh.688256,210.8000,212.0000,205.0500,209.5000,210.0100,5023996,1049604956.2700,1,0,1.0
2024-09-20,sh.688256,209.5000,214.8800,207.0000,208.8700,209.5000,4061619,853971175.7600,1,0,1.0
2024-09-23,sh.688256,211.5200,220.5000,210.0000,212.6100,208.8700,6129867,1322572932.4900,1,0,1.0
2024-09-24,sh.688256,213.3300,227.3900,210.5000,221.8000,212.6100,8212051,1796282485.4500,1,0,1.0
2024-09-25,sh.688256,226.2400,233.5800,221.7900,222.0100,221.8000,7841332,1783599550.0400,1,0,1.0
2024-09-26,sh.688256,221.8800,224.0000,215.5000,224.0000,222.0100,7630675,1675712887.0900,1,0,1.0
2024-09-27,sh.688256,223.0000,245.0000,217.4200,240.9700,224.0000,7879335,1796877743.7800,1,0,1.0
2024-09-30,sh.688256,256.0000,289.1600,243.9800,289.1600,240.9700,16630413,4490414068.3000,1,0,1.0
2024-10-08,sh.688256,346.9900,346.9900,325.0000,346.9900,289.1600,13133511,4531495058.8100,1,0,1.0
2024-10-09,sh.688256,349.0000,415.0000,302.3200,371.5000,346.9900,29676382,10898439373.6300,1,0,1.0
2024-10-10,sh.688256,372.0000,380.0000,310.0000,347.2000,371.5000,17681233,6261550883.0100,1,0,1.0
2024-10-11,sh.688256,336.5000,362.0000,332.0000,333.0000,347.2000,13108216,4540002852.3300,1,0,1.0
2024-10-14,sh.688256,336.1100,374.8800,336.1100,374.1000,333.0000,13693642,4834791189.4500,1,0,1.0
2024-10-15,sh.688256,368.0000,378.5000,355.5500,355.5500,374.1000,11142218,4055340411.5300,1,0,1.0
2024-10-16,sh.688256,342.0000,354.5100,338.0000,342.1900,355.5500,7291461,2515727753.5000,1,0,1.0
2024-10-17,sh.688256,356.2000,374.9000,353.4700,358.0900,342.1900,10269502,3732763713.5800,1,0,1.0
2024-10-18,sh.688256,360.0000,429.7100,357.0200,429.7100,358.0900,14897077,5904655805.1200,1,0,1.0
2024-10-21,sh.688256,454.0000,503.3300,419.5100,444.0000,429.7100,22887318,10394616173.9000,1,0,1.0
2024-10-22,sh.688256,430.0100,444.0400,415.6900,421.0000,444.0000,15357904,6604328972.9100,1,0,1.0
2024-10-23,sh.688256,414.0000,429.8400,405.6700,419.0000,421.0000,12642831,5277811459.5400,1,0,1.0
2024-10-24,sh.688256,406.0000,433.0000,406.0000,425.2000,419.0000,10368887,4361931717.2000,1,0,1.0
2024-10-25,sh.688256,428.0000,444.5000,412.7000,421.8900,425.2000,10214642,4344517215.9200,1,0,1.0
2024-10-28,sh.688256,425.0100,437.6000,417.6200,434.7000,421.8900,9045071,3876068359.9100,1,0,1.0
2024-10-29,sh.688256,431.0000,475.3900,430.7900,434.0100,434.7000,11362978,5078813269.2000,1,0,1.0
2024-10-30,sh.688256,425.0000,452.9300,421.0000,445.2500,434.0100,10210706,4463581505.8700,1,0,1.0
2024-10-31,sh.688256,476.0000,482.5600,451.0000,453.6000,445.2500,13042572,6100933942.3500,1,0,1.0
2024-11-01,sh.688256,446.0000,461.8000,410.9900,411.0100,453.6000,13525364,5841907647.1100,1,0,1.0
2024-11-04,sh.688256,408.8800,416.9000,402.7900,410.9400,411.0100,8383317,3429092454.4800,1,0,1.0
2024-11-05,sh.688256,406.9400,449.0000,406.1100,437.8600,410.9400,11785153,5121353891.4400,1,0,1.0
2024-11-06,sh.688256,441.0000,470.3900,439.2200,456.0000,437.8600,11329626,5178228326.6900,1,0,1.0
2024-11-07,sh.688256,451.4400,488.0000,445.0100,476.0000,456.0000,11391909,5288087731.2500,1,0,1.0
2024-11-08,sh.688256,488.0100,493.0300,420.0000,431.0000,476.0000,21453800,9713509939.3200,1,0,1.0
2024-11-11,sh.688256,420.0100,448.0000,415.5000,430.5100,431.0000,15360887,6635052638.6900,1,0,1.0
2024-11-12,sh.688256,425.0000,444.1200,411.0100,422.9900,430.5100,11393018,4862060425.3700,1,0,1.0
2024-11-13,sh.688256,423.3500,490.8800,415.0000,474.0000,422.9900,16560079,7414351248.9100,1,0,1.0
2024-11-14,sh.688256,469.2600,494.8800,465.0100,469.0000,474.0000,10444713,5005409405.4000,1,0,1.0
2024-11-15,sh.688256,474.9000,483.0000,450.0000,453.6800,469.0000,9397802,4391637847.2200,1,0,1.0
2024-11-18,sh.688256,450.0000,476.3600,440.5800,448.6600,453.6800,8247691,3753337083.6300,1,0,1.0
2024-11-19,sh.688256,450.0000,465.0000,425.0000,461.0000,448.6600,9737149,4325527018.9100,1,0,1.0
2024-11-20,sh.688256,456.0000,479.6500,449.0100,475.0000,461.0000,9330080,4328962249.9800,1,0,1.0
2024-11-21,sh.688256,474.9900,525.0000,470.6400,514.3200,475.0000,12066333,6058022890.6500,1,0,1.0
2024-11-22,sh.688256,510.0000,521.5400,490.0100,492.0000,514.3200,8702758,4373599416.4400,1,0,1.0
2024-11-25,sh.688256,499.8700,503.5800,469.0000,489.0000,492.0000,9034201,4337897991.3800,1,0,1.0
2024-11-26,sh.688256,484.0000,494.9000,476.8000,485.9000,489.0000,4545327,2209649264.5800,1,0,1.0
2024-11-27,sh.688256,482.0000,535.0000,480.0000,534.5500,485.9000,9932091,5088377983.7000,1,0,1.0
2024-11-28,sh.688256,530.0000,588.7000,527.0100,546.0300,534.5500,10937412,6079438113.1200,1,0,1.0
2024-11-29,sh.688256,542.0000,590.0000,540.3800,561.0000,546.0300,9289018,5219224250.9300,1,0,1.0
2024-12-02,sh.688256,561.0000,584.5300,535.6900,562.0000,561.0000,8989705,5030552961.8200,1,0,1.0
2024-12-03,sh.688256,556.0000,589.9600,553.3300,569.9900,562.0000,7915956,4545547364.6600,1,0,1.0
2024-12-04,sh.688256,584.7800,591.0000,540.0000,552.6000,569.9900,8901721,4996846354.1300,1,0,1.0
2024-12-05,sh.688256,550.0000,572.8600,545.5000,570.1200,552.6000,5674763,3172809908.3900,1,0,1.0
2024-12-06,sh.688256,570.1000,576.0000,548.0000,553.6000,570.1200,6232280,3482705704.1800,1,0,1.0
2024-12-09,sh.688256,549.0000,556.9000,515.1400,539.0000,553.6000,8502600,4537704076.8900,1,0,1.0
2024-12-10,sh.688256,558.0000,564.9000,526.6600,538.4300,539.0000,9115789,4950728142.1200,1,0,1.0
2024-12-11,sh.688256,530.9400,552.7900,521.2800,544.8000,538.4300,6546419,3517091257.0700,1,0,1.0
2024-12-12,sh.688256,550.0000,576.9900,544.2000,576.9900,544.8000,8555301,4823535551.4800,1,0,1.0
2024-12-13,sh.688256,572.4400,599.9900,558.2000,568.0000,576.9900,11367277,6576691098.9900,1,0,1.0
2024-12-16,sh.688256,574.0000,594.0000,560.0000,575.2500,568.0000,7463902,4316876551.9600,1,0,1.0
2024-12-17,sh.688256,566.7800,590.0000,560.0000,570.0000,575.2500,5758896,3311232646.3800,1,0,1.0
2024-12-18,sh.688256,567.8900,618.1800,560.2800,617.5500,570.0000,8774587,5179522069.0600,1,0,1.0
2024-12-19,sh.688256,606.0000,654.9900,596.2000,636.0200,617.5500,8617152,5379397221.9300,1,0,1.0
2024-12-20,sh.688256,634.9700,676.7700,631.0000,675.9500,636.0200,9310919,6121082406.1400,1,0,1.0
2024-12-23,sh.688256,675.9500,700.0000,635.0000,648.7500,675.9500,10380437,6888866058.3800,1,0,1.0
2024-12-24,sh.688256,655.5000,662.0000,620.0600,659.3000,648.7500,7382927,4784588823.2000,1,0,1.0
2024-12-25,sh.688256,651.0000,666.6000,634.0300,662.1000,659.3000,6131874,3995053322.8600,1,0,1.0
2024-12-26,sh.688256,659.0000,661.0000,640.9800,651.2400,662.1000,6481692,4219457591.3600,1,0,1.0
2024-12-27,sh.688256,649.7500,668.2000,648.0000,652.1000,651.2400,6301000,4151232803.1200,1,0,1.0
2024-12-30,sh.688256,655.0100,695.8800,649.0000,683.5000,652.1000,7795859,5269180201.3900,1,0,1.0
2024-12-31,sh.688256,684.0000,688.0000,658.0000,658.0000,683.5000,7021055,4694180548.1100,1,0,1.0
2025-01-02,sh.688256,653.0100,665.0000,630.0000,645.6200,658.0000,7975382,5128937885.7300,1,0,1.0
2025-01-03,sh.688256,639.8900,644.9900,616.1600,621.0000,645.6200,6615237,4164652837.0200,1,0,1.0
2025-01-06,sh.688256,625.7400,650.0000,613.8000,649.4800,621.0000,7142193,4525444814.0900,1,0,1.0
2025-01-07,sh.688256,640.4900,718.0000,637.0000,718.0000,649.4800,8730409,5905819222.7500,1,0,1.0
2025-01-08,sh.688256,701.0000,735.0000,698.6000,726.0000,718.0000,8169427,5825786931.8300,1,0,1.0
2025-01-09,sh.688256,725.0000,731.9700,706.1500,712.2900,726.0000,5382326,3868372943.0200,1,0,1.0
2025-01-10,sh.688256,720.0000,777.7700,720.0000,729.9700,712.2900,9438041,7034599854.5800,1,0,1.0
2025-01-13,sh.688256,707.0000,721.0500,667.4200,719.0000,729.9700,9307636,6466985232.5300,1,0,1.0
2025-01-14,sh.688256,716.0000,717.0000,679.1900,694.0100,719.0000,8829242,6136445405.3600,1,0,1.0
2025-01-15,sh.688256,671.0000,718.0000,662.1000,695.9600,694.0100,9377400,6463773007.6000,1,0,1.0
2025-01-16,sh.688256,688.0000,695.0000,580.0000,594.0000,695.9600,19429203,12218742013.2600,1,0,1.0
2025-01-17,sh.688256,577.0000,605.8700,570.0000,592.0000,594.0000,12396309,7282220871.6200,1,0,1.0
2025-01-20,sh.688256,591.0000,632.8300,582.2000,618.2200,592.0000,11701286,7132068376.7000,1,0,1.0
2025-01-21,sh.688256,618.2300,633.9900,609.0000,625.0000,618.2200,8515231,5291827352.2000,1,0,1.0
2025-01-22,sh.688256,612.0100,649.9700,612.0100,641.1200,625.0000,8375100,5353629839.5200,1,0,1.0
2025-01-23,sh.688256,650.0000,657.0600,620.2500,621.0000,641.1200,6703529,4271994200.2200,1,0,1.0
2025-01-24,sh.688256,627.5800,638.0000,607.3000,612.9800,621.0000,6893564,4282386858.3400,1,0,1.0
2025-01-27,sh.688256,582.0100,595.9400,551.6800,572.0000,612.9800,11869330,6809918284.2700,1,0,1.0
2025-02-05,sh.688256,593.0000,605.0000,560.0300,576.0000,572.0000,12450812,7347175022.5200,1,0,1.0
2025-02-06,sh.688256,576.0000,588.9500,560.0000,563.9900,576.0000,10417804,5951745800.7800,1,0,1.0
2025-02-07,sh.688256,562.0000,610.0000,562.0000,598.8900,563.9900,12645400,7504342769.1000,1,0,1.0
2025-02-10,sh.688256,609.9900,655.8900,601.9900,651.9600,598.8900,11763601,7416175393.0600,1,0,1.0
2025-02-11,sh.688256,652.0000,696.5000,641.0100,667.8300,651.9600,9148212,6086293219.7200,1,0,1.0
2025-02-12,sh.688256,665.5000,675.9800,647.8100,656.0000,667.8300,7100796,4674492828.0900,1,0,1.0
2025-02-13,sh.688256,660.0000,672.2300,631.9900,638.0000,656.0000,7012988,4600340561.4200,1,0,1.0
2025-02-14,sh.688256,636.0100,655.0000,606.0000,625.9500,638.0000,9937854,6194892871.1700,1,0,1.0
2025-02-17,sh.688256,639.9000,661.0000,630.0000,660.8200,625.9500,9249959,6011369687.4100,1,0,1.0
2025-02-18,sh.688256,660.8200,660.8800,626.0000,628.1000,660.8200,7036589,4491054703.5000,1,0,1.0
2025-02-19,sh.688256,628.4900,635.8800,614.0000,625.5100,628.1000,6238696,3893878132.9600,1,0,1.0
2025-02-20,sh.688256,630.0000,636.9000,609.9900,618.5100,625.5100,6110473,3788675999.7300,1,0,1.0
2025-02-21,sh.688256,645.0000,742.2100,630.0000,742.2100,618.5100,16532611,11299483414.7800,1,0,1.0
2025-02-24,sh.688256,744.0000,795.8000,738.1600,780.3600,742.2100,12757989,9825925747.8700,1,0,1.0
2025-02-25,sh.688256,780.0000,818.8700,751.5000,790.3800,780.3600,10938062,8579508874.2200,1,0,1.0
2025-02-26,sh.688256,781.1300,813.0000,762.9300,795.0000,790.3800,7406488,5859100446.7000,1,0,1.0
2025-02-27,sh.688256,788.0700,805.9800,767.0000,796.0000,795.0000,8093575,6375685064.9300,1,0,1.0
2025-02-28,sh.688256,780.0000,796.0000,725.0000,735.4400,796.0000,12112043,9101646591.4600,1,0,1.0
2025-03-03,sh.688256,720.0000,735.4400,685.6000,693.0700,735.4400,11198360,7869313117.0200,1,0,1.0
2025-03-04,sh.688256,690.0000,704.9700,658.0000,685.5600,693.0700,9416223,6425763810.9800,1,0,1.0
2025-03-05,sh.688256,688.0000,718.6800,688.0000,711.4000,685.5600,7981845,5646797900.4600,1,0,1.0
2025-03-06,sh.688256,730.0000,777.7600,730.0000,775.0000,711.4000,10219925,7795445080.9300,1,0,1.0
2025-03-07,sh.688256,765.0100,773.0000,747.0000,750.0000,775.0000,5784099,4387785908.4200,1,0,1.0
2025-03-10,sh.688256,750.0000,789.9900,735.1600,779.0000,750.0000,7594983,5799739509.5100,1,0,1.0
2025-03-11,sh.688256,755.0100,798.8900,746.0000,792.0000,779.0000,6657398,5132347889.0500,1,0,1.0
2025-03-12,sh.688256,791.8800,817.9400,774.0000,774.0000,792.0000,6351507,5048943539.2100,1,0,1.0
2025-03-13,sh.688256,780.3000,787.9900,738.9600,741.9900,774.0000,6254585,4749108077.7300,1,0,1.0
2025-03-14,sh.688256,746.0000,777.9900,746.0000,758.0000,741.9900,6813236,5170917503.7500,1,0,1.0
2025-03-17,sh.688256,754.8900,755.8800,727.2700,751.7000,758.0000,4730941,3513671653.9000,1,0,1.0
2025-03-18,sh.688256,749.0000,760.0000,738.5000,750.0000,751.7000,3860211,2892885682.0000,1,0,1.0
2025-03-19,sh.688256,742.2300,748.8000,700.0000,703.9000,750.0000,8511634,6120351963.0000,1,0,1.0
2025-03-20,sh.688256,700.0000,712.0000,693.9700,703.6300,703.9000,4317047,3042228071.1400,1,0,1.0
2025-03-21,sh.688256,710.1900,710.1900,661.3600,685.0500,703.6300,9645653,6546979147.1400,1,0,1.0
2025-03-24,sh.688256,679.0000,695.3000,671.5000,684.1800,685.0500,4801276,3279822077.8100,1,0,1.0
2025-03-25,sh.688256,686.0000,686.0100,635.4000,642.3500,684.1800,7042105,4590157645.2300,1,0,1.0
2025-03-26,sh.688256,642.3500,653.0000,640.0000,643.0000,642.3500,4082371,2639326367.5000,1,0,1.0
2025-03-27,sh.688256,645.8800,664.8900,636.4000,638.2500,643.0000,6087813,3950878501.0700,1,0,1.0
2025-03-28,sh.688256,635.0000,641.6300,624.0100,627.0000,638.2500,4347659,2740476047.8400,1,0,1.0
2025-03-31,sh.688256,625.5900,634.6600,611.0000,623.0000,627.0000,5318559,3301846503.4200,1,0,1.0
2025-04-01,sh.688256,634.1900,647.9500,629.0500,632.9400,623.0000,5739758,3655499619.3800,1,0,1.0
2025-04-02,sh.688256,632.0000,645.0000,626.0000,629.3500,632.9400,3404978,2158505449.8300,1,0,1.0
2025-04-03,sh.688256,619.0000,645.0000,619.0000,638.0000,629.3500,6038431,3854330168.7500,1,0,1.0
2025-04-07,sh.688256,599.9700,615.0000,532.2900,565.1600,638.0000,12378667,7160071801.7100,1,0,1.0
2025-04-08,sh.688256,575.0000,586.2500,555.5900,565.9600,565.1600,8197315,4692949641.3400,1,0,1.0
2025-04-09,sh.688256,555.0400,632.0000,550.0000,615.6900,565.9600,11674879,7042986547.4000,1,0,1.0
2025-04-10,sh.688256,630.0000,630.0000,595.0000,602.8900,615.6900,9443309,5718532097.6500,1,0,1.0
2025-04-11,sh.688256,605.0000,632.8000,593.0000,614.9800,602.8900,8772481,5366853256.7300,1,0,1.0
2025-04-14,sh.688256,615.4000,657.5600,605.0000,637.7000,614.9800,8796254,5542328237.2200,1,0,1.0
2025-04-15,sh.688256,630.5000,634.8400,614.5000,619.8800,637.7000,5295079,3303581374.7000,1,0,1.0
2025-04-16,sh.688256,660.0000,666.9900,635.0100,646.0000,619.8800,9020370,5842501236.5000,1,0,1.0
2025-04-17,sh.688256,645.0000,686.2800,640.0500,677.0000,646.0000,7267329,4865875411.5600,1,0,1.0
2025-04-18,sh.688256,670.0000,677.3100,663.1000,669.5400,677.0000,4168728,2788430620.2100,1,0,1.0
2025-04-21,sh.688256,691.0000,726.4300,686.0100,695.0000,669.5400,8338982,5874523607.8500,1,0,1.0
2025-04-22,sh.688256,693.8500,712.0000,683.0000,694.9800,695.0000,5217223,3631341477.5400,1,0,1.0
2025-04-23,sh.688256,686.2700,693.5800,671.8800,685.2100,694.9800,5529172,3776308239.2700,1,0,1.0
2025-04-24,sh.688256,685.2100,694.8800,679.0000,691.9600,685.2100,4357585,2994192380.8900,1,0,1.0
2025-04-25,sh.688256,686.9700,704.1000,675.0000,689.9600,691.9600,4606187,3179592576.3800,1,0,1.0
2025-04-28,sh.688256,689.6600,720.0000,681.5800,710.8000,689.9600,5642771,3990661134.4800,1,0,1.0
2025-04-29,sh.688256,708.0000,710.9300,698.1600,705.0000,710.8000,2999326,2113383326.3600,1,0,1.0
2025-04-30,sh.688256,703.0400,720.8000,701.0000,703.6000,705.0000,3879427,2752633897.3600,1,0,1.0
2025-05-06,sh.688256,700.0000,712.0000,683.0000,707.2200,703.6000,5592320,3906746223.8400,1,0,1.0
2025-05-07,sh.688256,724.1400,741.9200,712.9900,721.0300,707.2200,6351008,4615103908.0700,1,0,1.0
2025-05-08,sh.688256,710.0000,719.7800,701.0000,703.2300,721.0300,4257149,3009953481.6800,1,0,1.0
2025-05-09,sh.688256,700.1700,704.9800,691.6000,700.0000,703.2300,3006966,2101663218.5500,1,0,1.0
2025-05-12,sh.688256,696.8600,701.3300,675.0000,675.4000,700.0000,6276828,4291521770.7600,1,0,1.0
2025-05-13,sh.688256,678.3300,689.4400,676.3100,678.2900,675.4000,3602389,2457040047.0600,1,0,1.0
2025-05-14,sh.688256,699.0000,705.0000,675.1500,683.9900,678.2900,4638890,3188759567.9800,1,0,1.0
2025-05-15,sh.688256,681.0000,685.8800,670.0800,677.0000,683.9900,3478600,2352332806.5300,1,0,1.0
2025-05-16,sh.688256,665.0000,672.9800,656.0800,668.0000,677.0000,3606054,2403096936.2600,1,0,1.0
2025-05-19,sh.688256,668.1100,673.8800,658.0000,671.9400,668.0000,3336174,2225971772.6000,1,0,1.0
2025-05-20,sh.688256,671.2000,687.0000,669.3400,673.0000,671.9400,3696608,2508631959.0400,1,0,1.0
2025-05-21,sh.688256,672.8800,676.9800,664.1200,666.4900,673.0000,2488220,1662137116.1500,1,0,1.0
2025-05-22,sh.688256,666.4900,669.8800,656.5000,661.6600,666.4900,2969543,1968237436.5300,1,0,1.0
2025-05-23,sh.688256,658.3000,671.9100,650.0000,658.6000,661.6600,3277702,2167972382.3000,1,0,1.0
2025-05-26,sh.688256,658.7000,665.1900,645.0000,651.0000,658.6000,3239864,2112861445.7900,1,0,1.0
2025-05-27,sh.688256,648.2300,652.7500,614.0000,614.0000,651.0000,6511507,4086021049.6200,1,0,1.0
2025-05-28,sh.688256,616.6000,620.0000,604.5000,609.9900,614.0000,4548820,2778767635.0300,1,0,1.0
2025-05-29,sh.688256,615.0000,619.0000,608.0000,612.9000,609.9900,4357991,2675026743.9600,1,0,1.0
2025-05-30,sh.688256,606.0000,607.7700,583.0000,603.6600,612.9000,5861370,3476241874.9900,1,0,1.0
2025-06-03,sh.688256,599.0000,606.6500,595.0100,595.8600,603.6600,3535249,2120590463.6400,1,0,1.0
2025-06-04,sh.688256,602.0000,621.3300,598.9300,607.5000,595.8600,4895133,2991239102.3000,1,0,1.0
2025-06-05,sh.688256,608.0000,628.9900,605.0700,619.8600,607.5000,5687781,3516353405.8900,1,0,1.0
2025-06-06,sh.688256,620.0000,622.2100,606.0000,610.0000,619.8600,4102179,2515114397.4500,1,0,1.0
2025-06-09,sh.688256,608.0000,615.8300,598.0100,613.2800,610.0000,4047532,2461805721.4100,1,0,1.0
2025-06-10,sh.688256,613.2800,616.6800,597.5000,601.8900,613.2800,4297078,2608659980.7300,1,0,1.0
2025-06-11,sh.688256,602.0000,607.9000,597.4800,600.2000,601.8900,3091870,1862825897.2400,1,0,1.0
2025-06-12,sh.688256,597.5800,612.6900,590.0200,604.8000,600.2000,3868410,2337517106.6600,1,0,1.0
2025-06-13,sh.688256,595.5100,607.8800,592.6600,604.9000,604.8000,4045764,2436393742.6500,1,0,1.0
2025-06-16,sh.688256,598.0000,616.0000,596.8500,597.5500,604.9000,4566639,2756462868.9600,1,0,1.0
2025-06-17,sh.688256,597.0000,599.5900,568.2800,573.3000,597.5500,6567375,3789592646.1600,1,0,1.0
2025-06-18,sh.688256,575.0000,587.9600,572.1300,583.9100,573.3000,4089360,2376488060.4700,1,0,1.0
2025-06-19,sh.688256,582.0000,592.9000,580.0500,582.0800,583.9100,3371745,1975021980.5700,1,0,1.0
2025-06-20,sh.688256,581.4900,584.0000,567.1100,573.9700,582.0800,3719260,2137606874.0800,1,0,1.0
2025-06-23,sh.688256,571.6100,575.0300,560.6700,568.0000,573.9700,4549745,2578692431.9400,1,0,1.0
2025-06-24,sh.688256,574.2000,616.5800,574.0000,607.2500,568.0000,8834966,5313919552.1800,1,0,1.0
2025-06-25,sh.688256,608.3300,618.6800,596.5100,611.1100,607.2500,9328802,5655340827.6300,1,0,1.0
2025-06-26,sh.688256,611.0000,636.3000,607.0100,610.5000,611.1100,9013879,5590356366.5500,1,0,1.0
2025-06-27,sh.688256,608.0000,608.6800,582.7800,585.5000,610.5000,8132858,4807503075.0800,1,0,1.0
2025-06-30,sh.688256,585.5700,612.9400,585.5700,601.5000,585.5000,7249424,4363268286.5600,1,0,1.0
2025-07-01,sh.688256,598.8800,598.8800,560.6600,563.0000,601.5000,10423790,5924880800.8900,1,0,1.0
2025-07-02,sh.688256,560.2200,560.2200,541.9100,545.1000,563.0000,6409804,3509933369.2400,1,0,1.0
2025-07-03,sh.688256,546.0000,553.6000,544.0000,547.3000,545.1000,3972289,2173734825.5700,1,0,1.0
2025-07-04,sh.688256,545.0000,557.9700,538.6700,547.4700,547.3000,5685933,3111587175.7800,1,0,1.0
2025-07-07,sh.688256,544.0000,553.8600,541.0100,541.3800,547.4700,3331055,1810291915.1900,1,0,1.0
2025-07-08,sh.688256,540.0000,545.3000,538.1000,542.7700,541.3800,3952781,2143484029.0700,1,0,1.0
2025-07-09,sh.688256,544.0000,544.7800,533.5000,535.0000,542.7700,4906959,2643083782.0500,1,0,1.0
2025-07-10,sh.688256,534.0100,537.8700,520.6700,523.5000,535.0000,8581516,4522151657.2900,1,0,1.0
2025-07-11,sh.688256,523.0000,559.9600,523.0000,553.9800,523.5000,11643672,6359225561.3200,1,0,1.0
2025-07-14,sh.688256,555.0000,570.0000,554.0000,565.0600,553.9800,6511493,3678055659.0900,1,0,1.0
2025-07-15,sh.688256,564.0000,564.0000,546.7600,553.1000,565.0600,5968589,3309396823.4700,1,0,1.0
2025-07-16,sh.688256,548.0900,593.1000,548.0900,580.1900,553.1000,9712272,5629778216.0800,1,0,1.0
2025-07-17,sh.688256,575.0000,584.9900,559.2300,582.4000,580.1900,7973717,4557378594.6300,1,0,1.0
2025-07-18,sh.688256,580.5500,589.9800,578.0300,582.6200,582.4000,5115645,2984533700.9400,1,0,1.0
2025-07-21,sh.688256,587.0000,599.5700,580.0800,582.0000,582.6200,5957641,3509550815.6000,1,0,1.0
2025-07-22,sh.688256,581.9000,601.0900,580.1000,593.9300,582.0000,6563220,3894927711.8100,1,0,1.0
2025-07-23,sh.688256,593.2000,603.0000,586.5300,595.5600,593.9300,5448653,3236985174.6500,1,0,1.0
2025-07-24,sh.688256,591.5000,604.9500,591.5000,600.2300,595.5600,4916621,2941834943.5100,1,0,1.0
2025-07-25,sh.688256,599.5300,698.0100,599.5300,673.3000,600.2300,12739273,8133258858.2200,1,0,1.0
2025-07-28,sh.688256,673.0000,688.7000,654.0200,679.0000,673.3000,9507983,6379660931.4600,1,0,1.0
2025-07-29,sh.688256,676.0000,718.0000,673.0000,710.7800,679.0000,11410381,7988279229.5100,1,0,1.0
2025-07-30,sh.688256,700.0000,708.0000,680.0000,684.7000,710.7800,7653196,5304272236.6200,1,0,1.0
2025-07-31,sh.688256,685.0000,735.0000,680.0100,709.5000,684.7000,11769078,8333907584.7100,1,0,1.0
2025-08-01,sh.688256,700.0000,716.0000,680.0000,689.1000,709.5000,7183598,4998268095.0800,1,0,1.0
2025-08-04,sh.688256,687.5800,699.9500,675.1700,689.0600,689.1000,5776109,3987683051.0200,1,0,1.0
2025-08-05,sh.688256,686.0000,699.9000,682.5800,695.0000,689.0600,4878823,3379825557.0300,1,0,1.0
2025-08-06,sh.688256,691.8600,696.3900,685.0000,694.3400,695.0000,4339978,2997970928.4500,1,0,1.0
2025-08-07,sh.688256,700.5100,731.0000,686.0100,703.0000,694.3400,10824428,7687346629.9600,1,0,1.0
2025-08-08,sh.688256,691.0000,702.9300,670.0000,692.8000,703.0000,6525331,4496880600.6100,1,0,1.0
2025-08-11,sh.688256,692.5000,711.8000,690.6100,707.4000,692.8000,5559427,3916076012.4100,1,0,1.0
2025-08-12,sh.688256,702.5000,848.8800,696.0600,848.8800,707.4000,19162193,15126074903.4500,1,0,1.0
2025-08-13,sh.688256,830.0000,868.0000,820.0000,860.0000,848.8800,13468386,11355310256.1100,1,0,1.0
2025-08-14,sh.688256,865.0000,985.0000,865.0000,949.0000,860.0000,15071068,14035314029.7300,1,0,1.0
2025-08-15,sh.688256,923.0000,935.0000,904.8100,923.7000,949.0000,11039869,10171678359.5100,1,0,1.0
2025-08-18,sh.688256,950.2800,987.9900,925.4600,950.0000,923.7000,11542302,11085893402.1500,1,0,1.0
2025-08-19,sh.688256,939.0000,1001.1000,927.9200,933.9800,950.0000,10546957,10074664704.0700,1,0,1.0
2025-08-20,sh.688256,920.1100,1027.0000,900.0000,1013.0000,933.9800,12705950,12383503092.9500,1,0,1.0
2025-08-21,sh.688256,1020.0000,1080.1800,1005.5700,1036.0000,1013.0000,11402797,11930000149.5600,1,0,1.0
2025-08-22,sh.688256,1075.0000,1243.2000,1075.0000,1243.2000,1036.0000,14116082,16488719337.8600,1,0,1.0
2025-08-25,sh.688256,1321.0000,1391.0000,1266.0000,1384.9300,1243.2000,18763905,24989985400.1300,1,0,1.0
2025-08-26,sh.688256,1310.0000,1348.0000,1289.0100,1329.0000,1384.9300,11813228,15643165298.4700,1,0,1.0
2025-08-27,sh.688256,1378.8800,1464.9800,1341.0200,1372.1000,1329.0000,17895090,25003097031.7600,1,0,1.0
2025-08-28,sh.688256,1420.0000,1595.8800,1391.0000,1587.9100,1372.1000,17827045,26023907974.9900,1,0,1.0
2025-08-29,sh.688256,1480.0000,1534.9700,1420.0000,1492.4900,1587.9100,17863773,26507283491.3200,1,0,1.0
2025-09-01,sh.688256,1460.0000,1508.6000,1358.7500,1448.3900,1492.4900,17538116,25070934111.5500,1,0,1.0
2025-09-02,sh.688256,1451.0000,1540.0000,1431.0000,1480.0000,1448.3900,17337645,25731181436.7800,1,0,1.0
2025-09-03,sh.688256,1419.0000,1439.0000,1371.0000,1405.0000,1480.0000,14149206,19901150240.3600,1,0,1.0
2025-09-04,sh.688256,1375.0000,1389.0000,1182.0000,1202.0000,1405.0000,22165387,28013149023.3000,1,0,1.0
2025-09-05,sh.688256,1220.0000,1310.1500,1172.0000,1281.4600,1202.0000,20003878,24705957244.2100,1,0,1.0
2025-09-08,sh.688256,1245.0000,1257.9900,1183.0000,1212.7800,1281.4600,14072803,17136817058.0000,1,0,1.0
2025-09-09,sh.688256,1180.0100,1267.0000,1180.0100,1228.0700,1212.7800,10358154,12767436236.7300,1,0,1.0
2025-09-10,sh.688256,1268.0000,1325.0000,1236.7800,1273.0000,1228.0700,13858537,17662160171.1700,1,0,1.0
2025-09-11,sh.688256,1295.0000,1436.4700,1276.0000,1387.0000,1273.0000,19093243,25996861982.5300,1,0,1.0
2025-09-12,sh.688256,1387.0000,1522.2200,1372.0000,1488.0000,1387.0000,19741149,28695031002.6800,1,0,1.0
2025-09-15,sh.688256,1505.0000,1529.4000,1411.1000,1440.0000,1488.0000,11449132,16564077104.8000,1,0,1.0
2025-09-16,sh.688256,1468.0000,1528.0000,1428.5300,1440.1000,1440.0000,13680274,20074698246.9800,1,0,1.0
2025-09-17,sh.688256,1413.3000,1470.0200,1372.2500,1442.0000,1440.1000,9861747,14146955669.9000,1,0,1.0
2025-09-18,sh.688256,1508.0000,1518.0000,1381.1100,1420.9900,1442.0000,17199485,25149758552.8100,1,0,1.0
2025-09-19,sh.688256,1392.0000,1420.0000,1342.0000,1349.2400,1420.9900,12655224,17405922549.0600,1,0,1.0
2025-09-22,sh.688256,1327.9900,1429.9000,1301.0000,1398.0000,1349.2400,13435968,18462164259.9800,1,0,1.0
2025-09-23,sh.688256,1400.0000,1425.0000,1313.3300,1350.3800,1398.0000,12818062,17429935878.9700,1,0,1.0
2025-09-24,sh.688256,1330.0000,1400.0000,1330.0000,1374.0000,1350.3800,10089718,13721388642.7000,1,0,1.0
2025-09-25,sh.688256,1369.3900,1414.9900,1350.0000,1386.6900,1374.0000,9030112,12516091788.1500,1,0,1.0
2025-09-26,sh.688256,1365.0000,1390.0000,1334.0000,1339.0000,1386.6900,7552099,10227301334.8100,1,0,1.0
2025-09-29,sh.688256,1320.0000,1338.9800,1271.0000,1323.5000,1339.0000,9029805,11815948745.4500,1,0,1.0
2025-09-30,sh.688256,1388.0000,1399.0000,1318.2300,1325.0000,1323.5000,8653981,11699849210.0800,1,0,1.0
2025-10-09,sh.688256,1360.5000,1405.9300,1332.0000,1332.7900,1325.0000,11833823,16137619925.7700,1,0,1.0
2025-10-10,sh.688256,1302.0000,1304.3100,1240.9900,1247.0800,1332.7900,10821300,13767648794.3800,1,0,1.0
2025-10-13,sh.688256,1210.0000,1278.0000,1210.0000,1262.1100,1247.0800,8775278,11019557221.8100,1,0,1.0
2025-10-14,sh.688256,1271.9900,1271.9900,1190.0000,1196.0000,1262.1100,10587600,12861254894.6900,1,0,1.0
2025-10-15,sh.688256,1208.0000,1246.9800,1190.0000,1242.0000,1196.0000,7080698,8637499885.4800,1,0,1.0
2025-10-16,sh.688256,1260.0000,1307.9600,1260.0000,1274.0000,1242.0000,9666790,12409422158.8300,1,0,1.0
2025-10-17,sh.688256,1254.9500,1289.2800,1218.2300,1247.6800,1274.0000,8481374,10607162138.8500,1,0,1.0
2025-10-20,sh.688256,1273.1100,1333.9600,1241.5000,1281.1200,1247.6800,12807107,16518765341.0400,1,0,1.0
2025-10-21,sh.688256,1281.1200,1378.0000,1245.0000,1368.9600,1281.1200,14612563,19240518794.7400,1,0,1.0
2025-10-22,sh.688256,1341.0000,1468.0000,1339.0000,1429.5000,1368.9600,14133562,19814513226.2100,1,0,1.0
2025-10-23,sh.688256,1409.0000,1417.0000,1365.0000,1398.9000,1429.5000,7924208,11008098775.4700,1,0,1.0
2025-10-24,sh.688256,1425.0000,1548.0000,1404.0000,1525.0000,1398.9000,15956560,23402505412.1800,1,0,1.0
2025-10-27,sh.688256,1560.0000,1560.0100,1493.0000,1530.6800,1525.0000,12235606,18757215644.5800,1,0,1.0
2025-10-28,sh.688256,1505.0000,1533.7900,1457.0000,1478.5800,1530.6800,10431090,15591302965.2800,1,0,1.0
2025-10-29,sh.688256,1460.0000,1530.8800,1433.0000,1461.0000,1478.5800,10122854,14915634308.9900,1,0,1.0
2025-10-30,sh.688256,1440.0000,1499.9600,1400.0100,1422.0000,1461.0000,11736477,16889724408.5200,1,0,1.0
2025-10-31,sh.688256,1407.9600,1414.0000,1375.0000,1375.0000,1422.0000,8516738,11831070790.0900,1,0,1.0
2025-11-03,sh.688256,1335.0000,1360.6600,1335.0000,1346.6000,1375.0000,6378888,8590648848.2500,1,0,1.0
2025-11-04,sh.688256,1370.0000,1390.8500,1326.0000,1339.6000,1346.6000,7150162,9736393897.8200,1,0,1.0
2025-11-05,sh.688256,1295.0000,1365.0000,1291.1100,1348.0000,1339.6000,6769887,9005687036.0200,1,0,1.0
2025-11-06,sh.688256,1386.0000,1480.8800,1371.2300,1480.0000,1348.0000,13478595,19250016672.1700,1,0,1.0
2025-11-07,sh.688256,1455.5500,1468.8800,1430.0800,1432.5000,1480.0000,6644428,9618929569.1000,1,0,1.0
2025-11-10,sh.688256,1430.0300,1450.0000,1337.0100,1391.5000,1432.5000,8934859,12282433932.4900,1,0,1.0
2025-11-11,sh.688256,1398.0000,1403.0000,1299.1100,1330.0000,1391.5000,9017681,12109374238.8600,1,0,1.0
2025-11-12,sh.688256,1312.0000,1375.0000,1308.0000,1365.7800,1330.0000,6721232,9031583735.0000,1,0,1.0
2025-11-13,sh.688256,1352.0000,1387.0000,1329.0000,1384.9000,1365.7800,6150783,8363426245.9900,1,0,1.0
2025-11-14,sh.688256,1350.0000,1365.1300,1324.3000,1325.0100,1384.9000,6273792,8403397057.3300,1,0,1.0
2025-11-17,sh.688256,1316.9500,1342.0100,1283.3800,1303.1000,1325.0100,6749279,8840817364.8200,1,0,1.0
2025-11-18,sh.688256,1305.9500,1344.4400,1290.9900,1326.7000,1303.1000,6003436,7979099417.0100,1,0,1.0
2025-11-19,sh.688256,1320.0000,1350.0000,1320.0000,1332.0000,1326.7000,4241304,5664290197.0000,1,0,1.0
2025-11-20,sh.688256,1361.0100,1365.5800,1320.0000,1322.3000,1332.0000,3887485,5185546029.8700,1,0,1.0
2025-11-21,sh.688256,1290.3000,1298.0000,1240.0100,1249.0000,1322.3000,7257306,9176505151.6500,1,0,1.0
2025-11-24,sh.688256,1252.8800,1275.5800,1218.0000,1261.9800,1249.0000,5921422,7394380932.8000,1,0,1.0
2025-11-25,sh.688256,1268.0000,1285.3500,1244.0000,1260.0000,1261.9800,5877103,7414400484.6700,1,0,1.0
2025-11-26,sh.688256,1245.0000,1340.1600,1234.0100,1314.6600,1260.0000,9147290,11889049610.4800,1,0,1.0
2025-11-27,sh.688256,1360.0000,1388.2000,1313.0000,1317.3600,1314.6600,8936417,12117075986.7000,1,0,1.0
2025-11-28,sh.688256,1310.0000,1347.0000,1291.0000,1331.0000,1317.3600,5854639,7708418732.0900,1,0,1.0
2025-12-01,sh.688256,1327.9400,1382.0000,1292.2000,1362.4400,1331.0000,7368403,9888480774.7400,1,0,1.0
2025-12-02,sh.688256,1370.0000,1377.0000,1322.4400,1328.7300,1362.4400,4640631,6242939887.8400,1,0,1.0
2025-12-03,sh.688256,1333.0000,1360.0000,1320.1000,1332.3000,1328.7300,4491965,6005556709.5900,1,0,1.0
2025-12-04,sh.688256,1321.2100,1369.3000,1292.5000,1369.0000,1332.3000,7052731,9414092024.2000,1,0,1.0
2025-12-05,sh.688256,1339.5000,1396.3200,1322.0000,1355.0000,1369.0000,8802266,11982010116.4200,1,0,1.0
2025-12-08,sh.688256,1335.0000,1441.8000,1333.0200,1417.8000,1355.0000,9874431,13837959653.5500,1,0,1.0
2025-12-09,sh.688256,1375.0000,1457.5700,1368.0000,1436.0000,1417.8000,9059417,12892588911.4000,1,0,1.0
2025-12-10,sh.688256,1436.0000,1451.6900,1371.0000,1420.8800,1436.0000,6296651,8864636275.2500,1,0,1.0
2025-12-11,sh.688256,1410.0000,1417.0000,1376.0000,1382.0200,1420.8800,6207259,8619204099.8900,1,0,1.0
2025-12-12,sh.688256,1382.0200,1408.0000,1329.8000,1344.0000,1382.0200,9173113,12503100255.0700,1,0,1.0
2025-12-15,sh.688256,1316.0100,1377.7900,1316.0100,1331.9000,1344.0000,6410876,8667825206.0700,1,0,1.0
2025-12-16,sh.688256,1319.1000,1332.0000,1262.6900,1273.9200,1331.9000,7394627,9503366289.9800,1,0,1.0
2025-12-17,sh.688256,1270.1100,1320.0000,1263.5000,1315.6000,1273.9200,6313657,8165521985.8600,1,0,1.0
2025-12-18,sh.688256,1300.0000,1309.7700,1280.0200,1287.0000,1315.6000,3886562,5022391299.2200,1,0,1.0
2025-12-19,sh.688256,1300.0000,1301.0000,1264.0000,1268.0000,1287.0000,4326554,5527000531.1000,1,0,1.0
2025-12-22,sh.688256,1275.0100,1297.6500,1258.0000,1284.7700,1268.0000,6476694,8285582166.3800,1,0,1.0
2025-12-23,sh.688256,1278.2000,1350.0000,1275.1000,1336.0200,1284.7700,9143503,12143932520.0100,1,0,1.0
2025-12-24,sh.688256,1335.0000,1345.0000,1300.9900,1326.2000,1336.0200,5928662,7830827375.1700,1,0,1.0
2025-12-25,sh.688256,1315.0000,1333.9900,1310.0000,1319.4100,1326.2000,4051027,5343991086.4300,1,0,1.0
2025-12-26,sh.688256,1302.0000,1334.1500,1290.1000,1303.8900,1319.4100,4784797,6276085534.9700,1,0,1.0
2025-12-29,sh.688256,1309.9700,1398.0000,1308.0000,1358.5000,1303.8900,9835262,13413872869.7300,1,0,1.0
2025-12-30,sh.688256,1358.8800,1439.0000,1358.8800,1415.8000,1358.5000,9135367,12869406685.7300,1,0,1.0
2025-12-31,sh.688256,1426.0000,1432.0000,1348.1600,1355.5500,1415.8000,7026742,9747441407.8300,1,0,1.0
