date,code,open,high,low,close,preclose,volume,amount,tradestatus,isST,backAdjustFactor
2018-01-02,sz.000333,56.1500,57.0800,56.0200,56.3800,55.4300,32972518,1866579510.1700,1,0,4.297533
2018-01-03,sz.000333,56.5600,57.2500,55.4200,55.8000,56.3800,42836833,2412127948.2200,1,0,4.297533
2018-01-04,sz.000333,56.0200,57.3000,55.8200,57.2900,55.8000,40555708,2306429666.8700,1,0,4.297533
2018-01-05,sz.000333,57.6000,58.2000,56.7500,57.9600,57.2900,37185423,2137344306.7600,1,0,4.297533
2018-01-08,sz.000333,57.7000,58.3000,56.7200,57.6600,57.9600,36788480,2115094001.8100,1,0,4.297533
2018-01-09,sz.000333,57.8000,59.9500,57.2400,59.4800,57.6600,44805413,2638563276.9700,1,0,4.297533
2018-01-10,sz.000333,59.5900,61.3000,58.9000,60.5600,59.4800,44896688,2694648762.2500,1,0,4.297533
2018-01-11,sz.000333,60.0100,60.8800,58.8800,59.6200,60.5600,31603528,1888981548.1800,1,0,4.297533
2018-01-12,sz.000333,59.6200,61.1800,59.3000,60.8000,59.6200,25290020,1525807288.0100,1,0,4.297533
2018-01-15,sz.000333,61.3200,62.6600,61.0000,61.1600,60.8000,36722573,2266432850.0700,1,0,4.297533
2018-01-16,sz.000333,61.0000,61.8300,60.1000,61.0900,61.1600,28936528,1768100967.9000,1,0,4.297533
2018-01-17,sz.000333,61.0000,61.0100,58.4500,58.7500,61.0900,41403703,2459742680.3000,1,0,4.297533
2018-01-18,sz.000333,59.0000,59.7900,58.5000,58.9500,58.7500,22378155,1323941735.4000,1,0,4.297533
2018-01-19,sz.000333,58.9500,59.1100,57.9000,58.1700,58.9500,31387869,1830960804.9700,1,0,4.297533
2018-01-22,sz.000333,58.5800,61.5400,58.5800,61.4300,58.1700,45850148,2764421354.8000,1,0,4.297533
2018-01-23,sz.000333,61.3800,62.6400,60.2300,62.1200,61.4300,38647252,2373486892.2800,1,0,4.297533
2018-01-24,sz.000333,62.3900,62.6500,60.2000,60.4100,62.1200,32612654,1984093147.8300,1,0,4.297533
2018-01-25,sz.000333,60.8000,61.4200,59.0000,61.3000,60.4100,28256417,1707172485.3100,1,0,4.297533
2018-01-26,sz.000333,61.3000,62.6900,60.5300,62.0000,61.3000,33351639,2063068378.8700,1,0,4.297533
2018-01-29,sz.000333,61.9700,62.1800,58.9000,59.8700,62.0000,46708583,2810319406.7300,1,0,4.297533
2018-01-30,sz.000333,59.4200,60.6800,58.5000,58.7600,59.8700,30951625,1841490341.1800,1,0,4.297533
2018-01-31,sz.000333,58.3300,60.4200,58.2000,59.8200,58.7600,25407243,1512097801.5700,1,0,4.297533
2018-02-01,sz.000333,60.0000,60.1000,58.1400,59.3400,59.8200,38003198,2240855710.0000,1,0,4.297533
2018-02-02,sz.000333,58.9500,60.0900,58.4000,59.9000,59.3400,22489736,1339453852.3600,1,0,4.297533
2018-02-05,sz.000333,58.9100,59.5400,56.5000,57.3200,59.9000,55463901,3207265994.8400,1,0,4.297533
2018-02-06,sz.000333,55.7000,55.8100,53.8200,55.5000,57.3200,88034248,4837552400.2100,1,0,4.297533
2018-02-07,sz.000333,56.4000,56.5800,52.7100,52.7900,55.5000,53353862,2912160602.5300,1,0,4.297533
2018-02-08,sz.000333,52.6000,54.4400,52.5100,53.7700,52.7900,43978228,2353183880.6200,1,0,4.297533
2018-02-09,sz.000333,51.9500,52.4500,50.1500,51.9800,53.7700,60364840,3107079216.3400,1,0,4.297533
2018-02-12,sz.000333,51.9800,54.8800,51.9700,54.4200,51.9800,37456167,2020911734.3800,1,0,4.297533
2018-02-13,sz.000333,55.0400,56.5000,54.6800,55.3100,54.4200,25892044,1439646656.1600,1,0,4.297533
2018-02-14,sz.000333,55.6100,57.1000,54.7200,56.9200,55.3100,21957439,1235236270.2600,1,0,4.297533
2018-02-22,sz.000333,58.3000,58.5200,57.2000,58.1400,56.9200,25152719,1461224847.9300,1,0,4.297533
2018-02-23,sz.000333,58.4500,58.4800,56.9000,57.5500,58.1400,18050179,1039074373.0600,1,0,4.297533
2018-02-26,sz.000333,57.5800,58.2900,57.0000,57.7000,57.5500,24626625,1424718751.6600,1,0,4.297533
2018-02-27,sz.000333,57.7900,57.7900,54.5800,54.6000,57.7000,47885316,2667769406.5700,1,0,4.297533
2018-02-28,sz.000333,54.3500,55.8000,53.7000,54.9500,54.6000,31872104,1752933198.2700,1,0,4.297533
2018-03-01,sz.000333,54.9900,56.4900,54.8200,55.6000,54.9500,23790009,1325327535.8200,1,0,4.297533
2018-03-02,sz.000333,54.8600,57.6800,54.7700,56.2200,55.6000,36490364,2064011403.4500,1,0,4.297533
2018-03-05,sz.000333,56.1100,56.5500,55.5200,56.0200,56.2200,20417101,1142843072.4100,1,0,4.297533
2018-03-06,sz.000333,56.5300,56.6900,54.9000,56.2000,56.0200,19503043,1084322728.1400,1,0,4.297533
2018-03-07,sz.000333,56.2600,57.1600,55.8300,56.2600,56.2000,20892502,1183915592.2400,1,0,4.297533
2018-03-08,sz.000333,56.8700,59.2000,56.4000,59.1700,56.2600,38051889,2206248601.0700,1,0,4.297533
2018-03-09,sz.000333,59.4700,60.3900,58.7300,59.9100,59.1700,39472938,2356572671.7500,1,0,4.297533
2018-03-12,sz.000333,60.9800,62.5400,60.3500,60.7300,59.9100,46132537,2831384970.3500,1,0,4.297533
2018-03-13,sz.000333,60.7000,62.1900,60.2600,61.0600,60.7300,37782389,2320438068.4500,1,0,4.297533
2018-03-14,sz.000333,60.7000,61.6300,59.9500,60.4000,61.0600,27207216,1652444132.3000,1,0,4.297533
2018-03-15,sz.000333,59.9000,61.9000,59.8000,61.4100,60.4000,26696301,1632419118.8900,1,0,4.297533
2018-03-16,sz.000333,61.1000,61.4300,59.5000,59.6900,61.4100,25810503,1555874365.5500,1,0,4.297533
2018-03-19,sz.000333,59.6900,60.2800,59.0000,59.5700,59.6900,21159783,1260029782.0300,1,0,4.297533
2018-03-20,sz.000333,59.1100,59.6300,58.3000,59.3400,59.5700,17763764,1046101321.3100,1,0,4.297533
2018-03-21,sz.000333,59.6300,59.9600,58.2800,58.2800,59.3400,19725169,1164919607.3000,1,0,4.297533
2018-03-22,sz.000333,58.8800,58.9000,56.3600,56.9000,58.2800,32937831,1886620309.1400,1,0,4.297533
2018-03-23,sz.000333,54.7000,56.4500,53.7300,56.2400,56.9000,64162714,3526483698.1100,1,0,4.297533
2018-03-26,sz.000333,55.5000,55.9800,54.1000,55.2700,56.2400,37309849,2054321670.2200,1,0,4.297533
2018-03-27,sz.000333,56.1700,56.3800,54.1100,54.6100,55.2700,47106361,2602536138.5400,1,0,4.297533
2018-03-28,sz.000333,53.4900,54.0000,52.0100,53.1200,54.6100,54450412,2880441044.1400,1,0,4.297533
2018-03-29,sz.000333,53.4200,55.7800,52.3000,55.3000,53.1200,38594720,2098813873.1000,1,0,4.297533
2018-03-30,sz.000333,55.0000,55.3600,54.3600,54.5300,55.3000,30881466,1696101255.8000,1,0,4.297533
2018-04-02,sz.000333,53.3000,55.0000,52.6800,52.8400,54.5300,41715150,2227714703.7700,1,0,4.297533
2018-04-03,sz.000333,52.6900,53.6300,52.1800,52.5200,52.8400,31189520,1645036115.8500,1,0,4.297533
2018-04-04,sz.000333,52.8200,54.1000,52.0600,53.0100,52.5200,37152821,1980456944.6200,1,0,4.297533
2018-04-09,sz.000333,52.9100,53.3100,51.0000,51.3000,53.0100,42797042,2210491847.5400,1,0,4.297533
2018-04-10,sz.000333,51.4500,52.8000,51.1800,52.7700,51.3000,35424096,1846478110.3300,1,0,4.297533
2018-04-11,sz.000333,52.7800,53.6300,52.4100,52.9800,52.7700,46761431,2476801817.2000,1,0,4.297533
2018-04-12,sz.000333,52.9100,52.9400,51.8400,51.8700,52.9800,25207452,1317128205.7700,1,0,4.297533
2018-04-13,sz.000333,52.4000,52.4700,51.0100,51.3200,51.8700,24021567,1241813085.9100,1,0,4.297533
2018-04-16,sz.000333,51.3100,51.8000,49.1500,49.7900,51.3200,44470974,2228866673.2200,1,0,4.297533
2018-04-17,sz.000333,49.7400,50.5500,48.5900,49.8900,49.7900,31343761,1555082597.6700,1,0,4.297533
2018-04-18,sz.000333,50.6000,50.6300,47.9500,48.7300,49.8900,41607964,2037850000.5400,1,0,4.297533
2018-04-19,sz.000333,49.3300,51.5700,49.0000,51.5700,48.7300,43366015,2193162137.2300,1,0,4.297533
2018-04-20,sz.000333,51.7900,53.0000,50.9500,51.4000,51.5700,43041624,2233312240.0500,1,0,4.297533
2018-04-23,sz.000333,51.9000,52.8800,51.0000,52.0500,51.4000,28904416,1499909828.5500,1,0,4.297533
2018-04-24,sz.000333,52.3700,53.8700,52.3700,53.5500,52.0500,37387115,1996954467.9000,1,0,4.297533
2018-04-25,sz.000333,53.4500,53.6600,51.9000,52.6200,53.5500,36380149,1916903762.7200,1,0,4.297533
2018-04-26,sz.000333,51.6800,52.3300,50.8900,51.4000,52.6200,33110245,1707726691.0000,1,0,4.297533
2018-04-27,sz.000333,52.4200,52.4200,50.5500,51.6800,51.4000,40346569,2075967214.0700,1,0,4.297533
2018-05-02,sz.000333,51.2300,52.1100,50.4400,51.3500,51.6800,30686239,1570439080.3600,1,0,4.297533
2018-05-03,sz.000333,51.1500,53.2500,50.8300,53.2000,51.3500,30789023,1608563745.1300,1,0,4.297533
2018-05-04,sz.000333,52.1400,52.7200,50.9500,51.1000,52.0000,30284288,1561168880.1000,1,0,4.396706
2018-05-07,sz.000333,51.3900,52.5100,50.9500,52.4000,51.1000,29061967,1509943122.6400,1,0,4.396706
2018-05-08,sz.000333,52.4300,54.3700,52.4200,53.9000,52.4000,42279551,2267541992.5000,1,0,4.396706
2018-05-09,sz.000333,53.5100,54.1000,53.4600,53.9500,53.9000,17405405,935733594.1900,1,0,4.396706
2018-05-10,sz.000333,54.3000,54.6300,53.9000,54.3800,53.9500,22149533,1201775590.3800,1,0,4.396706
2018-05-11,sz.000333,54.8000,54.8800,53.5600,53.7500,54.3800,17019063,921004923.1500,1,0,4.396706
2018-05-14,sz.000333,53.9900,55.4300,53.8000,55.2400,53.7500,32394961,1777225761.3200,1,0,4.396706
2018-05-15,sz.000333,55.5300,55.8500,54.6500,55.2200,55.2400,28209713,1554553011.6300,1,0,4.396706
2018-05-16,sz.000333,54.8900,55.1200,54.0100,54.4000,55.2200,24342727,1327516671.7100,1,0,4.396706
2018-05-17,sz.000333,54.2000,54.3000,53.0200,53.1200,54.4000,22899693,1223353980.8400,1,0,4.396706
2018-05-18,sz.000333,53.2800,53.9700,52.4100,53.8900,53.1200,24445890,1299383544.1000,1,0,4.396706
2018-05-21,sz.000333,54.3800,54.5500,53.5100,53.9500,53.8900,17949718,969125519.2300,1,0,4.396706
2018-05-22,sz.000333,53.9000,53.9000,52.0000,52.6300,53.9500,35126289,1846227336.9500,1,0,4.396706
2018-05-23,sz.000333,52.5000,52.5000,51.7300,51.8000,52.6300,22108868,1149466460.5800,1,0,4.396706
2018-05-24,sz.000333,51.7900,51.9800,50.6500,50.9000,51.8000,22246115,1140837630.1300,1,0,4.396706
2018-05-25,sz.000333,50.8000,51.4300,50.3000,50.5900,50.9000,26159630,1329483347.8100,1,0,4.396706
2018-05-28,sz.000333,50.9000,52.2300,50.3000,51.9400,50.5900,27788643,1432263186.4500,1,0,4.396706
2018-05-29,sz.000333,51.5000,52.1900,51.2600,51.4900,51.9400,21660695,1119651378.3100,1,0,4.396706
2018-05-30,sz.000333,50.2500,51.4200,49.8800,50.7100,51.4900,26919428,1359774128.7600,1,0,4.396706
2018-05-31,sz.000333,51.0500,53.2500,50.9000,52.9100,50.7100,48836676,2559326201.2400,1,0,4.396706
2018-06-01,sz.000333,52.5000,52.8800,51.9400,52.1500,52.9100,24488663,1281257848.2900,1,0,4.396706
2018-06-04,sz.000333,52.9000,54.3000,52.7200,53.9900,52.1500,48720867,2627372964.5700,1,0,4.396706
2018-06-05,sz.000333,54.8000,55.1000,53.7200,54.9700,53.9900,41321079,2258778409.3200,1,0,4.396706
2018-06-06,sz.000333,55.2700,55.4400,54.4100,54.7400,54.9700,26008408,1428692636.4200,1,0,4.396706
2018-06-07,sz.000333,55.0700,55.3100,54.0500,54.3000,54.7400,26488957,1445351129.5800,1,0,4.396706
2018-06-08,sz.000333,54.1300,55.2000,54.0200,54.6600,54.3000,36371121,1986285601.5900,1,0,4.396706
2018-06-11,sz.000333,54.6600,56.6500,54.6200,56.3200,54.6600,58158396,3241913785.9800,1,0,4.396706
2018-06-12,sz.000333,56.3300,57.7500,55.8900,57.1900,56.3200,58518081,3335129558.5600,1,0,4.396706
2018-06-13,sz.000333,57.3900,58.0500,56.7900,56.9900,57.1900,36054642,2066765954.4000,1,0,4.396706
2018-06-14,sz.000333,57.2000,57.4300,55.4100,55.7800,56.9900,35484600,1996542957.4500,1,0,4.396706
2018-06-15,sz.000333,55.9200,56.9500,55.6000,56.2800,55.7800,31075241,1748373796.1100,1,0,4.396706
2018-06-19,sz.000333,55.1000,56.0000,53.7800,54.6200,56.2800,59114247,3263370603.1200,1,0,4.396706
2018-06-20,sz.000333,54.6200,55.7700,54.1600,55.1600,54.6200,29650740,1630126327.8600,1,0,4.396706
2018-06-21,sz.000333,55.5000,56.0500,54.2000,54.2200,55.1600,30744809,1700455369.3900,1,0,4.396706
2018-06-22,sz.000333,53.6800,53.6800,52.3400,53.6500,54.2200,35857836,1903580681.4000,1,0,4.396706
2018-06-25,sz.000333,53.7000,54.1400,52.8600,52.9000,53.6500,27206565,1456438251.2800,1,0,4.396706
2018-06-26,sz.000333,52.0500,53.0000,51.7600,52.3300,52.9000,30275701,1584092953.3300,1,0,4.396706
2018-06-27,sz.000333,52.4200,53.0700,50.4800,50.4800,52.3300,42651620,2194726267.4400,1,0,4.396706
2018-06-28,sz.000333,50.0500,51.2200,49.5100,50.1000,50.4800,36103579,1820036677.3000,1,0,4.396706
2018-06-29,sz.000333,50.6000,52.4000,50.1100,52.2200,50.1000,29130409,1498577043.8600,1,0,4.396706
2018-07-02,sz.000333,51.9100,51.9100,48.0000,48.6800,52.2200,57171168,2849314556.0300,1,0,4.396706
2018-07-03,sz.000333,48.7000,49.1000,45.3800,47.7600,48.6800,78129039,3678015984.4500,1,0,4.396706
2018-07-04,sz.000333,47.7600,47.8700,45.0000,45.1100,47.7600,59623106,2748494685.7000,1,0,4.396706
2018-07-05,sz.000333,46.4900,47.3000,45.8400,46.0500,45.1100,63779643,2968462017.5900,1,0,4.396706
2018-07-06,sz.000333,46.5800,47.9800,45.8000,47.4000,46.0500,48587499,2282804403.0400,1,0,4.396706
2018-07-09,sz.000333,47.8900,49.1000,47.4000,49.0500,47.4000,36584156,1773736487.5700,1,0,4.396706
2018-07-10,sz.000333,49.2000,49.3500,47.4300,48.5000,49.0500,42437801,2047604988.8500,1,0,4.396706
2018-07-11,sz.000333,46.7100,47.6700,46.4700,47.2000,48.5000,36314578,1708613018.6100,1,0,4.396706
2018-07-12,sz.000333,47.1500,48.5000,47.1000,47.8300,47.2000,43200092,2066086370.9400,1,0,4.396706
2018-07-13,sz.000333,47.9000,48.2000,47.5000,47.8400,47.8300,32400430,1548794302.5700,1,0,4.396706
2018-07-16,sz.000333,48.2900,48.8400,47.0600,47.3800,47.8400,33477047,1598678387.3000,1,0,4.396706
2018-07-17,sz.000333,47.3700,47.3800,46.0200,46.4700,47.3800,39608762,1836892316.6900,1,0,4.396706
2018-07-18,sz.000333,46.7000,47.1200,45.8800,45.9000,46.4700,34287284,1588486960.2000,1,0,4.396706
2018-07-19,sz.000333,46.3100,46.6000,45.7500,46.3500,45.9000,25385150,1173236488.1600,1,0,4.396706
2018-07-20,sz.000333,46.2500,46.9000,45.2300,46.5700,46.3500,50060292,2296204680.9900,1,0,4.396706
2018-07-23,sz.000333,46.3800,46.5900,45.6900,46.5800,46.5700,35740990,1649543727.9500,1,0,4.396706
2018-07-24,sz.000333,47.0000,48.5600,47.0000,48.3800,46.5800,71936095,3452914190.9100,1,0,4.396706
2018-07-25,sz.000333,48.6400,48.6500,47.5500,47.6800,48.3800,39620880,1895609404.3000,1,0,4.396706
2018-07-26,sz.000333,47.8000,48.4600,47.6700,47.8400,47.6800,43717177,2099583172.7000,1,0,4.396706
2018-07-27,sz.000333,48.1300,48.1300,47.1200,47.1900,47.8400,27249570,1293155816.5800,1,0,4.396706
2018-07-30,sz.000333,47.4000,47.6800,47.0000,47.4600,47.1900,26460552,1250354892.9700,1,0,4.396706
2018-07-31,sz.000333,47.2500,47.7500,47.0100,47.6100,47.4600,27984983,1329361575.6500,1,0,4.396706
2018-08-01,sz.000333,47.9000,48.1000,46.2000,46.2800,47.6100,32261268,1519389233.7600,1,0,4.396706
2018-08-02,sz.000333,46.1000,46.1000,43.8800,44.0800,46.2800,66072330,2942194007.5200,1,0,4.396706
2018-08-03,sz.000333,43.9900,44.0000,41.4100,41.8800,44.0800,70101644,2978175038.8800,1,0,4.396706
2018-08-06,sz.000333,42.0100,42.9700,41.8000,42.3000,41.8800,50608598,2144920587.2700,1,0,4.396706
2018-08-07,sz.000333,42.9400,44.7400,42.5000,44.6600,42.3000,49870844,2171929618.4700,1,0,4.396706
2018-08-08,sz.000333,44.8900,44.8900,43.9200,44.1500,44.6600,43869719,1949283577.0400,1,0,4.396706
2018-08-09,sz.000333,44.0600,45.8100,43.5000,45.1400,44.1500,36049234,1625745246.6600,1,0,4.396706
2018-08-10,sz.000333,45.0000,45.7300,44.7700,44.9800,45.1400,28001415,1264938163.7300,1,0,4.396706
2018-08-13,sz.000333,44.6000,44.8500,43.8000,44.5900,44.9800,22556873,999740459.0100,1,0,4.396706
2018-08-14,sz.000333,44.6700,44.6700,43.4500,43.6500,44.5900,28926176,1270602457.5000,1,0,4.396706
2018-08-15,sz.000333,43.5900,43.5900,41.8900,42.0200,43.6500,41465949,1758445506.0500,1,0,4.396706
2018-08-16,sz.000333,41.1700,42.9000,41.0700,42.3200,42.0200,32217105,1354274311.0400,1,0,4.396706
2018-08-17,sz.000333,42.6400,42.9200,41.0200,41.1200,42.3200,31582729,1314589212.5100,1,0,4.396706
2018-08-20,sz.000333,41.1200,41.7000,40.5100,41.7000,41.1200,29979363,1234034388.1100,1,0,4.396706
2018-08-21,sz.000333,42.0000,42.8400,41.5700,42.5600,41.7000,37206702,1575726239.6400,1,0,4.396706
2018-08-22,sz.000333,42.3000,42.5000,41.5100,41.7100,42.5600,21473436,898024796.0500,1,0,4.396706
2018-08-23,sz.000333,41.4000,42.0500,40.5900,41.2200,41.7100,33759546,1393122591.0500,1,0,4.396706
2018-08-24,sz.000333,41.0000,41.7700,40.8600,41.3800,41.2200,23057495,954254306.4000,1,0,4.396706
2018-08-27,sz.000333,41.8500,42.9600,41.7000,42.9100,41.3800,38032813,1615957754.1100,1,0,4.396706
2018-08-28,sz.000333,43.1800,43.9000,42.9100,43.3100,42.9100,33174235,1439081390.1000,1,0,4.396706
2018-08-29,sz.000333,43.0000,43.2600,42.2500,42.5100,43.3100,24046861,1026363471.5200,1,0,4.396706
2018-08-30,sz.000333,42.4400,42.8900,41.7400,41.8000,42.5100,25955451,1093950546.4800,1,0,4.396706
2018-08-31,sz.000333,41.8000,41.8200,40.6000,41.6000,41.8000,39138383,1613498597.0200,1,0,4.396706
2018-09-03,sz.000333,41.4900,41.8500,40.8900,41.7300,41.6000,22296425,923664988.6000,1,0,4.396706
2018-09-04,sz.000333,42.0000,42.4800,41.1500,42.2800,41.7300,24493000,1026406662.1800,1,0,4.396706
2018-09-05,sz.000333,41.8600,42.0000,41.0000,41.0000,42.2800,23670445,979468971.0500,1,0,4.396706
2018-09-06,sz.000333,40.8500,41.4200,40.2700,40.3400,41.0000,26366032,1075515249.6900,1,0,4.396706
2018-09-07,sz.000333,40.5500,41.2000,39.9600,40.3000,40.3400,20397164,826452500.2400,1,0,4.396706
2018-09-10,sz.000333,40.3000,40.3000,40.3000,40.3000,40.3000,0,0.0000,0,0,4.396706
2018-09-11,sz.000333,40.3000,40.3000,40.3000,40.3000,40.3000,0,0.0000,0,0,4.396706
2018-09-12,sz.000333,40.3000,40.3000,40.3000,40.3000,40.3000,0,0.0000,0,0,4.396706
2018-09-13,sz.000333,40.3000,40.3000,40.3000,40.3000,40.3000,0,0.0000,0,0,4.396706
2018-09-14,sz.000333,40.3000,40.3000,40.3000,40.3000,40.3000,0,0.0000,0,0,4.396706
2018-09-17,sz.000333,40.3000,40.3000,40.3000,40.3000,40.3000,0,0.0000,0,0,4.396706
2018-09-18,sz.000333,40.3000,40.3000,40.3000,40.3000,40.3000,0,0.0000,0,0,4.396706
2018-09-19,sz.000333,40.3000,40.3000,40.3000,40.3000,40.3000,0,0.0000,0,0,4.396706
2018-09-20,sz.000333,40.3000,40.3000,40.3000,40.3000,40.3000,0,0.0000,0,0,4.396706
2018-09-21,sz.000333,40.3000,40.3000,40.3000,40.3000,40.3000,0,0.0000,0,0,4.396706
2018-09-25,sz.000333,40.3000,40.3000,40.3000,40.3000,40.3000,0,0.0000,0,0,4.396706
2018-09-26,sz.000333,40.3000,40.3000,40.3000,40.3000,40.3000,0,0.0000,0,0,4.396706
2018-09-27,sz.000333,40.3000,40.3000,40.3000,40.3000,40.3000,0,0.0000,0,0,4.396706
2018-09-28,sz.000333,40.3000,40.3000,40.3000,40.3000,40.3000,0,0.0000,0,0,4.396706
2018-10-08,sz.000333,40.3000,40.3000,40.3000,40.3000,40.3000,0,0.0000,0,0,4.396706
2018-10-09,sz.000333,40.3000,40.3000,40.3000,40.3000,40.3000,0,0.0000,0,0,4.396706
2018-10-10,sz.000333,40.3000,40.3000,40.3000,40.3000,40.3000,0,0.0000,0,0,4.396706
2018-10-11,sz.000333,40.3000,40.3000,40.3000,40.3000,40.3000,0,0.0000,0,0,4.396706
2018-10-12,sz.000333,40.3000,40.3000,40.3000,40.3000,40.3000,0,0.0000,0,0,4.396706
2018-10-15,sz.000333,40.3000,40.3000,40.3000,40.3000,40.3000,0,0.0000,0,0,4.396706
2018-10-16,sz.000333,40.3000,40.3000,40.3000,40.3000,40.3000,0,0.0000,0,0,4.396706
2018-10-17,sz.000333,40.3000,40.3000,40.3000,40.3000,40.3000,0,0.0000,0,0,4.396706
2018-10-18,sz.000333,40.3000,40.3000,40.3000,40.3000,40.3000,0,0.0000,0,0,4.396706
2018-10-19,sz.000333,40.3000,40.3000,40.3000,40.3000,40.3000,0,0.0000,0,0,4.396706
2018-10-22,sz.000333,40.3000,40.3000,40.3000,40.3000,40.3000,0,0.0000,0,0,4.396706
2018-10-23,sz.000333,40.3000,40.3000,40.3000,40.3000,40.3000,0,0.0000,0,0,4.396706
2018-10-24,sz.000333,40.3000,40.3000,40.3000,40.3000,40.3000,0,0.0000,0,0,4.396706
2018-10-25,sz.000333,40.3000,40.3000,40.3000,40.3000,40.3000,0,0.0000,0,0,4.396706
2018-10-26,sz.000333,40.3000,40.3000,40.3000,40.3000,40.3000,0,0.0000,0,0,4.396706
2018-10-29,sz.000333,37.1000,37.8800,36.2700,36.2700,40.3000,98122244,3610734351.3700,1,0,4.396706
2018-10-30,sz.000333,34.1000,36.7700,34.1000,36.3300,36.2700,65590811,2344670896.9900,1,0,4.396706
2018-10-31,sz.000333,35.8600,37.0800,35.5600,37.0400,36.3300,47864888,1748865778.4200,1,0,4.396706
2018-11-01,sz.000333,37.8600,39.3200,37.8000,38.6200,37.0400,49778281,1919656150.2200,1,0,4.396706
2018-11-02,sz.000333,40.9100,41.6000,39.9900,40.9800,38.6200,74607086,3045071079.8400,1,0,4.396706
2018-11-05,sz.000333,40.8100,41.3600,40.6300,41.2800,40.9800,34163776,1400072273.7700,1,0,4.396706
2018-11-06,sz.000333,40.8000,41.1000,39.9400,40.1800,41.2800,33423766,1346925655.4000,1,0,4.396706
2018-11-07,sz.000333,40.1800,41.2800,39.7200,40.7800,40.1800,34861319,1418465079.1100,1,0,4.396706
2018-11-08,sz.000333,41.2900,41.4300,40.5000,40.6300,40.7800,26445652,1080657733.7700,1,0,4.396706
2018-11-09,sz.000333,40.2100,40.5100,39.7000,39.7700,40.6300,24056423,960992654.5600,1,0,4.396706
2018-11-12,sz.000333,39.7700,40.3100,39.0100,40.1400,39.7700,21328024,851523086.3300,1,0,4.396706
2018-11-13,sz.000333,39.5000,41.4100,39.3000,41.3000,40.1400,33918405,1380602381.5300,1,0,4.396706
2018-11-14,sz.000333,41.3500,41.3700,40.7500,40.8500,41.3000,18178784,745008860.8800,1,0,4.396706
2018-11-15,sz.000333,40.6000,41.2400,40.5100,41.1100,40.8500,17224535,705975094.8500,1,0,4.396706
2018-11-16,sz.000333,41.1100,42.5400,40.9000,42.0000,41.1100,30313927,1268911053.5000,1,0,4.396706
2018-11-19,sz.000333,41.9000,42.5000,41.2500,42.3000,42.0000,20720684,868819011.7200,1,0,4.396706
2018-11-20,sz.000333,41.9000,42.2600,40.3000,40.8000,42.3000,27752447,1148012121.8000,1,0,4.396706
2018-11-21,sz.000333,40.1000,41.0800,40.0600,40.3200,40.8000,23220091,939488734.1200,1,0,4.396706
2018-11-22,sz.000333,40.7600,40.9600,40.1000,40.6300,40.3200,18218720,738494853.1900,1,0,4.396706
2018-11-23,sz.000333,40.4100,41.0200,39.8100,39.8800,40.6300,22076481,888505532.7700,1,0,4.396706
2018-11-26,sz.000333,39.6000,40.2600,39.5000,40.0200,39.8800,13640194,545341985.9800,1,0,4.396706
2018-11-27,sz.000333,40.1000,40.4800,39.3500,39.6600,40.0200,16303285,652125513.5600,1,0,4.396706
2018-11-28,sz.000333,39.2500,40.2800,39.2500,40.0200,39.6600,15096883,602172517.8800,1,0,4.396706
2018-11-29,sz.000333,40.3000,40.3700,38.7300,38.8000,40.0200,24955020,984225120.5800,1,0,4.396706
2018-11-30,sz.000333,38.9000,39.0600,38.2800,38.6900,38.8000,21609333,832245887.2900,1,0,4.396706
2018-12-03,sz.000333,40.0000,41.0000,39.7300,40.8300,38.6900,52639184,2130194418.5700,1,0,4.396706
2018-12-04,sz.000333,40.2300,40.7800,40.2300,40.5400,40.8300,21390619,867008921.9400,1,0,4.396706
2018-12-05,sz.000333,40.0000,40.3000,39.8100,40.0000,40.5400,19192821,768053603.9400,1,0,4.396706
2018-12-06,sz.000333,39.2100,39.7200,38.8800,38.9600,40.0000,21269118,833847745.4500,1,0,4.396706
2018-12-07,sz.000333,39.0100,39.1900,38.2500,38.4800,38.9600,22666047,872710039.4200,1,0,4.396706
2018-12-10,sz.000333,38.0000,38.1500,36.7100,37.0600,38.4800,34656826,1288199875.2400,1,0,4.396706
2018-12-11,sz.000333,36.8500,37.2600,36.4600,37.0400,37.0600,27087698,996533804.0200,1,0,4.396706
2018-12-12,sz.000333,37.4700,38.0100,37.1600,37.7400,37.0400,26212518,983251039.6500,1,0,4.396706
2018-12-13,sz.000333,38.0000,40.3500,37.8900,40.1200,37.7400,73813055,2920106207.4800,1,0,4.396706
2018-12-14,sz.000333,39.8000,40.2100,39.5000,39.7500,40.1200,32482923,1294255775.8800,1,0,4.396706
2018-12-17,sz.000333,39.9700,40.1700,39.0600,39.4600,39.7500,30275497,1196622235.0400,1,0,4.396706
2018-12-18,sz.000333,39.1500,39.5200,38.5200,38.8100,39.4600,32806107,1276899831.7400,1,0,4.396706
2018-12-19,sz.000333,38.8100,39.1800,38.1000,38.2500,38.8100,18387980,711325677.2700,1,0,4.396706
2018-12-20,sz.000333,38.1800,38.6900,37.8900,38.3300,38.2500,20858219,799129970.7600,1,0,4.396706
2018-12-21,sz.000333,38.0900,38.2500,37.3000,37.9200,38.3300,25844948,973696353.8900,1,0,4.396706
2018-12-24,sz.000333,37.4300,37.7900,37.0200,37.7400,37.9200,16464210,615507715.2000,1,0,4.396706
2018-12-25,sz.000333,37.0200,37.7500,36.7000,37.3800,37.7400,19271255,715052123.8000,1,0,4.396706
2018-12-26,sz.000333,37.4000,37.9000,36.9000,37.1300,37.3800,15094726,563234725.9100,1,0,4.396706
2018-12-27,sz.000333,37.9100,38.0600,36.8000,36.8000,37.1300,23074745,864454239.9300,1,0,4.396706
2018-12-28,sz.000333,36.7500,37.4000,36.3100,36.8600,36.8000,21167603,782455535.2300,1,0,4.396706
2019-01-02,sz.000333,37.2000,37.3800,36.3000,36.4400,36.8600,20862411,764857118.9800,1,0,4.396706
2019-01-03,sz.000333,36.2600,36.8300,36.0000,36.2000,36.4400,14323343,520938086.5100,1,0,4.396706
2019-01-04,sz.000333,35.9900,37.0700,35.8000,36.9900,36.2000,27711832,1012555409.2300,1,0,4.396706
2019-01-07,sz.000333,37.6600,37.6600,36.6600,36.9900,36.9900,25299657,937395171.0400,1,0,4.396706
2019-01-08,sz.000333,37.0500,37.2000,36.6800,36.8600,36.9900,13469806,496396722.8800,1,0,4.396706
2019-01-09,sz.000333,38.2500,39.5000,37.8200,39.0000,36.8600,82585850,3201852582.3800,1,0,4.396706
2019-01-10,sz.000333,38.8600,39.7800,38.6000,39.2900,39.0000,35595556,1398943848.9600,1,0,4.396706
2019-01-11,sz.000333,39.5000,39.9500,38.8500,39.8400,39.2900,27813944,1098274247.0200,1,0,4.396706
2019-01-14,sz.000333,39.9100,40.3600,39.3200,39.4500,39.8400,18716051,743527539.7700,1,0,4.396706
2019-01-15,sz.000333,39.5000,41.0200,39.3300,41.0000,39.4500,40219032,1629499422.4600,1,0,4.396706
2019-01-16,sz.000333,41.0000,41.4600,40.6200,41.2000,41.0000,28623403,1177411062.7000,1,0,4.396706
2019-01-17,sz.000333,41.2000,41.7000,40.8800,40.9100,41.2000,25974048,1073148520.3900,1,0,4.396706
2019-01-18,sz.000333,41.4500,42.1000,41.0400,42.0800,40.9100,38442799,1603555662.4400,1,0,4.396706
2019-01-21,sz.000333,42.2000,42.8000,41.6000,42.0900,42.0800,29411593,1241232667.5900,1,0,4.396706
2019-01-22,sz.000333,42.1000,42.3100,41.0200,41.3000,42.0900,24468218,1012517244.6400,1,0,4.396706
2019-01-23,sz.000333,40.9900,42.0500,40.9900,41.4600,41.3000,19227308,800266571.6500,1,0,4.396706
2019-01-24,sz.000333,41.8000,42.0900,41.2100,41.5900,41.4600,21956286,914100254.2300,1,0,4.396706
2019-01-25,sz.000333,41.7300,42.1000,40.7000,41.9000,41.5900,26754815,1112391466.9200,1,0,4.396706
2019-01-28,sz.000333,42.1800,43.0000,41.8000,41.8400,41.9000,34221268,1454201792.5000,1,0,4.396706
2019-01-29,sz.000333,41.8400,43.0000,41.4600,43.0000,41.8400,36969152,1565725524.9100,1,0,4.396706
2019-01-30,sz.000333,42.7900,42.9000,42.1000,42.1000,43.0000,29219142,1242106824.4200,1,0,4.396706
2019-01-31,sz.000333,42.8800,43.6000,42.4500,43.5300,42.1000,38921536,1676325685.9200,1,0,4.396706
2019-02-01,sz.000333,44.3500,44.5000,43.5300,44.2600,43.5300,31220321,1378311583.3300,1,0,4.396706
2019-02-11,sz.000333,43.9600,46.3200,43.9000,46.0800,44.2600,34905404,1588661129.5800,1,0,4.396706
2019-02-12,sz.000333,46.0000,46.9000,45.6500,46.4900,46.0800,30289403,1404091094.6900,1,0,4.396706
2019-02-13,sz.000333,46.7400,47.2300,45.9000,46.8000,46.4900,32414274,1511519913.2400,1,0,4.396706
2019-02-14,sz.000333,46.9000,47.3100,46.5000,47.1500,46.8000,22921397,1077612635.8800,1,0,4.396706
2019-02-15,sz.000333,46.7500,46.7500,45.0000,45.2700,47.1500,46535959,2121611351.9900,1,0,4.396706
2019-02-18,sz.000333,45.8000,46.4600,45.5500,46.4000,45.2700,32570218,1500350038.2500,1,0,4.396706
2019-02-19,sz.000333,46.4800,47.3400,45.6100,46.0800,46.4000,28075864,1303139829.5800,1,0,4.396706
2019-02-20,sz.000333,46.0800,46.0800,46.0800,46.0800,46.0800,0,0.0000,0,0,4.396706
2019-02-21,sz.000333,46.5000,47.4200,45.6400,45.8600,46.0800,41442275,1917916038.4700,1,0,4.396706
2019-02-22,sz.000333,45.9000,45.9000,44.3500,45.6100,45.8600,38882485,1750311007.8700,1,0,4.396706
2019-02-25,sz.000333,47.5000,49.3900,46.6900,49.1700,45.6100,72852267,3466143742.3300,1,0,4.396706
2019-02-26,sz.000333,48.3500,48.7000,47.3500,47.3600,49.1700,49051749,2357420867.7200,1,0,4.396706
2019-02-27,sz.000333,47.1500,48.2100,47.1500,47.6400,47.3600,31870518,1519672018.7700,1,0,4.396706
2019-02-28,sz.000333,47.6500,48.1800,47.4500,47.7800,47.6400,25324278,1209359036.9800,1,0,4.396706
2019-03-01,sz.000333,48.1000,48.6700,47.8700,48.5700,47.7800,35840055,1732559947.6000,1,0,4.396706
2019-03-04,sz.000333,49.1100,50.2000,48.6000,48.9600,48.5700,54264368,2680277816.6100,1,0,4.396706
2019-03-05,sz.000333,49.4200,49.5000,48.7100,49.0000,48.9600,30924255,1516133283.2600,1,0,4.396706
2019-03-06,sz.000333,49.3800,49.6800,48.7000,49.1000,49.0000,31652373,1553672307.3100,1,0,4.396706
2019-03-07,sz.000333,49.0000,49.0000,47.1800,47.5600,49.1000,51162679,2450618685.9300,1,0,4.396706
2019-03-08,sz.000333,46.6600,47.2300,45.7000,45.8000,47.5600,46300910,2143103988.4200,1,0,4.396706
2019-03-11,sz.000333,45.8500,46.6800,45.8500,46.5800,45.8000,29056058,1345836614.4800,1,0,4.396706
2019-03-12,sz.000333,47.4000,47.6200,45.7600,46.1600,46.5800,41167837,1923704514.4800,1,0,4.396706
2019-03-13,sz.000333,46.1800,46.6400,45.5300,46.2300,46.1600,34880545,1601035403.5000,1,0,4.396706
2019-03-14,sz.000333,46.2000,47.1700,46.1500,46.4100,46.2300,34423123,1607571195.0900,1,0,4.396706
2019-03-15,sz.000333,47.3000,48.5800,46.8400,47.9300,46.4100,67236236,3208694077.7900,1,0,4.396706
2019-03-18,sz.000333,47.5000,49.5000,47.3000,49.3200,47.9300,51499192,2513133993.9100,1,0,4.396706
2019-03-19,sz.000333,49.5300,49.7700,48.6800,49.2500,49.3200,29701916,1458253078.3400,1,0,4.396706
2019-03-20,sz.000333,49.2500,49.4500,48.3800,48.9000,49.2500,29175155,1427029779.4900,1,0,4.396706
2019-03-21,sz.000333,48.6500,48.8000,48.0800,48.2400,48.9000,25832581,1248826262.3800,1,0,4.396706
2019-03-22,sz.000333,48.3000,48.8200,47.7100,48.6000,48.2400,22708007,1095838362.1800,1,0,4.396706
2019-03-25,sz.000333,47.6800,48.2000,46.5600,46.6900,48.6000,32685557,1548505467.8000,1,0,4.396706
2019-03-26,sz.000333,47.1000,47.1000,45.9100,46.5700,46.6900,22442361,1045158394.8300,1,0,4.396706
2019-03-27,sz.000333,46.9800,47.8000,46.5900,47.5700,46.5700,22752274,1077398364.9300,1,0,4.396706
2019-03-28,sz.000333,47.5800,47.7400,46.8100,47.1400,47.5700,20235793,955165290.5400,1,0,4.396706
2019-03-29,sz.000333,47.0100,48.8800,47.0100,48.7300,47.1400,43946365,2127847649.8800,1,0,4.396706
2019-04-01,sz.000333,49.3000,53.5700,49.2500,52.9300,48.7300,97458863,5041465396.0400,1,0,4.396706
2019-04-02,sz.000333,52.9300,53.3600,51.7300,51.9000,52.9300,55677616,2906671781.0700,1,0,4.396706
2019-04-03,sz.000333,51.4600,52.5600,51.4500,52.2000,51.9000,37881297,1971575177.8600,1,0,4.396706
2019-04-04,sz.000333,52.2000,53.9800,52.1900,53.6500,52.2000,53724512,2868122017.4600,1,0,4.396706
2019-04-08,sz.000333,53.6500,55.6600,53.2000,54.1800,53.6500,52200536,2836276737.3000,1,0,4.396706
2019-04-09,sz.000333,55.5100,56.3500,54.2000,55.0100,54.1800,41411208,2279920426.0000,1,0,4.396706
2019-04-10,sz.000333,54.7000,55.5700,53.6500,54.7200,55.0100,39869943,2167514768.9900,1,0,4.396706
2019-04-11,sz.000333,54.7200,54.7500,52.3100,52.4400,54.7200,51552545,2735915625.7700,1,0,4.396706
2019-04-12,sz.000333,51.8500,52.4300,50.4700,51.2900,52.4400,46963565,2408399124.7400,1,0,4.396706
2019-04-15,sz.000333,52.0500,53.3000,51.5000,51.5000,51.2900,40118707,2099197416.9700,1,0,4.396706
2019-04-16,sz.000333,51.0000,52.8800,50.6500,52.8800,51.5000,31212763,1619936652.7100,1,0,4.396706
2019-04-17,sz.000333,53.1300,53.5900,51.9700,53.0000,52.8800,36187013,1906297240.9200,1,0,4.396706
2019-04-18,sz.000333,53.5300,54.3300,53.1000,53.4200,53.0000,26587494,1427725087.0600,1,0,4.396706
2019-04-19,sz.000333,53.3500,55.7500,52.7000,55.0800,53.4200,37099542,2009741084.0900,1,0,4.396706
2019-04-22,sz.000333,54.9900,54.9900,52.2000,52.7900,55.0800,41516788,2213184521.8400,1,0,4.396706
2019-04-23,sz.000333,52.2000,52.8500,51.5700,52.2700,52.7900,36013507,1876295374.2600,1,0,4.396706
2019-04-24,sz.000333,52.5000,52.8300,51.5500,52.6000,52.2700,28905902,1510805576.0200,1,0,4.396706
2019-04-25,sz.000333,52.3000,52.3000,51.2800,51.4100,52.6000,25679535,1328686004.7000,1,0,4.396706
2019-04-26,sz.000333,50.9700,51.3600,49.2600,49.3700,51.4100,45929376,2296898142.8900,1,0,4.396706
2019-04-29,sz.000333,49.3700,51.9800,49.3600,51.3100,49.3700,44756287,2296294398.2600,1,0,4.396706
2019-04-30,sz.000333,51.4000,53.5000,51.4000,52.4000,51.3100,45987952,2407890584.5400,1,0,4.396706
2019-05-06,sz.000333,49.9000,51.0400,49.0000,49.0700,52.4000,66323495,3318296818.5800,1,0,4.396706
2019-05-07,sz.000333,50.3000,51.4900,49.9000,50.7500,49.0700,71785225,3653919598.1100,1,0,4.396706
2019-05-08,sz.000333,50.7500,50.7500,50.7500,50.7500,50.7500,0,0.0000,0,0,4.396706
2019-05-09,sz.000333,50.7500,50.7500,50.7500,50.7500,50.7500,0,0.0000,0,0,4.396706
2019-05-10,sz.000333,50.7500,50.7500,50.7500,50.7500,50.7500,0,0.0000,0,0,4.396706
2019-05-13,sz.000333,50.7500,50.7500,50.7500,50.7500,50.7500,0,0.0000,0,0,4.396706
2019-05-14,sz.000333,50.7500,50.7500,50.7500,50.7500,50.7500,0,0.0000,0,0,4.396706
2019-05-15,sz.000333,50.7500,50.7500,50.7500,50.7500,50.7500,0,0.0000,0,0,4.396706
2019-05-16,sz.000333,50.7500,50.7500,50.7500,50.7500,50.7500,0,0.0000,0,0,4.396706
2019-05-17,sz.000333,50.7500,50.7500,50.7500,50.7500,50.7500,0,0.0000,0,0,4.396706
2019-05-20,sz.000333,50.7500,50.7500,50.7500,50.7500,50.7500,0,0.0000,0,0,4.396706
2019-05-21,sz.000333,50.7500,50.7500,50.7500,50.7500,50.7500,0,0.0000,0,0,4.396706
2019-05-22,sz.000333,51.5100,53.2200,51.0000,51.4100,50.7500,80369414,4187357486.4300,1,0,4.396706
2019-05-23,sz.000333,50.7000,50.8000,49.4000,49.5100,51.4100,42114999,2104165315.2800,1,0,4.396706
2019-05-24,sz.000333,49.2800,50.2800,49.0100,49.8200,49.5100,29940665,1489846494.5800,1,0,4.396706
2019-05-27,sz.000333,49.8200,50.0800,48.8800,49.7500,49.8200,28480786,1406654784.4100,1,0,4.396706
2019-05-28,sz.000333,49.7700,51.2200,49.7700,50.5100,49.7500,34988936,1771284994.7400,1,0,4.396706
2019-05-29,sz.000333,50.0500,50.9200,49.8500,50.3800,50.5100,21849380,1100280782.9400,1,0,4.396706
2019-05-30,sz.000333,49.3700,49.7200,48.5000,49.4500,49.0800,32332955,1586232809.6800,1,0,4.513163
2019-05-31,sz.000333,49.0000,50.1500,48.9500,49.6000,49.4500,24107766,1201722988.6700,1,0,4.513163
2019-06-03,sz.000333,49.7900,50.9900,49.7500,50.1200,49.6000,22801010,1147776867.2900,1,0,4.513163
2019-06-04,sz.000333,50.1300,50.5900,49.2100,49.7000,50.1200,16344731,811702804.4800,1,0,4.513163
2019-06-05,sz.000333,50.4200,50.5400,49.2500,49.5100,49.7000,22979619,1147254243.7000,1,0,4.513163
2019-06-06,sz.000333,50.1000,50.1000,48.8700,49.1200,49.5100,18573924,918001247.2000,1,0,4.513163
2019-06-10,sz.000333,49.5600,50.0000,49.3400,49.7600,49.1200,24381043,1213075623.0800,1,0,4.513163
2019-06-11,sz.000333,49.6900,51.8400,49.6000,51.4700,49.7600,37427417,1912923617.8500,1,0,4.513163
2019-06-12,sz.000333,51.3400,51.6200,50.8300,51.5100,51.4700,21263683,1089754701.0800,1,0,4.513163
2019-06-13,sz.000333,51.6900,51.6900,50.2100,51.0300,51.5100,20181618,1027154861.9300,1,0,4.513163
2019-06-14,sz.000333,51.2800,51.9000,50.5500,50.5700,51.0300,13592896,692935413.9900,1,0,4.513163
2019-06-17,sz.000333,50.8700,51.2500,50.3900,50.7900,50.5700,13274503,674222037.7300,1,0,4.513163
2019-06-18,sz.000333,50.7600,51.3000,50.5000,50.9100,50.7900,12021879,613259814.3000,1,0,4.513163
2019-06-19,sz.000333,52.5000,52.9700,52.0100,52.0100,50.9100,26345355,1381397040.4100,1,0,4.513163
2019-06-20,sz.000333,52.3600,53.9500,52.1100,53.2900,52.0100,44843750,2389697357.5600,1,0,4.513163
2019-06-21,sz.000333,52.8100,53.5700,51.8300,52.1100,53.2900,62281987,3260271975.8900,1,0,4.513163
2019-06-24,sz.000333,51.8300,52.6200,51.4000,52.1800,52.1100,37697202,1965902486.0300,1,0,4.513163
2019-06-25,sz.000333,52.0000,52.1800,51.0000,51.4400,52.1800,33048049,1701992981.3400,1,0,4.513163
2019-06-26,sz.000333,51.5100,51.8300,51.3200,51.5100,51.4400,20254883,1043841121.7100,1,0,4.513163
2019-06-27,sz.000333,51.7000,52.2800,51.3500,51.7700,51.5100,34520988,1789191029.9700,1,0,4.513163
2019-06-28,sz.000333,51.6900,52.1900,51.4000,51.8600,51.7700,16957648,878142832.6800,1,0,4.513163
2019-07-01,sz.000333,52.9700,54.4500,52.7600,54.0900,51.8600,61163012,3287136780.3500,1,0,4.513163
2019-07-02,sz.000333,53.6600,55.1000,53.5600,54.8100,54.0900,50048615,2731208814.8400,1,0,4.513163
2019-07-03,sz.000333,55.2200,55.3200,53.6800,54.0900,54.8100,35433551,1936469749.1300,1,0,4.513163
2019-07-04,sz.000333,54.4500,55.1000,54.0000,54.4000,54.0900,32522651,1778536106.7700,1,0,4.513163
2019-07-05,sz.000333,54.3700,55.5000,53.5600,55.2700,54.4000,38708518,2121442309.5300,1,0,4.513163
2019-07-08,sz.000333,54.7200,55.0500,54.0100,54.3900,55.2700,30569091,1668586982.0800,1,0,4.513163
2019-07-09,sz.000333,54.3000,54.4800,53.3600,53.8400,54.3900,25543296,1374182506.2200,1,0,4.513163
2019-07-10,sz.000333,54.3000,54.3000,53.4800,53.9000,53.8400,14552591,783260388.7800,1,0,4.513163
2019-07-11,sz.000333,54.0200,55.2700,53.9200,54.3900,53.9000,24381195,1332480112.3800,1,0,4.513163
2019-07-12,sz.000333,54.4500,55.1500,54.1800,54.7800,54.3900,19806829,1085347581.2200,1,0,4.513163
2019-07-15,sz.000333,54.5100,55.3000,53.6800,54.6700,54.7800,24296257,1323497518.7900,1,0,4.513163
2019-07-16,sz.000333,54.8000,54.8500,53.1100,53.5200,54.6700,26009223,1396638230.1200,1,0,4.513163
2019-07-17,sz.000333,53.3300,53.4700,52.5200,52.7200,53.5200,22648983,1198886764.5600,1,0,4.513163
2019-07-18,sz.000333,52.5000,52.9200,52.0200,52.6900,52.7200,17885712,937199745.1300,1,0,4.513163
2019-07-19,sz.000333,53.3900,53.3900,52.4900,52.5900,52.6900,20817364,1100783162.4700,1,0,4.513163
2019-07-22,sz.000333,52.7000,53.2000,52.0000,52.8000,52.5900,19181022,1013260120.6000,1,0,4.513163
2019-07-23,sz.000333,52.8000,53.2200,52.7100,53.2000,52.8000,14246298,755836383.6900,1,0,4.513163
2019-07-24,sz.000333,53.5900,53.9000,53.3000,53.3800,53.2000,17738632,950135763.2300,1,0,4.513163
2019-07-25,sz.000333,53.3800,53.6400,53.0400,53.4500,53.3800,16926346,902112473.5800,1,0,4.513163
2019-07-26,sz.000333,53.1000,53.6000,53.0200,53.4300,53.4500,12894364,688512790.7600,1,0,4.513163
2019-07-29,sz.000333,53.6400,54.3800,53.4100,54.0100,53.4300,22742228,1226826330.0500,1,0,4.513163
2019-07-30,sz.000333,54.2800,55.3800,54.2500,55.2000,54.0100,34870480,1921787802.8400,1,0,4.513163
2019-07-31,sz.000333,55.1300,55.6600,54.5600,54.7000,55.2000,19831720,1089621499.0500,1,0,4.513163
2019-08-01,sz.000333,54.3900,54.9800,53.1500,53.6000,54.7000,24127303,1301037112.6500,1,0,4.513163
2019-08-02,sz.000333,51.5000,53.0000,51.0500,52.7500,53.6000,34176395,1781518220.4400,1,0,4.513163
2019-08-05,sz.000333,51.6300,52.6500,51.5200,51.6000,52.7500,28786276,1491986471.4800,1,0,4.513163
2019-08-06,sz.000333,50.6100,51.5800,49.3200,51.5100,51.6000,34173928,1729709497.9600,1,0,4.513163
2019-08-07,sz.000333,51.7600,51.8800,51.0300,51.0300,51.5100,14531751,747701381.0600,1,0,4.513163
2019-08-08,sz.000333,51.2300,52.0000,51.2000,51.8000,51.0300,13192393,681638820.1400,1,0,4.513163
2019-08-09,sz.000333,52.1000,52.3500,51.0100,51.2200,51.8000,14981329,772372659.7800,1,0,4.513163
2019-08-12,sz.000333,51.0000,51.6800,50.5100,51.2500,51.2200,19425189,991191225.0100,1,0,4.513163
2019-08-13,sz.000333,51.0500,51.6600,50.0500,50.3200,51.2500,26444142,1336555044.7600,1,0,4.513163
2019-08-14,sz.000333,51.0900,51.2000,50.0600,50.1700,50.3200,22387840,1128730652.5800,1,0,4.513163
2019-08-15,sz.000333,49.3000,50.1100,48.6100,49.9600,50.1700,26817341,1327724301.9700,1,0,4.513163
2019-08-16,sz.000333,50.0000,50.6500,49.5900,50.3200,49.9600,20221393,1016999287.6800,1,0,4.513163
2019-08-19,sz.000333,50.8000,51.7500,50.5500,51.5700,50.3200,23181902,1188231856.3000,1,0,4.513163
2019-08-20,sz.000333,51.5700,51.8700,51.1800,51.4600,51.5700,15096727,777716947.8700,1,0,4.513163
2019-08-21,sz.000333,51.2000,52.0500,51.0200,51.6900,51.4600,21018022,1085459217.7400,1,0,4.513163
2019-08-22,sz.000333,51.9000,52.3300,51.3700,51.8300,51.6900,18928894,979992742.5300,1,0,4.513163
2019-08-23,sz.000333,52.1500,52.6500,51.6800,52.2500,51.8300,21767789,1137619137.8900,1,0,4.513163
2019-08-26,sz.000333,51.1900,51.5100,50.6300,51.0400,52.2500,27597047,1408348051.3600,1,0,4.513163
2019-08-27,sz.000333,51.5000,52.3900,51.3100,52.0500,51.0400,27139138,1413827333.3400,1,0,4.513163
2019-08-28,sz.000333,52.0200,52.4500,51.6500,52.2200,52.0500,21467533,1116742228.8200,1,0,4.513163
2019-08-29,sz.000333,52.1500,52.5000,51.6000,51.9300,52.2200,20860063,1082409055.2500,1,0,4.513163
2019-08-30,sz.000333,52.6000,53.4000,52.1000,52.7800,51.9300,27827187,1466006867.0600,1,0,4.513163
2019-09-02,sz.000333,53.7000,54.7500,53.5100,54.2300,52.7800,51561473,2799660557.3300,1,0,4.513163
2019-09-03,sz.000333,54.7800,54.9900,54.0800,54.3100,54.2300,30740897,1673365680.6000,1,0,4.513163
2019-09-04,sz.000333,54.2500,54.7800,53.6000,54.4500,54.3100,31752482,1719758546.5100,1,0,4.513163
2019-09-05,sz.000333,54.8800,54.9700,53.8300,53.9000,54.4500,30236192,1646454665.3700,1,0,4.513163
2019-09-06,sz.000333,54.1000,54.3800,53.4700,54.2100,53.9000,24858028,1342155873.1300,1,0,4.513163
2019-09-09,sz.000333,54.6900,54.8900,53.8200,54.1100,54.2100,29073611,1580083905.4900,1,0,4.513163
2019-09-10,sz.000333,54.0000,54.0800,53.2000,53.8400,54.1100,23586608,1262801292.1800,1,0,4.513163
2019-09-11,sz.000333,54.0000,54.4000,53.1500,53.4000,53.8400,19608350,1050689308.5200,1,0,4.513163
2019-09-12,sz.000333,53.8800,54.3000,53.5200,54.1000,53.4000,21300122,1150492105.8500,1,0,4.513163
2019-09-16,sz.000333,54.4000,54.4100,53.3500,53.4700,54.1000,23680967,1271436954.1000,1,0,4.513163
2019-09-17,sz.000333,53.2500,53.4600,52.7400,53.0000,53.4700,20692273,1096214834.9000,1,0,4.513163
2019-09-18,sz.000333,53.2700,53.2700,52.5700,52.7100,53.0000,22507122,1189760022.4100,1,0,4.513163
2019-09-19,sz.000333,53.0900,53.4400,52.5800,52.8400,52.7100,20497104,1084251083.8800,1,0,4.513163
2019-09-20,sz.000333,53.1200,53.2000,52.1000,52.7000,52.8400,27546435,1449282885.7300,1,0,4.513163
2019-09-23,sz.000333,52.6400,52.6400,51.6900,52.0800,52.7000,20687251,1074655308.2900,1,0,4.513163
2019-09-24,sz.000333,52.0400,52.4500,51.5600,52.0700,52.0800,20724643,1079858834.0900,1,0,4.513163
2019-09-25,sz.000333,52.0000,52.0000,51.0100,51.0800,52.0700,29297398,1500046377.3300,1,0,4.513163
2019-09-26,sz.000333,51.1900,51.4700,50.5000,51.0000,51.0800,24543470,1253262533.2000,1,0,4.513163
2019-09-27,sz.000333,51.0000,51.3900,50.6600,51.3200,51.0000,19973277,1020461785.3900,1,0,4.513163
2019-09-30,sz.000333,51.1000,51.7800,50.9100,51.1000,51.3200,16370844,840760127.0900,1,0,4.513163
2019-10-08,sz.000333,51.4000,52.8100,51.2500,52.6500,51.1000,42248580,2205801864.4600,1,0,4.513163
2019-10-09,sz.000333,52.2400,52.6500,51.9100,52.5000,52.6500,18848868,984741139.8300,1,0,4.513163
2019-10-10,sz.000333,52.4800,52.4800,51.7700,52.1800,52.5000,17120946,891734275.8400,1,0,4.513163
2019-10-11,sz.000333,52.4300,53.0500,52.1100,52.9200,52.1800,21816588,1149133834.7100,1,0,4.513163
2019-10-14,sz.000333,53.3300,53.8200,53.1000,53.4500,52.9200,26469717,1417849089.9400,1,0,4.513163
2019-10-15,sz.000333,53.7500,53.9400,53.1700,53.4700,53.4500,16760705,898589050.5400,1,0,4.513163
2019-10-16,sz.000333,53.7700,54.2000,53.4600,53.6600,53.4700,20609323,1110490861.6100,1,0,4.513163
2019-10-17,sz.000333,54.0300,54.0300,52.9600,53.2200,53.6600,18456847,984182969.4700,1,0,4.513163
2019-10-18,sz.000333,53.5700,53.9700,52.4500,52.6500,53.2200,18127971,963901655.4800,1,0,4.513163
2019-10-21,sz.000333,52.7000,53.6500,52.7000,53.4800,52.6500,18151273,968542638.6500,1,0,4.513163
2019-10-22,sz.000333,53.7800,54.1600,53.5000,53.9400,53.4800,18741017,1009190430.8700,1,0,4.513163
2019-10-23,sz.000333,53.5800,54.1000,53.5000,53.7300,53.9400,13121083,705748659.4700,1,0,4.513163
2019-10-24,sz.000333,53.8400,53.9000,53.2600,53.7500,53.7300,13907667,746186418.1200,1,0,4.513163
2019-10-25,sz.000333,53.9800,53.9800,52.7800,53.8000,53.7500,18203157,975561711.3200,1,0,4.513163
2019-10-28,sz.000333,54.0000,54.1200,53.3700,53.5900,53.8000,19337787,1040511989.3600,1,0,4.513163
2019-10-29,sz.000333,53.9500,54.4700,53.7000,54.0000,53.5900,22941030,1240223651.8900,1,0,4.513163
2019-10-30,sz.000333,53.6800,54.0000,53.0600,53.4700,54.0000,16028642,856636594.4400,1,0,4.513163
2019-10-31,sz.000333,55.0000,55.9900,54.5400,55.5000,53.4700,62793045,3468759352.4000,1,0,4.513163
2019-11-01,sz.000333,55.8000,59.5000,55.6000,58.8900,55.5000,74565185,4327653033.2200,1,0,4.513163
2019-11-04,sz.000333,59.5500,60.0000,58.7100,59.1400,58.8900,38428516,2278842509.7000,1,0,4.513163
2019-11-05,sz.000333,59.4900,60.0800,58.7800,59.3900,59.1400,34345106,2049225098.9800,1,0,4.513163
2019-11-06,sz.000333,59.7700,60.3000,59.2700,59.8400,59.3900,26435143,1579236926.1000,1,0,4.513163
2019-11-07,sz.000333,59.7000,59.7000,58.7900,59.5000,59.8400,20338733,1203867467.7900,1,0,4.513163
2019-11-08,sz.000333,60.7800,60.8000,59.3300,59.6200,59.5000,31004691,1862039127.9300,1,0,4.513163
2019-11-11,sz.000333,58.6500,58.7100,57.0000,57.2000,59.6200,43571185,2504319026.3900,1,0,4.513163
2019-11-12,sz.000333,56.7000,57.1000,55.7500,56.0900,57.2000,36157575,2034644283.0200,1,0,4.513163
2019-11-13,sz.000333,56.8800,56.9100,56.1100,56.5500,56.0900,22896460,1292170243.5200,1,0,4.513163
2019-11-14,sz.000333,56.8800,56.9800,55.6100,56.5900,56.5500,20979039,1184487511.2100,1,0,4.513163
2019-11-15,sz.000333,56.7200,57.0000,56.3600,56.5500,56.5900,14196674,804716992.8200,1,0,4.513163
2019-11-18,sz.000333,56.5500,56.9800,55.8000,56.6900,56.5500,18003795,1013839197.3200,1,0,4.513163
2019-11-19,sz.000333,56.5800,57.9800,56.4000,57.8300,56.6900,25267943,1454112718.5400,1,0,4.513163
2019-11-20,sz.000333,58.0000,58.0100,57.1100,57.1500,57.8300,13982370,803578175.5300,1,0,4.513163
2019-11-21,sz.000333,57.0000,57.2500,55.7500,56.2000,57.1500,19883507,1116276034.7500,1,0,4.513163
2019-11-22,sz.000333,56.4700,57.2000,55.4600,55.7300,56.2000,20682680,1163712896.8900,1,0,4.513163
2019-11-25,sz.000333,55.7300,56.5400,55.0200,56.5300,55.7300,18012920,1007833444.8300,1,0,4.513163
2019-11-26,sz.000333,57.3000,57.3500,56.1400,56.5600,56.5300,18770569,1064900753.5600,1,0,4.513163
2019-11-27,sz.000333,55.4300,55.5900,54.6700,55.1300,56.5600,29081051,1601368250.9700,1,0,4.513163
2019-11-28,sz.000333,55.7400,55.7400,54.7600,55.1700,55.1300,20312020,1119845390.0500,1,0,4.513163
2019-11-29,sz.000333,55.1100,55.1400,53.6800,54.3000,55.1700,25382652,1378994037.6100,1,0,4.513163
2019-12-02,sz.000333,54.5800,55.0900,54.3200,54.7500,54.3000,18098747,991131412.8200,1,0,4.513163
2019-12-03,sz.000333,54.7600,55.0300,54.0900,54.5300,54.7500,20887582,1136020557.6200,1,0,4.513163
2019-12-04,sz.000333,54.2900,55.3900,54.0000,55.3600,54.5300,27380472,1504232867.5400,1,0,4.513163
2019-12-05,sz.000333,55.8500,55.8700,55.1100,55.5300,55.3600,20504444,1136835403.5100,1,0,4.513163
2019-12-06,sz.000333,55.6400,56.7400,55.5300,56.2000,55.5300,23793593,1335781003.4700,1,0,4.513163
2019-12-09,sz.000333,56.6000,57.5000,56.1800,56.8100,56.2000,20851491,1185262387.5300,1,0,4.513163
2019-12-10,sz.000333,56.7200,57.8800,56.7000,57.6500,56.8100,20717666,1192082669.2900,1,0,4.513163
2019-12-11,sz.000333,57.6700,57.7800,56.8000,57.0600,57.6500,13965464,798133053.3400,1,0,4.513163
2019-12-12,sz.000333,57.5300,57.6700,56.8000,56.9200,57.0600,12708431,725814978.7900,1,0,4.513163
2019-12-13,sz.000333,58.0000,58.5000,57.5700,58.4000,56.9200,28444325,1654545943.2500,1,0,4.513163
2019-12-16,sz.000333,58.1000,58.3300,57.8000,58.1100,58.4000,21648748,1256913292.9600,1,0,4.513163
2019-12-17,sz.000333,58.1100,58.9500,57.7400,58.5000,58.1100,25584712,1493694028.7100,1,0,4.513163
2019-12-18,sz.000333,58.8000,59.3000,57.9100,58.2000,58.5000,23648827,1385586164.6900,1,0,4.513163
2019-12-19,sz.000333,58.0000,58.5000,57.8600,58.0800,58.2000,13476377,783171964.7400,1,0,4.513163
2019-12-20,sz.000333,58.3500,58.6000,57.8000,57.8000,58.0800,18136622,1055026085.4000,1,0,4.513163
2019-12-23,sz.000333,58.3200,58.3200,56.9800,57.2700,57.8000,24086744,1385004834.3800,1,0,4.513163
2019-12-24,sz.000333,57.2900,57.5000,56.7800,57.0800,57.2700,17334535,987672144.3400,1,0,4.513163
2019-12-25,sz.000333,57.2000,57.7500,57.0000,57.2000,57.0800,16225738,930232505.1500,1,0,4.513163
2019-12-26,sz.000333,57.4000,57.7300,57.1600,57.6000,57.2000,14261992,819037124.4000,1,0,4.513163
2019-12-27,sz.000333,57.8000,58.1300,57.1600,57.2000,57.6000,18158831,1046161391.5600,1,0,4.513163
2019-12-30,sz.000333,57.0000,58.6000,56.6500,58.2300,57.2000,23802863,1375567222.7300,1,0,4.513163
2019-12-31,sz.000333,58.1700,58.4000,57.9100,58.2500,58.2300,15979355,929450260.9400,1,0,4.513163
2020-01-02,sz.000333,58.6600,59.8900,58.4100,59.7500,58.2500,34622557,2050141335.8400,1,0,4.513163
2020-01-03,sz.000333,59.9000,59.9600,58.1800,58.2600,59.7500,27004255,1587220595.7700,1,0,4.513163
2020-01-06,sz.000333,57.8000,58.2000,56.0000,57.2000,58.2600,28842533,1656276948.2400,1,0,4.513163
2020-01-07,sz.000333,57.4000,58.2100,57.2000,58.0500,57.2000,22526507,1304633782.9000,1,0,4.513163
2020-01-08,sz.000333,57.5100,58.9800,57.3700,58.2800,58.0500,25321048,1471083460.8000,1,0,4.513163
2020-01-09,sz.000333,58.8000,59.7300,58.5000,59.4500,58.2800,29635395,1757281375.3800,1,0,4.513163
2020-01-10,sz.000333,59.9700,60.4900,59.4500,59.9900,59.4500,28070612,1683152339.9100,1,0,4.513163
2020-01-13,sz.000333,60.5000,60.6600,59.5000,60.1100,59.9900,27951167,1678723651.4900,1,0,4.513163
2020-01-14,sz.000333,60.5000,60.8000,59.7200,59.8800,60.1100,16250035,976486535.5000,1,0,4.513163
2020-01-15,sz.000333,59.9000,60.0000,58.8800,59.5000,59.8800,21489973,1272651578.1400,1,0,4.513163
2020-01-16,sz.000333,60.0000,60.0600,59.2300,59.6600,59.5000,19981398,1192330868.2200,1,0,4.513163
2020-01-17,sz.000333,59.9900,61.0000,59.4900,60.3100,59.6600,21713278,1312054699.0800,1,0,4.513163
2020-01-20,sz.000333,60.8000,60.9600,59.8300,60.2000,60.3100,20191079,1217493005.3700,1,0,4.513163
2020-01-21,sz.000333,59.7000,59.7600,58.0300,58.1000,60.2000,27643206,1617441935.6500,1,0,4.513163
2020-01-22,sz.000333,57.5200,57.9600,56.0000,57.4800,58.1000,41160619,2335993233.5100,1,0,4.513163
2020-01-23,sz.000333,56.1000,56.7400,55.0000,55.1000,57.4800,59653651,3313820978.9400,1,0,4.513163
2020-02-03,sz.000333,49.5900,52.5900,49.5900,50.1900,55.1000,70506720,3565939364.3800,1,0,4.513163
2020-02-04,sz.000333,50.3000,52.8200,50.3000,52.7900,50.1900,40413099,2097010018.9300,1,0,4.513163
2020-02-05,sz.000333,52.9200,53.4700,52.4500,52.8700,52.7900,34895006,1848774201.6800,1,0,4.513163
2020-02-06,sz.000333,52.8700,53.9600,52.3600,53.7900,52.8700,39366799,2086495959.9400,1,0,4.513163
2020-02-07,sz.000333,53.5000,53.5300,52.2000,52.8300,53.7900,34409001,1811882957.4300,1,0,4.513163
2020-02-10,sz.000333,52.3000,52.7800,51.7200,52.3000,52.8300,34604769,1804543411.4900,1,0,4.513163
2020-02-11,sz.000333,53.1900,54.9900,52.8000,54.6800,52.3000,49388233,2684341234.5500,1,0,4.513163
2020-02-12,sz.000333,54.5700,55.3600,54.0200,54.8900,54.6800,23433771,1284759463.6500,1,0,4.513163
2020-02-13,sz.000333,54.5600,54.5800,53.5000,53.8000,54.8900,31930659,1723256903.7200,1,0,4.513163
2020-02-14,sz.000333,53.5000,53.9600,53.1800,53.7400,53.8000,21004387,1125281556.4700,1,0,4.513163
2020-02-17,sz.000333,53.3400,54.4200,53.2400,54.4000,53.7400,32505251,1751927715.3400,1,0,4.513163
2020-02-18,sz.000333,54.4000,54.4000,53.3200,53.5300,54.4000,33203504,1783036933.7100,1,0,4.513163
2020-02-19,sz.000333,53.3600,53.8700,53.1700,53.5400,53.5300,23732854,1270519685.5800,1,0,4.513163
2020-02-20,sz.000333,53.7000,54.9800,53.3200,54.8600,53.5400,37041152,2013322150.7300,1,0,4.513163
2020-02-21,sz.000333,54.5000,54.8200,54.0200,54.2800,54.8600,29779869,1616397369.1800,1,0,4.513163
2020-02-24,sz.000333,55.3600,55.3700,54.4500,54.9100,54.2800,40782414,2243496137.5700,1,0,4.513163
2020-02-25,sz.000333,54.0000,54.4600,53.8000,54.4300,54.9100,31546203,1706738502.1400,1,0,4.513163
2020-02-26,sz.000333,53.7000,55.3200,53.2100,54.3000,54.4300,38724015,2107804633.1900,1,0,4.513163
2020-02-27,sz.000333,54.3000,55.2000,54.2100,54.9100,54.3000,28493463,1563743469.2300,1,0,4.513163
2020-02-28,sz.000333,53.8800,54.1800,52.7900,53.0500,54.9100,33405713,1788324822.8200,1,0,4.513163
2020-03-02,sz.000333,53.0500,54.7500,53.0500,54.3400,53.0500,31893449,1725854576.2700,1,0,4.513163
2020-03-03,sz.000333,54.5100,55.0000,53.9700,54.5000,54.3400,26499919,1441435067.4000,1,0,4.513163
2020-03-04,sz.000333,54.0000,54.4400,53.6100,54.2500,54.5000,23908427,1290728835.9400,1,0,4.513163
2020-03-05,sz.000333,54.5500,56.8000,54.3500,56.5400,54.2500,57571838,3214972954.9900,1,0,4.513163
2020-03-06,sz.000333,55.8200,56.3000,55.5400,55.8000,56.5400,28024324,1565437998.7500,1,0,4.513163
2020-03-09,sz.000333,54.4000,54.4700,53.8100,53.8900,55.8000,35634254,1925269108.3900,1,0,4.513163
2020-03-10,sz.000333,53.8900,55.6800,53.8900,55.3200,53.8900,37563181,2061033028.3000,1,0,4.513163
2020-03-11,sz.000333,55.1200,55.3200,54.4600,54.4700,55.3200,19260673,1053884394.6800,1,0,4.513163
2020-03-12,sz.000333,53.8500,53.8700,52.8800,53.1700,54.4700,34405501,1833239648.8500,1,0,4.513163
2020-03-13,sz.000333,50.8700,52.9600,50.0700,51.9000,53.1700,45208351,2323212180.3200,1,0,4.513163
2020-03-16,sz.000333,52.2000,52.2700,50.0000,50.1000,51.9000,39667900,2019157775.4600,1,0,4.513163
2020-03-17,sz.000333,49.6200,51.3000,48.5700,49.0000,50.1000,47708177,2365286578.8700,1,0,4.513163
2020-03-18,sz.000333,49.7000,51.8900,49.5800,49.7000,49.0000,58605924,2974941630.2900,1,0,4.513163
2020-03-19,sz.000333,50.3500,50.6000,47.5000,48.6000,49.7000,55486856,2708244368.9100,1,0,4.513163
2020-03-20,sz.000333,49.2500,49.7300,48.5000,49.0500,48.6000,36706699,1803574241.2800,1,0,4.513163
2020-03-23,sz.000333,47.5000,47.9800,46.3000,46.5000,49.0500,47703623,2237270202.0200,1,0,4.513163
2020-03-24,sz.000333,47.3500,48.2500,46.9100,47.9900,46.5000,41957601,2000208162.7500,1,0,4.513163
2020-03-25,sz.000333,49.5000,50.1600,48.8600,49.4900,47.9900,39011329,1934918463.9700,1,0,4.513163
2020-03-26,sz.000333,49.4000,49.7700,48.8400,49.0000,49.4900,23248406,1145809963.0900,1,0,4.513163
2020-03-27,sz.000333,50.0000,50.4500,49.3800,49.4500,49.0000,26015438,1296483242.8200,1,0,4.513163
2020-03-30,sz.000333,48.8000,48.8000,47.5000,48.0900,49.4500,37052228,1778812488.0000,1,0,4.513163
2020-03-31,sz.000333,48.7600,49.3500,48.3400,48.4200,48.0900,22525299,1098690179.9600,1,0,4.513163
2020-04-01,sz.000333,48.9500,49.3200,48.0500,48.5800,48.4200,23439135,1141225440.4200,1,0,4.513163
2020-04-02,sz.000333,48.1700,49.0000,47.8000,48.9600,48.5800,23514383,1135456594.0600,1,0,4.513163
2020-04-03,sz.000333,48.8000,49.0600,48.2100,48.3800,48.9600,19638219,953656658.3800,1,0,4.513163
2020-04-07,sz.000333,49.2100,49.4000,48.7000,48.9700,48.3800,40048598,1962977182.1600,1,0,4.513163
2020-04-08,sz.000333,48.6000,48.7300,48.0600,48.2400,48.9700,24426776,1182191602.5700,1,0,4.513163
2020-04-09,sz.000333,48.5200,48.5500,48.1100,48.3000,48.2400,17139926,828409215.1800,1,0,4.513163
2020-04-10,sz.000333,48.3000,50.5600,48.0400,49.2800,48.3000,41246137,2043406853.0300,1,0,4.513163
2020-04-13,sz.000333,49.5900,50.5800,49.3000,49.8900,49.2800,31076533,1555138946.5100,1,0,4.513163
2020-04-14,sz.000333,50.6700,50.7000,49.6000,50.4800,49.8900,30794169,1550039697.1900,1,0,4.513163
2020-04-15,sz.000333,50.0000,51.2800,49.2000,50.2000,50.4800,39591536,1989237126.5200,1,0,4.513163
2020-04-16,sz.000333,50.2000,50.2000,49.2700,49.4900,50.2000,27929419,1385041878.0400,1,0,4.513163
2020-04-17,sz.000333,50.0000,50.3100,49.6000,50.0900,49.4900,35249869,1761719075.0800,1,0,4.513163
2020-04-20,sz.000333,50.2900,50.9800,50.0100,50.7300,50.0900,20885741,1058635859.4200,1,0,4.513163
2020-04-21,sz.000333,50.9900,51.0000,50.0000,50.2500,50.7300,20971264,1056179837.5400,1,0,4.513163
2020-04-22,sz.000333,50.2000,51.4700,49.9900,51.4000,50.2500,20763713,1056618276.2400,1,0,4.513163
2020-04-23,sz.000333,51.6900,52.3900,51.3100,51.9900,51.4000,27116594,1408264470.6600,1,0,4.513163
2020-04-24,sz.000333,52.0400,52.3000,51.7100,52.0100,51.9900,13341557,693211313.5200,1,0,4.513163
2020-04-27,sz.000333,51.2700,52.2400,50.8500,51.5000,52.0100,21523478,1108515152.3100,1,0,4.513163
2020-04-28,sz.000333,51.5000,51.9400,50.7500,51.7900,51.5000,25183537,1297098144.2300,1,0,4.513163
2020-04-29,sz.000333,51.4000,52.7700,51.1500,52.2500,51.7900,20623516,1072765101.8300,1,0,4.513163
2020-04-30,sz.000333,53.3000,54.1600,53.3000,53.7500,52.2500,34032348,1831860874.7200,1,0,4.513163
2020-05-06,sz.000333,53.0000,54.2000,52.7000,54.2000,53.7500,32856535,1765766097.9200,1,0,4.513163
2020-05-07,sz.000333,54.1900,54.4500,53.8400,54.0000,54.2000,21375539,1156808782.2400,1,0,4.513163
2020-05-08,sz.000333,54.4800,56.4800,54.2300,56.3300,54.0000,40962101,2296022244.6700,1,0,4.513163
2020-05-11,sz.000333,56.5900,58.5000,56.4200,56.9100,56.3300,37959771,2188821583.9200,1,0,4.513163
2020-05-12,sz.000333,57.5000,58.3800,57.0300,58.0000,56.9100,28603367,1655218903.0200,1,0,4.513163
2020-05-13,sz.000333,57.6000,58.0000,56.9100,57.7500,58.0000,21938551,1260866631.6800,1,0,4.513163
2020-05-14,sz.000333,57.7500,58.3000,57.5100,58.0000,57.7500,18002002,1044096208.3800,1,0,4.513163
2020-05-15,sz.000333,58.0000,58.1000,56.8700,56.9500,58.0000,23361701,1338687939.4600,1,0,4.513163
2020-05-18,sz.000333,57.5000,58.2000,56.6300,57.4900,56.9500,26177546,1505218949.2800,1,0,4.513163
2020-05-19,sz.000333,58.4000,59.2000,58.0000,58.7600,57.4900,27855120,1638536811.4600,1,0,4.513163
2020-05-20,sz.000333,58.5300,59.1000,58.5200,59.0300,58.7600,19061535,1123661205.0300,1,0,4.513163
2020-05-21,sz.000333,59.5500,59.6400,58.3600,58.7200,59.0300,14913472,876854201.8000,1,0,4.513163
2020-05-22,sz.000333,58.4400,58.5500,56.6100,57.1200,58.7200,26086194,1493147025.2500,1,0,4.513163
2020-05-25,sz.000333,58.3000,58.3900,56.1400,56.8400,57.1200,15944517,905625786.8300,1,0,4.513163
2020-05-26,sz.000333,57.3000,58.2500,56.7700,58.0000,56.8400,18430786,1061005402.7800,1,0,4.513163
2020-05-27,sz.000333,58.2500,59.3800,57.8900,58.2500,58.0000,25806522,1517718678.5500,1,0,4.513163
2020-05-28,sz.000333,59.1700,59.3700,57.8300,58.1500,58.2500,20603063,1207714971.4400,1,0,4.513163
2020-05-29,sz.000333,57.9900,59.2500,57.9900,59.0200,58.1500,18254941,1073961447.9100,1,0,4.513163
2020-06-01,sz.000333,59.3000,60.4800,59.3000,60.4200,59.0200,29480294,1776563605.4200,1,0,4.513163
2020-06-02,sz.000333,59.6600,59.6600,58.5500,58.7000,58.8300,20680547,1218477896.6300,1,0,4.635141
2020-06-03,sz.000333,59.1500,59.3700,57.9100,58.3300,58.7000,18092904,1059003035.9300,1,0,4.635141
2020-06-04,sz.000333,58.8500,59.9000,58.7100,58.8500,58.3300,14025768,827157600.3500,1,0,4.635141
2020-06-05,sz.000333,58.9900,59.1800,58.6000,58.9500,58.8500,12725949,749286684.1400,1,0,4.635141
2020-06-08,sz.000333,59.4000,61.5600,59.0300,60.1600,58.9500,35943983,2180630902.5400,1,0,4.635141
2020-06-09,sz.000333,60.5500,61.4300,60.2800,60.6600,60.1600,24013535,1463794178.3700,1,0,4.635141
2020-06-10,sz.000333,61.0800,61.2100,60.1800,60.3200,60.6600,19014845,1153412205.5900,1,0,4.635141
2020-06-11,sz.000333,60.3500,60.6100,59.1000,59.6600,60.3200,20137719,1204181863.5200,1,0,4.635141
2020-06-12,sz.000333,58.7000,60.0000,58.5000,59.9800,59.6600,18519009,1097620789.3800,1,0,4.635141
2020-06-15,sz.000333,59.0900,59.4300,58.0000,58.0000,59.9800,32000406,1872474026.0400,1,0,4.635141
2020-06-16,sz.000333,58.6900,59.3000,58.5900,59.0000,58.0000,18308826,1077626691.3300,1,0,4.635141
2020-06-17,sz.000333,58.8100,58.8800,57.6500,57.9000,59.0000,22128310,1285597241.1100,1,0,4.635141
2020-06-18,sz.000333,57.8500,57.9900,57.1600,57.8500,57.9000,26722486,1537168004.7700,1,0,4.635141
2020-06-19,sz.000333,57.8500,59.9800,57.8500,59.7700,57.8500,32428005,1923447883.3300,1,0,4.635141
2020-06-22,sz.000333,59.6000,59.9500,58.9200,59.0900,59.7700,21979729,1306914551.6900,1,0,4.635141
2020-06-23,sz.000333,58.8600,59.4600,58.4800,59.0000,59.0900,18114636,1068928529.7300,1,0,4.635141
2020-06-24,sz.000333,59.2000,60.1800,59.0900,59.7000,59.0000,20031990,1194505230.8900,1,0,4.635141
2020-06-29,sz.000333,59.7000,60.0000,58.7100,59.9500,59.7000,26106135,1557837552.8200,1,0,4.635141
2020-06-30,sz.000333,60.0000,61.0000,59.5000,59.7900,59.9500,26125157,1577689211.5500,1,0,4.635141
2020-07-01,sz.000333,59.7000,62.4900,58.9200,62.4400,59.7900,44260978,2719438555.4300,1,0,4.635141
2020-07-02,sz.000333,61.8100,63.4200,61.6100,62.9500,62.4400,43526154,2715825420.7100,1,0,4.635141
2020-07-03,sz.000333,63.1000,63.9500,61.8300,62.3900,62.9500,34079825,2137708206.6100,1,0,4.635141
2020-07-06,sz.000333,62.8100,64.9900,62.5100,64.0300,62.3900,59925805,3811821943.8600,1,0,4.635141
2020-07-07,sz.000333,64.1400,67.5500,64.1000,64.3800,64.0300,49039047,3224341189.4200,1,0,4.635141
2020-07-08,sz.000333,64.3000,65.3000,63.2600,63.9800,64.3800,28482031,1818108347.2600,1,0,4.635141
2020-07-09,sz.000333,64.0000,65.0000,63.0000,64.9800,63.9800,31228061,1993727704.7500,1,0,4.635141
2020-07-10,sz.000333,64.5000,64.5200,63.2000,63.4000,64.9800,27329673,1741014720.4300,1,0,4.635141
2020-07-13,sz.000333,62.9200,64.1000,62.8400,63.2500,63.4000,34467867,2186339088.9900,1,0,4.635141
2020-07-14,sz.000333,63.8600,63.8700,61.1900,61.8400,63.2500,38295985,2377225465.5600,1,0,4.635141
2020-07-15,sz.000333,61.8900,64.0000,61.8500,62.9800,61.8400,43694916,2750957937.3900,1,0,4.635141
2020-07-16,sz.000333,63.0000,64.4900,61.0900,61.1400,62.9800,36958887,2326871245.2800,1,0,4.635141
2020-07-17,sz.000333,60.8000,64.4200,60.7200,63.9000,61.1400,36087627,2269485712.5000,1,0,4.635141
2020-07-20,sz.000333,63.9000,67.6800,63.2800,67.3800,63.9000,60069359,3970335086.3900,1,0,4.635141
2020-07-21,sz.000333,67.0000,67.9200,66.0700,67.3500,67.3800,32874716,2206459249.4200,1,0,4.635141
2020-07-22,sz.000333,66.8000,67.9800,66.3100,67.3500,67.3500,30389752,2045490786.3800,1,0,4.635141
2020-07-23,sz.000333,66.5000,70.4700,66.3600,70.1900,67.3500,48715945,3361999484.5600,1,0,4.635141
2020-07-24,sz.000333,69.1700,70.1500,66.0000,66.5000,70.1900,40925587,2781427887.4600,1,0,4.635141
2020-07-27,sz.000333,67.6100,67.8000,64.8000,67.1800,66.5000,27302925,1806012286.3800,1,0,4.635141
2020-07-28,sz.000333,67.1800,68.5400,66.6200,67.1100,67.1800,23410296,1580820575.4900,1,0,4.635141
2020-07-29,sz.000333,67.3500,72.0000,67.3500,71.6300,67.1100,46054192,3268094875.2400,1,0,4.635141
2020-07-30,sz.000333,71.6000,72.3000,70.2500,70.9700,71.6300,19480756,1385613240.3600,1,0,4.635141
2020-07-31,sz.000333,70.5800,73.7500,70.0700,71.7500,70.9700,29357548,2117686421.0600,1,0,4.635141
2020-08-03,sz.000333,72.0000,74.7400,71.8100,72.4900,71.7500,34330969,2510509104.7300,1,0,4.635141
2020-08-04,sz.000333,72.0000,72.2800,70.3300,72.0500,72.4900,29227141,2081709108.4100,1,0,4.635141
2020-08-05,sz.000333,71.0000,72.4000,70.8000,71.4000,72.0500,19111758,1362330037.3200,1,0,4.635141
2020-08-06,sz.000333,71.0000,71.8000,70.0400,70.6000,71.4000,21873467,1545541041.6500,1,0,4.635141
2020-08-07,sz.000333,70.3800,71.1100,68.8500,70.5500,70.6000,25414414,1782876109.8900,1,0,4.635141
2020-08-10,sz.000333,70.2000,72.4000,69.3000,72.0000,70.5500,24105482,1710556589.5000,1,0,4.635141
2020-08-11,sz.000333,72.1500,73.4900,71.1800,71.3000,72.0000,20568061,1492137506.9000,1,0,4.635141
2020-08-12,sz.000333,70.6600,71.6100,69.1700,69.6600,71.3000,28973831,2027499314.2200,1,0,4.635141
2020-08-13,sz.000333,69.8100,71.0800,69.7800,70.0100,69.6600,13064516,917532052.1200,1,0,4.635141
2020-08-14,sz.000333,70.0000,72.0700,69.7300,72.0400,70.0100,16119697,1148282707.4700,1,0,4.635141
2020-08-17,sz.000333,72.4000,73.8000,71.4000,72.1300,72.0400,24517214,1785517673.2500,1,0,4.635141
2020-08-18,sz.000333,72.1400,72.7400,71.0600,71.8000,72.1300,19301461,1382264209.0900,1,0,4.635141
2020-08-19,sz.000333,71.7000,72.3000,70.0000,70.1200,71.8000,25327310,1791352682.1800,1,0,4.635141
2020-08-20,sz.000333,69.8000,70.0900,68.6500,69.0400,70.1200,21907644,1513934316.8600,1,0,4.635141
2020-08-21,sz.000333,69.1500,69.8800,68.8500,69.3800,69.0400,12645605,876813908.7500,1,0,4.635141
2020-08-24,sz.000333,69.3000,70.3900,69.1600,70.3700,69.3800,17427938,1215646639.6300,1,0,4.635141
2020-08-25,sz.000333,70.3500,70.4000,69.5400,69.9800,70.3700,17931823,1254921571.1200,1,0,4.635141
2020-08-26,sz.000333,69.9800,71.4000,68.6500,69.2900,69.9800,23770209,1661357463.8800,1,0,4.635141
2020-08-27,sz.000333,69.3000,69.8500,67.0900,67.9900,69.2900,34293199,2327750659.0300,1,0,4.635141
2020-08-28,sz.000333,67.4000,70.5200,67.1000,70.2800,67.9900,32318623,2228514546.2100,1,0,4.635141
2020-08-31,sz.000333,71.0300,73.4900,70.5300,70.5400,70.2800,25868305,1852443294.0400,1,0,4.635141
2020-09-01,sz.000333,70.5600,72.2200,70.5500,71.7000,70.5400,20547663,1468837506.0000,1,0,4.635141
2020-09-02,sz.000333,72.0000,72.4900,70.3800,70.9300,71.7000,18310804,1304982310.8200,1,0,4.635141
2020-09-03,sz.000333,71.0000,72.9800,70.7200,70.9300,70.9300,32530873,2340687057.6600,1,0,4.635141
2020-09-04,sz.000333,69.5000,69.8800,68.2000,68.7900,70.9300,35933576,2474691327.8600,1,0,4.635141
2020-09-07,sz.000333,68.1000,68.6700,66.4900,66.7000,68.7900,44222648,2971282423.0300,1,0,4.635141
2020-09-08,sz.000333,66.7000,67.0000,65.6400,66.8800,66.7000,26350941,1747654428.8200,1,0,4.635141
2020-09-09,sz.000333,66.0000,66.5800,64.7300,64.8600,66.8800,28454172,1861646756.0900,1,0,4.635141
2020-09-10,sz.000333,65.5100,66.2100,64.9100,65.9000,64.8600,21030173,1381763382.2900,1,0,4.635141
2020-09-11,sz.000333,65.5000,66.8000,64.5800,66.1800,65.9000,21512672,1421649986.5000,1,0,4.635141
2020-09-14,sz.000333,66.2800,68.2500,66.2000,68.0000,66.1800,21739269,1469293455.9600,1,0,4.635141
2020-09-15,sz.000333,68.5200,70.7700,68.4600,70.4200,68.0000,29001582,2033590884.1200,1,0,4.635141
2020-09-16,sz.000333,70.2900,71.9800,69.2000,69.6600,70.4200,29121345,2060063617.4500,1,0,4.635141
2020-09-17,sz.000333,69.8000,71.0000,69.3100,70.6000,69.6600,27443479,1932446433.5500,1,0,4.635141
2020-09-18,sz.000333,71.1200,71.3300,70.0400,70.2800,70.6000,21751479,1538451545.1400,1,0,4.635141
2020-09-21,sz.000333,70.2500,71.1600,69.4100,70.0300,70.2800,16561025,1164163889.7400,1,0,4.635141
2020-09-22,sz.000333,69.5000,70.5600,69.4600,69.8900,70.0300,13996729,978793363.2000,1,0,4.635141
2020-09-23,sz.000333,70.0100,71.3600,69.4800,71.0700,69.8900,17144539,1211864648.9700,1,0,4.635141
2020-09-24,sz.000333,70.5600,70.9500,69.6700,70.4600,71.0700,20075766,1410207324.6200,1,0,4.635141
2020-09-25,sz.000333,70.6500,71.7700,70.0800,70.3000,70.4600,12081513,855869344.0000,1,0,4.635141
2020-09-28,sz.000333,70.3000,71.5000,69.9600,70.9000,70.3000,17393725,1235538585.7600,1,0,4.635141
2020-09-29,sz.000333,71.0000,72.9000,71.0000,72.4500,70.9000,23391359,1692268567.9200,1,0,4.635141
2020-09-30,sz.000333,72.9000,73.6300,72.2800,72.6000,72.4500,22133662,1618394621.2800,1,0,4.635141
2020-10-09,sz.000333,73.0600,74.1600,73.0100,73.3900,72.6000,25158747,1853607137.6500,1,0,4.635141
2020-10-12,sz.000333,72.6000,73.9800,72.3000,73.9800,73.3900,26325624,1930035640.9800,1,0,4.635141
2020-10-13,sz.000333,73.9800,75.9500,73.4400,75.8900,73.9800,25577466,1920061020.4500,1,0,4.635141
2020-10-14,sz.000333,75.1000,76.4700,74.8000,75.2500,75.8900,19613367,1478023724.2200,1,0,4.635141
2020-10-15,sz.000333,75.0300,76.9600,74.7800,76.1000,75.2500,19211037,1462783204.5100,1,0,4.635141
2020-10-16,sz.000333,75.7000,76.3800,74.7000,74.8000,76.1000,14591721,1096650311.7000,1,0,4.635141
2020-10-19,sz.000333,74.8200,77.1500,74.5100,75.0000,74.8000,17779197,1345916770.5700,1,0,4.635141
2020-10-20,sz.000333,74.5100,76.9800,74.5100,76.3000,75.0000,15435375,1175374815.3800,1,0,4.635141
2020-10-21,sz.000333,75.8800,78.0500,75.8800,77.5000,76.3000,21388893,1651445121.0600,1,0,4.635141
2020-10-22,sz.000333,77.3000,78.5600,76.2000,78.4000,77.5000,15650185,1213225342.9000,1,0,4.635141
2020-10-23,sz.000333,77.7500,78.2500,75.1000,75.1100,78.4000,18123307,1388457539.6300,1,0,4.635141
2020-10-26,sz.000333,74.9800,76.8000,73.6000,76.6600,75.1100,16590543,1253614089.6400,1,0,4.635141
2020-10-27,sz.000333,76.1000,76.7900,75.3900,75.7100,76.6600,15692141,1194229494.2100,1,0,4.635141
2020-10-28,sz.000333,75.7600,77.5000,75.6300,76.7100,75.7100,18721616,1439052208.3800,1,0,4.635141
2020-10-29,sz.000333,76.0000,81.8900,75.8000,81.1800,76.7100,37779375,3012418003.1500,1,0,4.635141
2020-10-30,sz.000333,82.0500,82.5000,77.5500,77.8700,81.1800,32841662,2596624765.0800,1,0,4.635141
2020-11-02,sz.000333,79.0100,85.0000,79.0000,83.4000,77.8700,52225315,4312907451.2400,1,0,4.635141
2020-11-03,sz.000333,83.4100,83.4500,80.9000,82.5500,83.4000,35157480,2886059068.0300,1,0,4.635141
2020-11-04,sz.000333,82.6000,86.8800,82.2000,85.6600,82.5500,38958346,3330212465.5400,1,0,4.635141
2020-11-05,sz.000333,86.0500,88.5000,85.0400,86.1100,85.6600,35623998,3083809644.4500,1,0,4.635141
2020-11-06,sz.000333,86.1300,91.3000,85.1300,90.1400,86.1100,46803613,4177205857.0500,1,0,4.635141
2020-11-09,sz.000333,90.4600,94.4600,89.4300,90.7200,90.1400,47078602,4296715661.4300,1,0,4.635141
2020-11-10,sz.000333,89.7000,89.7200,86.5100,89.6600,90.7200,35238345,3113825058.1700,1,0,4.635141
2020-11-11,sz.000333,88.2000,89.7700,86.6800,88.1000,89.6600,34198027,3021631444.5200,1,0,4.635141
2020-11-12,sz.000333,90.5000,90.7900,88.2300,90.6000,88.1000,28223843,2536913939.5700,1,0,4.635141
2020-11-13,sz.000333,90.3000,90.5600,88.7900,90.5200,90.6000,21605166,1936924438.8000,1,0,4.635141
2020-11-16,sz.000333,91.5000,91.8000,87.0600,89.3600,90.5200,37272431,3320826097.2300,1,0,4.635141
2020-11-17,sz.000333,89.8000,91.5000,89.3700,89.9200,89.3600,28968907,2613751006.0000,1,0,4.635141
2020-11-18,sz.000333,90.0400,91.5500,88.1500,89.2900,89.9200,22952687,2060518096.8400,1,0,4.635141
2020-11-19,sz.000333,90.0000,95.3200,89.5100,94.0000,89.2900,41315578,3844141237.8300,1,0,4.635141
2020-11-20,sz.000333,94.1300,94.7900,91.4600,91.5900,94.0000,46160647,4276105442.5000,1,0,4.635141
2020-11-23,sz.000333,90.5000,93.6800,89.4200,93.4700,91.5900,45691390,4209477921.0300,1,0,4.635141
2020-11-24,sz.000333,93.4200,93.4500,89.0100,90.6500,93.4700,39966866,3622773270.2900,1,0,4.635141
2020-11-25,sz.000333,90.6500,91.3900,88.8500,89.5600,90.6500,29159518,2615178239.5100,1,0,4.635141
2020-11-26,sz.000333,89.0000,89.5600,86.0100,87.0200,89.5600,47509582,4132461362.0800,1,0,4.635141
2020-11-27,sz.000333,87.4600,88.8600,86.5400,87.8000,87.0200,23037330,2020721656.6900,1,0,4.635141
2020-11-30,sz.000333,87.3100,88.5000,86.2600,86.8500,87.8000,29926909,2612282346.9400,1,0,4.635141
2020-12-01,sz.000333,86.2500,88.0000,86.2500,87.9200,86.8500,23692498,2071081957.8000,1,0,4.635141
2020-12-02,sz.000333,89.0000,90.5900,88.5400,89.9100,87.9200,36607195,3286902392.1900,1,0,4.635141
2020-12-03,sz.000333,89.7900,90.0800,88.2100,89.6000,89.9100,25552024,2276665595.4200,1,0,4.635141
2020-12-04,sz.000333,88.8200,89.0600,87.1700,88.3600,89.6000,32722623,2876036668.1000,1,0,4.635141
2020-12-07,sz.000333,88.8800,89.0000,87.5200,88.0600,88.3600,20228496,1786091233.7600,1,0,4.635141
2020-12-08,sz.000333,87.5200,88.1300,85.4500,86.7000,88.0600,36690024,3164772039.4100,1,0,4.635141
2020-12-09,sz.000333,86.0100,86.6200,83.5000,83.5600,86.7000,46112571,3893407709.4000,1,0,4.635141
2020-12-10,sz.000333,83.5000,85.4500,83.5000,85.1000,83.5600,25300125,2144184257.3500,1,0,4.635141
2020-12-11,sz.000333,85.9000,85.9000,83.4100,84.0000,85.1000,22506139,1901113978.9600,1,0,4.635141
2020-12-14,sz.000333,85.8800,86.0000,83.3300,84.4400,84.0000,26247011,2213586002.9700,1,0,4.635141
2020-12-15,sz.000333,84.9200,86.4000,83.4000,85.7300,84.4400,32812014,2794791700.6900,1,0,4.635141
2020-12-16,sz.000333,86.1100,89.0700,85.9300,88.1000,85.7300,41302146,3638872835.8300,1,0,4.635141
2020-12-17,sz.000333,88.7000,90.7800,88.4500,89.6700,88.1000,31646076,2841397961.1600,1,0,4.635141
2020-12-18,sz.000333,89.1100,89.9900,88.3200,89.3000,89.6700,27477717,2446471117.5700,1,0,4.635141
2020-12-21,sz.000333,89.7200,89.7200,87.0400,88.8100,89.3000,28368934,2499704930.9800,1,0,4.635141
2020-12-22,sz.000333,88.3300,90.7800,87.4200,89.7500,88.8100,31071453,2775989183.6000,1,0,4.635141
2020-12-23,sz.000333,89.9800,93.5000,89.5300,92.0000,89.7500,39054660,3606420446.2200,1,0,4.635141
2020-12-24,sz.000333,92.0000,92.8900,90.5500,92.8900,92.0000,19778311,1823517285.8900,1,0,4.635141
2020-12-25,sz.000333,92.6700,94.2200,91.5000,93.5800,92.8900,21707194,2025214058.4300,1,0,4.635141
2020-12-28,sz.000333,93.4800,97.3500,93.4100,95.8000,93.5800,39478573,3781019562.4100,1,0,4.635141
2020-12-29,sz.000333,95.7600,95.7900,93.7600,95.1900,95.8000,21655220,2053512082.8700,1,0,4.635141
2020-12-30,sz.000333,95.5000,96.6000,94.2100,95.9800,95.1900,23164406,2212516055.1500,1,0,4.635141
2020-12-31,sz.000333,96.0000,98.9800,95.9800,98.4400,95.9800,26867176,2633031804.5800,1,0,4.635141
2021-01-04,sz.000333,98.9000,101.9500,98.0300,99.0100,98.4400,33882680,3379358338.8800,1,0,4.635141
2021-01-05,sz.000333,98.0700,101.9400,97.0000,101.5400,99.0100,35114801,3515823440.4300,1,0,4.635141
2021-01-06,sz.000333,103.0000,104.8000,99.6500,100.9600,101.5400,36020338,3662399226.2500,1,0,4.635141
2021-01-07,sz.000333,102.0000,105.6700,101.2000,104.8200,100.9600,45140052,4687111402.9500,1,0,4.635141
2021-01-08,sz.000333,104.0000,104.7000,101.2500,103.0100,104.8200,33069048,3409516335.0700,1,0,4.635141
2021-01-11,sz.000333,103.2000,104.3300,100.0000,101.0000,103.0100,34189187,3506431349.8000,1,0,4.635141
2021-01-12,sz.000333,100.3100,104.2800,100.3100,104.1000,101.0000,35529586,3670971677.7900,1,0,4.635141
2021-01-13,sz.000333,105.0000,105.7100,102.0400,103.3400,104.1000,34348739,3560584734.6100,1,0,4.635141
2021-01-14,sz.000333,103.6000,104.3900,99.3900,99.6000,103.3400,37381528,3780641251.0000,1,0,4.635141
2021-01-15,sz.000333,99.0300,100.1700,96.7800,99.6900,99.6000,35743823,3524028265.1800,1,0,4.635141
2021-01-18,sz.000333,99.3900,100.2800,97.5100,99.1200,99.6900,28677180,2849767542.5200,1,0,4.635141
2021-01-19,sz.000333,99.6900,100.1100,94.4800,94.8500,99.1200,42307807,4087923629.7800,1,0,4.635141
2021-01-20,sz.000333,96.0000,98.1200,95.5000,96.2800,94.8500,32202327,3113133925.4800,1,0,4.635141
2021-01-21,sz.000333,97.2400,101.0000,96.9900,100.1000,96.2800,40930171,4074982807.9600,1,0,4.635141
2021-01-22,sz.000333,100.0000,101.5300,98.0900,100.5700,100.1000,30775582,3069095083.2300,1,0,4.635141
2021-01-25,sz.000333,101.0000,102.8700,98.7000,101.9800,100.5700,37735992,3802697804.6700,1,0,4.635141
2021-01-26,sz.000333,101.0000,101.0000,97.1000,97.9400,101.9800,40767026,4006657956.9100,1,0,4.635141
2021-01-27,sz.000333,97.0900,99.8400,96.3800,97.9500,97.9400,28326851,2781047165.7400,1,0,4.635141
2021-01-28,sz.000333,96.5300,96.9900,94.5000,95.1600,97.9500,31057214,2959282874.7600,1,0,4.635141
2021-01-29,sz.000333,95.3500,97.7900,93.6800,96.3300,95.1600,37246508,3576339185.6200,1,0,4.635141
2021-02-01,sz.000333,96.3300,98.5100,94.6600,98.2000,96.3300,28606271,2784442679.9300,1,0,4.635141
2021-02-02,sz.000333,97.4000,100.2000,97.4000,98.5800,98.2000,31544355,3125263982.6300,1,0,4.635141
2021-02-03,sz.000333,99.5000,100.4000,96.2000,97.6400,98.5800,32395536,3178416761.8400,1,0,4.635141
2021-02-04,sz.000333,96.2900,97.5900,95.2300,96.4000,97.6400,36486402,3514921395.0800,1,0,4.635141
2021-02-05,sz.000333,96.9800,98.3700,95.0000,97.2500,96.4000,37262393,3600456019.7500,1,0,4.635141
2021-02-08,sz.000333,97.2600,97.5000,94.4000,96.6600,97.2500,37743563,3614401923.5000,1,0,4.635141
2021-02-09,sz.000333,97.5900,101.9000,96.8900,101.9000,96.6600,53712247,5347054458.8100,1,0,4.635141
2021-02-10,sz.000333,102.9200,108.0000,101.5000,107.1100,101.9000,53679907,5641813861.7300,1,0,4.635141
2021-02-18,sz.000333,107.1200,107.3600,97.0000,98.3000,107.1100,94042908,9433652348.1500,1,0,4.635141
2021-02-19,sz.000333,95.0100,98.3300,95.0100,97.9900,98.3000,69387709,6722204870.3500,1,0,4.635141
2021-02-22,sz.000333,97.2800,97.2800,90.3800,90.4400,97.9900,90398609,8324148676.5900,1,0,4.635141
2021-02-23,sz.000333,89.0500,92.0000,88.8300,90.9400,90.4400,60475531,5494666678.4100,1,0,4.635141
2021-02-24,sz.000333,96.1000,98.6000,93.1200,95.0200,90.9400,100354633,9587929017.3000,1,0,4.635141
2021-02-25,sz.000333,94.9000,95.7900,92.1000,93.9400,95.0200,41637020,3934052806.9400,1,0,4.635141
2021-02-26,sz.000333,92.0000,94.4900,91.0200,93.0800,93.9400,60112303,5569084604.8500,1,0,4.635141
2021-03-01,sz.000333,93.4000,95.3000,91.8300,93.3300,93.0800,37084402,3475175712.4700,1,0,4.635141
2021-03-02,sz.000333,94.8700,95.8400,92.7000,93.5200,93.3300,47339822,4469317460.6700,1,0,4.635141
2021-03-03,sz.000333,92.7300,93.7200,91.5000,93.4900,93.5200,33059187,3072269141.0500,1,0,4.635141
2021-03-04,sz.000333,92.2200,92.5800,89.4400,89.9000,93.4900,44634820,4041856217.0200,1,0,4.635141
2021-03-05,sz.000333,87.5700,90.2700,86.0300,89.5000,89.9000,40948709,3626107488.0500,1,0,4.635141
2021-03-08,sz.000333,88.5000,89.7100,85.4400,85.5000,89.5000,48829340,4260904988.1600,1,0,4.635141
2021-03-09,sz.000333,84.6500,84.9000,81.7000,81.9900,85.5000,56896333,4741767513.5500,1,0,4.635141
2021-03-10,sz.000333,84.0000,84.6600,82.0500,83.6600,81.9900,47316765,3942944036.0900,1,0,4.635141
2021-03-11,sz.000333,84.5800,86.5000,83.5000,85.9500,83.6600,40811644,3495579073.9000,1,0,4.635141
2021-03-12,sz.000333,85.9700,88.0300,85.2100,85.9600,85.9500,32364532,2806048361.2800,1,0,4.635141
2021-03-15,sz.000333,84.8100,84.8400,81.0000,82.3000,85.9600,49051385,4035896117.2700,1,0,4.635141
2021-03-16,sz.000333,82.4100,83.0300,81.5500,82.5800,82.3000,34926115,2877253721.9000,1,0,4.635141
2021-03-17,sz.000333,82.0100,84.2800,81.3600,84.0700,82.5800,37095228,3081574544.1900,1,0,4.635141
2021-03-18,sz.000333,84.9800,87.0000,84.8000,86.7100,84.0700,34703588,2986372291.6100,1,0,4.635141
2021-03-19,sz.000333,85.0000,86.6000,84.3900,85.3100,86.7100,30529185,2610073941.4200,1,0,4.635141
2021-03-22,sz.000333,84.9900,85.5300,82.3000,83.3800,85.3100,31409285,2620969353.4500,1,0,4.635141
2021-03-23,sz.000333,83.3800,83.4400,81.0700,81.4700,83.3800,36969597,3027477688.6700,1,0,4.635141
2021-03-24,sz.000333,81.5000,82.4800,81.2600,81.6800,81.4700,23536758,1923709265.3300,1,0,4.635141
2021-03-25,sz.000333,81.0700,81.5000,79.3000,80.6800,81.6800,24752483,1990607891.3500,1,0,4.635141
2021-03-26,sz.000333,81.1000,82.5000,79.9600,82.0100,80.6800,31083020,2533340710.0900,1,0,4.635141
2021-03-29,sz.000333,81.9600,82.4700,81.0000,81.4700,82.0100,29453524,2406536460.1700,1,0,4.635141
2021-03-30,sz.000333,81.8600,83.4900,81.1100,82.4700,81.4700,35197152,2898062093.1700,1,0,4.635141
2021-03-31,sz.000333,82.8000,82.9800,81.2500,82.2300,82.4700,27352508,2245618464.9500,1,0,4.635141
2021-04-01,sz.000333,82.0000,85.8800,81.8000,85.4300,82.2300,35204512,2987621061.1600,1,0,4.635141
2021-04-02,sz.000333,85.5000,88.5000,84.9000,87.1100,85.4300,29152538,2546245045.0000,1,0,4.635141
2021-04-06,sz.000333,87.1600,87.7000,84.0000,84.3800,87.1100,25766840,2190978643.5500,1,0,4.635141
2021-04-07,sz.000333,84.3800,84.4900,81.8800,82.7200,84.3800,29977466,2467818330.5200,1,0,4.635141
2021-04-08,sz.000333,82.5100,82.9200,81.9500,82.6800,82.7200,18211406,1502128962.6100,1,0,4.635141
2021-04-09,sz.000333,82.9800,82.9800,80.2400,80.4500,82.6800,32238556,2610503420.4600,1,0,4.635141
2021-04-12,sz.000333,80.3000,81.2600,79.0000,79.3000,80.4500,25277487,2012933376.3700,1,0,4.635141
2021-04-13,sz.000333,78.9500,79.8200,78.1200,78.6900,79.3000,21362828,1686748572.0200,1,0,4.635141
2021-04-14,sz.000333,78.9700,80.6300,78.8900,80.1300,78.6900,21069229,1685738018.4500,1,0,4.635141
2021-04-15,sz.000333,80.1300,81.0000,78.9600,80.2800,80.1300,17445281,1393503616.2300,1,0,4.635141
2021-04-16,sz.000333,80.3000,80.6000,78.9000,79.9000,80.2800,15347818,1222574469.1700,1,0,4.635141
2021-04-19,sz.000333,80.0000,82.1100,79.0000,81.6700,79.9000,26759356,2175802611.4500,1,0,4.635141
2021-04-20,sz.000333,81.0800,81.5000,80.0300,80.9800,81.6700,23153386,1866628041.9000,1,0,4.635141
2021-04-21,sz.000333,80.0000,80.5000,79.5000,79.6000,80.9800,25190606,2010416382.9000,1,0,4.635141
2021-04-22,sz.000333,79.6200,80.2900,79.0100,80.2500,79.6000,23096878,1841507581.1300,1,0,4.635141
2021-04-23,sz.000333,80.4200,84.0000,80.2600,83.8600,80.2500,45141558,3741273480.1900,1,0,4.635141
2021-04-26,sz.000333,84.2400,85.0000,79.9100,80.0300,83.8600,41802919,3424838078.7700,1,0,4.635141
2021-04-27,sz.000333,79.9700,81.6300,79.2000,80.7200,80.0300,19000053,1531692781.3900,1,0,4.635141
2021-04-28,sz.000333,81.0000,81.7000,80.0800,81.5500,80.7200,17902575,1452688936.6600,1,0,4.635141
2021-04-29,sz.000333,82.0600,84.2500,81.8700,83.4300,81.5500,29815963,2474034002.3200,1,0,4.635141
2021-04-30,sz.000333,84.7000,84.7000,79.8000,80.1700,83.4300,58237700,4702118111.4200,1,0,4.635141
2021-05-06,sz.000333,78.3100,79.7700,77.4900,77.5600,80.1700,49115946,3841342540.1400,1,0,4.635141
2021-05-07,sz.000333,77.4000,77.5500,75.0000,75.0800,77.5600,43729514,3308412782.7600,1,0,4.635141
2021-05-10,sz.000333,75.8300,79.2000,75.8300,78.0000,75.0800,54943986,4265793301.1900,1,0,4.635141
2021-05-11,sz.000333,77.1600,79.0000,76.5900,78.3400,78.0000,27333464,2127125363.0500,1,0,4.635141
2021-05-12,sz.000333,78.9000,78.9000,76.4500,77.2700,78.3400,27341035,2106351405.0400,1,0,4.635141
2021-05-13,sz.000333,76.1200,76.5000,75.0000,75.1500,77.2700,32950762,2482149422.1300,1,0,4.635141
2021-05-14,sz.000333,75.3000,76.5700,73.6200,76.4400,75.1500,30481113,2297770135.7600,1,0,4.635141
2021-05-17,sz.000333,77.0000,79.3500,76.8800,78.4000,76.4400,41809230,3276114961.4600,1,0,4.635141
2021-05-18,sz.000333,79.8000,80.0000,77.2000,77.8400,78.4000,26855515,2106345388.9600,1,0,4.635141
2021-05-19,sz.000333,77.0500,77.7600,76.5000,77.3300,77.8400,22505269,1736145799.3300,1,0,4.635141
2021-05-20,sz.000333,79.0000,80.8600,77.5700,80.7000,77.3300,73533093,5884598445.6700,1,0,4.635141
2021-05-21,sz.000333,81.1000,83.1000,80.8700,81.5500,80.7000,50222428,4119754982.1800,1,0,4.635141
2021-05-24,sz.000333,82.6300,83.0000,80.9500,82.2000,81.5500,36014944,2956298659.6600,1,0,4.635141
2021-05-25,sz.000333,82.9700,84.2000,82.3400,83.2800,82.2000,41746744,3478155176.2200,1,0,4.635141
2021-05-26,sz.000333,83.9000,84.9900,82.4500,84.3300,83.2800,36038191,3021930596.6700,1,0,4.635141
2021-05-27,sz.000333,84.9900,85.0300,83.4300,83.9000,84.3300,29615660,2486863194.8800,1,0,4.635141
2021-05-28,sz.000333,83.2800,83.2900,82.0000,82.5300,83.9000,38741514,3196831619.4000,1,0,4.635141
2021-05-31,sz.000333,82.7000,82.7000,79.7400,81.0000,82.5300,52395101,4208270644.4100,1,0,4.635141
2021-06-01,sz.000333,80.9100,80.9100,79.3200,80.1700,81.0000,47337082,3776569523.8100,1,0,4.635141
2021-06-02,sz.000333,79.4000,79.5000,78.5000,79.5000,78.6000,34284654,2706286214.9900,1,0,4.727726
2021-06-03,sz.000333,79.5000,79.8400,77.4800,77.9300,79.5000,41669046,3262957927.4900,1,0,4.727726
2021-06-04,sz.000333,77.4100,78.5000,76.5300,77.7300,77.9300,28306603,2194930977.7400,1,0,4.727726
2021-06-07,sz.000333,77.7500,77.7700,76.1500,76.7800,77.7300,27727499,2124176470.2000,1,0,4.727726
2021-06-08,sz.000333,76.9000,77.3000,75.6300,76.0200,76.7800,32089344,2446270922.4100,1,0,4.727726
2021-06-09,sz.000333,76.2700,76.6200,75.2000,75.5900,76.0200,25138005,1900479893.7600,1,0,4.727726
2021-06-10,sz.000333,75.7000,75.9400,74.9000,75.4000,75.5900,32075563,2419455653.0400,1,0,4.727726
2021-06-11,sz.000333,75.4000,75.6000,73.5100,74.0000,75.4000,46521367,3444045477.5600,1,0,4.727726
2021-06-15,sz.000333,73.8700,74.5000,72.0000,73.2400,74.0000,44590030,3245305091.7600,1,0,4.727726
2021-06-16,sz.000333,73.9000,75.2600,73.2000,75.0000,73.2400,44970185,3359892667.4900,1,0,4.727726
2021-06-17,sz.000333,75.2000,75.3300,73.3000,73.4600,75.0000,29929238,2214198276.4900,1,0,4.727726
2021-06-18,sz.000333,73.3300,74.2100,72.1600,73.8000,73.4600,38817863,2831313013.0900,1,0,4.727726
2021-06-21,sz.000333,73.8200,73.8300,71.1700,72.0000,73.8000,47738643,3450150410.8600,1,0,4.727726
2021-06-22,sz.000333,71.9000,72.8800,70.8800,71.2800,72.0000,41034169,2942649258.1600,1,0,4.727726
2021-06-23,sz.000333,71.2100,73.2900,70.7000,73.1700,71.2800,43404358,3139531924.1900,1,0,4.727726
2021-06-24,sz.000333,74.5000,74.5000,72.7100,73.2000,73.1700,28702816,2103271900.9800,1,0,4.727726
2021-06-25,sz.000333,73.5700,73.7800,72.5800,73.1700,73.2000,41255201,3019079359.1400,1,0,4.727726
2021-06-28,sz.000333,73.1800,73.9000,72.5000,73.2100,73.1700,30684568,2240502743.8600,1,0,4.727726
2021-06-29,sz.000333,73.7800,73.8000,71.2400,71.4600,73.2100,34979911,2518377824.4500,1,0,4.727726
2021-06-30,sz.000333,71.1000,71.9000,70.8500,71.3700,71.4600,28444413,2022265551.9700,1,0,4.727726
2021-07-01,sz.000333,71.3000,73.3900,70.5600,73.2400,71.3700,44641783,3221962175.5900,1,0,4.727726
2021-07-02,sz.000333,72.6300,72.7500,70.6600,71.1000,73.2400,40318436,2873257072.7400,1,0,4.727726
2021-07-05,sz.000333,70.2800,70.3700,66.7800,68.2000,71.1000,78081102,5309270148.3400,1,0,4.727726
2021-07-06,sz.000333,67.6600,69.3500,66.8100,68.6100,68.2000,41063662,2802133748.8400,1,0,4.727726
2021-07-07,sz.000333,68.9500,71.9500,68.6100,70.3900,68.6100,55959761,3961973980.3500,1,0,4.727726
2021-07-08,sz.000333,70.0000,70.7900,68.8600,70.0000,70.3900,35977037,2508845301.0700,1,0,4.727726
2021-07-09,sz.000333,69.5500,70.5800,68.7100,69.2000,70.0000,29079830,2016604915.1500,1,0,4.727726
2021-07-12,sz.000333,69.6400,71.5000,68.9200,70.7000,69.2000,40495549,2860148826.0300,1,0,4.727726
2021-07-13,sz.000333,70.7800,73.3300,70.5800,72.8000,70.7000,47453241,3430086441.0800,1,0,4.727726
2021-07-14,sz.000333,72.4500,72.8000,71.5600,72.0000,72.8000,33405515,2405155834.6200,1,0,4.727726
2021-07-15,sz.000333,72.0000,72.3500,70.6100,71.1700,72.0000,31970243,2276242685.6200,1,0,4.727726
2021-07-16,sz.000333,71.3000,71.3000,68.8000,69.7000,71.1700,45691025,3180537683.8200,1,0,4.727726
2021-07-19,sz.000333,69.7900,70.3000,68.6000,70.1400,69.7000,30561168,2124892125.3100,1,0,4.727726
2021-07-20,sz.000333,69.6600,70.2200,69.0100,69.6100,70.1400,23094780,1603201065.8300,1,0,4.727726
2021-07-21,sz.000333,69.7200,69.9200,67.8100,67.9900,69.6100,51518657,3525935836.9000,1,0,4.727726
2021-07-22,sz.000333,67.9900,69.8900,66.9800,68.3000,67.9900,42883759,2952043815.8900,1,0,4.727726
2021-07-23,sz.000333,68.3000,68.8800,66.5100,66.9600,68.3000,42451336,2851914803.8200,1,0,4.727726
2021-07-26,sz.000333,65.5800,66.0700,63.8700,64.6800,66.9600,57012881,3709400702.3500,1,0,4.727726
2021-07-27,sz.000333,64.6700,64.9800,61.4000,61.4000,64.6800,61869875,3893777293.8200,1,0,4.727726
2021-07-28,sz.000333,61.4000,63.8000,61.1100,63.2800,61.4000,47782907,2994650503.6500,1,0,4.727726
2021-07-29,sz.000333,64.5000,64.5000,62.6300,63.3000,63.2800,39271265,2485962571.3900,1,0,4.727726
2021-07-30,sz.000333,63.0900,64.0800,61.9600,63.5100,63.3000,41977874,2648623981.4800,1,0,4.727726
2021-08-02,sz.000333,63.5000,66.6600,62.5800,66.0800,63.5100,54445260,3553099532.1500,1,0,4.727726
2021-08-03,sz.000333,65.5000,72.2600,65.1800,70.9200,66.0800,89992768,6224743064.1000,1,0,4.727726
2021-08-04,sz.000333,70.4000,71.6800,69.7300,69.9900,70.9200,42636229,3000695827.1400,1,0,4.727726
2021-08-05,sz.000333,69.4500,71.6100,69.0900,69.9000,69.9900,45338268,3201066025.9800,1,0,4.727726
2021-08-06,sz.000333,70.0000,71.0500,68.0500,70.3500,69.9000,34481766,2410493994.3100,1,0,4.727726
2021-08-09,sz.000333,69.6000,73.5000,69.3700,72.4700,70.3500,51361921,3711851356.3400,1,0,4.727726
2021-08-10,sz.000333,72.1000,72.8500,70.8300,72.8500,72.4700,32371545,2326129708.8200,1,0,4.727726
2021-08-11,sz.000333,72.3400,73.5500,71.8700,71.9300,72.8500,28560714,2073013760.9400,1,0,4.727726
2021-08-12,sz.000333,71.5000,72.4700,70.6000,70.9200,71.9300,30539265,2176736608.6000,1,0,4.727726
2021-08-13,sz.000333,70.9200,71.9800,69.8000,71.6100,70.9200,30301304,2153012741.9700,1,0,4.727726
2021-08-16,sz.000333,71.6100,75.4500,71.4500,74.9900,71.6100,66305582,4925830244.8200,1,0,4.727726
2021-08-17,sz.000333,74.9800,75.5000,73.1100,73.4000,74.9900,41410311,3078533153.8800,1,0,4.727726
2021-08-18,sz.000333,73.3900,75.0000,72.7000,74.5000,73.4000,32617317,2419424671.3600,1,0,4.727726
2021-08-19,sz.000333,74.9600,75.2800,71.8700,71.9400,74.5000,32866221,2403024430.9200,1,0,4.727726
2021-08-20,sz.000333,70.9900,72.4900,69.7900,72.0000,71.9400,30129822,2143875729.9200,1,0,4.727726
2021-08-23,sz.000333,71.7000,72.5500,70.1300,70.6100,72.0000,24216401,1715542962.4900,1,0,4.727726
2021-08-24,sz.000333,70.2000,71.1500,68.1800,70.5000,70.6100,38744022,2700934790.1300,1,0,4.727726
2021-08-25,sz.000333,70.1000,70.7000,69.0000,69.1500,70.5000,25351879,1761336902.7000,1,0,4.727726
2021-08-26,sz.000333,69.1400,69.6500,67.5100,67.9300,69.1500,30560914,2082846695.5200,1,0,4.727726
2021-08-27,sz.000333,67.9300,68.9800,67.3800,67.8000,67.9300,24556080,1670326402.7500,1,0,4.727726
2021-08-30,sz.000333,67.9500,68.1100,65.3100,65.9800,67.8000,45344420,2990768858.7800,1,0,4.727726
2021-08-31,sz.000333,65.9000,67.8900,65.2600,66.0000,65.9800,31964102,2120020156.6900,1,0,4.727726
2021-09-01,sz.000333,66.5100,69.8500,65.1800,69.1500,66.0000,54120472,3688604134.0300,1,0,4.727726
2021-09-02,sz.000333,69.5800,69.5800,67.8500,69.1900,69.1500,42761283,2930294690.1000,1,0,4.727726
2021-09-03,sz.000333,68.9700,70.1300,68.2000,70.0400,69.1900,28680784,1995822443.4500,1,0,4.727726
2021-09-06,sz.000333,70.1200,73.2400,70.1100,72.1200,70.0400,39610616,2853865986.3200,1,0,4.727726
2021-09-07,sz.000333,72.7000,73.9300,71.8100,73.0200,72.1200,38937022,2852011278.2900,1,0,4.727726
2021-09-08,sz.000333,73.0000,73.6500,72.2100,72.7200,73.0200,26682359,1945966049.8800,1,0,4.727726
2021-09-09,sz.000333,72.7200,73.3500,71.2300,72.0200,72.7200,22350846,1611240093.7500,1,0,4.727726
2021-09-10,sz.000333,72.0200,73.0000,71.1000,72.4000,72.0200,21079581,1520883789.1400,1,0,4.727726
2021-09-13,sz.000333,72.3200,72.6900,70.7300,70.9800,72.4000,21293772,1519720223.6700,1,0,4.727726
2021-09-14,sz.000333,71.0000,71.4000,68.2100,68.4300,70.9800,30703335,2132022305.3400,1,0,4.727726
2021-09-15,sz.000333,68.0100,68.4200,65.8000,66.5200,68.4300,39630658,2652852006.2300,1,0,4.727726
2021-09-16,sz.000333,66.5200,67.1800,65.8000,65.9500,66.5200,29466222,1952956773.6000,1,0,4.727726
2021-09-17,sz.000333,66.3600,68.2800,66.0900,68.2600,65.9500,26097737,1757915165.9200,1,0,4.727726
2021-09-22,sz.000333,67.0000,67.3000,65.8800,66.0800,68.2600,23967787,1589166507.2300,1,0,4.727726
2021-09-23,sz.000333,66.7600,67.1000,66.0000,66.7900,66.0800,19943038,1327533718.7400,1,0,4.727726
2021-09-24,sz.000333,66.5000,68.2000,66.0900,67.2000,66.7900,27372409,1841748628.1800,1,0,4.727726
2021-09-27,sz.000333,67.1900,70.3900,66.7700,68.7000,67.2000,33266460,2292141631.4400,1,0,4.727726
2021-09-28,sz.000333,68.0700,70.5000,67.3100,70.2700,68.7000,34751438,2424145960.2500,1,0,4.727726
2021-09-29,sz.000333,69.9500,70.9000,69.2800,70.2700,70.2700,29530820,2075477390.5300,1,0,4.727726
2021-09-30,sz.000333,70.2700,71.1300,69.5000,69.6000,70.2700,21879116,1537243044.6700,1,0,4.727726
2021-10-08,sz.000333,70.2000,72.5800,69.7500,72.5000,69.6000,41613373,2987690472.0600,1,0,4.727726
2021-10-11,sz.000333,72.7000,73.1000,71.0800,71.0800,72.5000,23449247,1683573325.4600,1,0,4.727726
2021-10-12,sz.000333,71.1100,72.5800,70.0800,71.6200,71.0800,21599019,1548732744.3100,1,0,4.727726
2021-10-13,sz.000333,72.0000,72.2200,70.2500,71.0000,71.6200,16055890,1139319628.4800,1,0,4.727726
2021-10-14,sz.000333,71.0300,71.6200,69.6500,70.1300,71.0000,16233358,1143450650.2900,1,0,4.727726
2021-10-15,sz.000333,71.0000,71.7800,70.3600,71.0000,70.1300,20425107,1447693569.0100,1,0,4.727726
2021-10-18,sz.000333,71.0000,71.0000,69.0000,69.6200,71.0000,21901873,1524555399.5600,1,0,4.727726
2021-10-19,sz.000333,69.3100,70.4600,69.0500,69.8800,69.6200,18104497,1265164859.5300,1,0,4.727726
2021-10-20,sz.000333,70.0000,70.5000,68.0200,68.0700,69.8800,30276609,2074541249.5200,1,0,4.727726
2021-10-21,sz.000333,68.2800,69.7900,68.0400,69.6800,68.0700,20597302,1416973726.5100,1,0,4.727726
2021-10-22,sz.000333,69.9700,75.0000,69.9500,74.5000,69.6800,81947936,6030294050.9700,1,0,4.727726
2021-10-25,sz.000333,73.9900,74.3000,71.6000,72.4000,74.5000,43058106,3124400474.3800,1,0,4.727726
2021-10-26,sz.000333,71.7500,71.9800,70.0200,70.0200,72.4000,39644810,2798221885.2800,1,0,4.727726
2021-10-27,sz.000333,69.0600,69.4500,67.0000,67.0000,70.0200,67849700,4597497865.1300,1,0,4.727726
2021-10-28,sz.000333,66.5000,68.3500,66.0400,68.1200,67.0000,27797860,1876958742.7100,1,0,4.727726
2021-10-29,sz.000333,67.4300,69.5000,67.3000,68.7700,68.1200,28202116,1933712606.8600,1,0,4.727726
2021-11-01,sz.000333,71.2700,73.9200,70.6500,72.8100,68.7700,74811069,5437920545.9800,1,0,4.727726
2021-11-02,sz.000333,72.8100,73.3900,70.3800,70.8100,72.8100,33979598,2430850401.6300,1,0,4.727726
2021-11-03,sz.000333,70.0300,71.5000,69.3200,69.3200,70.8100,22136290,1550205587.7700,1,0,4.727726
2021-11-04,sz.000333,70.0000,71.2400,69.4900,70.7200,69.3200,23674066,1667235035.0700,1,0,4.727726
2021-11-05,sz.000333,70.3100,71.8100,69.7900,70.7500,70.7200,18630632,1321929414.4600,1,0,4.727726
2021-11-08,sz.000333,70.6300,70.9600,69.8000,70.4400,70.7500,14960996,1051451981.8800,1,0,4.727726
2021-11-09,sz.000333,70.3500,70.3500,68.3700,69.0000,70.4400,22767037,1571550505.3300,1,0,4.727726
2021-11-10,sz.000333,68.6900,69.8000,68.0200,69.5800,69.0000,23735791,1632341271.7300,1,0,4.727726
2021-11-11,sz.000333,69.1900,72.3600,68.9000,72.0400,69.5800,36332028,2604623041.1000,1,0,4.727726
2021-11-12,sz.000333,71.8800,73.8800,71.6000,72.1700,72.0400,26614392,1929374935.2200,1,0,4.727726
2021-11-15,sz.000333,72.0000,73.0000,71.5000,72.4800,72.1700,21497317,1553116114.9500,1,0,4.727726
2021-11-16,sz.000333,73.0000,73.5000,72.3900,72.7300,72.4800,21140190,1540309641.4000,1,0,4.727726
2021-11-17,sz.000333,72.2500,73.2000,71.5200,72.1100,72.7300,14390330,1039576297.6700,1,0,4.727726
2021-11-18,sz.000333,71.8300,71.8400,69.9800,70.2200,72.1100,19413431,1370784033.7800,1,0,4.727726
2021-11-19,sz.000333,70.2200,70.5000,69.3100,70.0000,70.2200,25102995,1750975581.0000,1,0,4.727726
2021-11-22,sz.000333,69.7300,70.2800,69.5000,69.9500,70.0000,22966239,1602179694.3000,1,0,4.727726
2021-11-23,sz.000333,69.9400,69.9400,69.0200,69.4700,69.9500,22415718,1554230541.7600,1,0,4.727726
2021-11-24,sz.000333,70.1500,70.3700,69.0200,70.1500,69.4700,25270993,1761908032.9600,1,0,4.727726
2021-11-25,sz.000333,70.0000,70.0000,69.0800,69.1400,70.1500,18110345,1254877493.1500,1,0,4.727726
2021-11-26,sz.000333,69.0000,69.4500,68.5800,68.8100,69.1400,14048378,969361339.8100,1,0,4.727726
2021-11-29,sz.000333,67.9900,68.5800,67.7200,68.1700,68.8100,20002100,1361366065.6500,1,0,4.727726
2021-11-30,sz.000333,67.8600,69.1500,67.6700,67.7800,68.1700,19543671,1332560745.2500,1,0,4.727726
2021-12-01,sz.000333,67.6700,68.2000,67.2000,68.1600,67.7800,18010101,1220013294.8000,1,0,4.727726
2021-12-02,sz.000333,67.3800,67.9700,67.1100,67.7400,68.1600,17292840,1169569317.6300,1,0,4.727726
2021-12-03,sz.000333,67.7100,67.7100,66.6800,67.1600,67.7400,21709179,1455435330.1600,1,0,4.727726
2021-12-06,sz.000333,67.1600,68.7800,67.1100,68.5700,67.1600,28156018,1927815523.4100,1,0,4.727726
2021-12-07,sz.000333,69.1000,70.4000,69.1000,70.2300,68.5700,45996100,3221759578.8000,1,0,4.727726
2021-12-08,sz.000333,70.3900,70.4500,69.0000,69.9900,70.2300,24448618,1705575366.7200,1,0,4.727726
2021-12-09,sz.000333,71.5000,72.7500,70.8800,72.2200,69.9900,58720574,4231464731.4400,1,0,4.727726
2021-12-10,sz.000333,71.6600,72.4000,70.7000,71.9000,72.2200,29774271,2133466230.3500,1,0,4.727726
2021-12-13,sz.000333,72.7500,75.2700,72.5200,72.9500,71.9000,54392976,4021351648.6400,1,0,4.727726
2021-12-14,sz.000333,72.2500,72.4800,71.0500,71.0500,72.9500,25330123,1813446503.1100,1,0,4.727726
2021-12-15,sz.000333,70.9900,71.4100,70.1800,70.3500,71.0500,16566927,1169764120.5000,1,0,4.727726
2021-12-16,sz.000333,70.4500,70.8800,69.8200,70.4000,70.3500,15360353,1077897221.6400,1,0,4.727726
2021-12-17,sz.000333,70.0900,70.2600,68.7000,68.7000,70.4000,20467841,1419353357.9200,1,0,4.727726
2021-12-20,sz.000333,68.8800,70.3400,68.8100,69.6200,68.7000,20657979,1440391946.1800,1,0,4.727726
2021-12-21,sz.000333,69.6100,72.1300,69.5000,71.6500,69.6200,31759660,2268444039.9800,1,0,4.727726
2021-12-22,sz.000333,71.4500,71.9000,70.0300,71.5300,71.6500,22483108,1595253317.7800,1,0,4.727726
2021-12-23,sz.000333,71.0900,72.8700,71.0000,71.8700,71.5300,19654181,1412656991.4200,1,0,4.727726
2021-12-24,sz.000333,71.3300,72.2500,70.8300,72.1600,71.8700,16377482,1174612543.6200,1,0,4.727726
2021-12-27,sz.000333,72.2000,74.0000,71.9000,73.0500,72.1600,27562336,2020201843.7100,1,0,4.727726
2021-12-28,sz.000333,73.0500,75.4600,73.0500,75.1800,73.0500,51272047,3839791457.8200,1,0,4.727726
2021-12-29,sz.000333,75.0000,75.5500,73.7500,74.0100,75.1800,21584258,1603790662.9000,1,0,4.727726
2021-12-30,sz.000333,74.0000,74.5000,73.1800,73.9600,74.0100,21829008,1615514267.9200,1,0,4.727726
2021-12-31,sz.000333,73.9000,74.4400,72.7800,73.8100,73.9600,21673393,1593276844.8100,1,0,4.727726
2022-01-04,sz.000333,74.0000,75.5000,73.6000,75.3600,73.8100,31040801,2323005428.6700,1,0,4.727726
2022-01-05,sz.000333,75.4000,79.8300,74.7400,76.2700,75.3600,61369922,4743653586.4000,1,0,4.727726
2022-01-06,sz.000333,75.8100,78.1900,74.8000,74.9800,76.2700,34188949,2599839611.8100,1,0,4.727726
2022-01-07,sz.000333,75.4800,78.4800,75.0100,77.7800,74.9800,43722085,3393184312.8100,1,0,4.727726
2022-01-10,sz.000333,78.2000,80.8800,77.0000,77.8000,77.7800,35252163,2760629556.2300,1,0,4.727726
2022-01-11,sz.000333,77.0200,78.8200,75.5000,75.6000,77.8000,33694529,2592315666.6000,1,0,4.727726
2022-01-12,sz.000333,76.0900,76.3200,73.0300,74.2800,75.6000,38464129,2852050497.6500,1,0,4.727726
2022-01-13,sz.000333,74.5800,75.3600,72.2000,72.3200,74.2800,26732585,1957650624.9500,1,0,4.727726
2022-01-14,sz.000333,72.1000,72.8500,71.4000,72.0000,72.3200,20996990,1516106943.2400,1,0,4.727726
2022-01-17,sz.000333,72.1000,73.4400,71.7200,73.0300,72.0000,20381136,1481637501.3600,1,0,4.727726
2022-01-18,sz.000333,72.8100,73.6800,72.0200,73.3000,73.0300,21307718,1554810615.2200,1,0,4.727726
2022-01-19,sz.000333,73.7000,76.1900,73.4600,75.2300,73.3000,40401059,3035602735.5300,1,0,4.727726
2022-01-20,sz.000333,75.1900,78.8000,75.1100,78.6200,75.2300,50662197,3941616640.8300,1,0,4.727726
2022-01-21,sz.000333,78.1200,78.8200,76.6300,77.4100,78.6200,30226221,2345227569.0300,1,0,4.727726
2022-01-24,sz.000333,76.8000,79.0300,76.5000,77.0800,77.4100,16913071,1307756734.7800,1,0,4.727726
2022-01-25,sz.000333,76.8000,78.8000,75.2200,75.8500,77.0800,25185151,1938021218.8700,1,0,4.727726
2022-01-26,sz.000333,76.4700,77.5300,75.5400,76.5100,75.8500,17996504,1376378669.1400,1,0,4.727726
2022-01-27,sz.000333,75.7500,76.7700,74.5100,74.8200,76.5100,25896559,1951701429.5700,1,0,4.727726
2022-01-28,sz.000333,74.8300,76.0000,73.0300,73.2000,74.8200,26921924,1996946181.7000,1,0,4.727726
2022-02-07,sz.000333,74.5000,75.6400,73.3800,74.7000,73.2000,21295784,1582887131.5200,1,0,4.727726
2022-02-08,sz.000333,74.4000,74.9000,73.0000,74.3000,74.7000,25222789,1858705327.5100,1,0,4.727726
2022-02-09,sz.000333,74.6000,77.0700,73.9000,76.5900,74.3000,30821130,2329350901.6200,1,0,4.727726
2022-02-10,sz.000333,76.1000,76.6100,73.5000,73.6500,76.5900,40093808,2986309640.2600,1,0,4.727726
2022-02-11,sz.000333,73.1500,74.6000,72.4800,74.1400,73.6500,26315615,1943208565.5200,1,0,4.727726
2022-02-14,sz.000333,73.5000,73.5300,71.6000,73.0000,74.1400,19833640,1443390305.3300,1,0,4.727726
2022-02-15,sz.000333,72.7200,73.3000,71.9000,72.0300,73.0000,22662561,1639397266.1400,1,0,4.727726
2022-02-16,sz.000333,72.1800,73.4900,71.8000,73.3000,72.0300,18939258,1380576750.9200,1,0,4.727726
2022-02-17,sz.000333,73.0100,73.8000,72.1100,72.2700,73.3000,17712319,1288420221.9800,1,0,4.727726
2022-02-18,sz.000333,71.7900,73.1400,71.3100,73.0000,72.2700,15392511,1114787733.7700,1,0,4.727726
2022-02-21,sz.000333,72.8000,72.8200,72.0000,72.7000,73.0000,10709058,776053567.5300,1,0,4.727726
2022-02-22,sz.000333,72.1000,72.1500,69.2500,70.1700,72.7000,36301446,2550080183.9400,1,0,4.727726
2022-02-23,sz.000333,70.0500,70.6400,69.7000,70.4800,70.1700,19598560,1377756703.2900,1,0,4.727726
2022-02-24,sz.000333,69.5200,69.7600,67.4600,68.3000,70.4800,41899669,2867573788.8400,1,0,4.727726
2022-02-25,sz.000333,68.7500,68.9500,67.8100,68.1200,68.3000,22417097,1528873766.1600,1,0,4.727726
2022-02-28,sz.000333,67.5000,67.6200,65.5000,66.7200,68.1200,48362395,3207726544.0000,1,0,4.727726
2022-03-01,sz.000333,66.6100,68.3900,65.6800,68.3300,66.7200,40633496,2724504800.0000,1,0,4.727726
2022-03-02,sz.000333,67.5000,67.5000,66.2000,66.9200,68.3300,24786934,1658320784.0000,1,0,4.727726
2022-03-03,sz.000333,67.2500,67.2500,65.9500,66.6700,66.9200,26230556,1743964880.0000,1,0,4.727726
2022-03-04,sz.000333,65.9500,66.3300,65.0900,65.6000,66.6700,30520427,2001514128.0000,1,0,4.727726
2022-03-07,sz.000333,64.5800,64.5800,62.0400,62.5100,65.6000,47645242,2998946560.0000,1,0,4.727726
2022-03-08,sz.000333,61.9000,63.0000,59.7000,59.7600,62.5100,57768670,3513393056.0000,1,0,4.727726
2022-03-09,sz.000333,59.2800,60.0100,56.6100,59.5200,59.7600,56275807,3289964736.0000,1,0,4.727726
2022-03-10,sz.000333,61.2100,61.3900,58.1200,58.8700,59.5200,47362869,2809518528.0000,1,0,4.727726
2022-03-11,sz.000333,58.3000,59.6700,57.3300,59.3800,58.8700,35638996,2080976816.0000,1,0,4.727726
2022-03-14,sz.000333,58.0200,59.0900,56.6900,56.6900,59.3800,31918608,1851362816.0000,1,0,4.727726
2022-03-15,sz.000333,56.2000,57.2300,54.2800,54.4000,56.6900,49926766,2779415600.0000,1,0,4.727726
2022-03-16,sz.000333,56.2000,57.3100,54.2500,56.9900,54.4000,52945781,2962039200.0000,1,0,4.727726
2022-03-17,sz.000333,59.4400,59.6800,57.6100,58.7000,56.9900,52266437,3071637072.0000,1,0,4.727726
2022-03-18,sz.000333,58.7000,59.0100,57.6500,58.9000,58.7000,36839305,2148265062.6500,1,0,4.727726
2022-03-21,sz.000333,59.0300,59.5500,58.0000,58.4500,58.9000,30641715,1798629636.1200,1,0,4.727726
2022-03-22,sz.000333,58.1000,58.9400,58.0200,58.5800,58.4500,19403969,1134303592.5900,1,0,4.727726
2022-03-23,sz.000333,58.7300,58.8600,57.9300,58.0000,58.5800,24373729,1418165962.6000,1,0,4.727726
2022-03-24,sz.000333,57.5000,57.8200,57.1100,57.5800,58.0000,23678670,1361843502.7400,1,0,4.727726
2022-03-25,sz.000333,57.5900,57.9200,56.0500,56.0900,57.5800,25216369,1430819628.2500,1,0,4.727726
2022-03-28,sz.000333,55.8700,56.1600,54.8000,55.8000,56.0900,21585282,1198968556.1100,1,0,4.727726
2022-03-29,sz.000333,56.1100,56.2300,54.4600,54.6500,55.8000,25242958,1391082042.4500,1,0,4.727726
2022-03-30,sz.000333,54.9900,57.0000,54.9500,57.0000,54.6500,33900253,1899860141.3300,1,0,4.727726
2022-03-31,sz.000333,56.9000,57.2000,56.2200,57.0000,57.0000,25133597,1428403894.1200,1,0,4.727726
2022-04-01,sz.000333,56.5000,59.2400,55.8100,58.6000,57.0000,45775170,2655473470.4700,1,0,4.727726
2022-04-06,sz.000333,58.0500,59.1800,57.9000,58.4100,58.6000,30753172,1798592443.7000,1,0,4.727726
2022-04-07,sz.000333,57.6500,59.1200,57.6100,57.7000,58.4100,26942029,1567998977.9800,1,0,4.727726
2022-04-08,sz.000333,57.7000,57.9200,56.8400,57.3300,57.7000,22682729,1297780224.0200,1,0,4.727726
2022-04-11,sz.000333,57.4500,57.4700,55.2700,55.3600,57.3300,33812428,1894585190.9500,1,0,4.727726
2022-04-12,sz.000333,55.7400,57.5000,55.2900,57.4400,55.3600,29717487,1671057316.7500,1,0,4.727726
2022-04-13,sz.000333,56.9800,57.4500,56.4300,56.5700,57.4400,21198659,1206396766.4100,1,0,4.727726
2022-04-14,sz.000333,57.0200,59.0800,57.0200,58.7200,56.5700,42741664,2497101925.1600,1,0,4.727726
2022-04-15,sz.000333,58.3200,59.3000,58.1600,58.6500,58.7200,21242110,1246877156.8300,1,0,4.727726
2022-04-18,sz.000333,58.5000,58.5000,57.5300,57.5700,58.6500,15468205,893259008.2300,1,0,4.727726
2022-04-19,sz.000333,57.6500,58.1500,57.0600,57.3000,57.5700,16849454,971057233.5400,1,0,4.727726
2022-04-20,sz.000333,57.7500,58.8900,57.0000,57.5600,57.3000,21662822,1255101325.9900,1,0,4.727726
2022-04-21,sz.000333,57.1000,57.9900,55.6000,56.0300,57.5600,27999954,1586256607.6700,1,0,4.727726
2022-04-22,sz.000333,55.6000,57.5200,54.6800,56.9700,56.0300,24469829,1373768018.0700,1,0,4.727726
2022-04-25,sz.000333,56.5500,57.4900,55.0300,55.0700,56.9700,32560068,1837475014.7100,1,0,4.727726
2022-04-26,sz.000333,55.0700,55.4700,51.5100,51.7900,55.0700,63204589,3336916857.5400,1,0,4.727726
2022-04-27,sz.000333,50.7300,53.3500,50.5000,53.1000,51.7900,37571041,1983750318.7000,1,0,4.727726
2022-04-28,sz.000333,53.5000,53.7000,52.0700,53.2800,53.1000,25258916,1335819842.6200,1,0,4.727726
2022-04-29,sz.000333,54.0000,57.2900,53.2800,57.0900,53.2800,57524101,3198610308.2000,1,0,4.727726
2022-05-05,sz.000333,58.0500,59.3800,57.8500,58.7000,57.0900,46790722,2748594256.4100,1,0,4.727726
2022-05-06,sz.000333,57.6000,58.5000,57.3900,58.2000,58.7000,21216998,1232140905.6500,1,0,4.727726
2022-05-09,sz.000333,57.2500,57.5200,55.7700,56.3600,58.2000,21529684,1216418056.8300,1,0,4.727726
2022-05-10,sz.000333,55.2300,56.8900,55.0000,56.6000,56.3600,30057137,1689113755.7800,1,0,4.727726
2022-05-11,sz.000333,56.4800,57.5000,56.0000,56.6800,56.6000,35911506,2038556236.5800,1,0,4.727726
2022-05-12,sz.000333,56.5800,56.5800,55.2800,55.7400,56.6800,22579089,1261668407.4500,1,0,4.727726
2022-05-13,sz.000333,56.5200,57.1700,56.2000,57.0100,55.7400,24432011,1386786846.1400,1,0,4.727726
2022-05-16,sz.000333,57.5200,58.7500,55.5500,56.2000,57.0100,28664501,1624257210.9800,1,0,4.727726
2022-05-17,sz.000333,56.0000,57.5000,55.7000,57.3900,56.2000,22831367,1301041283.0200,1,0,4.727726
2022-05-18,sz.000333,57.5000,57.6700,55.9200,56.6300,57.3900,22269749,1258738706.5500,1,0,4.727726
2022-05-19,sz.000333,55.7900,56.1900,55.3300,55.8200,56.6300,20195890,1125169384.4600,1,0,4.727726
2022-05-20,sz.000333,55.9000,57.1200,55.3600,56.9000,55.8200,26608469,1502431004.3700,1,0,4.727726
2022-05-23,sz.000333,56.3500,56.5000,54.0900,54.3100,56.9000,55783104,3054327109.6900,1,0,4.727726
2022-05-24,sz.000333,54.0600,54.6900,53.5500,53.7900,54.3100,26346272,1425290685.5700,1,0,4.727726
2022-05-25,sz.000333,53.5000,53.8000,53.0000,53.4000,53.7900,22197439,1182899111.1100,1,0,4.727726
2022-05-26,sz.000333,53.4000,54.0800,51.8000,53.8200,53.4000,42382765,2242918333.9000,1,0,4.727726
2022-05-27,sz.000333,54.4300,54.7900,53.0100,53.1200,53.8200,35255705,1897823156.8900,1,0,4.727726
2022-05-30,sz.000333,53.1500,53.8000,53.0100,53.4000,53.1200,21638531,1152606788.1700,1,0,4.727726
2022-05-31,sz.000333,53.4900,54.4800,53.1000,54.4800,53.4000,35509917,1910341885.8200,1,0,4.727726
2022-06-01,sz.000333,54.3000,54.7700,53.8500,54.2700,54.4800,29205803,1584914302.7200,1,0,4.727726
2022-06-02,sz.000333,52.7600,52.7800,52.0800,52.5600,52.6000,27584641,1445923345.9500,1,0,4.877827
2022-06-06,sz.000333,52.5800,52.9300,51.5800,52.7900,52.5600,36520890,1916117643.1800,1,0,4.877827
2022-06-07,sz.000333,52.5000,53.1300,52.1000,53.0000,52.7900,29169548,1540591783.4200,1,0,4.877827
2022-06-08,sz.000333,53.0100,53.8000,52.5300,52.9900,53.0000,36297664,1921801464.7200,1,0,4.877827
2022-06-09,sz.000333,52.8500,53.1500,52.1900,52.3800,52.9900,28683558,1507868963.7800,1,0,4.877827
2022-06-10,sz.000333,52.1100,52.3400,51.7500,52.2500,52.3800,30034887,1563195288.9100,1,0,4.877827
2022-06-13,sz.000333,51.8000,51.8500,50.6600,51.0600,52.2500,40426293,2064281835.6700,1,0,4.877827
2022-06-14,sz.000333,50.3000,51.5600,50.1200,51.4300,51.0600,34842410,1764306397.6800,1,0,4.877827
2022-06-15,sz.000333,51.1200,55.0000,51.1200,54.4400,51.4300,91507776,4906858801.3300,1,0,4.877827
2022-06-16,sz.000333,54.4700,54.9300,53.4900,53.8300,54.4400,35938169,1942251730.4400,1,0,4.877827
2022-06-17,sz.000333,53.0300,55.4100,52.5200,54.7600,53.8300,53813436,2909185799.3000,1,0,4.877827
2022-06-20,sz.000333,55.1600,57.5500,55.1600,57.0600,54.7600,76530884,4349794664.6000,1,0,4.877827
2022-06-21,sz.000333,57.1000,58.3900,56.6500,57.2900,57.0600,53707727,3093973214.4000,1,0,4.877827
2022-06-22,sz.000333,57.2700,57.2700,56.0000,56.0000,57.2900,29721130,1674082885.3700,1,0,4.877827
2022-06-23,sz.000333,55.9600,56.4700,55.3000,55.9900,56.0000,30453200,1698132572.2400,1,0,4.877827
2022-06-24,sz.000333,55.9900,58.9500,55.7600,57.8000,55.9900,73201062,4236370540.3000,1,0,4.877827
2022-06-27,sz.000333,58.3000,60.0800,58.3000,59.1000,57.8000,58158368,3454900578.8300,1,0,4.877827
2022-06-28,sz.000333,59.6000,59.6000,58.4500,59.1000,59.1000,32252221,1902451600.1000,1,0,4.877827
2022-06-29,sz.000333,59.4800,60.6400,59.2100,59.2700,59.1000,42072308,2520771106.3400,1,0,4.877827
2022-06-30,sz.000333,59.3600,60.6600,59.0000,60.3900,59.2700,37053894,2223920748.1800,1,0,4.877827
2022-07-01,sz.000333,60.1900,60.1900,58.1600,58.7900,60.3900,33785737,1992141898.9400,1,0,4.877827
2022-07-04,sz.000333,57.5400,60.0600,57.5400,59.9700,58.7900,31375014,1867732491.5800,1,0,4.877827
2022-07-05,sz.000333,59.7500,61.4900,58.9000,59.5400,59.9700,28384693,1695670009.8100,1,0,4.877827
2022-07-06,sz.000333,60.0500,61.0300,58.6700,59.2800,59.5400,30764043,1828885011.6100,1,0,4.877827
2022-07-07,sz.000333,59.0200,59.8000,58.5000,58.7000,59.2800,19747189,1165987948.6000,1,0,4.877827
2022-07-08,sz.000333,59.1200,59.1200,57.9000,58.5800,58.7000,22725014,1326085878.5500,1,0,4.877827
2022-07-11,sz.000333,58.2600,59.2000,57.7200,58.9000,58.5800,27354736,1600533212.1800,1,0,4.877827
2022-07-12,sz.000333,59.0500,60.8800,59.0500,60.1000,58.9000,40810385,2451083764.0000,1,0,4.877827
2022-07-13,sz.000333,60.0800,60.2500,58.0300,58.3000,60.1000,38790065,2277523772.2900,1,0,4.877827
2022-07-14,sz.000333,59.0000,59.1900,55.8500,56.2000,58.3000,54519966,3101127518.6400,1,0,4.877827
2022-07-15,sz.000333,55.8000,56.5800,55.1500,55.2000,56.2000,30267863,1686983213.6100,1,0,4.877827
2022-07-18,sz.000333,55.2000,55.8800,54.0000,55.2900,55.2000,23549370,1297826116.9800,1,0,4.877827
2022-07-19,sz.000333,55.1000,55.6600,54.7600,55.0300,55.2900,19709717,1084831637.0100,1,0,4.877827
2022-07-20,sz.000333,55.4700,56.3500,55.1000,55.4300,55.0300,21705190,1207951153.9300,1,0,4.877827
2022-07-21,sz.000333,55.5000,55.9000,54.8000,54.8900,55.4300,16384697,902059283.7600,1,0,4.877827
2022-07-22,sz.000333,54.6500,55.4700,54.3000,55.0900,54.8900,18646088,1022770982.7700,1,0,4.877827
2022-07-25,sz.000333,55.1000,56.7200,55.0100,56.4500,55.0900,36027403,2023496096.0200,1,0,4.877827
2022-07-26,sz.000333,56.5000,57.8600,56.3700,57.4000,56.4500,26304234,1507831169.3000,1,0,4.877827
2022-07-27,sz.000333,57.2000,57.2500,55.7700,55.9200,57.4000,24440950,1372601234.9800,1,0,4.877827
2022-07-28,sz.000333,56.0000,56.1400,55.5100,55.7500,55.9200,14614702,815071057.2100,1,0,4.877827
2022-07-29,sz.000333,55.9500,56.2000,54.7800,54.9800,55.7500,23747370,1312270361.9000,1,0,4.877827
2022-08-01,sz.000333,55.2500,55.3000,54.0800,54.6100,54.9800,18646747,1017042233.7300,1,0,4.877827
2022-08-02,sz.000333,54.0800,54.1000,52.9000,53.6000,54.6100,26048594,1393045271.3600,1,0,4.877827
2022-08-03,sz.000333,53.2100,54.0100,52.0800,52.2500,53.6000,31878019,1682530015.5200,1,0,4.877827
2022-08-04,sz.000333,52.4000,52.7700,52.1000,52.5000,52.2500,13529107,709252637.1100,1,0,4.877827
2022-08-05,sz.000333,52.7400,52.9700,52.0800,52.9700,52.5000,19819083,1039336001.8100,1,0,4.877827
2022-08-08,sz.000333,52.5500,52.9700,52.3300,52.4300,52.9700,21808178,1144520138.2900,1,0,4.877827
2022-08-09,sz.000333,52.4500,53.0600,52.2500,52.6600,52.4300,16051580,846230165.4100,1,0,4.877827
2022-08-10,sz.000333,52.6300,52.6300,51.7700,51.8300,52.6600,16302356,847521283.4100,1,0,4.877827
2022-08-11,sz.000333,52.3000,52.9800,51.8800,52.9200,51.8300,22953884,1206195923.6700,1,0,4.877827
2022-08-12,sz.000333,52.7100,53.4600,52.4300,53.1600,52.9200,16987856,899862140.6200,1,0,4.877827
2022-08-15,sz.000333,53.1700,53.6000,52.5200,52.8000,53.1600,18323472,969855783.8300,1,0,4.877827
2022-08-16,sz.000333,52.8200,52.8900,52.3000,52.6000,52.8000,16335748,858701197.2400,1,0,4.877827
2022-08-17,sz.000333,52.6600,53.8800,52.1100,53.4300,52.6000,23843481,1266823797.0600,1,0,4.877827
2022-08-18,sz.000333,53.1000,53.2500,52.4100,52.6200,53.4300,14088456,742672219.8200,1,0,4.877827
2022-08-19,sz.000333,52.6800,52.8100,52.2500,52.6100,52.6200,13215250,695288655.0500,1,0,4.877827
2022-08-22,sz.000333,52.4600,53.5500,52.2900,53.0400,52.6100,23817591,1266026527.7300,1,0,4.877827
2022-08-23,sz.000333,52.9500,53.1000,52.0000,52.1200,53.0400,22034863,1151798157.2200,1,0,4.877827
2022-08-24,sz.000333,52.1000,52.1800,51.3100,51.3900,52.1200,21584197,1113905675.4400,1,0,4.877827
2022-08-25,sz.000333,51.3900,52.4100,50.9700,52.2300,51.3900,20989258,1083006133.7000,1,0,4.877827
2022-08-26,sz.000333,52.4800,52.6600,51.8900,52.2300,52.2300,16040627,837907693.5800,1,0,4.877827
2022-08-29,sz.000333,51.6000,52.8700,51.5100,52.2800,52.2300,16456070,857943931.6700,1,0,4.877827
2022-08-30,sz.000333,52.4900,53.2100,52.0800,52.3000,52.2800,20270847,1065091301.3000,1,0,4.877827
2022-08-31,sz.000333,52.1000,53.6500,52.0900,53.2400,52.3000,46283836,2459353193.9500,1,0,4.877827
2022-09-01,sz.000333,53.2300,55.5000,53.2300,55.1100,53.2400,64210545,3521209361.9000,1,0,4.877827
2022-09-02,sz.000333,55.1100,55.1100,53.1700,53.6500,55.1100,36746048,1976289177.9200,1,0,4.877827
2022-09-05,sz.000333,53.1000,54.0000,52.8800,53.8000,53.6500,19027545,1017336571.6600,1,0,4.877827
2022-09-06,sz.000333,53.8100,54.2100,53.4000,53.4600,53.8000,17796217,953823605.2000,1,0,4.877827
2022-09-07,sz.000333,53.6700,53.6900,52.9800,53.0500,53.4600,20995308,1116835915.4900,1,0,4.877827
2022-09-08,sz.000333,53.0500,53.7500,53.0500,53.3700,53.0500,15365677,822398889.2700,1,0,4.877827
2022-09-09,sz.000333,53.3700,55.6300,53.2600,55.4400,53.3700,52388062,2884912064.8300,1,0,4.877827
2022-09-13,sz.000333,55.4400,56.9000,55.0700,56.4900,55.4400,34602446,1947119368.5900,1,0,4.877827
2022-09-14,sz.000333,55.5000,56.2500,55.4000,55.9300,56.4900,18747266,1046314871.3500,1,0,4.877827
2022-09-15,sz.000333,55.8900,57.2000,55.6900,56.3400,55.9300,28969848,1636891138.7600,1,0,4.877827
2022-09-16,sz.000333,55.9900,56.1000,54.9000,55.1200,56.3400,25993997,1439024736.0500,1,0,4.877827
2022-09-19,sz.000333,54.6700,55.4400,54.1200,54.9800,55.1200,20360049,1115777266.4100,1,0,4.877827
2022-09-20,sz.000333,54.8500,55.1000,53.3000,53.5200,54.9800,35065981,1883992924.3700,1,0,4.877827
2022-09-21,sz.000333,54.4300,54.4600,52.3400,52.8500,53.5200,26775169,1414578652.9700,1,0,4.877827
2022-09-22,sz.000333,52.7400,52.7500,51.2900,51.5000,52.8500,40143184,2075058537.0900,1,0,4.877827
2022-09-23,sz.000333,51.1100,51.8900,51.0000,51.3400,51.5000,17517602,899511431.7000,1,0,4.877827
2022-09-26,sz.000333,51.0000,52.0000,50.8900,51.0500,51.3400,20553286,1055235704.3000,1,0,4.877827
2022-09-27,sz.000333,51.1500,51.8800,50.3000,51.6800,51.0500,24764967,1268264653.2300,1,0,4.877827
2022-09-28,sz.000333,51.5000,51.7700,51.1000,51.1700,51.6800,13557668,697308166.1100,1,0,4.877827
2022-09-29,sz.000333,51.4700,51.7600,50.3000,50.5000,51.1700,25319493,1286757815.6500,1,0,4.877827
2022-09-30,sz.000333,50.1300,50.5700,49.3100,49.3100,50.5000,35563830,1767860147.8200,1,0,4.877827
2022-10-10,sz.000333,49.3100,49.9900,48.4600,48.7000,49.3100,26014496,1282724398.3500,1,0,4.877827
2022-10-11,sz.000333,48.6900,48.8500,48.0000,48.3700,48.7000,22003690,1061344409.9400,1,0,4.877827
2022-10-12,sz.000333,48.0500,48.3000,47.0000,48.2700,48.3700,24097124,1147459230.8000,1,0,4.877827
2022-10-13,sz.000333,47.9900,48.0000,47.0100,47.0600,48.2700,27745374,1314811925.4200,1,0,4.877827
2022-10-14,sz.000333,47.2500,48.2500,47.1000,47.9900,47.0600,31338771,1498957703.4100,1,0,4.877827
2022-10-17,sz.000333,47.7100,47.8500,47.3000,47.6700,47.9900,23501711,1116822628.2400,1,0,4.877827
2022-10-18,sz.000333,47.9800,48.1500,47.3300,47.4400,47.6700,27008601,1286487096.9900,1,0,4.877827
2022-10-19,sz.000333,47.3600,47.3600,45.1700,45.2200,47.4400,55654921,2560635750.1500,1,0,4.877827
2022-10-20,sz.000333,44.8000,45.2800,43.8600,44.3800,45.2200,36647844,1635034406.2800,1,0,4.877827
2022-10-21,sz.000333,44.3900,44.7800,43.7700,44.0000,44.3800,27243190,1202555594.6700,1,0,4.877827
2022-10-24,sz.000333,43.7000,44.3200,42.3000,42.3900,44.0000,45916936,1972598642.7900,1,0,4.877827
2022-10-25,sz.000333,42.8000,42.9500,41.9800,42.0200,42.3900,41440111,1755695125.4100,1,0,4.877827
2022-10-26,sz.000333,42.2000,43.2100,42.1600,42.4600,42.0200,36281405,1546847300.8700,1,0,4.877827
2022-10-27,sz.000333,42.7000,43.0000,42.3000,42.5800,42.4600,22640281,965896178.5500,1,0,4.877827
2022-10-28,sz.000333,42.2100,42.3800,40.6200,40.7600,42.5800,40175030,1664548587.2600,1,0,4.877827
2022-10-31,sz.000333,40.7300,40.8000,40.1000,40.1800,40.7600,34553505,1396541435.6500,1,0,4.877827
2022-11-01,sz.000333,40.5800,41.6000,40.0900,41.6000,40.1800,48067142,1965965682.2000,1,0,4.877827
2022-11-02,sz.000333,41.4000,42.6000,41.2200,42.0800,41.6000,38019949,1594625960.3700,1,0,4.877827
2022-11-03,sz.000333,41.8000,41.8700,41.2000,41.5800,42.0800,28853488,1197662698.1300,1,0,4.877827
2022-11-04,sz.000333,41.6300,43.3500,41.5800,43.0900,41.5800,45749125,1955851185.0200,1,0,4.877827
2022-11-07,sz.000333,43.0000,43.2600,42.5100,43.0600,43.0900,33159614,1424760638.2300,1,0,4.877827
2022-11-08,sz.000333,43.1200,43.2900,42.5800,43.0000,43.0600,30558188,1312592117.0800,1,0,4.877827
2022-11-09,sz.000333,43.3900,43.8500,42.9500,43.0400,43.0000,22990425,995215199.8500,1,0,4.877827
2022-11-10,sz.000333,42.7500,42.9800,42.5300,42.9700,43.0400,22305399,954033824.3600,1,0,4.877827
2022-11-11,sz.000333,44.5300,46.2000,43.7100,45.6300,42.9700,82883508,3734773539.5000,1,0,4.877827
2022-11-14,sz.000333,47.9200,49.1100,47.3000,47.8000,45.6300,100020407,4791202404.2500,1,0,4.877827
2022-11-15,sz.000333,48.5000,49.5800,47.7000,49.0700,47.8000,51228792,2501777032.0000,1,0,4.877827
2022-11-16,sz.000333,49.4000,49.4000,48.1600,48.4600,49.0700,25992649,1264627973.1200,1,0,4.877827
2022-11-17,sz.000333,48.3900,49.1000,47.6800,47.9600,48.4600,19284595,927024366.1800,1,0,4.877827
2022-11-18,sz.000333,48.3600,48.5400,47.6800,47.9700,47.9600,16067621,772609930.3700,1,0,4.877827
2022-11-21,sz.000333,47.4700,47.4700,46.2400,46.3400,47.9700,34523382,1604372657.9400,1,0,4.877827
2022-11-22,sz.000333,46.4000,47.0400,45.9000,46.3000,46.3400,23569157,1092152104.1800,1,0,4.877827
2022-11-23,sz.000333,46.2300,46.5400,46.0200,46.2800,46.3000,14255219,659509321.9400,1,0,4.877827
2022-11-24,sz.000333,46.7500,47.2000,45.7800,45.9100,46.2800,21379992,987544043.1900,1,0,4.877827
2022-11-25,sz.000333,45.9100,47.0900,45.8300,46.6900,45.9100,24697464,1150838919.3100,1,0,4.877827
2022-11-28,sz.000333,45.6800,46.4500,45.2300,46.2900,46.6900,22655140,1036165229.6700,1,0,4.877827
2022-11-29,sz.000333,48.0000,48.7800,46.9200,48.4200,46.2900,38928672,1868785966.5800,1,0,4.877827
2022-11-30,sz.000333,48.1800,48.9800,47.4900,47.8700,48.4200,27287554,1310967680.2100,1,0,4.877827
2022-12-01,sz.000333,48.8100,49.3300,48.2700,48.3100,47.8700,27604487,1344223507.9600,1,0,4.877827
2022-12-02,sz.000333,48.0400,48.6000,47.7600,48.0400,48.3100,17015014,818020497.8200,1,0,4.877827
2022-12-05,sz.000333,48.4900,50.0000,48.4000,49.7000,48.0400,36106842,1785930108.0900,1,0,4.877827
2022-12-06,sz.000333,49.6900,50.6600,49.0200,50.0000,49.7000,32526956,1629245814.1200,1,0,4.877827
2022-12-07,sz.000333,50.0000,51.6800,49.5000,51.2500,50.0000,43656379,2229128244.8600,1,0,4.877827
2022-12-08,sz.000333,51.3500,52.4800,50.8400,51.7500,51.2500,39078018,2028801619.2100,1,0,4.877827
2022-12-09,sz.000333,51.9600,54.3300,51.8100,54.3000,51.7500,69940581,3745342825.9300,1,0,4.877827
2022-12-12,sz.000333,53.7000,54.9700,53.3000,54.4300,54.3000,46663287,2533376174.8200,1,0,4.877827
2022-12-13,sz.000333,54.2100,54.4000,53.6500,53.9500,54.4300,30619330,1650838607.4300,1,0,4.877827
2022-12-14,sz.000333,53.4500,55.0600,53.4500,54.8900,53.9500,26085029,1420701035.0100,1,0,4.877827
2022-12-15,sz.000333,54.9000,55.8000,53.2500,53.6300,54.8900,27804272,1498675160.0200,1,0,4.877827
2022-12-16,sz.000333,53.2800,54.1500,52.7700,54.0000,53.6300,19744959,1058833012.7400,1,0,4.877827
2022-12-19,sz.000333,54.0000,54.3800,53.2800,53.6800,54.0000,16076366,864239616.6900,1,0,4.877827
2022-12-20,sz.000333,53.0000,53.0900,51.5500,51.5700,53.6800,27245386,1417537680.6500,1,0,4.877827
2022-12-21,sz.000333,51.2900,52.4900,51.2900,51.6800,51.5700,13074160,679672974.1300,1,0,4.877827
2022-12-22,sz.000333,51.9400,53.2800,51.7700,52.2000,51.6800,22812320,1199123081.9400,1,0,4.877827
2022-12-23,sz.000333,51.9800,53.1500,51.4300,52.3800,52.2000,16343914,860296627.1800,1,0,4.877827
2022-12-26,sz.000333,52.6800,52.8800,51.3600,51.5000,52.3800,15387918,795665124.7000,1,0,4.877827
2022-12-27,sz.000333,51.7900,53.0300,51.4100,52.9400,51.5000,17339127,911438654.3100,1,0,4.877827
2022-12-28,sz.000333,52.4300,52.7500,51.9000,52.0500,52.9400,16322911,852152449.3900,1,0,4.877827
2022-12-29,sz.000333,51.6200,52.1900,51.0200,51.7300,52.0500,11995050,619844870.0000,1,0,4.877827
2022-12-30,sz.000333,51.8000,52.5000,51.7000,51.8000,51.7300,12773275,665300212.6500,1,0,4.877827
2023-01-03,sz.000333,52.0000,52.2300,51.2300,51.8800,51.8000,16362802,846525405.0200,1,0,4.877827
2023-01-04,sz.000333,51.6900,53.8300,51.6500,53.7500,51.8800,26134113,1390708574.9500,1,0,4.877827
2023-01-05,sz.000333,54.0000,54.9900,53.9500,54.9100,53.7500,29421668,1608128838.0600,1,0,4.877827
2023-01-06,sz.000333,54.9700,55.1600,53.9100,54.0100,54.9100,19500149,1058139217.1600,1,0,4.877827
2023-01-09,sz.000333,54.1000,54.4500,53.4000,54.1100,54.0100,20427678,1101325466.4800,1,0,4.877827
2023-01-10,sz.000333,53.9900,54.4000,53.4300,53.5000,54.1100,15434014,829875435.2500,1,0,4.877827
2023-01-11,sz.000333,53.4500,55.1800,53.4000,54.5000,53.5000,21461041,1171606255.1800,1,0,4.877827
2023-01-12,sz.000333,54.3000,55.0000,54.0100,54.7700,54.5000,14581825,797908669.9100,1,0,4.877827
2023-01-13,sz.000333,54.8700,56.0000,54.5000,55.9500,54.7700,26580330,1471250757.1800,1,0,4.877827
2023-01-16,sz.000333,56.0300,58.3600,56.0200,57.7000,55.9500,33018079,1899010907.4500,1,0,4.877827
2023-01-17,sz.000333,57.6900,58.1800,57.1500,58.0000,57.7000,18811356,1087194816.9900,1,0,4.877827
2023-01-18,sz.000333,58.0000,58.5000,57.3700,57.6000,58.0000,13035753,751785488.0900,1,0,4.877827
2023-01-19,sz.000333,57.4600,57.5500,56.7000,57.3800,57.6000,19467945,1110365666.9100,1,0,4.877827
2023-01-20,sz.000333,57.4600,57.8400,56.9600,57.0800,57.3800,10860828,621198692.3100,1,0,4.877827
2023-01-30,sz.000333,57.4400,58.0800,55.5900,55.6500,57.0800,25619569,1445902234.0700,1,0,4.877827
2023-01-31,sz.000333,55.4000,56.1500,55.0000,55.2000,55.6500,23259835,1290578245.2000,1,0,4.877827
2023-02-01,sz.000333,55.2900,55.9900,54.4500,55.5000,55.2000,26724709,1474820029.1100,1,0,4.877827
2023-02-02,sz.000333,55.4500,55.6000,53.6200,53.9600,55.5000,36767804,1990832646.7200,1,0,4.877827
2023-02-03,sz.000333,53.7000,53.9500,52.8600,53.3100,53.9600,20830020,1109569943.1800,1,0,4.877827
2023-02-06,sz.000333,52.8100,52.8100,51.0800,51.2500,53.3100,42185653,2172641978.9300,1,0,4.877827
2023-02-07,sz.000333,51.3600,51.7000,51.1000,51.5000,51.2500,20900869,1075310677.2400,1,0,4.877827
2023-02-08,sz.000333,51.3900,51.5000,50.8600,51.0100,51.5000,19101762,976761616.3500,1,0,4.877827
2023-02-09,sz.000333,50.8000,51.7300,50.4900,51.5300,51.0100,22738253,1167989708.8600,1,0,4.877827
2023-02-10,sz.000333,51.3500,51.7500,51.2900,51.6200,51.5300,13988866,720948239.0800,1,0,4.877827
2023-02-13,sz.000333,51.5000,52.5800,51.0300,52.4400,51.6200,30639111,1588991528.5600,1,0,4.877827
2023-02-14,sz.000333,52.4500,52.6500,51.8100,52.2100,52.4400,21437513,1116499049.9300,1,0,4.877827
2023-02-15,sz.000333,52.2000,52.2100,51.1800,51.3500,52.2100,17948800,924114015.3900,1,0,4.877827
2023-02-16,sz.000333,51.1000,51.7500,50.8000,51.2800,51.3500,21698675,1115558778.3400,1,0,4.877827
2023-02-17,sz.000333,51.0500,51.5000,51.0200,51.3800,51.2800,15806609,811189152.4700,1,0,4.877827
2023-02-20,sz.000333,51.5000,53.6900,51.1100,53.3000,51.3800,38313606,2019572888.9600,1,0,4.877827
2023-02-21,sz.000333,53.3000,53.8000,52.7300,53.5400,53.3000,25649338,1369820913.5700,1,0,4.877827
2023-02-22,sz.000333,53.0000,53.1800,52.4100,52.7800,53.5400,22911545,1208465937.5100,1,0,4.877827
2023-02-23,sz.000333,52.7900,53.8800,52.7900,53.3700,52.7800,24010720,1283774546.6200,1,0,4.877827
2023-02-24,sz.000333,53.1800,53.3900,52.8200,52.9800,53.3700,16927779,898514540.1800,1,0,4.877827
2023-02-27,sz.000333,52.6000,52.9800,51.8600,52.4000,52.9800,16947143,888727920.6800,1,0,4.877827
2023-02-28,sz.000333,52.0200,53.1400,52.0200,52.4600,52.4000,19404536,1019960547.4900,1,0,4.877827
2023-03-01,sz.000333,52.5100,54.9900,52.5100,54.6200,52.4600,43297470,2350199969.1500,1,0,4.877827
2023-03-02,sz.000333,54.6000,55.6800,54.1500,54.8500,54.6200,25548979,1408679946.1000,1,0,4.877827
2023-03-03,sz.000333,55.2500,55.8400,54.6600,55.2000,54.8500,19741500,1090871927.3400,1,0,4.877827
2023-03-06,sz.000333,54.8400,55.0000,53.8100,53.8300,55.2000,25935684,1403695330.0500,1,0,4.877827
2023-03-07,sz.000333,53.8400,54.3700,52.7000,52.8600,53.8300,19473791,1041648711.5100,1,0,4.877827
2023-03-08,sz.000333,52.6500,52.8000,52.0700,52.2900,52.8600,14494798,759112018.2000,1,0,4.877827
2023-03-09,sz.000333,52.2900,53.2500,52.2700,52.7000,52.2900,13013102,688042449.6600,1,0,4.877827
2023-03-10,sz.000333,52.2400,52.5000,51.0200,51.1500,52.7000,19213389,991798893.8300,1,0,4.877827
2023-03-13,sz.000333,51.0100,52.2400,51.0000,52.0600,51.1500,19483658,1009855801.3600,1,0,4.877827
2023-03-14,sz.000333,51.7200,51.9100,50.7000,51.1500,52.0600,16501073,844706514.8900,1,0,4.877827
2023-03-15,sz.000333,51.5000,51.6300,50.4000,50.4600,51.1500,20945617,1067097770.9800,1,0,4.877827
2023-03-16,sz.000333,50.0800,50.3900,49.6500,50.0400,50.4600,12181953,610120756.0600,1,0,4.877827
2023-03-17,sz.000333,50.5000,51.1800,50.0600,50.3300,50.0400,20123077,1018389815.2900,1,0,4.877827
2023-03-20,sz.000333,50.1800,51.1300,50.1000,50.4400,50.3300,16301524,826038622.5000,1,0,4.877827
2023-03-21,sz.000333,50.5500,52.1400,50.5500,52.1000,50.4400,23146646,1191368462.3700,1,0,4.877827
2023-03-22,sz.000333,52.2000,52.2700,51.3000,51.7000,52.1000,13554248,700825341.2900,1,0,4.877827
2023-03-23,sz.000333,51.4800,52.0000,51.3900,51.8200,51.7000,12379007,641022828.9500,1,0,4.877827
2023-03-24,sz.000333,51.8200,52.1700,51.6400,52.0900,51.8200,13277563,689957504.0000,1,0,4.877827
2023-03-27,sz.000333,52.0900,52.4600,51.7000,51.8500,52.0900,12768345,663222019.6900,1,0,4.877827
2023-03-28,sz.000333,51.7000,52.0800,51.0600,51.0900,51.8500,12867893,660858734.1500,1,0,4.877827
2023-03-29,sz.000333,51.3800,51.5700,51.1000,51.4000,51.0900,12803042,656903324.5700,1,0,4.877827
2023-03-30,sz.000333,51.3500,54.8000,51.3000,54.4700,51.4000,57157412,3061435505.4700,1,0,4.877827
2023-03-31,sz.000333,54.1100,54.6200,53.3600,53.8100,54.4700,27788750,1500198904.1400,1,0,4.877827
2023-04-03,sz.000333,55.0000,55.4000,54.2000,54.6900,53.8100,37391478,2056019794.5900,1,0,4.877827
2023-04-04,sz.000333,54.5000,54.7200,53.7500,54.6300,54.6900,17989125,975597257.0400,1,0,4.877827
2023-04-06,sz.000333,54.4200,55.0000,53.7500,54.0200,54.6300,15243479,827518348.1800,1,0,4.877827
2023-04-07,sz.000333,53.9100,55.2700,53.9100,54.6800,54.0200,15864067,869954355.7900,1,0,4.877827
2023-04-10,sz.000333,54.4000,55.0600,54.0100,54.7600,54.6800,15649255,853817627.0300,1,0,4.877827
2023-04-11,sz.000333,54.4100,56.3700,54.4000,55.8400,54.7600,32436552,1815026842.8400,1,0,4.877827
2023-04-12,sz.000333,55.8400,56.7500,55.4000,55.5000,55.8400,22302460,1251325789.3100,1,0,4.877827
2023-04-13,sz.000333,55.0500,55.2900,54.1400,54.1400,55.5000,18259494,994810155.1900,1,0,4.877827
2023-04-14,sz.000333,54.1800,54.6500,53.8300,53.9400,54.1400,14212447,771635251.9000,1,0,4.877827
2023-04-17,sz.000333,53.9100,55.5800,53.8900,55.4200,53.9400,26228048,1444699532.0600,1,0,4.877827
2023-04-18,sz.000333,55.2000,57.4000,55.1700,56.7800,55.4200,38706349,2197663192.0600,1,0,4.877827
2023-04-19,sz.000333,56.7800,57.2500,56.0500,56.0800,56.7800,19188658,1084909580.8800,1,0,4.877827
2023-04-20,sz.000333,56.1800,58.0400,56.1800,57.0400,56.0800,36794925,2114956905.2800,1,0,4.877827
2023-04-21,sz.000333,57.4000,58.6000,56.7500,56.8500,57.0400,39892402,2311553652.0700,1,0,4.877827
2023-04-24,sz.000333,56.2000,58.7500,56.0100,57.0300,56.8500,33992120,1960933653.8200,1,0,4.877827
2023-04-25,sz.000333,57.0000,58.0400,55.6500,57.6500,57.0300,42962096,2450369690.6100,1,0,4.877827
2023-04-26,sz.000333,57.0200,57.3500,55.9700,56.7000,57.6500,23934184,1357589706.8000,1,0,4.877827
2023-04-27,sz.000333,56.1700,57.7500,56.1700,57.2600,56.7000,15777059,898336282.7200,1,0,4.877827
2023-04-28,sz.000333,57.2500,57.3500,56.2100,56.7800,57.2600,15690551,891005834.7100,1,0,4.877827
2023-05-04,sz.000333,57.2200,58.4500,55.8500,56.5800,56.7800,26856562,1525949937.4800,1,0,4.877827
2023-05-05,sz.000333,56.4000,56.4000,54.0800,55.3300,56.5800,34212287,1879206731.1900,1,0,4.877827
2023-05-08,sz.000333,55.3300,55.9900,54.4700,55.0100,55.3300,20872170,1151128787.4200,1,0,4.877827
2023-05-09,sz.000333,54.8000,55.5600,54.0100,54.8000,55.0100,18139372,995439011.1300,1,0,4.877827
2023-05-10,sz.000333,54.5000,56.0000,53.8800,55.4000,54.8000,17462598,965082241.0100,1,0,4.877827
2023-05-11,sz.000333,55.5500,56.7200,55.3400,55.4500,55.4000,12622453,706491977.7600,1,0,4.877827
2023-05-12,sz.000333,55.3300,57.4900,55.3100,55.8200,55.4500,16559010,935578508.1500,1,0,4.877827
2023-05-15,sz.000333,55.8600,56.7400,55.0100,56.5900,55.8200,14066647,786956984.7500,1,0,4.877827
2023-05-16,sz.000333,56.5900,57.2400,55.1100,55.3500,56.5900,13612588,760273937.1100,1,0,4.877827
2023-05-17,sz.000333,55.2200,56.4000,54.8100,55.0200,55.3500,9076272,501402349.7000,1,0,4.877827
2023-05-18,sz.000333,55.1500,55.4200,54.5500,55.0000,55.0200,11069523,609452710.0300,1,0,4.877827
2023-05-19,sz.000333,54.6600,56.8600,54.6600,55.8000,55.0000,20384343,1140023138.6000,1,0,4.877827
2023-05-22,sz.000333,55.8000,56.9500,55.8000,56.7100,55.8000,15199783,860397294.0400,1,0,4.877827
2023-05-23,sz.000333,56.6900,56.9500,55.8800,55.9500,56.7100,15585136,878179041.7800,1,0,4.877827
2023-05-24,sz.000333,55.8200,55.8900,53.5000,53.6000,55.9500,26674242,1447402650.3400,1,0,4.877827
2023-05-25,sz.000333,53.4000,54.4900,52.6800,54.0100,53.6000,17143391,923732852.6800,1,0,4.877827
2023-05-26,sz.000333,54.0100,54.4500,53.4800,54.2600,54.0100,11166052,602101037.8700,1,0,4.877827
2023-05-29,sz.000333,54.2700,54.6900,53.0800,53.4500,54.2600,17433449,936727537.5800,1,0,4.877827
2023-05-30,sz.000333,53.4500,53.6600,51.7900,52.3300,53.4500,32084604,1678415610.0500,1,0,4.877827
2023-05-31,sz.000333,52.5900,52.7000,51.1000,51.3300,52.3300,28064959,1445385156.2200,1,0,4.877827
2023-06-01,sz.000333,49.0200,49.8000,48.5300,48.8900,48.8800,34893493,1711949689.1900,1,0,5.122317
2023-06-02,sz.000333,50.0000,52.1000,49.9900,51.8000,48.8900,49939227,2566107482.1700,1,0,5.122317
2023-06-05,sz.000333,52.5100,54.1500,51.5900,53.9400,51.8000,39939970,2119331989.1400,1,0,5.122317
2023-06-06,sz.000333,53.9400,55.3100,53.0500,54.2100,53.9400,34261827,1866611024.4000,1,0,5.122317
2023-06-07,sz.000333,55.5000,55.7700,54.4900,55.2500,54.2100,36908674,2035955381.2300,1,0,5.122317
2023-06-08,sz.000333,55.7000,57.1100,55.2000,56.8900,55.2500,47553147,2680031435.6100,1,0,5.122317
2023-06-09,sz.000333,57.5000,57.7600,55.7700,56.1100,56.8900,41065187,2319633365.1700,1,0,5.122317
2023-06-12,sz.000333,56.1200,57.8200,55.7000,57.3500,56.1100,39621001,2256003426.7600,1,0,5.122317
2023-06-13,sz.000333,57.2600,57.7700,56.2600,56.6100,57.3500,24850143,1409611781.9800,1,0,5.122317
2023-06-14,sz.000333,57.2300,57.9800,56.6200,57.0800,56.6100,36000680,2057761143.1300,1,0,5.122317
2023-06-15,sz.000333,57.2600,58.5800,57.0100,58.0000,57.0800,31276544,1814552067.0800,1,0,5.122317
2023-06-16,sz.000333,58.4000,58.9900,57.4000,58.3500,58.0000,30006082,1745695208.1700,1,0,5.122317
2023-06-19,sz.000333,58.0000,58.1400,56.7000,56.8100,58.3500,28911037,1651975820.2500,1,0,5.122317
2023-06-20,sz.000333,56.9200,58.9200,56.8000,57.5800,56.8100,24381022,1413907765.9900,1,0,5.122317
2023-06-21,sz.000333,58.0000,59.6000,57.4000,58.2800,57.5800,45130347,2649838248.0500,1,0,5.122317
2023-06-26,sz.000333,59.8300,59.9500,57.8000,58.1400,58.2800,33558138,1957482191.7300,1,0,5.122317
2023-06-27,sz.000333,58.2200,60.1500,57.8800,59.6900,58.1400,48123655,2851634264.5100,1,0,5.122317
2023-06-28,sz.000333,59.4500,60.5200,59.2100,59.7000,59.6900,32790073,1964640593.0300,1,0,5.122317
2023-06-29,sz.000333,59.7200,59.7900,58.2200,59.1400,59.7000,27678349,1635162204.3900,1,0,5.122317
2023-06-30,sz.000333,59.2300,59.8200,58.5600,58.9200,59.1400,26487591,1563113126.5900,1,0,5.122317
2023-07-03,sz.000333,58.8800,60.3800,58.3300,59.0600,58.9200,31876184,1892919808.1400,1,0,5.122317
2023-07-04,sz.000333,59.2800,59.6000,58.1200,58.9000,59.0600,21944569,1290009361.9700,1,0,5.122317
2023-07-05,sz.000333,59.0900,59.3300,58.4200,59.1200,58.9000,18701574,1103273063.5300,1,0,5.122317
2023-07-06,sz.000333,59.1300,59.7500,58.3000,58.3700,59.1200,16957694,995554522.9400,1,0,5.122317
2023-07-07,sz.000333,58.0400,58.5900,57.2000,57.7500,58.3700,29379608,1698410265.1700,1,0,5.122317
2023-07-10,sz.000333,57.8200,57.9300,56.0400,56.6300,57.7500,32085974,1818167155.9900,1,0,5.122317
2023-07-11,sz.000333,56.8000,57.0800,56.4000,56.6600,56.6300,15802795,896629010.3300,1,0,5.122317
2023-07-12,sz.000333,56.9000,58.0800,56.4000,57.0900,56.6600,18781502,1079865899.4000,1,0,5.122317
2023-07-13,sz.000333,57.2000,58.3200,57.2000,57.8000,57.0900,16930674,978559177.1600,1,0,5.122317
2023-07-14,sz.000333,57.7500,58.2700,57.0200,57.4600,57.8000,10500005,603243715.6300,1,0,5.122317
2023-07-17,sz.000333,57.2000,57.2000,56.3000,57.1300,57.4600,9042488,512387286.5300,1,0,5.122317
2023-07-18,sz.000333,57.4000,57.4000,55.6700,56.7400,57.1300,23988228,1351665336.2400,1,0,5.122317
2023-07-19,sz.000333,56.8900,58.3500,56.6700,58.1300,56.7400,27804425,1601948633.6600,1,0,5.122317
2023-07-20,sz.000333,57.9000,58.6500,57.4400,57.5300,58.1300,14051590,815686031.1000,1,0,5.122317
2023-07-21,sz.000333,57.5500,58.0800,56.9900,57.1300,57.5300,12070921,693513021.3100,1,0,5.122317
2023-07-24,sz.000333,57.1300,57.3600,56.1300,56.7700,57.1300,11588757,657937835.1900,1,0,5.122317
2023-07-25,sz.000333,57.8600,59.2800,57.8000,58.9800,56.7700,37648119,2216891658.7500,1,0,5.122317
2023-07-26,sz.000333,58.8100,59.5400,58.4800,58.5800,58.9800,18752582,1105031413.5400,1,0,5.122317
2023-07-27,sz.000333,58.5500,59.1200,58.3500,58.4800,58.5800,15197044,893501893.1900,1,0,5.122317
2023-07-28,sz.000333,58.7000,59.8200,58.1100,59.7400,58.4800,24004126,1424164599.2200,1,0,5.122317
2023-07-31,sz.000333,60.9500,61.3000,59.1500,59.3200,59.7400,32518268,1952524582.7800,1,0,5.122317
2023-08-01,sz.000333,59.3200,59.6900,58.1300,58.2500,59.3200,20418627,1197877268.8700,1,0,5.122317
2023-08-02,sz.000333,58.1000,58.8200,57.7700,58.3000,58.2500,23543608,1370719586.0200,1,0,5.122317
2023-08-03,sz.000333,57.9800,58.2000,56.9900,57.9800,58.3000,23362911,1344124458.1800,1,0,5.122317
2023-08-04,sz.000333,58.3000,58.9900,57.8100,57.9200,57.9800,19663692,1147020984.8400,1,0,5.122317
2023-08-07,sz.000333,57.7900,58.1900,57.3400,57.8800,57.9200,15370696,887391728.9300,1,0,5.122317
2023-08-08,sz.000333,57.5000,57.5500,56.9600,57.0000,57.8800,13635468,779253638.4500,1,0,5.122317
2023-08-09,sz.000333,57.1900,57.7000,57.0400,57.5600,57.0000,15143409,868904097.4600,1,0,5.122317
2023-08-10,sz.000333,57.2100,57.3000,55.5000,56.3500,57.5600,38530464,2159087492.3300,1,0,5.122317
2023-08-11,sz.000333,56.2900,56.4500,55.1400,55.1800,56.3500,25533312,1419423214.7600,1,0,5.122317
2023-08-14,sz.000333,54.5000,55.5700,54.2800,55.4400,55.1800,19516687,1073370152.4900,1,0,5.122317
2023-08-15,sz.000333,55.3100,55.5600,54.6000,55.1600,55.4400,16370434,901353362.1100,1,0,5.122317
2023-08-16,sz.000333,54.8000,55.3600,54.3600,55.2300,55.1600,15358726,843256905.3600,1,0,5.122317
2023-08-17,sz.000333,54.9000,55.9400,54.5300,55.8400,55.2300,15216504,842880581.3500,1,0,5.122317
2023-08-18,sz.000333,55.7800,55.8500,54.6300,54.7900,55.8400,13463834,741138398.9900,1,0,5.122317
2023-08-21,sz.000333,54.6100,55.3600,54.3500,54.3800,54.7900,13117158,718680500.6100,1,0,5.122317
2023-08-22,sz.000333,54.3000,54.6800,53.4100,54.3700,54.3800,23054276,1249497364.1100,1,0,5.122317
2023-08-23,sz.000333,54.1200,54.6600,53.6000,53.7200,54.3700,15798313,854634875.2000,1,0,5.122317
2023-08-24,sz.000333,53.9900,55.4500,53.5000,55.0500,53.7200,25583579,1398433374.7700,1,0,5.122317
2023-08-25,sz.000333,54.9500,55.9900,54.5200,55.2600,55.0500,16472788,907722077.9500,1,0,5.122317
2023-08-28,sz.000333,57.3000,57.9800,55.7800,56.1600,55.2600,28800377,1624044691.0300,1,0,5.122317
2023-08-29,sz.000333,55.8800,56.4900,55.5500,56.0500,56.1600,21787121,1221870560.3200,1,0,5.122317
2023-08-30,sz.000333,56.0400,57.1800,55.7100,56.8200,56.0500,23366421,1323189377.1600,1,0,5.122317
2023-08-31,sz.000333,57.3000,57.8000,56.4800,56.5100,56.8200,28083765,1596998959.6000,1,0,5.122317
2023-09-01,sz.000333,57.0000,58.5000,56.9900,57.9300,56.5100,26650564,1541478627.7900,1,0,5.122317
2023-09-04,sz.000333,58.5000,58.8000,57.6200,58.2200,57.9300,20090011,1169057319.8100,1,0,5.122317
2023-09-05,sz.000333,58.2600,58.4900,57.6100,57.7800,58.2200,15309015,887170819.8200,1,0,5.122317
2023-09-06,sz.000333,57.5100,58.0000,56.8800,57.1800,57.7800,20888335,1194824717.8400,1,0,5.122317
2023-09-07,sz.000333,57.0900,57.1200,56.5000,56.5700,57.1800,13639911,774015904.7900,1,0,5.122317
2023-09-08,sz.000333,56.7400,56.8300,55.8100,56.0800,56.5700,8400181,471931158.2600,1,0,5.122317
2023-09-11,sz.000333,56.3100,56.8800,56.0100,56.4300,56.0800,14072130,793322668.2400,1,0,5.122317
2023-09-12,sz.000333,56.4200,57.7200,56.3000,57.2100,56.4300,16403440,937947088.7400,1,0,5.122317
2023-09-13,sz.000333,57.1000,57.5400,56.7000,57.0000,57.2100,10743402,613122120.6600,1,0,5.122317
2023-09-14,sz.000333,57.0100,57.2600,56.2600,56.5500,57.0000,10289465,581688865.6700,1,0,5.122317
2023-09-15,sz.000333,56.6400,56.6900,55.3000,55.7900,56.5500,16451182,917665598.7000,1,0,5.122317
2023-09-18,sz.000333,55.8000,56.5900,55.2100,56.1000,55.7900,14427793,808841172.1900,1,0,5.122317
2023-09-19,sz.000333,55.9900,56.1500,55.4500,56.0500,56.1000,12366126,689874974.4100,1,0,5.122317
2023-09-20,sz.000333,56.0300,57.2400,55.7300,56.8900,56.0500,21380110,1210967114.2000,1,0,5.122317
2023-09-21,sz.000333,56.8800,56.8800,56.0200,56.3200,56.8900,16769142,946858135.1700,1,0,5.122317
2023-09-22,sz.000333,56.5900,57.1100,56.1700,57.0500,56.3200,22170248,1259327922.5700,1,0,5.122317
2023-09-25,sz.000333,56.8900,56.8900,56.2300,56.6300,57.0500,16643159,941423312.5300,1,0,5.122317
2023-09-26,sz.000333,56.7600,57.2000,56.0000,56.0000,56.6300,18934941,1067479335.2000,1,0,5.122317
2023-09-27,sz.000333,56.0000,56.6600,55.4300,56.1900,56.0000,18810949,1054884218.4100,1,0,5.122317
2023-09-28,sz.000333,56.3900,56.5000,55.4100,55.4800,56.1900,17097578,953613283.5500,1,0,5.122317
2023-10-09,sz.000333,55.4600,56.1100,54.9000,55.7600,55.4800,28659545,1591907095.8600,1,0,5.122317
2023-10-10,sz.000333,55.4900,55.7700,54.4200,54.7700,55.7600,21499637,1179223499.8700,1,0,5.122317
2023-10-11,sz.000333,54.7500,55.8900,54.5000,54.7700,54.7700,20418379,1123573120.5300,1,0,5.122317
2023-10-12,sz.000333,55.0000,55.4800,54.6100,55.2800,54.7700,17604242,970427691.7100,1,0,5.122317
2023-10-13,sz.000333,55.1900,55.4400,54.5300,54.9900,55.2800,12996004,712981553.9800,1,0,5.122317
2023-10-16,sz.000333,54.8000,55.4100,54.8000,55.0800,54.9900,15020214,826944834.7700,1,0,5.122317
2023-10-17,sz.000333,55.0800,55.9900,55.0500,55.8800,55.0800,16830158,936368372.2700,1,0,5.122317
2023-10-18,sz.000333,55.6800,55.8900,55.2100,55.4700,55.8800,10637084,590623193.2000,1,0,5.122317
2023-10-19,sz.000333,55.2900,55.2900,54.1800,54.2300,55.4700,20196084,1103206369.9500,1,0,5.122317
2023-10-20,sz.000333,53.9400,54.0600,52.8800,53.1800,54.2300,21089804,1123754128.3600,1,0,5.122317
2023-10-23,sz.000333,53.0000,53.6300,52.7100,53.2500,53.1800,16864366,897561652.6800,1,0,5.122317
2023-10-24,sz.000333,53.0100,53.4900,52.2000,53.1800,53.2500,25019782,1323069265.7500,1,0,5.122317
2023-10-25,sz.000333,53.7900,54.0100,52.1400,52.4200,53.1800,25856546,1364767551.4800,1,0,5.122317
2023-10-26,sz.000333,52.2200,52.7200,52.0300,52.5100,52.4200,15165512,794020501.0000,1,0,5.122317
2023-10-27,sz.000333,52.3600,54.0000,52.2100,53.7400,52.5100,25318794,1352282942.9800,1,0,5.122317
2023-10-30,sz.000333,53.3300,54.6400,53.3300,54.5000,53.7400,16488474,892765169.6000,1,0,5.122317
2023-10-31,sz.000333,54.3000,54.3000,52.7000,52.9200,54.5000,23807212,1263696549.7000,1,0,5.122317
2023-11-01,sz.000333,52.8100,53.4600,52.7000,53.0100,52.9200,18933823,1004719416.4300,1,0,5.122317
2023-11-02,sz.000333,53.0000,54.4100,52.8100,53.1800,53.0100,20085478,1072266180.2000,1,0,5.122317
2023-11-03,sz.000333,53.1200,53.3500,52.7200,52.8000,53.1800,17740644,939971081.1700,1,0,5.122317
2023-11-06,sz.000333,53.0000,53.3000,52.7000,53.1400,52.8000,24918224,1322403103.1200,1,0,5.122317
2023-11-07,sz.000333,53.1000,53.2800,52.5800,53.1000,53.1400,18898188,999762781.8200,1,0,5.122317
2023-11-08,sz.000333,52.6500,52.9900,52.5100,52.8500,53.1000,21385728,1128009345.2000,1,0,5.122317
2023-11-09,sz.000333,52.8800,53.3300,52.3500,52.4500,52.8500,14146893,743811714.1400,1,0,5.122317
2023-11-10,sz.000333,52.3000,52.8600,52.2500,52.7000,52.4500,13027077,685147777.4500,1,0,5.122317
2023-11-13,sz.000333,52.6400,52.6400,50.6800,51.0600,52.7000,38291558,1957444236.3600,1,0,5.122317
2023-11-14,sz.000333,51.0200,51.4200,50.8000,51.0900,51.0600,24802793,1266466646.1100,1,0,5.122317
2023-11-15,sz.000333,51.4400,51.7600,50.9500,51.5400,51.0900,19636284,1010107977.7100,1,0,5.122317
2023-11-16,sz.000333,51.4000,52.1900,51.3100,51.7500,51.5400,21605533,1121013154.6100,1,0,5.122317
2023-11-17,sz.000333,51.6000,51.9700,51.2100,51.8600,51.7500,13513422,697252679.6100,1,0,5.122317
2023-11-20,sz.000333,51.5400,52.9000,51.5400,52.4300,51.8600,18219075,955124720.2100,1,0,5.122317
2023-11-21,sz.000333,52.6200,53.1900,52.4500,52.4500,52.4300,15845902,836507593.7200,1,0,5.122317
2023-11-22,sz.000333,52.4500,52.6000,51.9000,52.1500,52.4500,9786906,511071755.3300,1,0,5.122317
2023-11-23,sz.000333,52.1500,52.9300,51.8500,52.7600,52.1500,10103351,529662622.9900,1,0,5.122317
2023-11-24,sz.000333,52.8000,52.8500,52.0700,52.4800,52.7600,15724530,822539515.1400,1,0,5.122317
2023-11-27,sz.000333,52.4300,52.4300,51.7500,51.9700,52.4800,15922506,827425455.6000,1,0,5.122317
2023-11-28,sz.000333,52.2000,52.8000,51.5300,52.5300,51.9700,21787637,1138681640.6500,1,0,5.122317
2023-11-29,sz.000333,52.5300,52.5800,51.7200,52.0100,52.5300,12426538,646048742.1600,1,0,5.122317
2023-11-30,sz.000333,51.8100,52.0000,51.4100,51.6700,52.0100,12861862,664815260.9300,1,0,5.122317
2023-12-01,sz.000333,52.3000,52.3600,50.3300,50.5500,51.6700,31604983,1604750726.7000,1,0,5.122317
2023-12-04,sz.000333,50.4800,50.7900,49.8400,50.0900,50.5500,22058672,1107559873.5000,1,0,5.122317
2023-12-05,sz.000333,50.0900,50.1900,49.2200,49.2200,50.0900,22510318,1120255577.3000,1,0,5.122317
2023-12-06,sz.000333,49.0600,49.6500,48.7500,49.1800,49.2200,19114114,942351431.4200,1,0,5.122317
2023-12-07,sz.000333,49.3600,50.4900,49.2200,50.2200,49.1800,25021860,1251685066.7400,1,0,5.122317
2023-12-08,sz.000333,50.1800,51.0800,50.0900,50.3400,50.2200,21811340,1102240031.3400,1,0,5.122317
2023-12-11,sz.000333,49.8500,51.4000,49.2200,51.0200,50.3400,25201467,1272635678.2100,1,0,5.122317
2023-12-12,sz.000333,51.5000,51.5500,50.7200,51.0000,51.0200,17204815,879672020.1000,1,0,5.122317
2023-12-13,sz.000333,50.9000,50.9900,50.5100,50.6900,51.0000,12858695,652164458.2000,1,0,5.122317
2023-12-14,sz.000333,50.9100,51.4700,50.5800,50.8900,50.6900,16563410,847402712.7700,1,0,5.122317
2023-12-15,sz.000333,50.5100,51.1000,50.3000,50.3300,50.8900,20470155,1034871741.9700,1,0,5.122317
2023-12-18,sz.000333,50.0300,51.1800,49.7500,51.0900,50.3300,22307469,1133044739.9600,1,0,5.122317
2023-12-19,sz.000333,51.0800,51.0800,50.4600,50.7500,51.0900,16954533,859776399.6200,1,0,5.122317
2023-12-20,sz.000333,50.7500,51.4000,50.5200,51.0300,50.7500,25417029,1298397555.6700,1,0,5.122317
2023-12-21,sz.000333,51.2200,52.2800,50.8700,52.0200,51.0300,27421212,1422425462.3400,1,0,5.122317
2023-12-22,sz.000333,51.9100,52.9900,51.7000,52.7700,52.0200,22728114,1194539707.6000,1,0,5.122317
2023-12-25,sz.000333,52.6200,53.2500,52.4300,52.6700,52.7700,11314960,598032181.6300,1,0,5.122317
2023-12-26,sz.000333,52.6200,53.2300,52.5300,52.8000,52.6700,16152328,855413702.7800,1,0,5.122317
2023-12-27,sz.000333,52.7800,53.7000,52.7200,53.6000,52.8000,20306883,1081963246.6100,1,0,5.122317
2023-12-28,sz.000333,53.4400,54.1600,53.2500,54.0500,53.6000,24728048,1331261037.5600,1,0,5.122317
2023-12-29,sz.000333,54.0700,54.9800,53.7200,54.6300,54.0500,25937253,1410074986.8100,1,0,5.122317
2024-01-02,sz.000333,54.6300,55.0500,54.2000,54.5600,54.6300,23905697,1305162003.7600,1,0,5.122317
2024-01-03,sz.000333,54.5900,54.8000,54.1000,54.4500,54.5600,20689673,1126649739.0900,1,0,5.122317
2024-01-04,sz.000333,54.6600,55.3200,54.4500,55.2500,54.4500,26702502,1467886384.8500,1,0,5.122317
2024-01-05,sz.000333,55.2000,56.0800,54.8500,55.6000,55.2500,30042877,1669357551.2100,1,0,5.122317
2024-01-08,sz.000333,55.6000,55.6000,54.6200,55.0000,55.6000,27809739,1531117698.7500,1,0,5.122317
2024-01-09,sz.000333,54.7100,55.3300,54.1100,55.1700,55.0000,21607041,1184711711.5500,1,0,5.122317
2024-01-10,sz.000333,55.1700,55.7700,54.8400,55.2200,55.1700,17820813,984854746.1000,1,0,5.122317
2024-01-11,sz.000333,55.2200,55.4900,54.7300,55.0000,55.2200,21236920,1168392664.9400,1,0,5.122317
2024-01-12,sz.000333,54.9000,55.7100,54.5800,55.0000,55.0000,24361080,1343879865.4900,1,0,5.122317
2024-01-15,sz.000333,54.8400,55.9800,54.6600,55.8800,55.0000,19124097,1063527118.8300,1,0,5.122317
2024-01-16,sz.000333,55.6100,56.9500,55.1000,56.9200,55.8800,33730399,1903147107.1400,1,0,5.122317
2024-01-17,sz.000333,56.6300,57.2900,56.3700,56.3700,56.9200,26914126,1530395102.1500,1,0,5.122317
2024-01-18,sz.000333,56.7900,56.9900,55.0800,56.4000,56.3700,39023100,2175726535.6100,1,0,5.122317
2024-01-19,sz.000333,56.0000,56.6000,55.8600,56.1400,56.4000,29937004,1681993909.2200,1,0,5.122317
2024-01-22,sz.000333,55.8800,56.6600,55.0800,55.3400,56.1400,35980322,2017295148.7100,1,0,5.122317
2024-01-23,sz.000333,55.5200,56.6900,54.8000,56.3800,55.3400,28848518,1612570165.7700,1,0,5.122317
2024-01-24,sz.000333,56.1500,57.4400,56.0200,57.1900,56.3800,26463721,1503303922.9000,1,0,5.122317
2024-01-25,sz.000333,57.3000,57.4900,56.2400,56.3500,57.1900,24963629,1412367267.6500,1,0,5.122317
2024-01-26,sz.000333,56.3500,57.7500,56.3500,57.5100,56.3500,32745737,1874299632.7300,1,0,5.122317
2024-01-29,sz.000333,57.9000,59.4800,57.6900,58.6900,57.5100,37498736,2204469369.8700,1,0,5.122317
2024-01-30,sz.000333,58.7000,59.2000,58.0000,58.2200,58.6900,27373299,1604993046.2000,1,0,5.122317
2024-01-31,sz.000333,57.9100,58.9400,57.4200,58.2500,58.2200,25544153,1486711039.1000,1,0,5.122317
2024-02-01,sz.000333,58.2300,59.4600,58.0000,58.8100,58.2500,30340175,1785789270.8100,1,0,5.122317
2024-02-02,sz.000333,58.5000,58.8800,57.3100,58.2500,58.8100,28950504,1687829336.9900,1,0,5.122317
2024-02-05,sz.000333,58.0000,59.6000,57.8200,59.4500,58.2500,46160268,2724269122.1800,1,0,5.122317
2024-02-06,sz.000333,59.2600,60.7900,59.0200,59.9500,59.4500,37946385,2279549237.7600,1,0,5.122317
2024-02-07,sz.000333,59.2900,61.1700,59.0300,61.1100,59.9500,46195919,2791586567.0300,1,0,5.122317
2024-02-08,sz.000333,61.2900,62.3600,59.9800,60.2900,61.1100,34723180,2112587867.0500,1,0,5.122317
2024-02-19,sz.000333,61.7000,61.7000,59.8100,60.6000,60.2900,35695854,2157379733.2500,1,0,5.122317
2024-02-20,sz.000333,60.3000,61.7900,59.6700,61.7000,60.6000,29630917,1807531882.3200,1,0,5.122317
2024-02-21,sz.000333,61.0000,62.5500,60.6800,61.7100,61.7000,27797182,1719403865.9400,1,0,5.122317
2024-02-22,sz.000333,61.2100,61.7900,61.0300,61.3500,61.7100,19259055,1180530929.5200,1,0,5.122317
2024-02-23,sz.000333,61.6800,62.1000,59.3200,59.6200,61.3500,43093597,2580957128.9700,1,0,5.122317
2024-02-26,sz.000333,59.8500,61.5000,59.8500,60.3000,59.6200,34097731,2070387072.2000,1,0,5.122317
2024-02-27,sz.000333,60.5900,61.9900,60.1000,61.9200,60.3000,28014795,1720508594.6500,1,0,5.122317
2024-02-28,sz.000333,62.0000,62.3100,60.9500,61.8200,61.9200,25367364,1568616988.7900,1,0,5.122317
2024-02-29,sz.000333,62.0000,63.4800,61.7500,62.6300,61.8200,48920998,3071855395.6200,1,0,5.122317
2024-03-01,sz.000333,63.5000,64.5100,62.8800,64.4700,62.6300,32844906,2102800960.2500,1,0,5.122317
2024-03-04,sz.000333,65.0000,66.0000,63.5000,64.6000,64.4700,37384392,2415284580.1300,1,0,5.122317
2024-03-05,sz.000333,64.6500,65.4000,63.4500,65.0400,64.6000,35525326,2288367736.3400,1,0,5.122317
2024-03-06,sz.000333,64.9000,65.5300,64.3000,64.5100,65.0400,21923001,1422222516.4300,1,0,5.122317
2024-03-07,sz.000333,64.4500,66.6500,64.2000,65.8000,64.5100,30634033,2020641414.3900,1,0,5.122317
2024-03-08,sz.000333,65.8700,66.4900,64.8800,66.1000,65.8000,26125410,1714883400.9500,1,0,5.122317
2024-03-11,sz.000333,66.0900,66.1000,64.5600,65.4200,66.1000,28027002,1826293591.5800,1,0,5.122317
2024-03-12,sz.000333,65.3500,65.3500,63.0500,64.1300,65.4200,50739915,3241294650.7100,1,0,5.122317
2024-03-13,sz.000333,63.6600,64.3300,63.0000,64.0700,64.1300,32723164,2084900581.8800,1,0,5.122317
2024-03-14,sz.000333,63.8600,64.7500,63.6000,64.5000,64.0700,31531677,2026233407.1400,1,0,5.122317
2024-03-15,sz.000333,64.3900,64.5000,63.3000,64.0200,64.5000,25463904,1624685427.4400,1,0,5.122317
2024-03-18,sz.000333,63.8800,63.8900,62.3500,62.3600,64.0200,42501113,2667915013.6700,1,0,5.122317
2024-03-19,sz.000333,62.2000,63.1200,62.1700,62.6000,62.3600,29794618,1867932283.7300,1,0,5.122317
2024-03-20,sz.000333,62.2000,62.5000,61.4000,61.8800,62.6000,37790890,2337851554.3900,1,0,5.122317
2024-03-21,sz.000333,61.9100,62.0400,60.1300,60.5500,61.8800,39189153,2377326996.2000,1,0,5.122317
2024-03-22,sz.000333,60.5600,62.6500,60.5000,62.6200,60.5500,43156777,2671677604.6700,1,0,5.122317
2024-03-25,sz.000333,62.1900,63.6600,61.7800,62.9000,62.6200,26903326,1694247611.4800,1,0,5.122317
2024-03-26,sz.000333,62.3100,63.2500,62.3100,62.7200,62.9000,25353749,1591428438.3900,1,0,5.122317
2024-03-27,sz.000333,62.5300,64.8800,62.5100,63.6700,62.7200,34842794,2227887825.2500,1,0,5.122317
2024-03-28,sz.000333,64.2300,65.3900,63.1800,64.5800,63.6700,45185411,2915943394.0800,1,0,5.122317
2024-03-29,sz.000333,64.5800,65.7300,63.6600,64.2200,64.5800,25468858,1638381689.9500,1,0,5.122317
2024-04-01,sz.000333,64.5000,66.2800,64.1000,66.2200,64.2200,32771225,2146737286.0600,1,0,5.122317
2024-04-02,sz.000333,66.0000,66.5300,65.7500,66.2500,66.2200,22653632,1497277780.3300,1,0,5.122317
2024-04-03,sz.000333,66.2000,66.9000,65.9800,66.7300,66.2500,20626495,1370613982.6500,1,0,5.122317
2024-04-08,sz.000333,66.7200,66.8500,64.6700,65.3200,66.7300,32434492,2125546168.6500,1,0,5.122317
2024-04-09,sz.000333,65.0000,65.6000,64.8200,65.0400,65.3200,19478279,1270147986.3100,1,0,5.122317
2024-04-10,sz.000333,64.8700,66.2000,64.5600,65.1700,65.0400,18081970,1184377719.4100,1,0,5.122317
2024-04-11,sz.000333,64.9500,65.9500,64.6100,65.0700,65.1700,19004769,1239842457.9700,1,0,5.122317
2024-04-12,sz.000333,64.9900,65.6000,64.5800,64.8900,65.0700,21734388,1414407755.3800,1,0,5.122317
2024-04-15,sz.000333,64.8900,67.0000,64.7100,66.8400,64.8900,31783741,2102897320.7000,1,0,5.122317
2024-04-16,sz.000333,66.7800,68.7700,66.5700,68.3100,66.8400,39191380,2659237097.0900,1,0,5.122317
2024-04-17,sz.000333,68.0000,68.8000,66.9800,68.5800,68.3100,24549649,1664966380.0000,1,0,5.122317
2024-04-18,sz.000333,68.5800,71.3300,68.3800,70.0000,68.5800,39542136,2777734456.5400,1,0,5.122317
2024-04-19,sz.000333,69.4300,70.5800,69.4300,70.0000,70.0000,28812335,2017233099.5000,1,0,5.122317
2024-04-22,sz.000333,70.2000,71.1900,69.5000,69.9800,70.0000,28943754,2032072605.3900,1,0,5.122317
2024-04-23,sz.000333,69.8300,70.0000,67.5900,68.3900,69.9800,38217940,2605557574.8700,1,0,5.122317
2024-04-24,sz.000333,68.3400,68.6400,66.7500,67.9000,68.3900,30783047,2079963045.5300,1,0,5.122317
2024-04-25,sz.000333,67.1300,68.5600,67.1300,68.2400,67.9000,22033298,1500859467.9000,1,0,5.122317
2024-04-26,sz.000333,68.2500,68.6500,67.4200,68.3700,68.2400,24225747,1650078937.5000,1,0,5.122317
2024-04-29,sz.000333,68.3000,68.8800,67.2300,68.2000,68.3700,33226398,2264197665.4800,1,0,5.122317
2024-04-30,sz.000333,66.8400,71.1500,66.8000,69.7800,68.2000,57131843,3988190597.5500,1,0,5.122317
2024-05-06,sz.000333,70.5000,71.4600,69.6500,71.0100,69.7800,46179914,3263609833.4900,1,0,5.122317
2024-05-07,sz.000333,70.8100,72.3300,70.6200,71.1000,71.0100,30431457,2176139138.4500,1,0,5.122317
2024-05-08,sz.000333,70.5000,71.3400,70.3900,70.7500,71.1000,17661960,1252248295.4600,1,0,5.122317
2024-05-09,sz.000333,71.0000,72.3400,70.6200,71.8500,70.7500,28571831,2046734809.6100,1,0,5.122317
2024-05-10,sz.000333,72.2000,72.3300,71.3400,71.8800,71.8500,22487905,1616063316.0400,1,0,5.122317
2024-05-13,sz.000333,71.8800,72.9900,70.7000,72.7100,71.8800,27167410,1965130432.8500,1,0,5.122317
2024-05-14,sz.000333,72.6800,72.8900,70.2000,70.8400,72.7100,39923610,2827063811.3300,1,0,5.122317
2024-05-15,sz.000333,68.5000,70.1000,68.1100,69.7600,67.8600,30189455,2090761785.8200,1,0,5.347258
2024-05-16,sz.000333,69.7600,69.8000,68.8000,69.3400,69.7600,24600403,1703048548.2400,1,0,5.347258
2024-05-17,sz.000333,68.7800,69.5000,66.5200,68.0300,69.3400,41848256,2828611122.6600,1,0,5.347258
2024-05-20,sz.000333,67.0100,67.8800,66.2100,66.5700,68.0300,42643037,2846862348.5200,1,0,5.347258
2024-05-21,sz.000333,66.2700,67.3000,66.2000,66.5500,66.5700,24358794,1626841822.2800,1,0,5.347258
2024-05-22,sz.000333,66.3400,66.5400,65.3100,65.4100,66.5500,26105215,1715205331.7900,1,0,5.347258
2024-05-23,sz.000333,65.4000,66.1900,65.0000,65.7400,65.4100,24096149,1582459055.3800,1,0,5.347258
2024-05-24,sz.000333,65.4000,66.9800,65.1000,66.6200,65.7400,25926968,1724580966.8200,1,0,5.347258
2024-05-27,sz.000333,66.5000,68.2800,65.5400,67.5900,66.6200,30546219,2062139516.4200,1,0,5.347258
2024-05-28,sz.000333,67.6000,67.7800,66.5000,67.0300,67.5900,19173667,1284865352.1900,1,0,5.347258
2024-05-29,sz.000333,66.6000,67.2000,65.5000,65.8500,67.0300,24132098,1590410760.9100,1,0,5.347258
2024-05-30,sz.000333,65.7100,66.1900,65.1400,65.1800,65.8500,19358623,1269509292.1400,1,0,5.347258
2024-05-31,sz.000333,65.1900,65.5700,64.5500,64.7600,65.1800,26129419,1696172930.4700,1,0,5.347258
2024-06-03,sz.000333,64.8800,66.3000,64.2700,65.0200,64.7600,35755629,2337233616.3900,1,0,5.347258
2024-06-04,sz.000333,64.9900,64.9900,63.4000,64.6800,65.0200,30621198,1969401516.2500,1,0,5.347258
2024-06-05,sz.000333,64.5500,65.2000,63.8000,63.9200,64.6800,28331925,1825603149.5400,1,0,5.347258
2024-06-06,sz.000333,63.8000,66.0300,63.8000,65.7600,63.9200,43603719,2848032776.8700,1,0,5.347258
2024-06-07,sz.000333,65.2000,65.4500,63.7100,65.1600,65.7600,40064590,2591739293.2800,1,0,5.347258
2024-06-11,sz.000333,64.5000,66.5000,64.1800,65.0000,65.1600,33689664,2188026771.5800,1,0,5.347258
2024-06-12,sz.000333,64.8400,65.7400,64.5300,65.1600,65.0000,25707199,1675974671.3100,1,0,5.347258
2024-06-13,sz.000333,65.3100,65.4500,63.6600,63.9200,65.1600,27485047,1763239543.6300,1,0,5.347258
2024-06-14,sz.000333,63.5100,65.7600,63.5000,65.6100,63.9200,37924447,2468107111.3600,1,0,5.347258
2024-06-17,sz.000333,65.7600,65.7600,64.1800,64.5300,65.6100,25335808,1639603938.5100,1,0,5.347258
2024-06-18,sz.000333,64.3000,65.1900,63.6700,64.8400,64.5300,21867469,1409611739.3000,1,0,5.347258
2024-06-19,sz.000333,64.7700,65.0800,62.8000,64.0000,64.8400,34699957,2206055297.9100,1,0,5.347258
2024-06-20,sz.000333,63.9000,64.7500,63.5400,64.4700,64.0000,28085788,1806800937.9600,1,0,5.347258
2024-06-21,sz.000333,64.4900,64.7500,63.5000,63.9500,64.4700,24153669,1544527731.0000,1,0,5.347258
2024-06-24,sz.000333,63.7100,65.5500,63.6100,64.8800,63.9500,30799053,1993977958.3100,1,0,5.347258
2024-06-25,sz.000333,64.8500,65.7900,64.5200,65.2900,64.8800,25309206,1652171355.9400,1,0,5.347258
2024-06-26,sz.000333,65.0100,65.3900,63.9100,64.2500,65.2900,23831407,1531598024.3100,1,0,5.347258
2024-06-27,sz.000333,64.0500,64.4800,63.4700,64.1000,64.2500,27409461,1750926675.0900,1,0,5.347258
2024-06-28,sz.000333,63.5000,64.7900,63.4800,64.5000,64.1000,25195612,1624767678.9200,1,0,5.347258
2024-07-01,sz.000333,64.2900,65.3800,63.6000,64.0900,64.5000,19528313,1255074545.1100,1,0,5.347258
2024-07-02,sz.000333,63.7000,64.2000,62.8000,63.0000,64.0900,29181345,1843585721.5000,1,0,5.347258
2024-07-03,sz.000333,63.0500,63.6800,62.7400,63.0300,63.0000,18120842,1145370115.4600,1,0,5.347258
2024-07-04,sz.000333,63.2000,65.2000,63.2000,64.6000,63.0300,27753098,1794060145.6700,1,0,5.347258
2024-07-05,sz.000333,64.5000,65.1500,63.0000,64.0000,64.6000,26479582,1686503681.3500,1,0,5.347258
2024-07-08,sz.000333,63.6000,64.7200,63.1700,64.2300,64.0000,19443576,1247645531.3900,1,0,5.347258
2024-07-09,sz.000333,63.8100,64.6700,63.6200,64.1000,64.2300,21664464,1392889371.6000,1,0,5.347258
2024-07-10,sz.000333,64.5400,65.0600,63.8100,63.8100,64.1000,15846909,1016718370.0200,1,0,5.347258
2024-07-11,sz.000333,63.8500,64.4500,62.5200,63.9000,63.8100,27182655,1727208383.0500,1,0,5.347258
2024-07-12,sz.000333,63.7900,65.2000,63.6400,65.0000,63.9000,24574092,1588658353.0400,1,0,5.347258
2024-07-15,sz.000333,64.7800,65.1600,64.3600,64.9400,65.0000,17045913,1104204268.8300,1,0,5.347258
2024-07-16,sz.000333,64.6300,64.9600,63.7500,64.2700,64.9400,20406778,1313240364.4600,1,0,5.347258
2024-07-17,sz.000333,64.0400,64.3800,61.6600,62.8300,64.2700,46462849,2909157024.4700,1,0,5.347258
2024-07-18,sz.000333,62.0100,64.4600,62.0100,63.9000,62.8300,34532462,2193053870.9900,1,0,5.347258
2024-07-19,sz.000333,63.3600,63.7800,62.8900,63.6000,63.9000,21796963,1381064607.7300,1,0,5.347258
2024-07-22,sz.000333,63.4500,64.6400,63.3200,63.6300,63.6000,19930345,1273643438.9700,1,0,5.347258
2024-07-23,sz.000333,63.6300,63.7900,62.3800,62.3800,63.6300,18537845,1165932039.5800,1,0,5.347258
2024-07-24,sz.000333,62.0100,62.7200,59.6400,60.0800,62.3800,45547336,2757887293.7800,1,0,5.347258
2024-07-25,sz.000333,59.5200,60.0900,58.9000,59.4000,60.0800,30109151,1787253321.6700,1,0,5.347258
2024-07-26,sz.000333,62.8300,62.9900,61.4000,62.8400,59.4000,57740171,3598947643.1700,1,0,5.347258
2024-07-29,sz.000333,62.3000,63.2100,62.1600,62.8800,62.8400,20712828,1297587354.9200,1,0,5.347258
2024-07-30,sz.000333,62.5100,62.7700,60.6000,61.0600,62.8800,22575846,1381015833.5800,1,0,5.347258
2024-07-31,sz.000333,60.7300,63.8600,60.7300,63.7600,61.0600,40174739,2530147580.3300,1,0,5.347258
2024-08-01,sz.000333,63.8000,64.6700,63.4100,63.5800,63.7600,24406833,1561027258.8700,1,0,5.347258
2024-08-02,sz.000333,63.3000,64.2800,62.5700,62.9900,63.5800,20261524,1280021474.2100,1,0,5.347258
2024-08-05,sz.000333,62.5400,64.3000,61.5600,61.6500,62.9900,35476754,2214817314.9400,1,0,5.347258
2024-08-06,sz.000333,61.6100,62.2600,59.5200,59.9200,61.6500,38493182,2316733894.5400,1,0,5.347258
2024-08-07,sz.000333,59.9200,61.3800,59.2400,60.7000,59.9200,25298592,1535238304.1100,1,0,5.347258
2024-08-08,sz.000333,60.4200,61.4800,60.2100,60.9600,60.7000,14231910,867672449.7200,1,0,5.347258
2024-08-09,sz.000333,60.8500,61.7000,60.3300,60.5000,60.9600,13802375,839905714.1300,1,0,5.347258
2024-08-12,sz.000333,60.5000,62.1400,60.3100,61.3800,60.5000,16949235,1042597208.2900,1,0,5.347258
2024-08-13,sz.000333,61.3800,62.1100,60.9200,61.3600,61.3800,9835074,602892300.3500,1,0,5.347258
2024-08-14,sz.000333,61.3600,61.4900,60.6000,60.9000,61.3600,11227780,685993302.4200,1,0,5.347258
2024-08-15,sz.000333,60.7000,61.3500,60.2900,61.0000,60.9000,19163262,1166672167.2300,1,0,5.347258
2024-08-16,sz.000333,60.8100,61.9000,60.6700,61.7400,61.0000,18066988,1112521867.4200,1,0,5.347258
2024-08-19,sz.000333,61.6900,63.1500,61.6700,62.3600,61.7400,17275349,1075574307.6800,1,0,5.347258
2024-08-20,sz.000333,63.4800,63.4900,61.7600,63.0200,62.3600,25780974,1623775566.7100,1,0,5.347258
2024-08-21,sz.000333,62.7100,63.7000,62.3300,63.1600,63.0200,21187130,1337959064.9000,1,0,5.347258
2024-08-22,sz.000333,63.1300,64.4900,62.7200,64.0900,63.1600,24978743,1597113182.7600,1,0,5.347258
2024-08-23,sz.000333,64.0000,65.9600,63.8800,65.4600,64.0900,29047135,1895805009.0300,1,0,5.347258
2024-08-26,sz.000333,65.9400,66.6500,64.9000,66.3200,65.4600,33958151,2241141518.0300,1,0,5.347258
2024-08-27,sz.000333,66.0000,66.4800,65.4900,65.9900,66.3200,24113793,1590912374.3600,1,0,5.347258
2024-08-28,sz.000333,65.9800,66.1500,64.5700,64.9300,65.9900,26542959,1726057217.4500,1,0,5.347258
2024-08-29,sz.000333,64.4200,65.3100,63.9500,63.9500,64.9300,23285563,1500197087.6800,1,0,5.347258
2024-08-30,sz.000333,63.4800,65.8100,63.3800,64.7500,63.9500,33386334,2160911497.6000,1,0,5.347258
2024-09-02,sz.000333,64.5000,66.5200,64.4400,65.2300,64.7500,26075882,1706301995.3900,1,0,5.347258
2024-09-03,sz.000333,65.0100,66.4800,65.0000,65.9700,65.2300,24237888,1599193263.6100,1,0,5.347258
2024-09-04,sz.000333,65.8600,66.7000,65.3600,65.4800,65.9700,27499633,1814975103.8900,1,0,5.347258
2024-09-05,sz.000333,64.9500,65.4000,63.4800,63.5900,65.4800,43212322,2763225151.2500,1,0,5.347258
2024-09-06,sz.000333,63.6000,64.5500,62.9000,63.0200,63.5900,23320164,1480652836.8800,1,0,5.347258
2024-09-09,sz.000333,61.3500,62.2000,60.6800,61.0900,63.0200,54840638,3359451099.8700,1,0,5.347258
2024-09-10,sz.000333,60.4800,61.6400,60.4800,60.7500,61.0900,40111034,2451075854.1900,1,0,5.347258
2024-09-11,sz.000333,60.5200,62.0800,59.7000,61.6600,60.7500,41921762,2572399327.6700,1,0,5.347258
2024-09-12,sz.000333,61.8000,62.8500,61.6600,62.3700,61.6600,27616861,1719561913.2200,1,0,5.347258
2024-09-13,sz.000333,62.0500,63.7800,61.5900,63.5100,62.3700,32148994,2037679478.1500,1,0,5.347258
2024-09-18,sz.000333,63.6200,65.7100,63.4000,65.2500,63.5100,29502596,1915513518.3400,1,0,5.347258
2024-09-19,sz.000333,62.3000,65.7300,62.3000,65.2800,65.2500,47611503,3085181571.3400,1,0,5.347258
2024-09-20,sz.000333,64.9100,66.3000,64.7600,66.0600,65.2800,39801250,2608979308.8800,1,0,5.347258
2024-09-23,sz.000333,66.4600,67.8900,66.2000,67.6000,66.0600,39162141,2643088027.5700,1,0,5.347258
2024-09-24,sz.000333,67.6000,68.2500,66.2000,68.0400,67.6000,50090152,3378454556.7000,1,0,5.347258
2024-09-25,sz.000333,68.2100,71.5000,68.2100,70.1100,68.0400,62766129,4428074584.0100,1,0,5.347258
2024-09-26,sz.000333,70.0000,73.6800,69.7900,73.5600,70.1100,50134212,3592524657.6700,1,0,5.347258
2024-09-27,sz.000333,74.7500,76.4000,71.1500,73.0000,73.5600,85744787,6253333702.4500,1,0,5.347258
2024-09-30,sz.000333,73.1600,76.9000,72.0300,76.0600,73.0000,125166492,9344041944.3400,1,0,5.347258
2024-10-08,sz.000333,83.6700,83.6700,78.7300,80.1900,76.0600,135239267,11050056032.1800,1,0,5.347258
2024-10-09,sz.000333,78.4000,79.3200,74.0200,75.0100,80.1900,89550113,6896386875.1800,1,0,5.347258
2024-10-10,sz.000333,75.9500,79.3800,75.8700,78.3000,75.0100,67303399,5259062088.4700,1,0,5.347258
2024-10-11,sz.000333,78.0000,78.2300,75.9000,76.7700,78.3000,38060178,2930030641.5400,1,0,5.347258
2024-10-14,sz.000333,77.0300,79.2900,76.6000,79.0000,76.7700,46282832,3620244781.8800,1,0,5.347258
2024-10-15,sz.000333,79.0000,79.0000,76.0000,76.0000,79.0000,37583316,2905639305.5700,1,0,5.347258
2024-10-16,sz.000333,74.7000,75.5000,73.7300,75.2400,76.0000,34282949,2559503194.0100,1,0,5.347258
2024-10-17,sz.000333,75.2400,75.5300,72.9000,73.0800,75.2400,39437630,2920853670.0800,1,0,5.347258
2024-10-18,sz.000333,73.0800,76.2000,72.6500,75.0100,73.0800,42785106,3180240269.8100,1,0,5.347258
2024-10-21,sz.000333,75.3500,75.9800,73.2800,74.0800,75.0100,34322896,2547898012.7500,1,0,5.347258
2024-10-22,sz.000333,74.3500,76.9600,74.1400,76.5000,74.0800,40405973,3073890030.7100,1,0,5.347258
2024-10-23,sz.000333,76.6000,77.7800,76.0000,76.3800,76.5000,26831280,2053544727.9900,1,0,5.347258
2024-10-24,sz.000333,76.1100,76.4600,75.3000,75.6400,76.3800,17108673,1296926991.9300,1,0,5.347258
2024-10-25,sz.000333,75.4200,75.8600,74.7700,75.2700,75.6400,21057289,1583775153.4400,1,0,5.347258
2024-10-28,sz.000333,75.4900,75.5800,74.0100,74.8700,75.2700,28059096,2091524793.8400,1,0,5.347258
2024-10-29,sz.000333,74.6100,75.5000,73.8000,74.0700,74.8700,29727177,2214621305.6700,1,0,5.347258
2024-10-30,sz.000333,73.7000,74.3500,72.1200,72.7500,74.0700,40413734,2939634795.6300,1,0,5.347258
2024-10-31,sz.000333,72.9700,73.6900,71.1000,71.4200,72.7500,50046867,3595551676.8800,1,0,5.347258
2024-11-01,sz.000333,71.4400,73.0000,70.3800,72.2500,71.4200,41651482,3009423819.4600,1,0,5.347258
2024-11-04,sz.000333,72.1400,73.3700,71.7000,72.8400,72.2500,23231578,1680407655.6900,1,0,5.347258
2024-11-05,sz.000333,72.5000,73.4800,71.2100,73.1300,72.8400,41696728,3027068197.2600,1,0,5.347258
2024-11-06,sz.000333,73.1400,73.1400,70.9700,71.1700,73.1300,52593143,3768679119.0400,1,0,5.347258
2024-11-07,sz.000333,70.3500,72.1000,69.8900,72.1000,71.1700,54774602,3895318880.8500,1,0,5.347258
2024-11-08,sz.000333,72.6600,73.7600,71.1000,72.5800,72.1000,59337382,4283549293.3600,1,0,5.347258
2024-11-11,sz.000333,71.2300,71.8400,70.8200,71.6000,72.5800,44207913,3153791633.7100,1,0,5.347258
2024-11-12,sz.000333,71.9100,74.8900,71.7900,72.3900,71.6000,57547722,4231304808.8500,1,0,5.347258
2024-11-13,sz.000333,72.4800,74.3000,72.4600,73.4000,72.3900,45841657,3373337470.7100,1,0,5.347258
2024-11-14,sz.000333,73.4800,74.8900,72.3300,73.6400,73.4000,40843466,3020822981.1400,1,0,5.347258
2024-11-15,sz.000333,73.1500,74.1100,71.8500,72.2500,73.6400,34282515,2496870646.8500,1,0,5.347258
2024-11-18,sz.000333,72.1700,72.9800,70.8300,71.0500,72.2500,31938599,2292938836.9000,1,0,5.347258
2024-11-19,sz.000333,71.0500,71.7500,70.7000,71.3100,71.0500,22665163,1614053712.0200,1,0,5.347258
2024-11-20,sz.000333,71.3800,71.6500,70.7400,71.4300,71.3100,22637119,1610809493.0600,1,0,5.347258
2024-11-21,sz.000333,71.3700,71.3900,70.5500,70.8400,71.4300,21652845,1534662636.1200,1,0,5.347258
2024-11-22,sz.000333,70.8300,72.8200,70.2200,70.3900,70.8400,38845820,2781161792.3500,1,0,5.347258
2024-11-25,sz.000333,70.1100,72.3800,70.1100,70.3900,70.3900,38586774,2737579008.5900,1,0,5.347258
2024-11-26,sz.000333,70.1100,71.2000,69.3500,70.6000,70.3900,27418796,1932586725.1200,1,0,5.347258
2024-11-27,sz.000333,70.3200,71.5000,69.7400,71.3200,70.6000,26482499,1875798199.2800,1,0,5.347258
2024-11-28,sz.000333,72.0000,72.0000,69.7600,70.1900,71.3200,32328951,2275593420.1500,1,0,5.347258
2024-11-29,sz.000333,69.6800,70.7700,69.5500,70.1300,70.1900,27750141,1951115163.8000,1,0,5.347258
2024-12-02,sz.000333,70.1500,70.5300,69.2300,70.0800,70.1300,35790565,2500096040.2100,1,0,5.347258
2024-12-03,sz.000333,70.0000,70.0000,69.4000,69.8500,70.0800,31317422,2181594388.4300,1,0,5.347258
2024-12-04,sz.000333,69.8800,71.9900,69.6000,71.4900,69.8500,53195506,3779094533.9800,1,0,5.347258
2024-12-05,sz.000333,71.6000,72.8800,71.4200,71.7200,71.4900,36764463,2647263413.0200,1,0,5.347258
2024-12-06,sz.000333,71.7800,73.1300,71.5100,72.8500,71.7200,45677846,3318584661.9100,1,0,5.347258
2024-12-09,sz.000333,72.0100,73.8800,71.3100,73.1300,72.8500,41321923,3017126124.0200,1,0,5.347258
2024-12-10,sz.000333,76.5100,76.6600,73.7900,73.8400,73.1300,55513289,4164810150.8800,1,0,5.347258
2024-12-11,sz.000333,73.7000,75.3300,73.6000,75.1000,73.8400,33543390,2512587262.9700,1,0,5.347258
2024-12-12,sz.000333,75.2000,75.7500,74.3700,75.5600,75.1000,28639814,2153602253.5500,1,0,5.347258
2024-12-13,sz.000333,75.2000,75.2300,73.3300,74.0000,75.5600,37063334,2744782532.1400,1,0,5.347258
2024-12-16,sz.000333,74.1000,74.4500,72.6500,73.2200,74.0000,28047059,2054964896.1400,1,0,5.347258
2024-12-17,sz.000333,73.2000,74.6800,72.8100,73.6700,73.2200,27887305,2058385954.7600,1,0,5.347258
2024-12-18,sz.000333,73.6600,74.5800,73.5800,74.1000,73.6700,22578549,1675256402.9300,1,0,5.347258
2024-12-19,sz.000333,73.8600,75.2300,73.2400,74.4400,74.1000,25355278,1893593091.9400,1,0,5.347258
2024-12-20,sz.000333,74.4300,74.7900,73.6600,74.0000,74.4400,20939651,1552494957.1500,1,0,5.347258
2024-12-23,sz.000333,74.0000,75.2500,73.9500,74.6100,74.0000,22602881,1689849270.1800,1,0,5.347258
2024-12-24,sz.000333,74.4000,76.3800,74.4000,76.2500,74.6100,34414101,2606513925.5300,1,0,5.347258
2024-12-25,sz.000333,76.3000,76.6000,75.0400,75.5400,76.2500,22733866,1719267175.7200,1,0,5.347258
2024-12-26,sz.000333,75.2600,76.2400,74.6500,75.9800,75.5400,24214292,1829497500.4600,1,0,5.347258
2024-12-27,sz.000333,75.9800,76.0500,74.8000,75.4200,75.9800,19842117,1493951285.9800,1,0,5.347258
2024-12-30,sz.000333,75.0000,76.1800,74.9200,75.3200,75.4200,22182724,1676164968.7000,1,0,5.347258
2024-12-31,sz.000333,75.1000,76.0500,74.6900,75.2200,75.3200,30766003,2324365540.7000,1,0,5.347258
2025-01-02,sz.000333,75.4000,77.2000,75.0000,75.3200,75.2200,41367089,3143071622.1500,1,0,5.347258
2025-01-03,sz.000333,75.0000,76.0600,73.9000,74.6900,75.3200,29642200,2225340635.6100,1,0,5.347258
2025-01-06,sz.000333,74.6800,76.2800,74.2800,75.3800,74.6900,30681009,2308954916.0000,1,0,5.347258
2025-01-07,sz.000333,75.0000,76.7600,74.5000,75.9300,75.3800,25178525,1913943075.7100,1,0,5.347258
2025-01-08,sz.000333,75.5100,77.6600,75.4300,77.5800,75.9300,40692962,3129132561.5000,1,0,5.347258
2025-01-09,sz.000333,77.7000,79.0000,77.2000,78.7300,77.5800,34598694,2715146336.3500,1,0,5.347258
2025-01-10,sz.000333,78.7300,78.8900,76.3700,76.3700,78.7300,27109567,2093133228.5000,1,0,5.347258
2025-01-13,sz.000333,75.6100,76.0200,73.9300,74.3000,76.3700,25584606,1911136128.9900,1,0,5.347258
2025-01-14,sz.000333,74.3000,75.3500,73.4300,74.6200,74.3000,28858396,2150563704.4500,1,0,5.347258
2025-01-15,sz.000333,74.6400,75.7700,73.6000,73.8200,74.6200,25663453,1910565918.3000,1,0,5.347258
2025-01-16,sz.000333,73.9900,75.4500,73.9000,74.0900,73.8200,26233035,1953070087.8900,1,0,5.347258
2025-01-17,sz.000333,74.0800,74.8700,73.6300,74.3500,74.0900,15928751,1184446628.5300,1,0,5.347258
2025-01-20,sz.000333,75.1000,76.7400,74.8800,74.8900,74.3500,29699251,2245932515.6900,1,0,5.347258
2025-01-21,sz.000333,75.2600,75.2900,74.2200,74.4000,74.8900,16286277,1217315661.9700,1,0,5.347258
2025-01-22,sz.000333,74.3800,74.3800,72.2800,73.0000,74.4000,32217997,2351219471.2500,1,0,5.347258
2025-01-23,sz.000333,73.4000,73.9200,72.4000,73.4100,73.0000,27008672,1981526548.3600,1,0,5.347258
2025-01-24,sz.000333,73.0100,73.6400,72.5500,72.8200,73.4100,30486076,2224547325.1700,1,0,5.347258
2025-01-27,sz.000333,72.8600,74.3000,72.6200,73.8800,72.8200,28011516,2066038990.7900,1,0,5.347258
2025-02-05,sz.000333,73.4000,73.6900,71.6800,72.2100,73.8800,36351088,2623254186.0800,1,0,5.347258
2025-02-06,sz.000333,72.1800,72.5600,71.4300,72.2700,72.2100,28567493,2058313210.6100,1,0,5.347258
2025-02-07,sz.000333,72.4000,73.4400,71.6700,73.4400,72.2700,35534968,2588044042.9600,1,0,5.347258
2025-02-10,sz.000333,73.3200,73.3300,72.5000,73.0100,73.4400,31864987,2324957366.4900,1,0,5.347258
2025-02-11,sz.000333,73.4400,73.8600,72.6100,73.7000,73.0100,30044016,2200715457.0100,1,0,5.347258
2025-02-12,sz.000333,73.4600,73.5900,72.6800,73.2800,73.7000,22807278,1667138729.9000,1,0,5.347258
2025-02-13,sz.000333,73.0000,73.3900,72.1300,72.1400,73.2800,41066444,2979276852.2500,1,0,5.347258
2025-02-14,sz.000333,72.1200,72.6900,71.9000,72.4900,72.1400,23435076,1697819619.0600,1,0,5.347258
2025-02-17,sz.000333,72.2500,72.4700,71.2500,72.0400,72.4900,40235806,2886662764.1500,1,0,5.347258
2025-02-18,sz.000333,71.9900,72.6500,71.5300,71.9000,72.0400,29346513,2117878259.0400,1,0,5.347258
2025-02-19,sz.000333,71.3000,71.9700,71.0000,71.4500,71.9000,33715017,2408852125.2000,1,0,5.347258
2025-02-20,sz.000333,71.4100,71.7100,71.0600,71.2300,71.4500,31420228,2241810156.6500,1,0,5.347258
2025-02-21,sz.000333,71.0200,71.2300,70.2000,70.5900,71.2300,55339013,3903770927.1800,1,0,5.347258
2025-02-24,sz.000333,70.6500,71.5000,70.2800,70.8900,70.5900,46937741,3326317437.1800,1,0,5.347258
2025-02-25,sz.000333,70.5000,70.6700,68.9800,69.0300,70.8900,56599867,3932087507.7500,1,0,5.347258
2025-02-26,sz.000333,68.7100,70.1600,68.7000,70.1200,69.0300,40412376,2820753653.5700,1,0,5.347258
2025-02-27,sz.000333,71.0000,72.7100,70.6300,72.4800,70.1200,65248235,4700242778.0500,1,0,5.347258
2025-02-28,sz.000333,72.7500,73.5000,72.1000,73.0500,72.4800,50647934,3702978855.6200,1,0,5.347258
2025-03-03,sz.000333,72.7000,72.9900,70.8500,71.0000,73.0500,40591782,2908667198.7200,1,0,5.347258
2025-03-04,sz.000333,71.2800,72.4700,71.2800,71.9700,71.0000,30041994,2159097771.5500,1,0,5.347258
2025-03-05,sz.000333,71.9000,72.1500,71.2000,71.7500,71.9700,28618620,2050696435.8400,1,0,5.347258
2025-03-06,sz.000333,71.9100,71.9700,70.4200,71.1400,71.7500,40239881,2857881527.7000,1,0,5.347258
2025-03-07,sz.000333,71.1200,71.2400,70.2600,70.7900,71.1400,31482660,2228492957.3500,1,0,5.347258
2025-03-10,sz.000333,70.8100,71.2600,70.5100,71.0700,70.7900,27344026,1937259285.9000,1,0,5.347258
2025-03-11,sz.000333,70.5000,71.4400,70.3000,70.9300,71.0700,25282497,1788427242.0800,1,0,5.347258
2025-03-12,sz.000333,70.9800,70.9800,70.1000,70.1000,70.9300,30130110,2117631624.1500,1,0,5.347258
2025-03-13,sz.000333,70.0100,70.6500,69.8100,70.0100,70.1000,25262164,1774959974.2900,1,0,5.347258
2025-03-14,sz.000333,70.0300,72.1000,69.8200,71.8700,70.0100,42544964,3036261982.2300,1,0,5.347258
2025-03-17,sz.000333,72.5200,72.5200,71.6000,71.8800,71.8700,34733287,2497780791.3000,1,0,5.347258
2025-03-18,sz.000333,72.0000,76.1000,71.6100,74.9800,71.8800,77931396,5762238289.9700,1,0,5.347258
2025-03-19,sz.000333,77.2300,77.9400,75.0300,76.5100,74.9800,106626103,8164296254.9700,1,0,5.347258
2025-03-20,sz.000333,76.4000,76.8500,75.1000,75.1700,76.5100,58569319,4434498828.1500,1,0,5.347258
2025-03-21,sz.000333,74.7700,76.4300,74.7700,75.2800,75.1700,38452793,2903191224.5400,1,0,5.347258
2025-03-24,sz.000333,74.8800,76.5000,74.8200,76.0600,75.2800,38734811,2945134162.1000,1,0,5.347258
2025-03-25,sz.000333,76.8100,77.5000,76.3700,76.8600,76.0600,32418622,2493718323.2700,1,0,5.347258
2025-03-26,sz.000333,76.4700,77.4000,75.8700,76.7900,76.8600,23706858,1814277210.5300,1,0,5.347258
2025-03-27,sz.000333,76.7900,77.5000,76.3200,76.5000,76.7900,25721538,1974042919.3900,1,0,5.347258
2025-03-28,sz.000333,76.2100,77.1800,75.6800,76.8700,76.5000,24911431,1909917933.7700,1,0,5.347258
2025-03-31,sz.000333,76.9000,80.5000,76.9000,78.5000,76.8700,68968445,5458996643.2400,1,0,5.347258
2025-04-01,sz.000333,78.1000,78.7800,75.2000,75.3900,78.5000,55181654,4204786522.6900,1,0,5.347258
2025-04-02,sz.000333,75.3500,76.7900,75.1900,75.9600,75.3900,26853625,2036925144.2200,1,0,5.347258
2025-04-03,sz.000333,74.6000,74.8300,73.1500,73.3600,75.9600,56598874,4179850012.1200,1,0,5.347258
2025-04-07,sz.000333,68.2200,69.4700,66.0200,67.1800,73.3600,88089693,5986991841.1800,1,0,5.347258
2025-04-08,sz.000333,68.0000,70.5000,67.7900,70.2300,67.1800,74473332,5151771417.9800,1,0,5.347258
2025-04-09,sz.000333,69.1900,70.5000,68.4200,69.6700,70.2300,57883954,4027838482.3200,1,0,5.347258
2025-04-10,sz.000333,70.6000,71.5900,70.1300,71.0900,69.6700,45084852,3199356699.5600,1,0,5.347258
2025-04-11,sz.000333,70.5200,70.7400,69.6300,70.4900,71.0900,29562589,2075657472.1800,1,0,5.347258
2025-04-14,sz.000333,70.7200,70.9000,69.7100,69.9200,70.4900,34883505,2447104070.3500,1,0,5.347258
2025-04-15,sz.000333,70.1000,71.8300,69.6900,71.4800,69.9200,34366681,2441442777.2700,1,0,5.347258
2025-04-16,sz.000333,71.1900,71.4800,70.3700,71.0000,71.4800,26672943,1890971340.3800,1,0,5.347258
2025-04-17,sz.000333,70.7400,71.1700,70.3400,70.9500,71.0000,19591273,1388823325.3100,1,0,5.347258
2025-04-18,sz.000333,70.9500,71.3300,70.4700,70.9200,70.9500,15448383,1094653675.8900,1,0,5.347258
2025-04-21,sz.000333,70.7800,71.6100,70.5000,71.3900,70.9200,17751380,1262930781.7700,1,0,5.347258
2025-04-22,sz.000333,71.3000,72.2300,71.2100,71.7200,71.3900,22615500,1626765493.2600,1,0,5.347258
2025-04-23,sz.000333,72.1000,72.4200,71.8000,71.8500,71.7200,22586871,1627423196.7600,1,0,5.347258
2025-04-24,sz.000333,72.4000,73.1900,71.9600,72.9500,71.8500,23180750,1684714693.4500,1,0,5.347258
2025-04-25,sz.000333,72.9500,73.0000,72.3800,72.7500,72.9500,17097238,1244078507.6700,1,0,5.347258
2025-04-28,sz.000333,73.3900,73.5800,72.8000,73.2300,72.7500,23966015,1755320152.2000,1,0,5.347258
2025-04-29,sz.000333,73.2600,74.3700,72.8600,74.2000,73.2300,23497383,1733740167.9400,1,0,5.347258
2025-04-30,sz.000333,75.0000,75.1200,73.4500,73.6200,74.2000,47810026,3548715614.6800,1,0,5.347258
2025-05-06,sz.000333,74.2300,74.3800,73.1000,74.0500,73.6200,34641179,2556249632.3900,1,0,5.347258
2025-05-07,sz.000333,74.7700,75.1800,74.0000,74.3600,74.0500,30028102,2239595605.1100,1,0,5.347258
2025-05-08,sz.000333,74.3500,75.6400,73.8800,75.0000,74.3600,27707567,2081094568.8100,1,0,5.347258
2025-05-09,sz.000333,74.9900,76.0300,74.7100,75.8000,75.0000,24563898,1861536387.7200,1,0,5.347258
2025-05-12,sz.000333,76.1000,76.7400,75.9000,76.5800,75.8000,27223912,2078979154.0300,1,0,5.347258
2025-05-13,sz.000333,77.0000,77.2000,76.4400,77.1100,76.5800,25527841,1963341232.6100,1,0,5.347258
2025-05-14,sz.000333,76.9000,77.5500,76.1300,77.0900,77.1100,29249633,2248759305.8200,1,0,5.347258
2025-05-15,sz.000333,76.6600,77.0700,76.3200,76.5000,77.0900,20490185,1571335905.5300,1,0,5.347258
2025-05-16,sz.000333,76.2100,76.8400,75.5700,76.6000,76.5000,23865992,1819974355.5800,1,0,5.347258
2025-05-19,sz.000333,76.4400,77.7200,76.2900,77.5800,76.6000,26308625,2031022753.9500,1,0,5.347258
2025-05-20,sz.000333,77.5300,79.1000,77.4800,78.6700,77.5800,27799540,2184604654.8400,1,0,5.347258
2025-05-21,sz.000333,78.5000,79.4400,78.4700,78.8000,78.6700,20543826,1619842976.4000,1,0,5.347258
2025-05-22,sz.000333,78.7300,79.5600,78.3100,79.3600,78.8000,23403426,1850376659.3900,1,0,5.347258
2025-05-23,sz.000333,79.3600,80.4800,78.7200,78.8900,79.3600,29974589,2385953117.7200,1,0,5.347258
2025-05-26,sz.000333,78.7200,79.1900,77.6100,78.2700,78.8900,24168884,1893696279.0100,1,0,5.347258
2025-05-27,sz.000333,78.2000,78.8900,78.0200,78.4800,78.2700,20644898,1620472096.7500,1,0,5.347258
2025-05-28,sz.000333,78.9800,80.1000,78.7000,79.3200,78.4800,24044877,1911343091.9500,1,0,5.347258
2025-05-29,sz.000333,79.0700,79.4900,78.3600,78.9800,79.3200,25167731,1988440748.2100,1,0,5.347258
2025-05-30,sz.000333,78.7400,79.5100,78.3000,79.0600,78.9800,21573317,1703126097.3800,1,0,5.347258
2025-06-03,sz.000333,79.0500,79.0500,75.6700,75.9100,79.0600,56190781,4293054876.9600,1,0,5.347258
2025-06-04,sz.000333,75.7800,76.5800,75.5000,75.5600,75.9100,36755439,2790934593.4600,1,0,5.347258
2025-06-05,sz.000333,75.4400,75.9000,75.0500,75.2500,75.5600,23580308,1776718062.8700,1,0,5.347258
2025-06-06,sz.000333,75.3700,75.8300,75.1000,75.7000,75.2500,27555948,2081019011.1100,1,0,5.347258
2025-06-09,sz.000333,75.2500,75.5800,74.0700,75.4000,75.7000,46695588,3500234347.9300,1,0,5.347258
2025-06-10,sz.000333,75.6300,76.5000,75.0500,75.0500,75.4000,32107412,2433498302.1000,1,0,5.347258
2025-06-11,sz.000333,75.2000,75.8000,74.8300,75.4900,75.0500,26308346,1986827773.7600,1,0,5.347258
2025-06-12,sz.000333,72.5100,72.6800,71.5300,72.2000,72.0100,34702892,2510413457.6400,1,0,5.605673
2025-06-13,sz.000333,71.6000,72.1600,71.0000,71.4800,72.2000,30045204,2148718105.1300,1,0,5.605673
2025-06-16,sz.000333,71.6000,71.8000,70.8500,71.2600,71.4800,25020494,1784037773.8900,1,0,5.605673
2025-06-17,sz.000333,71.8000,73.0800,71.8000,72.0600,71.2600,32639478,2362020250.1800,1,0,5.605673
2025-06-18,sz.000333,72.1900,72.6400,72.0200,72.1000,72.0600,17528837,1265648158.8800,1,0,5.605673
2025-06-19,sz.000333,72.2000,72.4100,71.1300,71.3300,72.1000,21125341,1512893147.7800,1,0,5.605673
2025-06-20,sz.000333,71.3500,72.3800,71.2600,72.3800,71.3300,22986421,1655767156.0600,1,0,5.605673
2025-06-23,sz.000333,72.0000,72.3300,71.4600,71.7200,72.3800,21054495,1510951196.4500,1,0,5.605673
2025-06-24,sz.000333,72.1000,73.3400,72.0000,72.8000,71.7200,27050087,1971805636.0900,1,0,5.605673
2025-06-25,sz.000333,72.8000,73.3300,72.3000,73.1800,72.8000,24327543,1772058945.7500,1,0,5.605673
2025-06-26,sz.000333,73.0000,73.5900,72.7500,73.1000,73.1800,22672619,1658102064.5800,1,0,5.605673
2025-06-27,sz.000333,73.0600,73.1900,72.2200,72.2800,73.1000,22364021,1623349471.5500,1,0,5.605673
2025-06-30,sz.000333,72.2500,72.5800,71.9800,72.2000,72.2800,19302259,1394828332.7300,1,0,5.605673
2025-07-01,sz.000333,72.2800,72.3500,71.8000,72.1100,72.2000,18625209,1341760454.9400,1,0,5.605673
2025-07-02,sz.000333,72.1100,73.1000,71.8100,72.5000,72.1100,26615479,1929453681.1900,1,0,5.605673
2025-07-03,sz.000333,72.7900,72.9500,72.3400,72.8900,72.5000,17936923,1304399831.2700,1,0,5.605673
2025-07-04,sz.000333,72.8800,73.8400,72.6000,73.4800,72.8900,21146224,1548790546.5100,1,0,5.605673
2025-07-07,sz.000333,73.2000,73.4500,72.3300,72.5500,73.4800,21545334,1567324871.4000,1,0,5.605673
2025-07-08,sz.000333,72.5500,72.7000,72.0700,72.2200,72.5500,25686651,1856483046.7900,1,0,5.605673
2025-07-09,sz.000333,72.0700,72.3500,71.8000,71.8000,72.2200,27205267,1958489419.8500,1,0,5.605673
2025-07-10,sz.000333,71.8400,71.9700,71.3300,71.6800,71.8000,23151388,1656983409.3400,1,0,5.605673
2025-07-11,sz.000333,71.7400,72.8000,71.6900,72.4800,71.6800,32055369,2324470997.6900,1,0,5.605673
2025-07-14,sz.000333,72.4700,73.2100,71.9800,73.1000,72.4800,23373900,1702246964.0000,1,0,5.605673
2025-07-15,sz.000333,73.1100,73.5000,72.8100,73.2100,73.1000,24900978,1821265542.8400,1,0,5.605673
2025-07-16,sz.000333,73.4700,74.0900,72.8000,72.8900,73.2100,20688807,1514278423.7800,1,0,5.605673
2025-07-17,sz.000333,72.7500,73.4300,72.6000,72.6300,72.8900,24729994,1804135156.6200,1,0,5.605673
2025-07-18,sz.000333,72.8700,73.2800,72.5200,72.8300,72.6300,21951230,1596482224.0400,1,0,5.605673
2025-07-21,sz.000333,72.6100,72.9600,72.4000,72.5500,72.8300,30897062,2244011062.8300,1,0,5.605673
2025-07-22,sz.000333,72.5800,73.2200,72.2600,73.1900,72.5500,35720411,2602924270.5400,1,0,5.605673
2025-07-23,sz.000333,73.2000,73.8500,73.1800,73.5000,73.1900,36987240,2718700800.4500,1,0,5.605673
2025-07-24,sz.000333,73.7000,73.9500,73.0900,73.5100,73.5000,29069915,2134051794.1400,1,0,5.605673
2025-07-25,sz.000333,73.4000,73.4000,72.5500,72.7600,73.5100,24456208,1780421843.0300,1,0,5.605673
2025-07-28,sz.000333,72.8200,72.9200,71.8000,71.9400,72.7600,37773632,2725637108.0800,1,0,5.605673
2025-07-29,sz.000333,71.9400,72.0700,71.0200,71.2400,71.9400,39836931,2843589787.8800,1,0,5.605673
2025-07-30,sz.000333,71.4900,72.7400,71.2000,72.1100,71.2400,41132530,2964849147.8300,1,0,5.605673
2025-07-31,sz.000333,72.0000,72.0200,69.8800,70.1900,72.1100,69477714,4895784249.9400,1,0,5.605673
2025-08-01,sz.000333,70.2000,70.9700,70.1000,70.7900,70.1900,28644667,2019147913.1200,1,0,5.605673
2025-08-04,sz.000333,70.5500,71.0000,70.2000,70.9400,70.7900,19776642,1398398727.7300,1,0,5.605673
2025-08-05,sz.000333,71.1100,71.5100,70.6800,71.3800,70.9400,19174845,1365340860.1700,1,0,5.605673
2025-08-06,sz.000333,71.3800,71.7800,70.9900,71.7000,71.3800,22135849,1583549583.5700,1,0,5.605673
2025-08-07,sz.000333,71.5100,71.9300,71.2100,71.4800,71.7000,20361565,1456650768.7400,1,0,5.605673
2025-08-08,sz.000333,71.4000,71.8300,71.2900,71.5800,71.4800,20118405,1439938213.2000,1,0,5.605673
2025-08-11,sz.000333,71.3000,71.8200,71.1900,71.7600,71.5800,17912366,1282650770.4400,1,0,5.605673
2025-08-12,sz.000333,71.7500,72.4400,71.6000,71.9300,71.7600,24047589,1734351323.7500,1,0,5.605673
2025-08-13,sz.000333,71.9800,72.2900,71.6000,71.8200,71.9300,25384669,1827058280.0800,1,0,5.605673
2025-08-14,sz.000333,71.8000,73.0500,71.7200,72.3300,71.8200,45514924,3301054397.6900,1,0,5.605673
2025-08-15,sz.000333,72.3300,72.4000,71.8100,72.3000,72.3300,27469955,1980637245.3300,1,0,5.605673
2025-08-18,sz.000333,72.3100,72.5600,71.6100,71.8400,72.3000,54299761,3906936963.3600,1,0,5.605673
2025-08-19,sz.000333,73.2000,73.6300,72.2000,72.6800,71.8400,53760260,3916336802.0100,1,0,5.605673
2025-08-20,sz.000333,72.2100,72.3200,71.5100,72.2200,72.6800,40377028,2901846346.3200,1,0,5.605673
2025-08-21,sz.000333,72.0900,72.5000,71.6600,71.9200,72.2200,33801371,2436115382.3300,1,0,5.605673
2025-08-22,sz.000333,71.9700,72.1900,71.6500,72.0900,71.9200,39138892,2814332706.1500,1,0,5.605673
2025-08-25,sz.000333,72.1200,73.8500,72.1200,73.5200,72.0900,70023449,5110086585.8100,1,0,5.605673
2025-08-26,sz.000333,73.5200,74.2800,73.3100,73.8000,73.5200,46293790,3417986335.7900,1,0,5.605673
2025-08-27,sz.000333,73.8900,74.5500,72.6900,72.7100,73.8000,48841858,3605612809.6400,1,0,5.605673
2025-08-28,sz.000333,72.7100,73.9700,72.5100,73.5000,72.7100,43298746,3171280840.4800,1,0,5.605673
2025-08-29,sz.000333,73.5000,74.8400,73.3900,73.7100,73.5000,56766900,4210933505.4900,1,0,5.605673
2025-09-01,sz.000333,75.0000,75.8400,73.5200,74.0300,73.7100,77625858,5792738593.7700,1,0,5.605673
2025-09-02,sz.000333,74.2100,76.4000,73.9900,76.1600,74.0300,80590924,6106472167.2100,1,0,5.605673
2025-09-03,sz.000333,76.5500,77.1400,74.9500,75.6200,76.1600,50488071,3826685199.7400,1,0,5.605673
2025-09-04,sz.000333,75.9800,76.0000,74.4200,75.5900,75.6200,44353949,3328858300.1900,1,0,5.605673
2025-09-05,sz.000333,75.8100,76.6900,75.4400,76.2200,75.5900,46425167,3530971109.1300,1,0,5.605673
2025-09-08,sz.000333,76.6700,78.0800,76.5000,77.0300,76.2200,55029371,4245832273.7500,1,0,5.605673
2025-09-09,sz.000333,77.0200,77.6000,76.3500,77.1800,77.0300,38315019,2947171766.6100,1,0,5.605673
2025-09-10,sz.000333,77.0000,77.2700,76.4000,77.0200,77.1800,27154194,2087580321.3900,1,0,5.605673
2025-09-11,sz.000333,76.9000,77.2700,75.9000,77.0200,77.0200,45960511,3515566425.2000,1,0,5.605673
2025-09-12,sz.000333,76.9500,77.6900,75.4100,75.5700,77.0200,59117075,4507931248.7200,1,0,5.605673
2025-09-15,sz.000333,75.2000,75.9500,74.5000,75.1700,75.5700,48068047,3614905665.7200,1,0,5.605673
2025-09-16,sz.000333,75.1300,75.2000,74.0500,74.4600,75.1700,45602831,3396155195.7200,1,0,5.605673
2025-09-17,sz.000333,74.4100,75.4300,74.1700,74.3500,74.4600,57722675,4303710294.2800,1,0,5.605673
2025-09-18,sz.000333,74.6000,75.3500,73.1900,73.7400,74.3500,60084003,4452255640.8600,1,0,5.605673
2025-09-19,sz.000333,73.4100,74.5900,73.2100,74.3500,73.7400,38847838,2879645242.6900,1,0,5.605673
2025-09-22,sz.000333,74.8100,74.9000,72.9000,73.2600,74.3500,47973993,3520814681.2500,1,0,5.605673
2025-09-23,sz.000333,73.2500,73.6500,72.7200,73.5300,73.2600,42147721,3082692694.8800,1,0,5.605673
2025-09-24,sz.000333,73.5100,74.3500,72.9500,74.1000,73.5300,30628481,2260146501.2200,1,0,5.605673
2025-09-25,sz.000333,73.3000,73.7500,72.5500,72.8400,74.1000,47860729,3487388577.7400,1,0,5.605673
2025-09-26,sz.000333,73.0400,74.7000,72.8900,74.2000,72.8400,47698312,3524465565.6800,1,0,5.605673
2025-09-29,sz.000333,74.4300,74.5500,73.0500,73.7300,74.2000,46593907,3431995413.2100,1,0,5.605673
2025-09-30,sz.000333,73.7000,73.7100,72.5500,72.6600,73.7300,50610839,3690464285.4600,1,0,5.605673
2025-10-09,sz.000333,72.3500,72.9700,71.3800,72.6300,72.6600,61593908,4446685218.4200,1,0,5.605673
2025-10-10,sz.000333,72.4500,73.7300,72.1000,72.8300,72.6300,43330526,3168138018.8100,1,0,5.605673
2025-10-13,sz.000333,71.3800,72.1100,71.0200,71.8100,72.8300,48160457,3450611699.9500,1,0,5.605673
2025-10-14,sz.000333,72.0000,73.1500,71.6900,72.6000,71.8100,51909507,3767793738.6500,1,0,5.605673
2025-10-15,sz.000333,72.8000,73.4900,72.6000,72.9200,72.6000,37633251,2753955979.2400,1,0,5.605673
2025-10-16,sz.000333,73.2000,73.6900,72.5200,73.1800,72.9200,34678000,2535057433.0200,1,0,5.605673
2025-10-17,sz.000333,72.7000,73.5900,72.6400,72.8000,73.1800,27649108,2017092908.0000,1,0,5.605673
2025-10-20,sz.000333,73.0900,73.4000,72.3900,72.8700,72.8000,29755742,2166679567.6300,1,0,5.605673
2025-10-21,sz.000333,72.9000,73.2600,72.5800,72.9100,72.8700,28394659,2070032730.8900,1,0,5.605673
2025-10-22,sz.000333,72.8000,73.9900,72.6100,73.8800,72.9100,39329827,2894112406.4100,1,0,5.605673
2025-10-23,sz.000333,73.8000,74.9500,73.6800,74.8900,73.8800,34763341,2588236880.9700,1,0,5.605673
2025-10-24,sz.000333,74.8900,75.0000,74.4600,74.6100,74.8900,24483806,1829626026.2800,1,0,5.605673
2025-10-27,sz.000333,74.7400,75.3500,74.3700,74.8800,74.6100,34055264,2552508383.1600,1,0,5.605673
2025-10-28,sz.000333,74.6100,74.9200,74.1300,74.4100,74.8800,23365775,1740011911.8100,1,0,5.605673
2025-10-29,sz.000333,74.2500,74.4200,73.5000,74.4000,74.4100,27358650,2025139820.7700,1,0,5.605673
2025-10-30,sz.000333,74.5000,76.1000,74.5000,75.3000,74.4000,49965301,3777679276.1700,1,0,5.605673
2025-10-31,sz.000333,75.2000,76.8300,75.1000,76.4000,75.3000,50974159,3888018216.2700,1,0,5.605673
2025-11-03,sz.000333,76.3900,76.9500,75.1800,75.3900,76.4000,28196997,2132026191.4200,1,0,5.605673
2025-11-04,sz.000333,75.1200,75.7900,74.9000,75.1600,75.3900,30260649,2282008180.2400,1,0,5.605673
2025-11-05,sz.000333,75.0000,76.3900,74.3000,75.9400,75.1600,26615133,2015978787.0600,1,0,5.605673
2025-11-06,sz.000333,75.9400,77.4300,75.9400,77.0300,75.9400,35511147,2732619897.0600,1,0,5.605673
2025-11-07,sz.000333,77.2700,77.2700,76.1100,76.2000,77.0300,26441999,2021807279.7700,1,0,5.605673
2025-11-10,sz.000333,76.2600,77.5500,75.9500,77.3300,76.2000,39100815,3010493958.5800,1,0,5.605673
2025-11-11,sz.000333,77.3300,77.3900,76.6800,77.2300,77.3300,22770754,1755331383.5500,1,0,5.605673
2025-11-12,sz.000333,77.2300,80.5500,77.2300,79.4900,77.2300,73784703,5857421168.2700,1,0,5.605673
2025-11-13,sz.000333,79.2000,80.0000,78.6900,79.6000,79.4900,33337014,2639881173.7300,1,0,5.605673
2025-11-14,sz.000333,79.5000,80.4200,79.0500,79.2300,79.6000,27312749,2181244560.2700,1,0,5.605673
2025-11-17,sz.000333,79.2300,79.3900,77.9100,78.4200,79.2300,26109532,2050426784.0200,1,0,5.605673
2025-11-18,sz.000333,78.2900,78.6600,77.0000,77.4000,77.9300,23590408,1833005279.6700,1,0,5.64092
2025-11-19,sz.000333,77.3800,78.0900,77.0200,77.4000,77.4000,21441520,1661622967.5200,1,0,5.64092
2025-11-20,sz.000333,77.5000,78.8800,77.0300,77.9400,77.4000,26192879,2050174662.8000,1,0,5.64092
2025-11-21,sz.000333,77.1000,79.2900,77.1000,78.7500,77.9400,43949476,3442968264.8300,1,0,5.64092
2025-11-24,sz.000333,78.6000,79.4800,78.2500,78.5600,78.7500,36773938,2903024266.2600,1,0,5.64092
2025-11-25,sz.000333,78.9900,79.0000,77.6100,78.7000,78.5600,29101152,2280195508.5000,1,0,5.64092
2025-11-26,sz.000333,78.6900,80.0000,78.4100,79.8000,78.7000,32072777,2538706359.9100,1,0,5.64092
2025-11-27,sz.000333,79.6000,80.7300,78.9500,79.8000,79.8000,31646071,2524590682.3000,1,0,5.64092
2025-11-28,sz.000333,79.8000,80.0700,79.3300,79.8600,79.8000,18126661,1445017043.3100,1,0,5.64092
2025-12-01,sz.000333,79.8000,80.2000,79.1700,80.0000,79.8600,30352024,2419268736.4400,1,0,5.64092
2025-12-02,sz.000333,80.1000,81.6600,80.0100,81.5600,80.0000,37804931,3071966511.5300,1,0,5.64092
2025-12-03,sz.000333,81.5500,82.8800,81.2600,82.1700,81.5600,36866005,3038100688.7000,1,0,5.64092
2025-12-04,sz.000333,82.1300,83.1700,81.7700,81.8900,82.1700,28917966,2377656054.2200,1,0,5.64092
2025-12-05,sz.000333,81.8900,82.5900,81.7000,82.2300,81.8900,24616511,2020996777.5700,1,0,5.64092
2025-12-08,sz.000333,83.0000,83.1000,81.0400,81.8100,82.2300,27336529,2235419968.1600,1,0,5.64092
2025-12-09,sz.000333,81.5000,81.5600,79.9400,80.2000,81.8100,35647940,2872571866.5300,1,0,5.64092
2025-12-10,sz.000333,79.9800,80.6200,79.7000,80.0700,80.2000,24571972,1970629706.2600,1,0,5.64092
2025-12-11,sz.000333,80.1200,80.5600,79.1800,79.3000,80.0700,27294485,2178536617.3500,1,0,5.64092
2025-12-12,sz.000333,79.3500,79.9800,79.2000,79.3200,79.3000,32895862,2615339990.3900,1,0,5.64092
2025-12-15,sz.000333,79.6900,81.1000,79.4500,80.4100,79.3200,36554689,2945959174.7900,1,0,5.64092
2025-12-16,sz.000333,80.2500,80.8500,79.8400,79.9600,80.4100,21423089,1718619061.3600,1,0,5.64092
2025-12-17,sz.000333,79.7100,80.9200,79.3800,80.4700,79.9600,23028180,1850597015.6700,1,0,5.64092
2025-12-18,sz.000333,80.2700,80.6100,79.5100,79.8300,80.4700,21409792,1710070019.1900,1,0,5.64092
2025-12-19,sz.000333,79.8500,79.9000,78.8000,79.4500,79.8300,27801766,2205368623.6800,1,0,5.64092
2025-12-22,sz.000333,79.3000,79.7900,78.9000,79.1600,79.4500,24503713,1941379877.4100,1,0,5.64092
2025-12-23,sz.000333,79.3800,80.3100,79.0200,79.6500,79.1600,25468020,2029842283.1300,1,0,5.64092
2025-12-24,sz.000333,79.4300,79.9400,78.7600,78.8000,79.6500,21704738,1715476083.5500,1,0,5.64092
2025-12-25,sz.000333,78.5200,78.8800,78.1800,78.5900,78.8000,22675780,1780124524.5500,1,0,5.64092
2025-12-26,sz.000333,78.5900,79.0700,78.5500,78.8700,78.5900,21410712,1688269459.8900,1,0,5.64092
2025-12-29,sz.000333,78.7900,79.7200,78.2500,78.4100,78.8700,25697385,2026008965.1700,1,0,5.64092
2025-12-30,sz.000333,78.1600,79.3800,78.1200,78.8500,78.4100,21362222,1681118068.3600,1,0,5.64092
2025-12-31,sz.000333,78.8700,80.2800,77.8500,78.1500,78.8500,28775822,2256598465.5500,1,0,5.64092
