date,code,open,high,low,close,preclose,volume,amount,tradestatus,isST,backAdjustFactor
2018-06-11,sz.300750,30.1700,36.2000,30.1700,36.2000,25.1400,78829,2845471.8000,1,0,1.0
2018-06-12,sz.300750,39.8200,39.8200,39.8200,39.8200,36.2000,26579,1058375.7800,1,0,1.0
2018-06-13,sz.300750,43.8000,43.8000,43.8000,43.8000,39.8200,45030,1972314.0000,1,0,1.0
2018-06-14,sz.300750,48.1800,48.1800,48.1800,48.1800,43.8000,74267,3578184.0600,1,0,1.0
2018-06-15,sz.300750,53.0000,53.0000,53.0000,53.0000,48.1800,256510,13595030.0000,1,0,1.0
2018-06-19,sz.300750,58.3000,58.3000,58.3000,58.3000,53.0000,1117428,65146052.4000,1,0,1.0
2018-06-20,sz.300750,64.1300,64.1300,64.1300,64.1300,58.3000,1310382,84034797.6600,1,0,1.0
2018-06-21,sz.300750,70.5400,70.5400,70.5400,70.5400,64.1300,1231660,86881296.4000,1,0,1.0
2018-06-22,sz.300750,72.0000,72.7100,63.4900,66.5500,70.5400,128170599,8599728955.5200,1,0,1.0
2018-06-25,sz.300750,68.2000,71.6000,67.2200,69.1900,66.5500,69981999,4868406844.0200,1,0,1.0
2018-06-26,sz.300750,67.8900,75.5500,67.1000,74.1800,69.1900,62553547,4537098812.2500,1,0,1.0
2018-06-27,sz.300750,74.2100,74.9300,71.7700,74.0900,74.1800,44138862,3241043472.7300,1,0,1.0
2018-06-28,sz.300750,73.3000,75.3900,67.4400,68.2100,74.0900,53080981,3770134240.6900,1,0,1.0
2018-06-29,sz.300750,68.6800,74.3000,67.7700,71.9600,68.2100,45698575,3231958793.3500,1,0,1.0
2018-07-02,sz.300750,70.7900,71.4800,69.1100,70.0000,71.9600,32470182,2278646004.6800,1,0,1.0
2018-07-03,sz.300750,70.2000,71.1900,65.8500,69.2900,70.0000,33910064,2337186967.5600,1,0,1.0
2018-07-04,sz.300750,68.1500,68.1500,65.5000,65.9200,69.2900,26282197,1749919477.5500,1,0,1.0
2018-07-05,sz.300750,65.0000,71.8800,64.8800,68.8100,65.9200,34337783,2343510066.9600,1,0,1.0
2018-07-06,sz.300750,68.8100,74.5000,68.7000,70.8800,68.8100,49213427,3511358606.6200,1,0,1.0
2018-07-09,sz.300750,70.8000,71.5700,69.1100,71.5500,70.8800,31068979,2183986505.8800,1,0,1.0
2018-07-10,sz.300750,75.0000,75.8900,71.6600,72.4000,71.5500,36484401,2666043239.8500,1,0,1.0
2018-07-11,sz.300750,70.0000,78.9400,69.5800,77.0600,72.4000,49120805,3695050773.7400,1,0,1.0
2018-07-12,sz.300750,76.0300,84.7700,75.6000,84.7700,77.0600,43085212,3430182907.1400,1,0,1.0
2018-07-13,sz.300750,82.0000,88.4700,81.0300,82.7000,84.7700,48202055,4049051405.3000,1,0,1.0
2018-07-16,sz.300750,82.7000,84.7500,80.1000,83.9000,82.7000,29515196,2439742028.8000,1,0,1.0
2018-07-17,sz.300750,83.1100,84.1700,79.6600,82.2800,83.9000,28615349,2336837084.7800,1,0,1.0
2018-07-18,sz.300750,82.2800,84.3700,80.1100,82.2800,82.2800,27113839,2233771784.9600,1,0,1.0
2018-07-19,sz.300750,82.0000,85.1500,80.6700,82.8900,82.2800,25074483,2089886953.7600,1,0,1.0
2018-07-20,sz.300750,82.5000,91.1800,82.0100,90.9300,82.8900,42695635,3750334637.7700,1,0,1.0
2018-07-23,sz.300750,89.0000,90.5400,87.5500,88.6200,90.9300,25014352,2223986140.5700,1,0,1.0
2018-07-24,sz.300750,88.5000,92.9600,87.5000,91.7700,88.6200,26501025,2395962685.5600,1,0,1.0
2018-07-25,sz.300750,91.0000,95.0800,82.5900,82.5900,91.7700,45719348,4027958763.7200,1,0,1.0
2018-07-26,sz.300750,80.5000,82.6000,76.6000,78.2000,82.5900,39286999,3115796617.3700,1,0,1.0
2018-07-27,sz.300750,78.0000,78.6400,75.6700,76.0500,78.2000,22809584,1748397062.2800,1,0,1.0
2018-07-30,sz.300750,76.5000,77.3400,75.0000,76.8500,76.0500,18041846,1377263289.2600,1,0,1.0
2018-07-31,sz.300750,76.7800,76.7900,70.5100,72.2200,76.8500,28128307,2055880224.9800,1,0,1.0
2018-08-01,sz.300750,72.0000,73.6300,71.0200,71.4200,72.2200,17933649,1298707855.0100,1,0,1.0
2018-08-02,sz.300750,70.4000,73.2900,70.0500,72.5600,71.4200,19853529,1429095207.7600,1,0,1.0
2018-08-03,sz.300750,71.7600,73.1400,68.6600,69.6000,72.5600,17288867,1223071469.5100,1,0,1.0
2018-08-06,sz.300750,69.0000,71.0800,67.6000,69.6500,69.6000,15706945,1096989857.8300,1,0,1.0
2018-08-07,sz.300750,70.4800,74.4600,70.0000,73.7900,69.6500,19964947,1445537173.0500,1,0,1.0
2018-08-08,sz.300750,73.5000,73.5800,71.1100,71.5200,73.7900,14770817,1067594665.9000,1,0,1.0
2018-08-09,sz.300750,71.4000,75.6600,70.3000,74.0600,71.5200,18474864,1364797399.7900,1,0,1.0
2018-08-10,sz.300750,73.6000,74.4900,73.0200,74.4400,74.0600,11673860,862092551.3000,1,0,1.0
2018-08-13,sz.300750,73.0000,74.1900,72.0300,74.0100,74.4400,10949557,800760025.7600,1,0,1.0
2018-08-14,sz.300750,73.8000,73.8900,71.4400,71.5700,74.0100,11735618,847545777.6500,1,0,1.0
2018-08-15,sz.300750,70.9800,72.0300,69.0000,69.1100,71.5700,12916705,905177224.1000,1,0,1.0
2018-08-16,sz.300750,68.0000,69.8800,66.2100,68.9900,69.1100,10715293,733358634.7300,1,0,1.0
2018-08-17,sz.300750,69.9000,70.5100,68.1000,68.1600,68.9900,8224837,570722229.1500,1,0,1.0
2018-08-20,sz.300750,67.8800,69.1100,66.0000,68.9500,68.1600,10922929,739769193.6000,1,0,1.0
2018-08-21,sz.300750,68.9700,70.7800,68.0200,69.5700,68.9500,10208839,709924230.9300,1,0,1.0
2018-08-22,sz.300750,69.0600,70.2500,67.2100,67.4700,69.5700,8999917,617772713.8300,1,0,1.0
2018-08-23,sz.300750,67.6500,69.6500,67.0800,69.1000,67.4700,12193136,835080332.4100,1,0,1.0
2018-08-24,sz.300750,67.8100,71.2000,67.7000,68.8000,69.1000,13360932,931622755.9000,1,0,1.0
2018-08-27,sz.300750,68.5800,70.9800,67.8900,70.4600,68.8000,12915092,900979594.9700,1,0,1.0
2018-08-28,sz.300750,70.6100,74.3200,70.4000,73.0100,70.4600,18813962,1362031257.3400,1,0,1.0
2018-08-29,sz.300750,72.6000,73.5000,71.8100,73.0200,73.0100,10333837,749871852.1700,1,0,1.0
2018-08-30,sz.300750,73.1900,74.0000,69.6300,69.9900,73.0200,13681809,979226463.1000,1,0,1.0
2018-08-31,sz.300750,68.4900,69.2000,65.0100,65.5000,69.9900,15901213,1072916773.7900,1,0,1.0
2018-09-03,sz.300750,64.8000,64.8000,61.0000,63.2600,65.5000,15910805,998632539.9300,1,0,1.0
2018-09-04,sz.300750,63.2000,64.2500,62.7600,63.8500,63.2600,8067558,512634921.2000,1,0,1.0
2018-09-05,sz.300750,63.6000,63.9800,61.3900,61.3900,63.8500,9689281,604400369.0500,1,0,1.0
2018-09-06,sz.300750,60.6000,62.6500,60.3200,61.8400,61.3900,8854073,547542957.3700,1,0,1.0
2018-09-07,sz.300750,62.4900,64.8800,62.2100,63.3200,61.8400,12748586,813256860.6500,1,0,1.0
2018-09-10,sz.300750,63.5600,63.7900,61.0000,61.3500,63.3200,6545100,404054151.5300,1,0,1.0
2018-09-11,sz.300750,61.4000,63.1600,61.4000,62.5700,61.3500,6629327,413926189.5400,1,0,1.0
2018-09-12,sz.300750,62.8000,65.2500,62.6100,64.5000,62.5700,12115986,779904478.8800,1,0,1.0
2018-09-13,sz.300750,65.6400,66.1000,63.3900,64.8000,64.5000,9852036,637747213.6600,1,0,1.0
2018-09-14,sz.300750,66.3000,69.0000,65.8600,65.9000,64.8000,15831828,1068356171.1700,1,0,1.0
2018-09-17,sz.300750,64.5700,65.4800,63.5900,63.7100,65.9000,7131416,460645757.5500,1,0,1.0
2018-09-18,sz.300750,63.0000,66.4100,62.9900,66.3600,63.7100,7789233,505525626.4400,1,0,1.0
2018-09-19,sz.300750,65.9900,68.5600,65.4500,67.3300,66.3600,9502594,637368899.6500,1,0,1.0
2018-09-20,sz.300750,67.0100,69.9000,67.0100,67.9900,67.3300,10200717,703066410.1400,1,0,1.0
2018-09-21,sz.300750,68.6300,69.9000,67.8600,69.1900,67.9900,7748207,535412407.3200,1,0,1.0
2018-09-25,sz.300750,68.4000,69.3000,67.7100,68.3300,69.1900,4204191,287948499.4400,1,0,1.0
2018-09-26,sz.300750,68.6600,73.5000,68.6600,72.8900,68.3300,16061574,1149820351.0900,1,0,1.0
2018-09-27,sz.300750,72.2500,74.9500,71.7000,72.5500,72.8900,13694667,1005558177.3400,1,0,1.0
2018-09-28,sz.300750,72.1100,75.0900,72.1100,73.0000,72.5500,11921098,880458280.3500,1,0,1.0
2018-10-08,sz.300750,71.8800,71.8800,67.8000,68.4500,73.0000,13116724,915229219.8600,1,0,1.0
2018-10-09,sz.300750,68.9100,69.1600,64.1000,64.9000,68.4500,13389377,888448838.1400,1,0,1.0
2018-10-10,sz.300750,65.6100,65.8000,63.6000,64.9000,64.9000,7163213,464126636.7600,1,0,1.0
2018-10-11,sz.300750,61.8800,63.4700,59.5100,60.4500,64.9000,12809465,785418488.8100,1,0,1.0
2018-10-12,sz.300750,60.4500,63.1600,60.3800,62.8600,60.4500,8600315,531900783.1400,1,0,1.0
2018-10-15,sz.300750,68.8000,69.1500,67.8800,69.1500,62.8600,19801487,1362852724.0700,1,0,1.0
2018-10-16,sz.300750,70.0000,70.3600,67.9400,68.8500,69.1500,10452197,723312823.3800,1,0,1.0
2018-10-17,sz.300750,69.7700,71.7800,69.2100,70.0000,68.8500,14232165,1000278466.8900,1,0,1.0
2018-10-18,sz.300750,68.7000,71.4000,65.5200,68.0300,70.0000,10810902,741423984.5000,1,0,1.0
2018-10-19,sz.300750,67.0100,74.2600,67.0100,73.7700,68.0300,14125112,1008056887.0100,1,0,1.0
2018-10-22,sz.300750,74.0900,81.1000,74.0900,79.1000,73.7700,18106362,1408026234.5100,1,0,1.0
2018-10-23,sz.300750,78.1000,79.9600,76.1000,78.0000,79.1000,12736627,987704573.6300,1,0,1.0
2018-10-24,sz.300750,77.8400,79.4700,76.1200,77.0000,78.0000,10042803,782578265.4500,1,0,1.0
2018-10-25,sz.300750,75.0000,81.5800,74.5100,80.9100,77.0000,13372207,1042168318.1200,1,0,1.0
2018-10-26,sz.300750,80.6900,80.6900,73.0100,74.6000,80.9100,17691702,1361043435.2600,1,0,1.0
2018-10-29,sz.300750,74.9400,75.4000,70.6000,70.7600,74.6000,12719771,923032362.8500,1,0,1.0
2018-10-30,sz.300750,70.6500,75.3500,69.8800,75.0000,70.7600,12887554,939263219.4300,1,0,1.0
2018-10-31,sz.300750,75.2900,77.4300,74.2000,74.5000,75.0000,9794351,743436076.3600,1,0,1.0
2018-11-01,sz.300750,75.2000,76.8200,73.2100,73.6100,74.5000,9723959,733949879.5100,1,0,1.0
2018-11-02,sz.300750,76.1400,78.6300,76.0500,78.4800,73.6100,13705894,1059238488.7500,1,0,1.0
2018-11-05,sz.300750,78.4800,82.4800,77.8000,79.3900,78.4800,13063517,1045459980.2200,1,0,1.0
2018-11-06,sz.300750,79.0300,82.4000,76.0000,81.5700,79.3900,12165834,954114789.6200,1,0,1.0
2018-11-07,sz.300750,80.2000,82.3800,78.2100,79.0400,81.5700,12658732,1013339456.9200,1,0,1.0
2018-11-08,sz.300750,79.8400,80.3800,76.8900,77.3100,79.0400,8044866,630122240.7200,1,0,1.0
2018-11-09,sz.300750,77.0000,79.0500,76.6600,77.7500,77.3100,6063937,473740955.3600,1,0,1.0
2018-11-12,sz.300750,77.0000,83.8000,76.7000,83.2500,77.7500,14889918,1205794048.3800,1,0,1.0
2018-11-13,sz.300750,82.0000,82.5100,79.8000,81.6300,83.2500,14287007,1158416128.0300,1,0,1.0
2018-11-14,sz.300750,80.4100,83.0000,79.7500,81.0000,81.6300,10790715,873812068.7400,1,0,1.0
2018-11-15,sz.300750,80.4100,82.2000,79.9000,81.3500,81.0000,7576857,614559636.6400,1,0,1.0
2018-11-16,sz.300750,81.6800,81.7600,78.6200,80.1100,81.3500,9809408,785031529.9100,1,0,1.0
2018-11-19,sz.300750,79.5900,81.4800,79.0000,79.3500,80.1100,7259001,579343248.6000,1,0,1.0
2018-11-20,sz.300750,78.7100,79.2000,77.5600,77.7700,79.3500,7722096,603966808.8700,1,0,1.0
2018-11-21,sz.300750,77.5000,79.7500,76.5000,78.6500,77.7700,7314829,573993355.1000,1,0,1.0
2018-11-22,sz.300750,78.2000,79.4400,77.6000,77.9100,78.6500,4071768,318546094.1100,1,0,1.0
2018-11-23,sz.300750,77.9100,77.9500,73.9000,73.9800,77.9100,10403744,782322413.3000,1,0,1.0
2018-11-26,sz.300750,73.8000,74.8800,72.8000,74.6200,73.9800,7610013,561073991.2100,1,0,1.0
2018-11-27,sz.300750,74.6800,76.8500,73.7600,75.6000,74.6200,7953332,599419287.5000,1,0,1.0
2018-11-28,sz.300750,75.7500,79.4800,75.2500,78.6800,75.6000,9918840,772880029.9900,1,0,1.0
2018-11-29,sz.300750,79.5000,81.5000,78.0300,78.0300,78.6800,9736251,778202196.4500,1,0,1.0
2018-11-30,sz.300750,78.0100,80.9900,78.0100,80.0300,78.0300,9067577,724258624.0900,1,0,1.0
2018-12-03,sz.300750,82.5200,83.4900,80.5600,80.8500,80.0300,12645226,1034073820.4200,1,0,1.0
2018-12-04,sz.300750,80.2000,83.0800,80.0400,82.3000,80.8500,9579665,785692897.3800,1,0,1.0
2018-12-05,sz.300750,81.0000,82.6000,80.6000,81.3700,82.3000,7391554,602269929.5000,1,0,1.0
2018-12-06,sz.300750,80.8000,82.2800,79.0000,79.0100,81.3700,11385399,917634576.8800,1,0,1.0
2018-12-07,sz.300750,79.1800,80.4600,79.1800,79.7000,79.0100,5642133,450938752.2100,1,0,1.0
2018-12-10,sz.300750,79.4500,80.3700,76.8000,78.2900,79.7000,7606831,593846045.7700,1,0,1.0
2018-12-11,sz.300750,78.5000,79.1800,77.8200,78.5600,78.2900,3450062,270881623.5000,1,0,1.0
2018-12-12,sz.300750,79.3400,81.9800,79.0000,81.5000,78.5600,9472483,767328382.4100,1,0,1.0
2018-12-13,sz.300750,81.9200,82.2700,80.5800,82.1100,81.5000,7244428,591252237.2800,1,0,1.0
2018-12-14,sz.300750,81.9300,82.4800,79.3100,79.3400,82.1100,7090513,573225336.2600,1,0,1.0
2018-12-17,sz.300750,78.8000,80.4900,77.0000,80.1600,79.3400,6864481,540779216.2800,1,0,1.0
2018-12-18,sz.300750,79.0000,80.5900,78.6800,79.5500,80.1600,4885589,388830542.6300,1,0,1.0
2018-12-19,sz.300750,79.1600,81.7000,78.3400,79.5000,79.5500,7092653,567762540.4700,1,0,1.0
2018-12-20,sz.300750,79.3800,79.3900,76.2300,77.3400,79.5000,9773738,757316340.9300,1,0,1.0
2018-12-21,sz.300750,77.5400,78.5000,75.6000,78.5000,77.3400,8873743,681882662.4900,1,0,1.0
2018-12-24,sz.300750,77.6800,79.2400,77.0100,78.0300,78.5000,5938803,463915421.2400,1,0,1.0
2018-12-25,sz.300750,77.0400,77.7400,75.6500,77.2000,78.0300,6588306,504970961.6500,1,0,1.0
2018-12-26,sz.300750,77.2000,77.9000,75.5300,75.9000,77.2000,4925282,376715930.8500,1,0,1.0
2018-12-27,sz.300750,77.2000,77.4800,75.7800,75.7800,75.9000,4881471,373262649.2600,1,0,1.0
2018-12-28,sz.300750,75.6900,76.6200,73.8000,73.8000,75.7800,5629239,424092160.7600,1,0,1.0
2019-01-02,sz.300750,74.2500,74.9700,73.5300,73.6600,73.8000,4394096,326259378.5600,1,0,1.0
2019-01-03,sz.300750,72.5100,74.5400,72.5100,73.8300,73.6600,4494903,332238737.6300,1,0,1.0
2019-01-04,sz.300750,73.3300,77.2400,73.2300,76.9600,73.8300,7905331,602100011.4800,1,0,1.0
2019-01-07,sz.300750,76.9400,77.6500,76.3000,77.4200,76.9600,5969559,460577318.2200,1,0,1.0
2019-01-08,sz.300750,77.2200,79.4500,77.2000,79.3300,77.4200,8574990,674107579.2200,1,0,1.0
2019-01-09,sz.300750,77.0000,78.2100,75.1800,77.9800,79.3300,12379879,952624089.7400,1,0,1.0
2019-01-10,sz.300750,77.6400,77.8500,76.0200,76.2800,77.9800,8394273,644858368.7300,1,0,1.0
2019-01-11,sz.300750,76.6000,76.7500,74.8000,75.2900,76.2800,6136703,463701250.7300,1,0,1.0
2019-01-14,sz.300750,75.3000,76.3300,74.3000,76.0800,75.2900,4848795,366505969.9100,1,0,1.0
2019-01-15,sz.300750,76.0000,77.4800,74.8500,77.3700,76.0800,5873635,448317233.9200,1,0,1.0
2019-01-16,sz.300750,76.9000,77.2000,76.4100,76.6700,77.3700,2573862,197749843.2600,1,0,1.0
2019-01-17,sz.300750,76.9500,77.6900,76.4100,76.6600,76.6700,3718809,286721586.8800,1,0,1.0
2019-01-18,sz.300750,77.1600,77.1600,74.0000,75.4000,76.6600,6503927,488797282.6300,1,0,1.0
2019-01-21,sz.300750,75.0300,75.6300,74.2600,75.2400,75.4000,5241159,392168954.0300,1,0,1.0
2019-01-22,sz.300750,75.0000,75.6700,74.0300,74.2700,75.2400,4258858,318440028.1200,1,0,1.0
2019-01-23,sz.300750,74.2600,75.6600,74.0100,75.4400,74.2700,4884798,367089066.6200,1,0,1.0
2019-01-24,sz.300750,75.0000,75.8600,74.7000,75.1700,75.4400,3798418,286305027.7000,1,0,1.0
2019-01-25,sz.300750,75.6400,78.7900,75.1700,77.4400,75.1700,9118956,707431983.5200,1,0,1.0
2019-01-28,sz.300750,78.1000,78.2600,76.0200,76.0700,77.4400,4628893,355879562.1500,1,0,1.0
2019-01-29,sz.300750,76.2600,77.3900,74.1000,76.6800,76.0700,5236313,395374218.9500,1,0,1.0
2019-01-30,sz.300750,74.3300,77.3600,73.6100,76.2000,76.6800,7707782,583430175.0400,1,0,1.0
2019-01-31,sz.300750,76.2700,77.7700,76.0500,76.1200,76.2000,4412755,339614007.9600,1,0,1.0
2019-02-01,sz.300750,76.6700,79.1700,76.2000,78.4000,76.1200,6214411,483480057.2700,1,0,1.0
2019-02-11,sz.300750,78.9900,81.3800,78.9800,81.0000,78.4000,8343327,670709803.9800,1,0,1.0
2019-02-12,sz.300750,80.5000,81.6000,80.0300,81.0000,81.0000,4989121,402647822.9000,1,0,1.0
2019-02-13,sz.300750,80.8000,83.5700,80.3700,81.7000,81.0000,7877177,647619276.4800,1,0,1.0
2019-02-14,sz.300750,81.5000,88.8800,81.3500,84.7200,81.7000,12723314,1084873164.6900,1,0,1.0
2019-02-15,sz.300750,84.4000,86.0000,82.4000,82.4200,84.7200,10515313,880799439.6700,1,0,1.0
2019-02-18,sz.300750,83.1500,84.8800,82.5600,84.4600,82.4200,8778720,735318290.1600,1,0,1.0
2019-02-19,sz.300750,84.6600,84.7800,81.8000,82.2900,84.4600,9425786,782086064.5200,1,0,1.0
2019-02-20,sz.300750,82.8000,84.5000,82.1000,83.1700,82.2900,6067442,506750853.8000,1,0,1.0
2019-02-21,sz.300750,82.7000,84.8700,82.3000,83.3300,83.1700,8228772,690870555.8200,1,0,1.0
2019-02-22,sz.300750,83.0000,85.3000,82.1100,84.3700,83.3300,8960036,752183500.5400,1,0,1.0
2019-02-25,sz.300750,85.7700,91.6600,85.7700,91.3200,84.3700,15411302,1380347010.0600,1,0,1.0
2019-02-26,sz.300750,90.0000,90.8000,87.6800,88.5000,91.3200,11324211,1009210794.5800,1,0,1.0
2019-02-27,sz.300750,87.7000,89.3900,85.3000,86.0500,88.5000,9103790,795251089.9900,1,0,1.0
2019-02-28,sz.300750,86.0100,89.1800,86.0100,87.7000,86.0500,7239918,637896402.7900,1,0,1.0
2019-03-01,sz.300750,91.1000,92.8800,89.4000,90.0300,87.7000,9619284,873963510.0400,1,0,1.0
2019-03-04,sz.300750,91.5000,95.1600,90.7300,92.3900,90.0300,14036947,1306102150.1000,1,0,1.0
2019-03-05,sz.300750,92.3800,92.9800,91.2000,92.6000,92.3900,8615692,793012158.9900,1,0,1.0
2019-03-06,sz.300750,93.1200,93.8000,89.3800,91.2000,92.6000,10432922,949501268.6500,1,0,1.0
2019-03-07,sz.300750,90.8500,90.8500,86.6800,87.8900,91.2000,13707148,1210805141.4700,1,0,1.0
2019-03-08,sz.300750,86.0000,88.3000,84.7200,84.9700,87.8900,11069663,951944818.3100,1,0,1.0
2019-03-11,sz.300750,84.7300,88.1800,84.5500,87.9200,84.9700,9354658,813096537.5000,1,0,1.0
2019-03-12,sz.300750,91.6000,93.8500,89.2100,91.0700,87.9200,14763435,1352038771.4800,1,0,1.0
2019-03-13,sz.300750,90.9900,90.9900,87.7100,88.0800,91.0700,7577721,674377765.3000,1,0,1.0
2019-03-14,sz.300750,87.9800,90.4800,87.3200,88.9500,88.0800,7982575,710913722.9900,1,0,1.0
2019-03-15,sz.300750,90.0100,91.4000,88.9700,89.8300,88.9500,7821543,707054564.9000,1,0,1.0
2019-03-18,sz.300750,89.8900,90.0000,87.9000,89.2800,89.8300,7275762,646068126.8700,1,0,1.0
2019-03-19,sz.300750,89.1500,91.8800,88.0000,88.6000,89.2800,6817028,611077097.9700,1,0,1.0
2019-03-20,sz.300750,88.5000,88.5000,85.8200,87.1700,88.6000,8814118,764749351.6300,1,0,1.0
2019-03-21,sz.300750,87.0000,88.4000,85.9500,87.1200,87.1700,8135960,707343505.6500,1,0,1.0
2019-03-22,sz.300750,87.1200,87.1200,85.2100,86.5800,87.1200,6018992,518360062.8800,1,0,1.0
2019-03-25,sz.300750,87.9700,90.5800,87.0200,89.0000,86.5800,12990646,1158349085.3700,1,0,1.0
2019-03-26,sz.300750,88.0200,88.4900,84.9000,85.3000,89.0000,9719783,836361947.6900,1,0,1.0
2019-03-27,sz.300750,85.5000,86.5400,82.3000,83.4100,85.3000,9492122,795590922.7700,1,0,1.0
2019-03-28,sz.300750,83.3400,84.3600,82.1000,83.2000,83.4100,5857193,487897668.4500,1,0,1.0
2019-03-29,sz.300750,83.4200,85.0000,82.6500,85.0000,83.2000,7124126,598855278.8200,1,0,1.0
2019-04-01,sz.300750,85.1600,86.9600,85.0000,86.3500,85.0000,9239090,794157526.9500,1,0,1.0
2019-04-02,sz.300750,86.3500,86.4300,84.3300,84.9800,86.3500,10241327,869961308.9300,1,0,1.0
2019-04-03,sz.300750,84.8000,85.2000,83.8800,84.4800,84.9800,7184038,605819178.3500,1,0,1.0
2019-04-04,sz.300750,84.6300,85.1600,84.0000,84.1700,84.4800,6679609,564517873.7800,1,0,1.0
2019-04-08,sz.300750,84.7100,84.9000,81.1000,82.2900,84.1700,11376979,941060713.6200,1,0,1.0
2019-04-09,sz.300750,84.7600,85.2500,82.9000,83.9100,82.2900,11942266,1003599920.6700,1,0,1.0
2019-04-10,sz.300750,83.8100,83.8100,81.7000,82.2400,83.9100,10840837,890277783.1100,1,0,1.0
2019-04-11,sz.300750,82.2500,82.6000,80.5800,80.7200,82.2400,8953765,728469344.8700,1,0,1.0
2019-04-12,sz.300750,80.9200,82.6100,80.9100,81.9800,80.7200,5935673,486028531.1200,1,0,1.0
2019-04-15,sz.300750,82.8000,83.0100,80.9500,80.9700,81.9800,5995060,491053132.1700,1,0,1.0
2019-04-16,sz.300750,80.5000,82.2700,80.3700,82.2700,80.9700,5718722,464852034.2100,1,0,1.0
2019-04-17,sz.300750,83.5000,86.2800,83.5000,86.1100,82.2700,20500478,1752514963.7200,1,0,1.0
2019-04-18,sz.300750,86.1200,86.3000,84.4200,84.6500,86.1100,7061781,601487607.4900,1,0,1.0
2019-04-19,sz.300750,84.5200,84.9900,82.9000,83.2000,84.6500,6296775,524874428.7500,1,0,1.0
2019-04-22,sz.300750,83.2100,83.6000,81.0300,81.2300,83.2000,6649229,543402295.0300,1,0,1.0
2019-04-23,sz.300750,80.5000,80.6500,75.0100,78.1700,81.2300,11525936,898901903.2100,1,0,1.0
2019-04-24,sz.300750,78.1800,79.8600,77.4000,79.7800,78.1700,5134374,404380493.9100,1,0,1.0
2019-04-25,sz.300750,78.5900,80.8600,78.1000,79.1000,79.7800,5297314,422497288.3900,1,0,1.0
2019-04-26,sz.300750,79.0000,80.3500,78.9800,79.3500,79.1000,3491801,278261724.6900,1,0,1.0
2019-04-29,sz.300750,80.9900,81.3700,79.1500,79.7800,79.3500,4788277,383749258.0500,1,0,1.0
2019-04-30,sz.300750,79.8000,80.5800,79.1500,79.7600,79.7800,3109077,248280438.3800,1,0,1.0
2019-05-06,sz.300750,76.8700,77.6600,75.0600,75.7000,79.7600,6543106,499354099.4400,1,0,1.0
2019-05-07,sz.300750,76.0000,77.4200,75.6200,75.8500,75.7000,3711940,283552904.9000,1,0,1.0
2019-05-08,sz.300750,74.9000,76.1700,73.7000,74.6100,75.8500,3499581,261613986.3700,1,0,1.0
2019-05-09,sz.300750,74.0000,75.0900,72.6300,72.7000,74.6100,4813423,353504942.6800,1,0,1.0
2019-05-10,sz.300750,73.4800,74.4900,70.7200,74.1000,72.7000,5407424,396995566.0800,1,0,1.0
2019-05-13,sz.300750,73.0500,73.2600,71.2600,71.5900,74.1000,4632721,334093982.6200,1,0,1.0
2019-05-14,sz.300750,71.9200,73.2000,71.9100,72.1600,71.5900,4332993,313815476.7000,1,0,1.0
2019-05-15,sz.300750,72.5000,75.1500,72.5000,74.9800,72.1600,6619534,491578062.8600,1,0,1.0
2019-05-16,sz.300750,74.8000,74.8400,73.9000,74.3300,74.9800,3737156,277622386.8400,1,0,1.0
2019-05-17,sz.300750,74.7100,74.7100,71.9200,72.2500,74.3300,3600307,263549587.8700,1,0,1.0
2019-05-20,sz.300750,71.3700,72.0800,67.8900,69.6900,72.2500,4523747,315226938.0300,1,0,1.0
2019-05-21,sz.300750,70.2200,71.1800,69.8800,70.1500,69.6900,3194938,225101966.3600,1,0,1.0
2019-05-22,sz.300750,70.7200,70.9200,69.2500,69.3700,70.1500,2782387,194769381.7400,1,0,1.0
2019-05-23,sz.300750,68.8000,69.2500,67.3000,67.4800,69.3700,4401686,298347370.1900,1,0,1.0
2019-05-24,sz.300750,67.8200,68.2000,66.9900,67.8500,67.4800,2931112,198625492.2400,1,0,1.0
2019-05-27,sz.300750,67.9900,69.6400,67.6800,69.2000,67.8500,4369021,300432177.9000,1,0,1.0
2019-05-28,sz.300750,69.2000,71.8800,68.8000,71.8800,69.2000,5318129,372556045.8000,1,0,1.0
2019-05-29,sz.300750,70.2100,71.2900,70.0500,70.5700,71.8800,3295113,232757105.2500,1,0,1.0
2019-05-30,sz.300750,70.4900,70.4900,68.9000,69.8100,70.5700,2872644,199994014.4100,1,0,1.0
2019-05-31,sz.300750,70.3000,70.4700,69.3600,69.4400,69.8100,2516679,175685319.6700,1,0,1.0
2019-06-03,sz.300750,68.6000,69.6700,68.0000,68.1600,69.4400,3252837,223503068.2800,1,0,1.0
2019-06-04,sz.300750,68.4000,68.4000,66.8000,66.8700,68.1600,3166678,213131577.3100,1,0,1.0
2019-06-05,sz.300750,67.3700,69.3500,67.3600,69.0700,66.8700,5009314,343503184.7900,1,0,1.0
2019-06-06,sz.300750,68.8100,68.8900,66.6600,66.9400,69.0700,3748486,252839103.4200,1,0,1.0
2019-06-10,sz.300750,67.8500,70.2700,66.9100,67.6000,66.9400,8845244,608130669.5300,1,0,1.0
2019-06-11,sz.300750,64.0200,68.9400,64.0000,68.1900,67.6000,24107111,1598113764.0500,1,0,1.0
2019-06-12,sz.300750,67.2700,69.5000,67.2700,68.6500,68.1900,15350806,1051599152.0200,1,0,1.0
2019-06-13,sz.300750,68.6000,72.2600,67.9000,71.0100,68.6500,21548752,1517836884.0300,1,0,1.0
2019-06-14,sz.300750,71.0700,74.1800,70.8000,72.1800,71.0100,20433297,1485468811.3200,1,0,1.0
2019-06-17,sz.300750,72.2500,73.8300,71.1000,71.9600,72.1800,12070489,876179720.0800,1,0,1.0
2019-06-18,sz.300750,71.9000,72.3800,70.4000,71.0500,71.9600,8180108,582895043.2100,1,0,1.0
2019-06-19,sz.300750,72.9800,73.2400,69.1200,69.6800,71.0500,14281497,1005547313.9900,1,0,1.0
2019-06-20,sz.300750,69.6800,70.2400,68.2500,69.0600,69.6800,12816110,888389359.0400,1,0,1.0
2019-06-21,sz.300750,71.0000,71.0000,68.8500,69.0900,69.0600,11818586,821987074.0400,1,0,1.0
2019-06-24,sz.300750,69.0900,69.1300,67.9100,68.8600,69.0900,6605850,452626112.4100,1,0,1.0
2019-06-25,sz.300750,68.8400,69.2000,67.8100,68.8300,68.8600,7638790,524726340.9500,1,0,1.0
2019-06-26,sz.300750,68.4400,70.5600,68.2900,69.9800,68.8300,9448365,659276524.3800,1,0,1.0
2019-06-27,sz.300750,69.8200,70.7100,69.4500,69.9300,69.9800,10948902,766946532.1900,1,0,1.0
2019-06-28,sz.300750,68.9000,69.4300,68.0000,68.8800,69.9300,5721215,393261787.7300,1,0,1.0
2019-07-01,sz.300750,70.0000,71.0000,69.3100,70.3200,68.8800,13077230,918840408.8300,1,0,1.0
2019-07-02,sz.300750,70.2800,72.3800,69.9600,71.0400,70.3200,16251996,1159161875.1300,1,0,1.0
2019-07-03,sz.300750,70.5100,73.0100,70.2800,71.8000,71.0400,22100168,1590621264.5100,1,0,1.0
2019-07-04,sz.300750,71.9900,72.2800,70.5500,71.0500,71.8000,8084414,575394325.3100,1,0,1.0
2019-07-05,sz.300750,71.1000,71.5000,70.0200,71.0800,71.0500,8893749,631207237.8700,1,0,1.0
2019-07-08,sz.300750,70.5300,70.5300,67.8900,68.8600,71.0800,8304330,572956111.6200,1,0,1.0
2019-07-09,sz.300750,68.8800,70.8900,68.5000,70.8600,68.8600,9602729,671619524.7800,1,0,1.0
2019-07-10,sz.300750,71.1000,73.4700,71.0000,72.2500,70.8600,15931512,1152969652.9100,1,0,1.0
2019-07-11,sz.300750,73.5000,73.5200,71.9000,72.4200,72.2500,7067279,513699469.2500,1,0,1.0
2019-07-12,sz.300750,72.7900,74.2300,72.5100,73.8800,72.4200,9417205,694124849.0500,1,0,1.0
2019-07-15,sz.300750,74.5100,74.5800,73.0000,73.6600,73.8800,11271492,831092957.0000,1,0,1.0
2019-07-16,sz.300750,73.4100,73.6600,71.3100,72.8200,73.6600,9607041,696256679.6600,1,0,1.0
2019-07-17,sz.300750,72.4500,73.8400,72.2800,72.9900,72.8200,4317237,315550235.7500,1,0,1.0
2019-07-18,sz.300750,72.4600,72.8000,71.3300,71.5000,72.9900,4517044,324530503.3900,1,0,1.0
2019-07-19,sz.300750,71.7100,72.9500,71.5700,72.5000,71.5000,5735854,415492043.7800,1,0,1.0
2019-07-22,sz.300750,72.5000,73.6000,71.5100,73.0800,72.3600,8765702,637958006.5500,1,0,1.001935
2019-07-23,sz.300750,73.4000,76.9500,72.6200,75.8700,73.0800,16470705,1243667020.0200,1,0,1.001935
2019-07-24,sz.300750,76.2000,76.9300,75.4000,75.6800,75.8700,11968548,911581946.3400,1,0,1.001935
2019-07-25,sz.300750,75.7000,76.7500,75.3000,75.8100,75.6800,11840107,900265031.0600,1,0,1.001935
2019-07-26,sz.300750,75.3600,77.7700,75.3600,76.6600,75.8100,11526351,887611744.4500,1,0,1.001935
2019-07-29,sz.300750,76.5200,77.4000,76.0100,76.6800,76.6600,7037596,539231508.1500,1,0,1.001935
2019-07-30,sz.300750,76.9000,78.4900,76.1400,77.7600,76.6800,9645886,748447373.9500,1,0,1.001935
2019-07-31,sz.300750,77.6000,77.6000,76.0000,76.0000,77.7600,6622124,507359962.5900,1,0,1.001935
2019-08-01,sz.300750,75.9000,76.9300,75.2800,75.8000,76.0000,6750326,512836765.9700,1,0,1.001935
2019-08-02,sz.300750,73.9900,75.6000,73.7500,75.2800,75.8000,7166010,537012579.3300,1,0,1.001935
2019-08-05,sz.300750,74.7000,75.2000,72.8800,73.0000,75.2800,8991667,664300302.4000,1,0,1.001935
2019-08-06,sz.300750,70.8000,72.6900,70.5100,72.1500,73.0000,8493825,606804434.0200,1,0,1.001935
2019-08-07,sz.300750,72.5000,74.5500,72.4400,73.3300,72.1500,8604899,634607223.5200,1,0,1.001935
2019-08-08,sz.300750,74.0000,74.1800,72.8000,73.0800,73.3300,3874396,283896694.0600,1,0,1.001935
2019-08-09,sz.300750,73.9700,73.9700,71.5100,71.9300,73.0800,4732689,342757055.4300,1,0,1.001935
2019-08-12,sz.300750,71.8100,73.4000,71.5300,73.3700,71.9300,4253610,309047521.3300,1,0,1.001935
2019-08-13,sz.300750,72.8200,74.2900,72.5800,73.4700,73.3700,5309490,390413486.0600,1,0,1.001935
2019-08-14,sz.300750,74.0000,75.0900,73.5000,73.5000,73.4700,6324864,469662043.6900,1,0,1.001935
2019-08-15,sz.300750,71.9500,74.2000,71.7100,74.1700,73.5000,4622234,338674803.9500,1,0,1.001935
2019-08-16,sz.300750,74.0000,74.2000,73.0300,73.2200,74.1700,6954025,510354144.2800,1,0,1.001935
2019-08-19,sz.300750,73.7000,76.2000,73.2200,76.2000,73.2200,10512285,788088318.8000,1,0,1.001935
2019-08-20,sz.300750,76.1800,76.3500,75.1600,75.4300,76.2000,6819064,516227096.8200,1,0,1.001935
2019-08-21,sz.300750,75.2200,76.9500,75.2200,75.8000,75.4300,6533092,497063366.5200,1,0,1.001935
2019-08-22,sz.300750,76.0000,76.0000,75.0000,75.6000,75.8000,4917499,371406219.6300,1,0,1.001935
2019-08-23,sz.300750,75.5900,75.5900,71.9200,73.9000,75.6000,16565181,1217057417.2100,1,0,1.001935
2019-08-26,sz.300750,72.8900,73.7300,72.5000,72.7700,73.9000,9127893,667071588.7300,1,0,1.001935
2019-08-27,sz.300750,73.3600,74.5300,73.1100,73.3000,72.7700,9605221,708485566.7400,1,0,1.001935
2019-08-28,sz.300750,74.1700,74.2700,72.3600,72.5200,73.3000,8640082,630707719.1000,1,0,1.001935
2019-08-29,sz.300750,72.5100,72.5300,71.0300,71.0800,72.5200,10076080,719068780.4200,1,0,1.001935
2019-08-30,sz.300750,71.4600,72.8800,70.5600,72.2700,71.0800,11896719,853502524.6000,1,0,1.001935
2019-09-02,sz.300750,72.1900,73.1400,71.8900,72.9600,72.2700,9806682,711942578.7900,1,0,1.001935
2019-09-03,sz.300750,72.7100,72.9000,70.8400,71.2000,72.9600,13019463,928815989.4500,1,0,1.001935
2019-09-04,sz.300750,70.8800,71.3800,69.9000,71.1800,71.2000,11710654,825074108.0000,1,0,1.001935
2019-09-05,sz.300750,71.2100,72.3900,71.2100,71.3000,71.1800,12301592,882671197.5700,1,0,1.001935
2019-09-06,sz.300750,71.4500,72.3000,71.4500,71.8600,71.3000,8292198,595782214.4900,1,0,1.001935
2019-09-09,sz.300750,72.5100,77.0000,72.0600,77.0000,71.8600,25802948,1929969738.3300,1,0,1.001935
2019-09-10,sz.300750,77.3300,77.7500,76.4500,77.2200,77.0000,18827878,1453966628.1900,1,0,1.001935
2019-09-11,sz.300750,77.9000,81.0800,77.3600,77.7700,77.2200,21230612,1677214721.5800,1,0,1.001935
2019-09-12,sz.300750,78.2000,79.7000,77.3000,78.0000,77.7700,15404790,1208379490.6000,1,0,1.001935
2019-09-16,sz.300750,78.9900,79.3000,76.3200,76.7000,78.0000,13527921,1049862814.9900,1,0,1.001935
2019-09-17,sz.300750,76.5800,76.5800,74.2100,74.5200,76.7000,14317599,1075220901.2100,1,0,1.001935
2019-09-18,sz.300750,75.0500,75.4600,74.4500,74.5900,74.5200,10085597,755559853.6900,1,0,1.001935
2019-09-19,sz.300750,74.5900,76.0000,74.5900,75.3800,74.5900,14132303,1065080393.0400,1,0,1.001935
2019-09-20,sz.300750,75.5200,76.1200,74.6000,74.8600,75.3800,12802741,962427238.2500,1,0,1.001935
2019-09-23,sz.300750,74.8700,74.8800,72.3000,72.9900,74.8600,12309884,899754060.2000,1,0,1.001935
2019-09-24,sz.300750,73.1400,73.9200,72.0600,72.7300,72.9900,12842670,936875749.3000,1,0,1.001935
2019-09-25,sz.300750,72.6000,73.7800,71.8500,72.9600,72.7300,13395325,975645561.1200,1,0,1.001935
2019-09-26,sz.300750,73.2000,73.3500,71.0200,71.4500,72.9600,13092362,941682667.8700,1,0,1.001935
2019-09-27,sz.300750,71.4500,71.8900,71.0600,71.4600,71.4500,7143729,510484481.9200,1,0,1.001935
2019-09-30,sz.300750,71.8000,72.0700,71.1600,71.5000,71.4600,6760707,484212294.2000,1,0,1.001935
2019-10-08,sz.300750,71.6100,71.9800,70.2000,70.2600,71.5000,8735710,618883409.7900,1,0,1.001935
2019-10-09,sz.300750,70.0100,70.0300,68.3800,69.1000,70.2600,13221857,911571269.0500,1,0,1.001935
2019-10-10,sz.300750,70.0700,71.6400,69.7600,70.9000,69.1000,12285154,869992051.3600,1,0,1.001935
2019-10-11,sz.300750,71.1700,72.1400,70.3300,71.4600,70.9000,9492562,677544365.1900,1,0,1.001935
2019-10-14,sz.300750,71.9000,72.0000,70.5000,70.8500,71.4600,12203588,867406114.9600,1,0,1.001935
2019-10-15,sz.300750,70.8500,72.1000,70.6600,70.9700,70.8500,8935077,636739159.8600,1,0,1.001935
2019-10-16,sz.300750,71.0100,71.3300,69.5000,69.6900,70.9700,8123690,568498326.4600,1,0,1.001935
2019-10-17,sz.300750,69.7000,69.9700,68.8900,69.3000,69.6900,7245504,501288116.1700,1,0,1.001935
2019-10-18,sz.300750,69.6000,70.3200,69.3600,70.0900,69.3000,7628238,533023008.1900,1,0,1.001935
2019-10-21,sz.300750,70.2800,70.2800,69.0000,69.6400,70.0900,5043168,350055632.0400,1,0,1.001935
2019-10-22,sz.300750,70.0000,70.9200,70.0000,70.7200,69.6400,6927358,489333687.0600,1,0,1.001935
2019-10-23,sz.300750,70.7000,71.1500,70.0500,70.7600,70.7200,6317648,447168647.5900,1,0,1.001935
2019-10-24,sz.300750,70.9300,71.9500,70.8800,71.6300,70.7600,9043248,646704355.7600,1,0,1.001935
2019-10-25,sz.300750,71.7000,71.7500,70.5600,71.0200,71.6300,5389714,382402723.4100,1,0,1.001935
2019-10-28,sz.300750,70.0500,70.8200,69.6800,70.8100,71.0200,9966286,700210842.8000,1,0,1.001935
2019-10-29,sz.300750,70.8900,70.8900,69.1300,69.2800,70.8100,9865652,687635379.6900,1,0,1.001935
2019-10-30,sz.300750,69.0000,69.7200,68.3800,69.5200,69.2800,7561367,520676672.8000,1,0,1.001935
2019-10-31,sz.300750,69.3800,69.8300,68.6800,68.7100,69.5200,5626806,387993148.1400,1,0,1.001935
2019-11-01,sz.300750,68.5200,69.4000,68.4200,69.3300,68.7100,5613492,387301784.2000,1,0,1.001935
2019-11-04,sz.300750,69.6000,69.9900,69.1000,69.9300,69.3300,8286601,577524887.1000,1,0,1.001935
2019-11-05,sz.300750,70.3100,74.3500,69.9300,73.4800,69.9300,23782533,1725001848.7300,1,0,1.001935
2019-11-06,sz.300750,76.2700,78.8800,75.3500,75.9000,73.4800,44148150,3404725404.4300,1,0,1.001935
2019-11-07,sz.300750,75.3000,76.9100,74.1300,75.3000,75.9000,21663334,1632551884.1800,1,0,1.001935
2019-11-08,sz.300750,75.9000,77.2000,75.0000,75.6200,75.3000,19035838,1451717069.1500,1,0,1.001935
2019-11-11,sz.300750,74.7800,75.4000,73.7000,73.7000,75.6200,9991343,743193688.7000,1,0,1.001935
2019-11-12,sz.300750,74.0000,75.3000,73.5500,74.4500,73.7000,9084273,676179118.8800,1,0,1.001935
2019-11-13,sz.300750,74.8000,74.8900,73.7900,73.9400,74.4500,6735241,500321731.5500,1,0,1.001935
2019-11-14,sz.300750,74.4000,74.8500,73.8100,74.1000,73.9400,6725875,500146771.6200,1,0,1.001935
2019-11-15,sz.300750,74.2900,74.2900,71.6000,72.6000,74.1000,10722051,777993873.4800,1,0,1.001935
2019-11-18,sz.300750,72.8800,73.1900,72.1500,72.8700,72.6000,4495507,327040087.2600,1,0,1.001935
2019-11-19,sz.300750,73.2800,76.9700,72.8800,76.9400,72.8700,18631350,1408822314.1100,1,0,1.001935
2019-11-20,sz.300750,76.8300,78.1000,76.2000,76.3000,76.9400,11246809,866890314.0900,1,0,1.001935
2019-11-21,sz.300750,76.7000,78.1000,76.3000,77.1500,76.3000,12442467,962849296.5300,1,0,1.001935
2019-11-22,sz.300750,82.0000,84.6000,79.4600,80.5000,77.1500,42347174,3469882994.6000,1,0,1.001935
2019-11-25,sz.300750,81.3500,83.6500,81.0000,83.5800,80.5000,28083768,2324168795.7600,1,0,1.001935
2019-11-26,sz.300750,82.9900,89.6000,81.9000,88.0000,83.5800,39148358,3366468758.8100,1,0,1.001935
2019-11-27,sz.300750,87.4500,88.8600,85.9700,87.2500,88.0000,19444274,1701295924.2400,1,0,1.001935
2019-11-28,sz.300750,86.7000,89.6000,86.1500,87.4100,87.2500,14522464,1272961361.9800,1,0,1.001935
2019-11-29,sz.300750,87.1200,88.9000,85.3800,87.4100,87.4100,12922196,1128335006.5200,1,0,1.001935
2019-12-02,sz.300750,88.2000,88.3200,85.8000,87.1000,87.4100,11901718,1037432152.4200,1,0,1.001935
2019-12-03,sz.300750,87.0000,87.2500,84.5900,86.4000,87.1000,15689440,1344177278.5800,1,0,1.001935
2019-12-04,sz.300750,86.3600,88.7600,85.1800,86.7000,86.4000,16878594,1471734012.4300,1,0,1.001935
2019-12-05,sz.300750,87.0200,93.4600,86.9600,92.0000,86.7000,26362986,2386541251.7000,1,0,1.001935
2019-12-06,sz.300750,91.7000,93.3900,91.1000,93.0000,92.0000,13437736,1241180809.8300,1,0,1.001935
2019-12-09,sz.300750,93.5000,93.5000,90.9000,92.8900,93.0000,14749903,1356068173.9900,1,0,1.001935
2019-12-10,sz.300750,92.0000,94.4400,91.3000,93.3500,92.8900,12694910,1180456000.4200,1,0,1.001935
2019-12-11,sz.300750,93.3500,94.1900,90.5000,91.4900,93.3500,13325522,1228395775.9900,1,0,1.001935
2019-12-12,sz.300750,91.4600,92.9000,89.2200,89.7000,91.4900,14878693,1348243702.9500,1,0,1.001935
2019-12-13,sz.300750,91.5300,93.4000,90.3200,93.0000,89.7000,18289816,1685672880.7700,1,0,1.001935
2019-12-16,sz.300750,92.5400,92.8700,91.2800,92.3000,93.0000,18217880,1677225430.6000,1,0,1.001935
2019-12-17,sz.300750,94.8000,97.1900,94.4400,95.3900,92.3000,27739358,2651624403.9400,1,0,1.001935
2019-12-18,sz.300750,94.4600,94.5000,92.1700,93.1900,95.3900,18640537,1738803703.2000,1,0,1.001935
2019-12-19,sz.300750,93.5000,93.5800,91.5200,93.2500,93.1900,10843349,1003631198.1800,1,0,1.001935
2019-12-20,sz.300750,93.2400,94.8800,92.7100,92.7800,93.2500,10357947,968703786.3400,1,0,1.001935
2019-12-23,sz.300750,92.0000,95.3900,91.5600,92.9000,92.7800,14142900,1327211448.9600,1,0,1.001935
2019-12-24,sz.300750,93.2000,100.0900,93.2000,99.5000,92.9000,29704390,2899590776.3000,1,0,1.001935
2019-12-25,sz.300750,99.3500,105.4800,98.1500,105.3000,99.5000,23307715,2363520362.4600,1,0,1.001935
2019-12-26,sz.300750,105.0000,106.9800,102.6800,105.1200,105.3000,14841677,1549926129.0000,1,0,1.001935
2019-12-27,sz.300750,105.1200,110.0000,103.1500,104.2000,105.1200,24054959,2568286547.9700,1,0,1.001935
2019-12-30,sz.300750,106.5700,110.5000,105.0000,110.0000,104.2000,23577964,2546998962.1200,1,0,1.001935
2019-12-31,sz.300750,109.8600,110.3500,105.5400,106.4000,110.0000,21500700,2311684353.0100,1,0,1.001935
2020-01-02,sz.300750,107.2100,108.8500,105.7000,107.5200,106.4000,20611589,2213454650.9500,1,0,1.001935
2020-01-03,sz.300750,107.5200,110.1900,105.9700,109.5500,107.5200,18084178,1956828808.7400,1,0,1.001935
2020-01-06,sz.300750,111.3000,114.5000,107.8000,109.0900,109.5500,26500200,2958351779.8700,1,0,1.001935
2020-01-07,sz.300750,109.0100,109.6400,107.4100,108.5000,109.0900,13507544,1461154189.4700,1,0,1.001935
2020-01-08,sz.300750,109.0100,111.5000,107.1000,109.6000,108.5000,19224068,2098374347.2900,1,0,1.001935
2020-01-09,sz.300750,112.0000,115.5000,110.0100,115.0000,109.6000,20164351,2287090666.4400,1,0,1.001935
2020-01-10,sz.300750,114.2000,114.2000,111.6800,113.3100,115.0000,14428007,1628569248.4500,1,0,1.001935
2020-01-13,sz.300750,116.0000,118.4800,114.2000,116.9000,113.3100,21597445,2516539925.0900,1,0,1.001935
2020-01-14,sz.300750,119.5100,120.7500,115.1800,115.7000,116.9000,21768473,2585867747.0900,1,0,1.001935
2020-01-15,sz.300750,115.7000,117.5800,112.2100,115.3000,115.7000,17758720,2031327383.2000,1,0,1.001935
2020-01-16,sz.300750,116.0000,116.5000,113.8500,116.4000,115.3000,12934158,1492301746.7600,1,0,1.001935
2020-01-17,sz.300750,116.3600,117.5600,114.0000,115.0800,116.4000,14662407,1694771901.3000,1,0,1.001935
2020-01-20,sz.300750,114.9900,125.0800,112.9000,123.2000,115.0800,24892200,2992287056.7900,1,0,1.001935
2020-01-21,sz.300750,122.5100,123.0000,120.4600,121.6500,123.2000,14267108,1734790906.5200,1,0,1.001935
2020-01-22,sz.300750,121.6500,133.8200,119.3800,133.8200,121.6500,34991561,4493837402.1600,1,0,1.001935
2020-01-23,sz.300750,132.5000,137.0000,125.1000,130.5700,133.8200,35986224,4755930193.2900,1,0,1.001935
2020-02-03,sz.300750,126.5600,143.4800,126.5000,135.3600,130.5700,52634602,7148822247.2700,1,0,1.001935
2020-02-04,sz.300750,145.7700,148.9000,140.0100,148.9000,135.3600,35913583,5283954889.5600,1,0,1.001935
2020-02-05,sz.300750,158.1700,163.7900,156.3000,163.7900,148.9000,53082382,8588999756.7300,1,0,1.001935
2020-02-06,sz.300750,155.0100,169.8900,152.9900,169.8900,163.7900,57918993,9265610935.7100,1,0,1.001935
2020-02-07,sz.300750,166.0000,169.3300,158.9500,160.2000,169.8900,45499480,7426674364.7400,1,0,1.001935
2020-02-10,sz.300750,161.0000,168.5800,160.0000,165.2600,160.2000,37540921,6161572536.5400,1,0,1.001935
2020-02-11,sz.300750,167.2000,168.0000,157.6000,158.4000,165.2600,33994559,5451183356.8500,1,0,1.001935
2020-02-12,sz.300750,153.5500,161.8400,152.0300,159.6500,158.4000,32586206,5174595055.6500,1,0,1.001935
2020-02-13,sz.300750,155.9900,159.3800,153.6900,156.3400,159.6500,31360960,4914616428.0000,1,0,1.001935
2020-02-14,sz.300750,158.9000,159.9000,148.8600,149.9000,156.3400,43961853,6739413554.7600,1,0,1.001935
2020-02-17,sz.300750,149.0000,156.1600,148.8800,154.1000,149.9000,34447133,5309578996.4400,1,0,1.001935
2020-02-18,sz.300750,154.1000,159.0000,152.8500,156.6200,154.1000,28230513,4400767113.9100,1,0,1.001935
2020-02-19,sz.300750,165.0000,165.1000,152.8900,153.2000,156.6200,41816783,6598898913.7800,1,0,1.001935
2020-02-20,sz.300750,156.5000,165.0000,153.0000,160.0000,153.2000,51844020,8254242623.0400,1,0,1.001935
2020-02-21,sz.300750,157.8000,162.5000,155.2200,159.9000,160.0000,33805137,5376640660.2400,1,0,1.001935
2020-02-24,sz.300750,157.0000,159.8500,152.4800,154.4100,159.9000,36523081,5670550935.3900,1,0,1.001935
2020-02-25,sz.300750,149.7400,165.5000,148.8400,161.8500,154.4100,51602630,8116792624.5500,1,0,1.001935
2020-02-26,sz.300750,158.7000,160.8500,150.7000,152.8600,161.8500,33827986,5273485008.9700,1,0,1.001935
2020-02-27,sz.300750,155.1000,156.6600,148.8000,149.4800,152.8600,33200245,5062343300.3300,1,0,1.001935
2020-02-28,sz.300750,139.9900,145.0000,135.5100,135.6700,149.4800,50844719,7090643685.9900,1,0,1.001935
2020-03-02,sz.300750,138.8000,141.9500,134.9500,139.9900,135.6700,31815002,4426474527.3100,1,0,1.001935
2020-03-03,sz.300750,146.0000,149.6900,143.9000,145.7800,139.9900,29691061,4366384638.6300,1,0,1.001935
2020-03-04,sz.300750,143.9900,145.8800,139.7800,143.7000,145.7800,20594614,2945905656.0900,1,0,1.001935
2020-03-05,sz.300750,146.5400,147.8300,142.0000,145.2200,143.7000,22463328,3254884224.3200,1,0,1.001935
2020-03-06,sz.300750,142.0100,147.3000,141.5000,143.5200,145.2200,15980869,2309879439.4500,1,0,1.001935
2020-03-09,sz.300750,138.9900,140.9000,133.0000,133.4500,143.5200,29425285,4022533011.7600,1,0,1.001935
2020-03-10,sz.300750,133.6100,141.6900,133.0100,140.5300,133.4500,29274470,4026499803.8300,1,0,1.001935
2020-03-11,sz.300750,143.0000,148.5800,138.8000,140.7800,140.5300,33923207,4857506589.4700,1,0,1.001935
2020-03-12,sz.300750,136.2000,136.7700,131.3200,134.2000,140.7800,33385759,4454589854.6000,1,0,1.001935
2020-03-13,sz.300750,126.1000,133.8000,126.0100,132.1000,134.2000,27455284,3557983786.6000,1,0,1.001935
2020-03-16,sz.300750,128.0000,128.8800,118.8900,119.0600,132.1000,49048485,5992811655.6800,1,0,1.001935
2020-03-17,sz.300750,121.0000,122.9300,111.2500,117.9500,119.0600,39220328,4571660103.9400,1,0,1.001935
2020-03-18,sz.300750,118.9000,123.5000,116.0000,117.3500,117.9500,31338376,3757216350.3200,1,0,1.001935
2020-03-19,sz.300750,119.0000,119.5000,111.6900,115.0400,117.3500,33156307,3803916536.7100,1,0,1.001935
2020-03-20,sz.300750,118.0000,119.7000,113.2200,115.8600,115.0400,22514220,2615607081.5300,1,0,1.001935
2020-03-23,sz.300750,110.8000,111.5700,105.0100,107.4800,115.8600,30761809,3324031004.2800,1,0,1.001935
2020-03-24,sz.300750,110.6000,112.8800,107.0000,111.5700,107.4800,29116996,3222263478.7700,1,0,1.001935
2020-03-25,sz.300750,116.2000,122.1800,116.0000,121.0000,111.5700,38592846,4603104636.2700,1,0,1.001935
2020-03-26,sz.300750,119.0100,122.3500,118.3000,119.6300,121.0000,19437090,2344662560.1400,1,0,1.001935
2020-03-27,sz.300750,122.2100,123.3300,117.3600,118.7100,119.6300,17499077,2101160340.2500,1,0,1.001935
2020-03-30,sz.300750,116.0000,120.6400,110.7000,119.3100,118.7100,26165539,3010412506.6300,1,0,1.001935
2020-03-31,sz.300750,120.2700,123.1300,117.8600,120.3900,119.3100,19485192,2350421157.9400,1,0,1.001935
2020-04-01,sz.300750,123.1000,125.5600,119.0800,120.4000,120.3900,29895088,3664714147.4600,1,0,1.001935
2020-04-02,sz.300750,117.5000,123.6000,116.7100,123.6000,120.4000,20958836,2523168230.1600,1,0,1.001935
2020-04-03,sz.300750,124.6500,125.0000,119.8000,121.0000,123.6000,18220415,2225897354.0200,1,0,1.001935
2020-04-07,sz.300750,123.6000,126.0900,123.0200,124.7000,121.0000,18372889,2284706364.5900,1,0,1.001935
2020-04-08,sz.300750,123.9000,125.4900,122.6000,123.0000,124.7000,11946973,1479285370.1800,1,0,1.001935
2020-04-09,sz.300750,123.9800,124.4800,119.8100,120.2100,123.0000,16052778,1944405072.9300,1,0,1.001935
2020-04-10,sz.300750,121.1500,123.0700,117.9300,118.4600,120.2100,14569554,1748457124.1100,1,0,1.001935
2020-04-13,sz.300750,114.9000,116.9900,113.0800,114.6900,118.4600,12458136,1432291941.7000,1,0,1.001935
2020-04-14,sz.300750,118.0000,126.1600,117.5000,126.1600,114.6900,38893873,4803638073.8300,1,0,1.001935
2020-04-15,sz.300750,129.8000,131.8900,127.2300,128.0000,126.1600,32564492,4226641423.3300,1,0,1.001935
2020-04-16,sz.300750,128.2700,133.7100,126.8200,132.9500,128.0000,21638110,2835377036.9800,1,0,1.001935
2020-04-17,sz.300750,136.0800,140.5800,135.1000,136.9500,132.9500,29252182,4024198915.3600,1,0,1.001935
2020-04-20,sz.300750,136.4000,136.7500,131.8800,134.5100,136.9500,18700233,2507578389.9100,1,0,1.001935
2020-04-21,sz.300750,131.9900,132.8600,127.0000,130.5200,134.5100,19391746,2519303194.6900,1,0,1.001935
2020-04-22,sz.300750,127.3300,132.3000,127.3000,130.8500,130.5200,14686885,1904011483.1100,1,0,1.001935
2020-04-23,sz.300750,132.9000,132.9000,128.6000,129.9000,130.8500,12537857,1635621701.8900,1,0,1.001935
2020-04-24,sz.300750,130.0000,136.0000,130.0000,131.6900,129.9000,16991648,2263542699.2100,1,0,1.001935
2020-04-27,sz.300750,133.0200,136.0000,132.0800,133.9100,131.6900,14365453,1933994988.8000,1,0,1.001935
2020-04-28,sz.300750,137.0000,140.1000,131.6200,138.3000,133.9100,22691656,3115997363.1300,1,0,1.001935
2020-04-29,sz.300750,136.1300,140.1900,136.0100,138.7200,138.3000,11954408,1659513004.4200,1,0,1.001935
2020-04-30,sz.300750,144.0000,148.5100,144.0000,144.3800,138.7200,23338521,3409837973.1300,1,0,1.001935
2020-05-06,sz.300750,139.0000,146.8000,138.7500,145.7900,144.3800,19146391,2769607852.4900,1,0,1.001935
2020-05-07,sz.300750,146.3000,147.2000,141.0000,143.2000,145.7900,16078680,2302059541.3300,1,0,1.001935
2020-05-08,sz.300750,143.0000,145.2200,140.8900,144.0800,143.2000,14133880,2024998124.8400,1,0,1.001935
2020-05-11,sz.300750,144.2000,145.9800,135.0600,137.6200,144.0800,28536431,3959234289.1500,1,0,1.001935
2020-05-12,sz.300750,139.0600,139.8800,135.7300,139.0000,137.6200,16027660,2208624438.5100,1,0,1.001935
2020-05-13,sz.300750,137.3300,139.6500,136.8800,138.2600,139.0000,12154242,1678255895.3600,1,0,1.001935
2020-05-14,sz.300750,137.8500,138.2500,135.5000,135.6000,138.2600,11433488,1560698259.4900,1,0,1.001935
2020-05-15,sz.300750,139.9400,147.6900,138.9600,145.4800,135.6000,32212118,4605864489.3800,1,0,1.001935
2020-05-18,sz.300750,145.0000,145.0000,139.6900,141.8100,145.4800,16088936,2287442333.5600,1,0,1.001935
2020-05-19,sz.300750,143.2000,145.8000,142.5200,143.2600,141.8100,10425183,1499320586.0400,1,0,1.001935
2020-05-20,sz.300750,150.0000,155.4000,149.0100,149.3000,143.2600,32969279,5027432242.2700,1,0,1.001935
2020-05-21,sz.300750,151.8100,153.5500,146.5800,147.4600,149.3000,15487607,2328717775.5000,1,0,1.001935
2020-05-22,sz.300750,146.6200,146.8600,141.0000,142.8100,147.4600,14817295,2127136883.1100,1,0,1.001935
2020-05-25,sz.300750,142.6800,144.4100,140.5500,144.3000,142.8100,10378205,1482241104.4300,1,0,1.001935
2020-05-26,sz.300750,145.7700,150.4100,145.2000,150.0300,144.3000,17486531,2596292602.2800,1,0,1.001935
2020-05-27,sz.300750,149.9600,155.0000,149.9000,151.5000,150.0300,18104917,2763780108.4700,1,0,1.001935
2020-05-28,sz.300750,149.9900,150.9000,143.5000,147.8400,151.5000,17424709,2553996974.3500,1,0,1.001935
2020-05-29,sz.300750,147.0000,147.8300,144.5000,145.5300,147.8400,14142791,2060033605.2400,1,0,1.001935
2020-06-01,sz.300750,147.4700,153.0300,146.3600,150.9500,145.5300,15176562,2284037537.3700,1,0,1.001935
2020-06-02,sz.300750,154.0000,154.8900,146.9800,149.4600,150.9500,13703028,2055312032.7900,1,0,1.001935
2020-06-03,sz.300750,150.0000,151.1200,147.8100,148.5000,149.4600,11363532,1693882301.3300,1,0,1.001935
2020-06-04,sz.300750,149.8000,154.1300,148.6000,150.0000,148.2800,13757396,2082248431.5700,1,0,1.003421
2020-06-05,sz.300750,149.5500,151.3500,147.2600,151.2000,150.0000,9862700,1475831340.8700,1,0,1.003421
2020-06-08,sz.300750,153.7400,154.5500,150.4600,151.4000,151.2000,10560379,1605995418.5900,1,0,1.003421
2020-06-09,sz.300750,154.5000,155.9700,153.1000,153.9600,151.4000,15069925,2325730459.8600,1,0,1.003421
2020-06-10,sz.300750,159.9000,159.9000,153.5000,156.6800,153.9600,19821016,3097487314.6000,1,0,1.003421
2020-06-11,sz.300750,160.0000,170.0800,158.1300,163.9800,156.6800,36817709,6056179350.3900,1,0,1.003421
2020-06-12,sz.300750,160.1800,162.5000,158.8800,159.3000,163.9800,25244551,4038133987.3900,1,0,1.003421
2020-06-15,sz.300750,156.2300,161.2600,155.5100,157.7000,159.3000,15945246,2526289032.8200,1,0,1.003421
2020-06-16,sz.300750,161.0000,163.2800,158.0100,160.0000,157.7000,13129741,2107390563.2200,1,0,1.003421
2020-06-17,sz.300750,159.0400,160.5000,156.0100,157.8000,160.0000,12529134,1973464261.5800,1,0,1.003421
2020-06-18,sz.300750,157.8000,159.5700,156.0000,158.9500,157.8000,9656214,1526258395.5400,1,0,1.003421
2020-06-19,sz.300750,159.9800,168.8000,159.1500,165.9000,158.9500,25019327,4137793351.6700,1,0,1.003421
2020-06-22,sz.300750,165.7500,171.3000,164.5000,165.0000,165.9000,19041226,3191062036.8700,1,0,1.003421
2020-06-23,sz.300750,166.0000,169.1300,163.5200,168.8900,165.0000,15947506,2662217150.9800,1,0,1.003421
2020-06-24,sz.300750,170.5200,173.5800,169.3000,171.5000,168.8900,14660407,2515400581.4200,1,0,1.003421
2020-06-29,sz.300750,170.5000,172.5000,169.0100,171.0400,171.5000,11604049,1980641413.0400,1,0,1.003421
2020-06-30,sz.300750,173.0000,179.4700,173.0000,174.3600,171.0400,16251433,2849476587.9900,1,0,1.003421
2020-07-01,sz.300750,178.5000,181.9000,167.8800,169.4000,174.3600,28657478,4991087872.7600,1,0,1.003421
2020-07-02,sz.300750,172.0000,172.1800,164.5100,167.2000,169.4000,27047963,4535545521.6200,1,0,1.003421
2020-07-03,sz.300750,170.0000,170.7400,167.0300,167.6000,167.2000,24026447,4054240060.7600,1,0,1.003421
2020-07-06,sz.300750,168.2000,180.0000,167.5900,177.8000,167.6000,30715268,5324573165.3400,1,0,1.003421
2020-07-07,sz.300750,188.0000,195.5800,187.5000,195.5800,177.8000,25360423,4915716571.7300,1,0,1.003421
2020-07-08,sz.300750,197.9900,198.8200,189.9800,197.5700,195.5800,28889036,5645451323.9300,1,0,1.003421
2020-07-09,sz.300750,197.0000,206.7700,196.0000,205.0200,197.5700,27903552,5622121400.9700,1,0,1.003421
2020-07-10,sz.300750,202.9800,207.1600,200.6000,203.9000,205.0200,16829333,3436550911.7000,1,0,1.003421
2020-07-13,sz.300750,211.6000,224.2900,211.6000,224.1100,203.9000,30326879,6609862260.4200,1,0,1.003421
2020-07-14,sz.300750,214.0000,220.7000,208.8600,215.9500,224.1100,33329626,7129824248.0000,1,0,1.003421
2020-07-15,sz.300750,219.0000,220.5700,202.1100,207.0300,215.9500,27435061,5785551114.4000,1,0,1.003421
2020-07-16,sz.300750,208.0000,212.8800,196.4000,196.7700,207.0300,27254968,5596500616.3500,1,0,1.003421
2020-07-17,sz.300750,197.0100,201.1800,188.0800,195.7000,196.7700,30378591,5903627257.0500,1,0,1.003421
2020-07-20,sz.300750,204.0900,211.1100,199.0900,205.3000,195.7000,28999908,5919664189.9600,1,0,1.003421
2020-07-21,sz.300750,209.9900,209.9900,203.0000,207.0000,205.3000,18656592,3855792321.1000,1,0,1.003421
2020-07-22,sz.300750,205.0000,211.1900,203.0300,207.8900,207.0000,19165779,3992449598.5900,1,0,1.003421
2020-07-23,sz.300750,207.0000,215.5100,206.0000,213.5000,207.8900,25589954,5395410864.9500,1,0,1.003421
2020-07-24,sz.300750,209.0000,209.9000,195.8500,198.6800,213.5000,34398314,6943402672.1800,1,0,1.003421
2020-07-27,sz.300750,198.0000,200.9800,189.9900,191.3000,198.6800,25155581,4870628815.6000,1,0,1.003421
2020-07-28,sz.300750,196.0500,200.5000,195.5100,197.5200,191.3000,20148990,3988264848.1400,1,0,1.003421
2020-07-29,sz.300750,197.5200,205.0000,195.2700,204.1800,197.5200,18998583,3844683433.8500,1,0,1.003421
2020-07-30,sz.300750,205.0000,206.9800,202.4000,205.3500,204.1800,14353072,2944644012.9000,1,0,1.003421
2020-07-31,sz.300750,206.0000,215.3000,205.5000,212.1700,205.3500,20704980,4378422256.0400,1,0,1.003421
2020-08-03,sz.300750,213.8800,215.8000,210.0500,215.6000,212.1700,15106133,3216865097.6400,1,0,1.003421
2020-08-04,sz.300750,214.3000,222.9800,210.3200,210.6900,215.6000,19958062,4309494880.3600,1,0,1.003421
2020-08-05,sz.300750,210.7400,212.8000,206.5500,210.3500,210.6900,12730060,2664523682.8500,1,0,1.003421
2020-08-06,sz.300750,216.8800,217.8800,208.0000,211.5000,210.3500,14565688,3082282259.6000,1,0,1.003421
2020-08-07,sz.300750,209.0000,214.3000,202.1100,204.2900,211.5000,18055246,3733669851.5100,1,0,1.003421
2020-08-10,sz.300750,204.2000,205.3000,198.0800,200.6800,204.2900,13078744,2629646475.4100,1,0,1.003421
2020-08-11,sz.300750,200.7500,204.6000,198.1300,198.4200,200.6800,12233213,2468198212.5900,1,0,1.003421
2020-08-12,sz.300750,199.9000,200.2600,188.2000,195.7300,198.4200,25272741,4855191798.7600,1,0,1.003421
2020-08-13,sz.300750,200.8000,201.9800,194.4700,195.9900,195.7300,13061210,2581164116.9100,1,0,1.003421
2020-08-14,sz.300750,197.7000,200.4500,195.9900,200.3700,195.9900,11970002,2373752130.6900,1,0,1.003421
2020-08-17,sz.300750,200.0000,200.3700,194.2000,196.6200,200.3700,19707410,3866925434.6400,1,0,1.003421
2020-08-18,sz.300750,199.6000,205.0000,195.8800,199.2800,196.6200,22122398,4415130040.5500,1,0,1.003421
2020-08-19,sz.300750,197.8000,197.8000,190.0000,190.1900,199.2800,18714680,3610137183.1700,1,0,1.003421
2020-08-20,sz.300750,187.0000,191.0000,185.0000,188.4200,190.1900,13020138,2444311254.4900,1,0,1.003421
2020-08-21,sz.300750,191.3600,193.9400,190.0000,192.2300,188.4200,14655272,2815939720.4000,1,0,1.003421
2020-08-24,sz.300750,194.2000,208.0000,192.2400,202.0100,192.2300,25806984,5156579057.6300,1,0,1.003421
2020-08-25,sz.300750,202.0100,206.0000,198.9600,199.9200,202.0100,14549072,2935647680.1800,1,0,1.003421
2020-08-26,sz.300750,199.0100,199.9800,192.9400,194.4000,199.9200,15240258,2985718224.0800,1,0,1.003421
2020-08-27,sz.300750,202.5000,208.5000,199.0000,204.9500,194.4000,28397772,5799779573.0600,1,0,1.003421
2020-08-28,sz.300750,206.3200,209.5000,203.6800,208.3000,204.9500,16967122,3510925235.0700,1,0,1.003421
2020-08-31,sz.300750,209.6600,210.7600,205.0100,206.3500,208.3000,13514481,2797718777.3300,1,0,1.003421
2020-09-01,sz.300750,206.5000,215.0000,205.0100,214.2500,206.3500,19716189,4175644975.0000,1,0,1.003421
2020-09-02,sz.300750,213.3600,214.1300,208.0000,211.3100,214.2500,14608611,3084140607.8600,1,0,1.003421
2020-09-03,sz.300750,210.0000,211.0000,205.8900,209.9000,211.3100,12452889,2600401902.4800,1,0,1.003421
2020-09-04,sz.300750,202.2200,205.6600,200.5800,204.2600,209.9000,14773663,2993649066.2800,1,0,1.003421
2020-09-07,sz.300750,202.9000,204.8500,180.0000,186.4000,204.2600,44789699,8540774209.6800,1,0,1.003421
2020-09-08,sz.300750,185.0000,188.0000,179.5100,186.9000,186.4000,22073272,4063178479.3900,1,0,1.003421
2020-09-09,sz.300750,179.0000,187.5000,177.9900,184.3200,186.9000,18934368,3444737254.9000,1,0,1.003421
2020-09-10,sz.300750,185.0000,189.5000,184.5000,184.9600,184.3200,14826421,2775741169.2100,1,0,1.003421
2020-09-11,sz.300750,186.0000,189.3000,183.3500,187.3000,184.9600,11765001,2188559588.6500,1,0,1.003421
2020-09-14,sz.300750,190.5000,194.9800,190.0000,192.7800,187.3000,14289637,2755344741.2300,1,0,1.003421
2020-09-15,sz.300750,195.5000,197.0000,192.8200,194.7000,192.7800,11703665,2283119874.7800,1,0,1.003421
2020-09-16,sz.300750,196.7900,196.9000,190.5000,192.2600,194.7000,11837864,2289962853.4000,1,0,1.003421
2020-09-17,sz.300750,192.2400,201.9500,191.0000,198.4000,192.2600,18130771,3567477518.3200,1,0,1.003421
2020-09-18,sz.300750,198.9100,200.0000,195.2300,198.0300,198.4000,10548691,2089777817.1000,1,0,1.003421
2020-09-21,sz.300750,201.9000,208.0000,196.8600,197.9300,198.0300,16068319,3253235561.8200,1,0,1.003421
2020-09-22,sz.300750,200.0000,204.2000,197.9300,200.5000,197.9300,12339378,2486477010.9700,1,0,1.003421
2020-09-23,sz.300750,199.6000,199.8200,191.1000,197.0000,200.5000,15719429,3068479262.2400,1,0,1.003421
2020-09-24,sz.300750,193.6500,195.8000,190.1100,190.8200,197.0000,10668028,2053506543.5500,1,0,1.003421
2020-09-25,sz.300750,193.6000,194.7000,190.5900,191.5000,190.8200,6801208,1308079227.2800,1,0,1.003421
2020-09-28,sz.300750,193.4500,196.9500,191.8100,192.9100,191.5000,8233195,1600223953.9900,1,0,1.003421
2020-09-29,sz.300750,195.4900,206.2500,195.4300,204.9900,192.9100,20243551,4072131575.3100,1,0,1.003421
2020-09-30,sz.300750,205.3000,211.0100,203.8000,209.2000,204.9900,15990837,3336273480.5300,1,0,1.003421
2020-10-09,sz.300750,219.9900,228.8800,219.7700,224.8700,209.2000,23959241,5376329911.3200,1,0,1.003421
2020-10-12,sz.300750,228.0000,235.0000,227.3000,234.7800,224.8700,18938222,4398493906.5200,1,0,1.003421
2020-10-13,sz.300750,234.8800,238.5800,229.0000,235.6700,234.7800,10746666,2516817784.3200,1,0,1.003421
2020-10-14,sz.300750,237.0000,244.0000,234.8000,237.3000,235.6700,13770183,3291861335.6600,1,0,1.003421
2020-10-15,sz.300750,241.1100,244.1000,237.0000,238.6000,237.3000,9953526,2390083998.4200,1,0,1.003421
2020-10-16,sz.300750,239.5000,240.0000,224.3100,228.1000,238.6000,20304062,4680601973.5300,1,0,1.003421
2020-10-19,sz.300750,231.3300,236.1000,228.0000,229.4100,228.1000,13002499,3013473695.5100,1,0,1.003421
2020-10-20,sz.300750,230.6300,241.6000,228.9400,241.6000,229.4100,13596634,3215157955.2100,1,0,1.003421
2020-10-21,sz.300750,240.0600,240.6300,227.6800,232.3300,241.6000,16167925,3765707374.2300,1,0,1.003421
2020-10-22,sz.300750,230.2000,233.8000,227.0000,231.8800,232.3300,9055157,2083319770.7800,1,0,1.003421
2020-10-23,sz.300750,232.5100,238.7600,224.4500,225.0000,231.8800,11593811,2675565182.5000,1,0,1.003421
2020-10-26,sz.300750,225.9700,233.6300,219.3300,233.1500,225.0000,10802773,2483444489.1300,1,0,1.003421
2020-10-27,sz.300750,235.0000,238.7000,232.0000,237.2100,233.1500,9101539,2142729170.5900,1,0,1.003421
2020-10-28,sz.300750,227.6500,245.4700,226.6600,240.2600,237.2100,22415826,5333295829.7800,1,0,1.003421
2020-10-29,sz.300750,237.0200,244.0200,232.3200,240.0000,240.2600,17435230,4141992876.8300,1,0,1.003421
2020-10-30,sz.300750,241.0200,256.6000,238.3000,247.1700,240.0000,22958747,5697363353.3200,1,0,1.003421
2020-11-02,sz.300750,247.0000,265.5000,244.5100,260.1400,247.1700,18946131,4851443507.7800,1,0,1.003421
2020-11-03,sz.300750,260.0000,260.0000,247.1800,256.0200,260.1400,18456665,4678655503.4300,1,0,1.003421
2020-11-04,sz.300750,255.0000,260.0000,250.0000,255.5500,256.0200,11061672,2823450164.9200,1,0,1.003421
2020-11-05,sz.300750,261.0000,268.5000,260.9600,268.5000,255.5500,15795924,4183384889.7800,1,0,1.003421
2020-11-06,sz.300750,271.3800,275.2300,260.0000,263.5000,268.5000,15658385,4181642685.9600,1,0,1.003421
2020-11-09,sz.300750,268.0000,272.9000,261.1000,266.4300,263.5000,13228570,3519918484.6300,1,0,1.003421
2020-11-10,sz.300750,265.3200,271.8800,255.5500,265.9200,266.4300,14417544,3798315741.0000,1,0,1.003421
2020-11-11,sz.300750,264.1100,267.4800,250.8400,250.8400,265.9200,15758398,4067832842.2000,1,0,1.003421
2020-11-12,sz.300750,260.0000,260.0000,252.5800,254.2500,250.8400,9716864,2484194228.5100,1,0,1.003421
2020-11-13,sz.300750,258.1200,260.7700,253.0000,253.2100,254.2500,11377678,2916695926.7200,1,0,1.003421
2020-11-16,sz.300750,253.8900,257.7000,247.4300,254.9000,253.2100,12312065,3117461904.9100,1,0,1.003421
2020-11-17,sz.300750,257.3000,260.0000,246.5000,250.6800,254.9000,13674853,3446644846.0600,1,0,1.003421
2020-11-18,sz.300750,250.1200,252.0600,236.8200,240.5000,250.6800,19283321,4666571941.1800,1,0,1.003421
2020-11-19,sz.300750,241.0100,243.5500,237.1100,242.1000,240.5000,9758010,2347767353.9600,1,0,1.003421
2020-11-20,sz.300750,244.4900,253.6000,244.4800,252.0800,242.1000,12303462,3074188105.8100,1,0,1.003421
2020-11-23,sz.300750,252.0800,259.7000,250.1000,253.0000,252.0800,12091293,3074248590.1100,1,0,1.003421
2020-11-24,sz.300750,258.0000,259.1000,250.0100,254.7000,253.0000,9791966,2493964413.5700,1,0,1.003421
2020-11-25,sz.300750,256.6000,256.8800,244.4000,246.2200,254.7000,11709894,2919290534.9200,1,0,1.003421
2020-11-26,sz.300750,246.6000,246.6000,239.2000,245.3400,246.2200,8629485,2093179753.5400,1,0,1.003421
2020-11-27,sz.300750,245.4200,248.7700,238.0000,242.0000,245.3400,8433221,2042276835.5300,1,0,1.003421
2020-11-30,sz.300750,244.0000,244.0000,234.0200,242.8000,242.0000,12666236,3027343940.0400,1,0,1.003421
2020-12-01,sz.300750,238.8000,246.6500,238.0000,246.1700,242.8000,9491971,2313881357.9600,1,0,1.003421
2020-12-02,sz.300750,246.0000,246.0000,236.6000,243.6900,246.1700,11965310,2878299332.5800,1,0,1.003421
2020-12-03,sz.300750,243.6900,246.9700,238.3700,245.9900,243.6900,10688561,2599398532.0400,1,0,1.003421
2020-12-04,sz.300750,245.0600,251.3000,244.3500,249.7200,245.9900,9233784,2301628558.3100,1,0,1.003421
2020-12-07,sz.300750,250.9000,264.8300,250.9000,261.4600,249.7200,17112954,4455396830.0100,1,0,1.003421
2020-12-08,sz.300750,265.5000,269.8900,264.5000,266.0300,261.4600,11636158,3104188969.8700,1,0,1.003421
2020-12-09,sz.300750,268.7300,272.6000,262.0800,266.0000,266.0300,15363649,4118082968.0100,1,0,1.003421
2020-12-10,sz.300750,263.1500,267.5000,259.0000,264.8200,266.0000,9985664,2632528799.1000,1,0,1.003421
2020-12-11,sz.300750,263.3100,267.5200,261.7000,266.5600,264.8200,12893673,3422455576.5200,1,0,1.003421
2020-12-14,sz.300750,266.5700,268.7300,262.1000,266.0000,266.5600,10724116,2853628548.5500,1,0,1.003421
2020-12-15,sz.300750,268.0000,279.3700,264.4500,278.5000,266.0000,17781261,4843902027.0000,1,0,1.003421
2020-12-16,sz.300750,280.2000,286.3000,277.0000,286.0600,278.5000,14288803,4031211462.8300,1,0,1.003421
2020-12-17,sz.300750,284.2000,287.8000,282.0100,284.8100,286.0600,8812326,2508931372.6300,1,0,1.003421
2020-12-18,sz.300750,285.5000,292.9500,283.2200,289.9900,284.8100,9512618,2747669766.8500,1,0,1.003421
2020-12-21,sz.300750,296.7500,325.0000,293.3000,325.0000,289.9900,19810397,6099782514.5300,1,0,1.003421
2020-12-22,sz.300750,319.9900,330.3300,311.7000,313.6400,325.0000,16874400,5377597576.0300,1,0,1.003421
2020-12-23,sz.300750,313.6700,329.3000,307.1800,318.0000,313.6400,17390320,5538718908.3800,1,0,1.003421
2020-12-24,sz.300750,317.0000,318.6600,308.5000,311.0000,318.0000,9478596,2959419425.0700,1,0,1.003421
2020-12-25,sz.300750,309.0000,315.2000,306.0100,312.7900,311.0000,9539934,2967552613.6000,1,0,1.003421
2020-12-28,sz.300750,315.2000,320.0000,311.0000,316.7800,312.7900,11973062,3782275235.6800,1,0,1.003421
2020-12-29,sz.300750,316.7900,318.8000,303.3800,308.0000,316.7800,12174791,3759197905.4800,1,0,1.003421
2020-12-30,sz.300750,320.0000,347.9400,320.0000,340.0000,308.0000,22881682,7648664797.9700,1,0,1.003421
2020-12-31,sz.300750,344.9800,353.9000,341.7100,351.1100,340.0000,15200521,5283669711.7900,1,0,1.003421
2021-01-04,sz.300750,358.1000,411.1100,358.1000,404.1000,351.1100,22480807,8687099006.9800,1,0,1.003421
2021-01-05,sz.300750,395.0000,403.8000,386.0100,402.0000,404.1000,22745201,9014539649.1900,1,0,1.003421
2021-01-06,sz.300750,408.0000,416.0000,391.0100,406.7700,402.0000,18668114,7476239865.7800,1,0,1.003421
2021-01-07,sz.300750,400.9900,415.0000,396.8800,413.2300,406.7700,17389487,7064219721.5400,1,0,1.003421
2021-01-08,sz.300750,419.0000,424.9900,397.4000,404.5000,413.2300,21006685,8534719468.5200,1,0,1.003421
2021-01-11,sz.300750,409.8800,409.8800,386.0000,390.0000,404.5000,23005038,9098694885.5800,1,0,1.003421
2021-01-12,sz.300750,385.5000,404.4000,380.0000,401.1700,390.0000,16559671,6519876504.7500,1,0,1.003421
2021-01-13,sz.300750,400.0000,410.5000,372.9800,385.0000,401.1700,27261967,10634079156.7400,1,0,1.003421
2021-01-14,sz.300750,375.2000,384.0000,368.0200,369.0100,385.0000,19606569,7315308913.4600,1,0,1.003421
2021-01-15,sz.300750,367.9900,383.9800,365.0000,380.5500,369.0100,19822928,7439894398.9700,1,0,1.003421
2021-01-18,sz.300750,376.7400,391.8000,375.7700,383.9000,380.5500,14201178,5471186934.2800,1,0,1.003421
2021-01-19,sz.300750,384.0000,386.0000,364.5500,366.1100,383.9000,16286661,6085692761.1100,1,0,1.003421
2021-01-20,sz.300750,373.8000,393.3800,370.9100,391.4000,366.1100,21341613,8254525726.9700,1,0,1.003421
2021-01-21,sz.300750,387.0000,399.0000,380.0000,391.3000,391.4000,17479166,6831720356.6200,1,0,1.003421
2021-01-22,sz.300750,391.5000,410.2800,391.5000,408.0000,391.3000,19044156,7637563994.4400,1,0,1.003421
2021-01-25,sz.300750,406.3000,418.3400,392.3400,396.9500,408.0000,21741425,8762929073.7400,1,0,1.003421
2021-01-26,sz.300750,396.8100,396.8100,383.7600,385.5000,396.9500,15104374,5853513769.9500,1,0,1.003421
2021-01-27,sz.300750,392.0000,393.2000,372.0000,390.5200,385.5000,14838511,5705898439.0400,1,0,1.003421
2021-01-28,sz.300750,380.0000,383.0100,368.0000,369.9000,390.5200,18182027,6792412556.1800,1,0,1.003421
2021-01-29,sz.300750,376.0100,377.0000,342.5600,354.1100,369.9000,27601326,9896345998.5500,1,0,1.003421
2021-02-01,sz.300750,353.0000,356.9000,346.2000,350.3300,354.1100,17525081,6170654212.2100,1,0,1.003421
2021-02-02,sz.300750,352.0100,369.9900,337.3700,367.8000,350.3300,25086475,8919403723.1800,1,0,1.003421
2021-02-03,sz.300750,379.0000,387.5600,375.0500,380.9800,367.8000,21107294,8082621707.6500,1,0,1.003421
2021-02-04,sz.300750,384.9100,393.8000,379.5000,388.5000,380.9800,21630174,8354708667.4700,1,0,1.003421
2021-02-05,sz.300750,395.0000,396.9900,372.8500,373.4500,388.5000,18411695,7036248026.1800,1,0,1.003421
2021-02-08,sz.300750,375.0000,404.8000,373.0100,404.0000,373.4500,24402658,9586610901.7700,1,0,1.003421
2021-02-09,sz.300750,411.2000,415.0000,400.8000,410.2000,404.0000,16203746,6632109518.7300,1,0,1.003421
2021-02-10,sz.300750,413.9900,416.6000,406.0000,412.6600,410.2000,16282957,6704613974.9100,1,0,1.003421
2021-02-18,sz.300750,422.0000,422.0000,386.8800,397.0000,412.6600,23824929,9491493857.2600,1,0,1.003421
2021-02-19,sz.300750,390.0000,396.0000,374.2000,387.5000,397.0000,18690354,7159858378.6100,1,0,1.003421
2021-02-22,sz.300750,387.5000,395.8000,374.9000,375.0000,387.5000,16720351,6411239336.7100,1,0,1.003421
2021-02-23,sz.300750,370.0000,376.5400,360.8800,376.5400,375.0000,13604746,5027757786.2700,1,0,1.003421
2021-02-24,sz.300750,375.0000,378.0000,339.4000,347.0000,376.5400,30272084,10682015850.8300,1,0,1.003421
2021-02-25,sz.300750,353.8500,353.8500,335.0000,337.1000,347.0000,24575702,8445690070.1600,1,0,1.003421
2021-02-26,sz.300750,323.0000,333.0000,317.7900,322.2300,337.1000,22950635,7449904802.0300,1,0,1.003421
2021-03-01,sz.300750,331.5100,345.6200,328.2800,344.6000,322.2300,20539402,6964880536.0700,1,0,1.003421
2021-03-02,sz.300750,353.0000,353.2000,341.0600,349.6000,344.6000,15281131,5308970364.6100,1,0,1.003421
2021-03-03,sz.300750,346.0500,349.6300,340.3600,349.6300,349.6000,10464433,3617077585.6400,1,0,1.003421
2021-03-04,sz.300750,345.0000,345.0000,322.9100,325.5700,349.6300,18103403,5984259540.0300,1,0,1.003421
2021-03-05,sz.300750,313.0100,326.8800,308.3300,320.0000,325.5700,17307341,5511104280.1900,1,0,1.003421
2021-03-08,sz.300750,323.0000,334.7200,300.8800,305.0000,320.0000,21295514,6751702325.5900,1,0,1.003421
2021-03-09,sz.300750,300.0000,310.5000,289.0000,300.0000,305.0000,27357719,8235734794.8900,1,0,1.003421
2021-03-10,sz.300750,316.0000,322.2800,313.0000,314.5000,300.0000,23763768,7542999117.7600,1,0,1.003421
2021-03-11,sz.300750,316.0000,333.4800,311.3000,331.2800,314.5000,20964281,6829108561.8200,1,0,1.003421
2021-03-12,sz.300750,336.9100,345.0000,331.3000,341.4600,331.2800,18952041,6424536234.8900,1,0,1.003421
2021-03-15,sz.300750,340.0000,340.0000,307.0000,312.3000,341.4600,23040352,7361113706.9000,1,0,1.003421
2021-03-16,sz.300750,317.0000,324.9900,313.5000,323.0000,312.3000,13712397,4384184142.3200,1,0,1.003421
2021-03-17,sz.300750,317.8800,336.2000,313.1000,333.0000,323.0000,14672578,4829807794.6400,1,0,1.003421
2021-03-18,sz.300750,334.0000,343.1100,333.5100,335.8000,333.0000,11366956,3840901084.2800,1,0,1.003421
2021-03-19,sz.300750,325.0000,332.9900,311.0000,316.5000,335.8000,18971590,6051504889.6100,1,0,1.003421
2021-03-22,sz.300750,319.0000,321.0000,298.8900,307.8000,316.5000,23171883,7137600231.1200,1,0,1.003421
2021-03-23,sz.300750,305.0000,310.6400,300.1200,303.9100,307.8000,15116923,4603584945.6400,1,0,1.003421
2021-03-24,sz.300750,305.0000,305.1000,285.0000,288.7900,303.9100,25208186,7334176816.4100,1,0,1.003421
2021-03-25,sz.300750,280.5100,293.3500,280.0500,291.5500,288.7900,18439889,5281518749.0800,1,0,1.003421
2021-03-26,sz.300750,295.0000,314.0500,293.0000,313.6200,291.5500,23710285,7292443310.7400,1,0,1.003421
2021-03-29,sz.300750,313.5000,319.7700,305.0100,311.6000,313.6200,15563243,4871068353.9500,1,0,1.003421
2021-03-30,sz.300750,311.6100,320.9800,308.0000,318.9800,311.6000,12640386,4003150838.6300,1,0,1.003421
2021-03-31,sz.300750,318.8900,326.1600,313.0000,322.1700,318.9800,16054553,5133802498.7500,1,0,1.003421
2021-04-01,sz.300750,323.8000,335.4900,323.3000,329.9900,322.1700,11333813,3741712771.4800,1,0,1.003421
2021-04-02,sz.300750,332.9500,336.1800,326.8800,332.4000,329.9900,9262891,3074575828.1700,1,0,1.003421
2021-04-06,sz.300750,335.0000,338.0000,319.0900,325.8000,332.4000,10463817,3421873640.8000,1,0,1.003421
2021-04-07,sz.300750,332.9100,332.9100,312.1500,320.0000,325.8000,13393147,4245479570.2300,1,0,1.003421
2021-04-08,sz.300750,314.0000,321.6600,311.0000,319.8500,320.0000,7870973,2507089321.0000,1,0,1.003421
2021-04-09,sz.300750,324.0100,324.0100,310.0000,312.0000,319.8500,9323686,2918718120.0000,1,0,1.003421
2021-04-12,sz.300750,318.2600,325.0400,313.1000,315.0100,312.0000,14059546,4483570206.7700,1,0,1.003421
2021-04-13,sz.300750,313.3000,333.0000,313.1000,324.7600,315.0100,14021091,4558191605.5100,1,0,1.003421
2021-04-14,sz.300750,331.2600,347.4900,328.6800,346.0000,324.7600,18504345,6295708676.4000,1,0,1.003421
2021-04-15,sz.300750,339.9600,341.5000,333.1700,337.0000,346.0000,12474137,4202803202.7600,1,0,1.003421
2021-04-16,sz.300750,340.0000,340.4000,324.6000,333.8400,337.0000,11536269,3834287110.7600,1,0,1.003421
2021-04-19,sz.300750,335.0000,364.5000,331.3500,364.0000,333.8400,20547682,7250923622.2400,1,0,1.003421
2021-04-20,sz.300750,357.9800,368.7900,353.5000,359.0000,364.0000,14283434,5154523734.9200,1,0,1.003421
2021-04-21,sz.300750,351.1600,357.9000,347.8000,355.6900,359.0000,12399643,4373022068.6400,1,0,1.003421
2021-04-22,sz.300750,366.0000,366.6000,353.6300,362.3600,355.6900,10791346,3907120259.5100,1,0,1.003421
2021-04-23,sz.300750,362.3600,373.0000,360.0100,371.5000,362.3600,11536538,4255126795.1900,1,0,1.003421
2021-04-26,sz.300750,373.6000,380.0000,347.2000,349.0000,371.5000,25623665,9238754935.9700,1,0,1.003421
2021-04-27,sz.300750,350.0000,350.8000,340.2600,348.6000,349.0000,15180979,5243699574.4400,1,0,1.003421
2021-04-28,sz.300750,353.0100,375.0000,352.0000,367.0300,348.6000,23632614,8597828977.9300,1,0,1.003421
2021-04-29,sz.300750,370.8100,381.9000,367.8700,379.9900,367.0300,18086320,6806129765.7700,1,0,1.003421
2021-04-30,sz.300750,373.0000,392.0000,367.9200,388.1700,379.9900,25865106,9896566189.3800,1,0,1.003421
2021-05-06,sz.300750,390.0000,390.0000,368.5000,384.0000,388.1700,18968026,7198512557.3000,1,0,1.003421
2021-05-07,sz.300750,384.0000,387.5500,366.1300,367.2800,384.0000,15138529,5685506805.9000,1,0,1.003421
2021-05-10,sz.300750,364.8000,373.9900,360.0000,368.2100,367.2800,12455280,4573789550.4100,1,0,1.003421
2021-05-11,sz.300750,362.0000,369.9000,353.0000,366.6000,368.2100,11412084,4142445890.2700,1,0,1.003421
2021-05-12,sz.300750,367.0000,369.0700,355.5900,361.5000,366.6000,13360160,4812795101.1800,1,0,1.003421
2021-05-13,sz.300750,354.3000,358.7800,349.7000,351.1000,361.5000,11347605,4017576452.1100,1,0,1.003421
2021-05-14,sz.300750,353.5200,360.5000,343.1700,359.0000,351.1000,17657660,6228877398.1000,1,0,1.003421
2021-05-17,sz.300750,360.0000,375.8800,359.9900,373.1800,359.0000,19330918,7172265166.2100,1,0,1.003421
2021-05-18,sz.300750,372.0000,379.2000,366.4600,369.1000,373.1800,8962010,3323751525.1800,1,0,1.003421
2021-05-19,sz.300750,366.5000,380.0000,363.0000,375.0500,369.1000,11746435,4407782455.5000,1,0,1.003421
2021-05-20,sz.300750,377.8000,383.8900,370.1000,377.7400,375.0500,12843969,4839062724.4700,1,0,1.003421
2021-05-21,sz.300750,382.7700,387.2800,368.9700,375.5700,377.7400,14056597,5316782152.9000,1,0,1.003421
2021-05-24,sz.300750,380.0000,388.5500,376.1800,387.9600,375.5700,16961148,6535959080.0200,1,0,1.003421
2021-05-25,sz.300750,389.4400,396.0000,385.7000,395.5300,387.9600,14957705,5881748189.7300,1,0,1.003421
2021-05-26,sz.300750,395.0000,399.9800,384.6600,385.4200,395.5300,12698850,4932244991.4700,1,0,1.003421
2021-05-27,sz.300750,387.5100,390.0000,381.8500,384.0000,385.4200,7959838,3073473014.8300,1,0,1.003421
2021-05-28,sz.300750,390.0000,421.5000,390.0000,409.6000,384.0000,27715051,11346592533.3400,1,0,1.003421
2021-05-31,sz.300750,416.0000,435.5700,414.0000,434.1000,409.6000,20006312,8540083588.8100,1,0,1.003421
2021-06-01,sz.300750,420.0000,431.0000,416.5200,425.3400,434.1000,15875357,6727933260.3700,1,0,1.003421
2021-06-02,sz.300750,429.1000,433.6900,419.2700,424.5000,425.3400,11571216,4933369539.6600,1,0,1.003421
2021-06-03,sz.300750,426.0000,428.2800,410.0000,414.7800,424.5000,12375991,5164432660.2300,1,0,1.003421
2021-06-04,sz.300750,419.0000,439.5000,415.1600,432.2100,414.7800,18010150,7765736027.4500,1,0,1.003421
2021-06-07,sz.300750,423.8500,423.9900,400.0000,407.5000,432.2100,21529447,8812647425.8500,1,0,1.003421
2021-06-08,sz.300750,404.0000,424.8500,404.0000,409.5900,407.5000,16631690,6887633928.4500,1,0,1.003421
2021-06-09,sz.300750,409.0000,416.0000,403.0000,409.3700,409.5900,9358239,3829137540.8800,1,0,1.003421
2021-06-10,sz.300750,410.0900,444.6600,410.0900,434.6300,409.3700,19350231,8400201736.8400,1,0,1.003421
2021-06-11,sz.300750,443.0000,457.8400,430.0600,451.9800,434.6300,19796063,8816469190.8200,1,0,1.003421
2021-06-15,sz.300750,453.0000,455.9000,435.5000,445.0000,451.9800,10252153,4562143371.3500,1,0,1.003421
2021-06-16,sz.300750,440.9100,443.8000,417.0100,420.1800,445.0000,13969365,5989483516.4500,1,0,1.003421
2021-06-17,sz.300750,424.2500,437.7400,424.2500,434.5100,420.1800,10272398,4433456914.8200,1,0,1.003421
2021-06-18,sz.300750,437.1900,455.2000,437.1900,450.0000,434.5100,15600042,7001105223.4600,1,0,1.003421
2021-06-21,sz.300750,451.8000,455.9000,440.2200,452.8000,450.0000,12082314,5452180813.1000,1,0,1.003421
2021-06-22,sz.300750,450.1800,453.9900,440.2200,450.2300,452.8000,8847005,3966367403.9600,1,0,1.003421
2021-06-23,sz.300750,454.0800,472.0100,451.5000,468.4500,450.2300,12445699,5774145630.9500,1,0,1.003421
2021-06-24,sz.300750,473.1300,474.8800,462.0100,467.3000,468.4500,9213246,4302188924.1100,1,0,1.003421
2021-06-25,sz.300750,473.0000,477.0000,459.0000,476.2300,467.3000,9955534,4686222357.5300,1,0,1.003421
2021-06-28,sz.300750,476.2200,502.9800,468.3100,493.9000,476.2300,14643927,7224070341.9500,1,0,1.003421
2021-06-29,sz.300750,513.6500,519.6000,504.2200,508.5100,493.9000,15340180,7834685995.7700,1,0,1.003421
2021-06-30,sz.300750,509.0100,542.0000,498.0000,534.8000,508.5100,14455682,7574604647.6100,1,0,1.003421
2021-07-01,sz.300750,536.8000,540.0000,518.0100,529.5000,534.8000,11324700,5996925819.8400,1,0,1.003421
2021-07-02,sz.300750,524.1300,535.1600,509.6600,519.5900,529.5000,13871718,7242849769.0000,1,0,1.003421
2021-07-05,sz.300750,515.0000,528.6800,508.0700,519.2700,519.3500,14351499,7406241681.9100,1,0,1.003885
2021-07-06,sz.300750,520.0000,540.9700,501.9100,515.2300,519.2700,18055540,9395935106.7100,1,0,1.003885
2021-07-07,sz.300750,520.0000,542.5000,507.1300,542.5000,515.2300,18145691,9654261557.2600,1,0,1.003885
2021-07-08,sz.300750,550.9900,571.5000,542.6400,559.1600,542.5000,15879012,8888330054.7200,1,0,1.003885
2021-07-09,sz.300750,558.9900,558.9900,534.5500,545.8800,559.1600,15660730,8521226651.9400,1,0,1.003885
2021-07-12,sz.300750,556.1100,577.0000,556.1100,565.7900,545.8800,15476312,8772503853.0600,1,0,1.003885
2021-07-13,sz.300750,560.0000,579.6000,552.0000,563.0100,565.7900,13637065,7678988306.0800,1,0,1.003885
2021-07-14,sz.300750,555.0000,561.8800,541.0000,551.3700,563.0100,12587871,6965504600.6800,1,0,1.003885
2021-07-15,sz.300750,545.0000,568.8800,541.0500,568.0000,551.3700,13733347,7628510590.3900,1,0,1.003885
2021-07-16,sz.300750,567.0000,567.0000,528.1300,531.0000,568.0000,17849493,9719489197.6200,1,0,1.003885
2021-07-19,sz.300750,540.0000,541.6800,516.0000,523.5000,531.0000,18012945,9474773727.2200,1,0,1.003885
2021-07-20,sz.300750,515.0000,539.2700,515.0000,528.0400,523.5000,13000547,6869197468.7200,1,0,1.003885
2021-07-21,sz.300750,530.0200,556.0800,526.0100,555.7800,528.0400,18204911,9878628606.9100,1,0,1.003885
2021-07-22,sz.300750,556.6000,563.6900,545.6900,557.0800,555.7800,10883599,6027459316.6000,1,0,1.003885
2021-07-23,sz.300750,555.0000,563.9900,546.0000,547.0100,557.0800,9332873,5157401634.6400,1,0,1.003885
2021-07-26,sz.300750,544.0000,552.9300,522.5000,539.7800,547.0100,12728980,6852321740.9500,1,0,1.003885
2021-07-27,sz.300750,543.0200,559.1900,495.0000,495.0000,539.7800,17846033,9419312665.1500,1,0,1.003885
2021-07-28,sz.300750,496.0000,533.3000,496.0000,525.0500,495.0000,21724743,11221667797.3400,1,0,1.003885
2021-07-29,sz.300750,546.0000,557.7400,529.0000,556.8000,525.0500,18620249,10167714631.3200,1,0,1.003885
2021-07-30,sz.300750,565.0000,582.2000,540.0000,550.4000,556.8000,20181013,11332846398.7700,1,0,1.003885
2021-08-02,sz.300750,557.0000,574.9900,532.8800,552.0000,550.4000,18297279,10131832068.1300,1,0,1.003885
2021-08-03,sz.300750,555.0000,556.0000,523.0000,531.0000,552.0000,12238308,6535093739.8100,1,0,1.003885
2021-08-04,sz.300750,534.0000,570.9900,525.0000,569.0000,531.0000,17400431,9647161978.2700,1,0,1.003885
2021-08-05,sz.300750,566.0000,566.0000,546.5300,557.0000,569.0000,12979233,7197921132.8200,1,0,1.003885
2021-08-06,sz.300750,564.7900,567.0000,539.0000,543.8800,557.0000,14371245,7918384463.8200,1,0,1.003885
2021-08-09,sz.300750,532.0000,532.5000,502.9900,516.0000,543.8800,18583111,9534234240.4300,1,0,1.003885
2021-08-10,sz.300750,511.0100,519.1900,499.0000,510.5000,516.0000,18016853,9152881562.6200,1,0,1.003885
2021-08-11,sz.300750,510.0000,523.0000,504.8800,517.2500,510.5000,11236434,5790098627.4900,1,0,1.003885
2021-08-12,sz.300750,512.0100,512.9900,494.0000,502.0000,517.2500,17116184,8599262131.0100,1,0,1.003885
2021-08-13,sz.300750,480.0000,529.9000,480.0000,502.0500,502.0000,27725763,14085448989.0500,1,0,1.003885
2021-08-16,sz.300750,494.0000,503.8900,469.8800,477.0000,502.0500,22043980,10620462840.2500,1,0,1.003885
2021-08-17,sz.300750,485.0000,494.8000,477.2400,480.0000,477.0000,15610638,7586087133.6800,1,0,1.003885
2021-08-18,sz.300750,486.5400,502.9000,477.4100,495.0000,480.0000,15957481,7861906061.1700,1,0,1.003885
2021-08-19,sz.300750,502.0000,509.7300,484.0000,503.0000,495.0000,14453518,7215253955.3700,1,0,1.003885
2021-08-20,sz.300750,499.0000,499.2000,482.5000,494.1100,503.0000,12527606,6160678537.9000,1,0,1.003885
2021-08-23,sz.300750,505.0000,523.2200,502.0100,521.9000,494.1100,16224431,8359923041.0600,1,0,1.003885
2021-08-24,sz.300750,516.4000,540.1000,515.1200,523.0000,521.9000,13313712,7011227150.0000,1,0,1.003885
2021-08-25,sz.300750,524.0000,532.2000,511.2000,530.2400,523.0000,9530347,4963866861.0900,1,0,1.003885
2021-08-26,sz.300750,539.9800,558.9400,520.8900,521.0000,530.2400,16798255,8951110526.8500,1,0,1.003885
2021-08-27,sz.300750,520.0000,524.0000,502.0000,507.5000,521.0000,11958157,6098898952.5700,1,0,1.003885
2021-08-30,sz.300750,507.4500,525.8000,498.8600,505.2400,507.5000,15714333,8036791726.7300,1,0,1.003885
2021-08-31,sz.300750,511.9400,511.9400,485.8500,494.8700,505.2400,14762087,7288932626.7700,1,0,1.003885
2021-09-01,sz.300750,492.0000,494.0000,471.5000,488.7100,494.8700,14462675,7006043909.9000,1,0,1.003885
2021-09-02,sz.300750,492.0000,496.1100,485.7800,493.5000,488.7100,11464887,5637614465.9400,1,0,1.003885
2021-09-03,sz.300750,498.0000,503.8800,480.8800,486.5000,493.5000,11282023,5523301032.3800,1,0,1.003885
2021-09-06,sz.300750,493.0000,518.0000,483.0000,516.1000,486.5000,14791957,7471544141.6500,1,0,1.003885
2021-09-07,sz.300750,515.0000,526.6600,510.0000,514.0100,516.1000,9422232,4866454172.2200,1,0,1.003885
2021-09-08,sz.300750,519.0000,523.5800,500.0000,503.0000,514.0100,9739395,4960557751.5300,1,0,1.003885
2021-09-09,sz.300750,509.5000,518.9800,490.8000,507.2000,503.0000,11016209,5541869353.3400,1,0,1.003885
2021-09-10,sz.300750,493.4400,503.7800,490.6800,502.1000,507.2000,11296936,5625272662.4300,1,0,1.003885
2021-09-13,sz.300750,502.1000,512.1000,496.0000,502.8000,502.1000,8968966,4498932655.1400,1,0,1.003885
2021-09-14,sz.300750,507.1200,541.0000,502.9200,529.9000,502.8000,23383657,12347086768.7800,1,0,1.003885
2021-09-15,sz.300750,530.0000,531.9900,511.8100,525.3500,529.9000,10501454,5470153200.6900,1,0,1.003885
2021-09-16,sz.300750,523.0000,523.0000,498.0000,498.0000,525.3500,11260408,5712849969.4500,1,0,1.003885
2021-09-17,sz.300750,497.0000,509.0000,492.1300,503.0000,498.0000,8193837,4095076761.7600,1,0,1.003885
2021-09-22,sz.300750,494.6000,501.0000,488.1000,493.3100,503.0000,6423920,3170987210.0700,1,0,1.003885
2021-09-23,sz.300750,504.8600,504.8600,491.8000,492.9900,493.3100,7971421,3955499103.7100,1,0,1.003885
2021-09-24,sz.300750,494.8700,512.5100,490.5000,499.9800,492.9900,10262492,5155614316.0700,1,0,1.003885
2021-09-27,sz.300750,505.0000,519.8000,499.7900,513.5000,499.9800,14496264,7441411134.8100,1,0,1.003885
2021-09-28,sz.300750,512.0000,517.9500,498.2000,500.4300,513.5000,9222505,4682091359.4900,1,0,1.003885
2021-09-29,sz.300750,496.0000,511.8000,494.0000,502.5100,500.4300,9395464,4739177462.6300,1,0,1.003885
2021-09-30,sz.300750,505.0000,532.5000,502.0100,525.7300,502.5100,16714235,8696962248.1100,1,0,1.003885
2021-10-08,sz.300750,534.0000,550.0700,522.9000,534.0000,525.7300,12516925,6710477515.5500,1,0,1.003885
2021-10-11,sz.300750,535.0000,537.6000,518.0600,521.0000,534.0000,7830888,4112416011.4000,1,0,1.003885
2021-10-12,sz.300750,521.5800,522.6200,498.8800,505.0000,521.0000,9590683,4879529812.4200,1,0,1.003885
2021-10-13,sz.300750,505.0000,522.5000,504.0000,522.2600,505.0000,7652244,3950317431.2200,1,0,1.003885
2021-10-14,sz.300750,525.0000,534.8800,525.0000,532.3000,522.2600,7841554,4161069009.1300,1,0,1.003885
2021-10-15,sz.300750,532.0000,578.8700,528.1000,569.0000,532.3000,22951299,12822713734.8700,1,0,1.003885
2021-10-18,sz.300750,581.0000,595.2400,570.0000,595.0200,569.0000,18670216,10933506377.6200,1,0,1.003885
2021-10-19,sz.300750,604.0000,614.9800,585.0000,590.6000,595.0200,15088955,8990013549.6000,1,0,1.003885
2021-10-20,sz.300750,595.0000,613.3800,587.0000,589.5000,590.6000,12466583,7444464950.0900,1,0,1.003885
2021-10-21,sz.300750,590.0000,599.0000,580.0000,596.0000,589.5000,10142297,6008461971.0300,1,0,1.003885
2021-10-22,sz.300750,605.9800,605.9800,590.3300,601.4000,596.0000,11021603,6612493209.1400,1,0,1.003885
2021-10-25,sz.300750,612.0000,625.1600,603.3300,610.7700,601.4000,14052090,8636989621.9700,1,0,1.003885
2021-10-26,sz.300750,635.7600,638.4800,595.9300,597.9900,610.7700,14827692,9075608784.6000,1,0,1.003885
2021-10-27,sz.300750,597.9900,615.0400,593.1700,615.0400,597.9900,13548574,8191755889.7400,1,0,1.003885
2021-10-28,sz.300750,625.0000,635.0000,602.9300,607.2000,615.0400,17282868,10650216882.8600,1,0,1.003885
2021-10-29,sz.300750,615.2900,645.4900,598.9400,639.2200,607.2000,20268702,12687999698.0600,1,0,1.003885
2021-11-01,sz.300750,641.0000,679.0000,631.1300,650.0000,639.2200,22179659,14502525103.6400,1,0,1.003885
2021-11-02,sz.300750,655.0000,665.7600,648.0000,658.0000,650.0000,13140789,8630072694.3500,1,0,1.003885
2021-11-03,sz.300750,651.0000,656.0200,628.0000,640.0000,658.0000,12760630,8165156864.7200,1,0,1.003885
2021-11-04,sz.300750,648.0000,655.0000,636.0500,646.8500,640.0000,9201009,5951843600.4200,1,0,1.003885
2021-11-05,sz.300750,639.0000,649.7800,633.9900,634.0900,646.8500,8555085,5465118685.4600,1,0,1.003885
2021-11-08,sz.300750,637.0000,664.9800,631.0000,660.8000,634.0900,12269565,8026800882.2700,1,0,1.003885
2021-11-09,sz.300750,667.7400,668.0000,653.1300,663.2800,660.8000,6674583,4413176640.3500,1,0,1.003885
2021-11-10,sz.300750,651.1300,656.4700,635.0000,648.0000,663.2800,12739826,8216658651.9100,1,0,1.003885
2021-11-11,sz.300750,651.0000,665.1300,650.1000,655.8500,648.0000,7701413,5069135677.3500,1,0,1.003885
2021-11-12,sz.300750,657.0000,661.8600,633.9200,641.0000,655.8500,11420150,7312301472.1000,1,0,1.003885
2021-11-15,sz.300750,640.9900,640.9900,607.9600,620.0000,641.0000,14007599,8684428486.2700,1,0,1.003885
2021-11-16,sz.300750,620.0000,625.1200,607.0000,614.9700,620.0000,8433513,5202056654.9900,1,0,1.003885
2021-11-17,sz.300750,623.0000,630.4300,617.5600,625.8800,614.9700,7561643,4721304801.7500,1,0,1.003885
2021-11-18,sz.300750,625.8800,636.6600,613.5900,626.0000,625.8800,7527274,4697499805.4100,1,0,1.003885
2021-11-19,sz.300750,631.0000,639.0000,620.0500,639.0000,626.0000,8456790,5343617369.6600,1,0,1.003885
2021-11-22,sz.300750,644.9900,681.0000,642.1100,681.0000,639.0000,15308991,10215261575.4900,1,0,1.003885
2021-11-23,sz.300750,680.3100,680.3100,666.0000,672.0000,681.0000,9931174,6671378514.5900,1,0,1.003885
2021-11-24,sz.300750,670.1700,675.8000,650.3400,658.8000,672.0000,8550354,5653890107.4700,1,0,1.003885
2021-11-25,sz.300750,653.0000,658.5000,645.2900,654.0000,658.8000,5822028,3798078532.3900,1,0,1.003885
2021-11-26,sz.300750,651.0000,668.8000,651.0000,658.0000,654.0000,5850222,3865245640.5500,1,0,1.003885
2021-11-29,sz.300750,654.0000,684.5000,653.0000,679.8000,658.0000,11465261,7758115212.0500,1,0,1.003885
2021-11-30,sz.300750,684.7600,685.6600,673.3300,680.0000,679.8000,7188131,4874671005.4900,1,0,1.003885
2021-12-01,sz.300750,680.0000,684.9900,664.1100,672.0000,680.0000,6984571,4696868393.2400,1,0,1.003885
2021-12-02,sz.300750,671.9800,689.2000,669.0000,688.0000,672.0000,9178956,6268320478.2400,1,0,1.003885
2021-12-03,sz.300750,688.9600,692.0000,671.0000,687.0000,688.0000,8078164,5501798477.2200,1,0,1.003885
2021-12-06,sz.300750,676.1000,680.2000,656.0000,657.2800,687.0000,11261215,7509355191.6100,1,0,1.003885
2021-12-07,sz.300750,662.0000,663.0000,612.2000,629.0000,657.2800,22139147,13913426092.2200,1,0,1.003885
2021-12-08,sz.300750,634.7900,644.7800,626.2500,639.0000,629.0000,11886602,7580712087.9100,1,0,1.003885
2021-12-09,sz.300750,639.0000,640.0000,622.9000,633.8000,639.0000,13427209,8443913158.9000,1,0,1.003885
2021-12-10,sz.300750,622.2200,653.3600,621.1800,639.9500,633.8000,21384418,13738235947.2500,1,0,1.003885
2021-12-13,sz.300750,639.9000,660.6600,630.0800,658.3600,639.9500,16082778,10409792154.6300,1,0,1.003885
2021-12-14,sz.300750,657.3400,657.3400,643.9800,651.0100,658.3600,8781080,5704000135.3500,1,0,1.003885
2021-12-15,sz.300750,649.4300,661.0000,646.9500,649.0000,651.0100,7048016,4606545054.1800,1,0,1.003885
2021-12-16,sz.300750,657.3000,657.3000,647.0800,655.0600,649.0000,6150222,4018260859.3000,1,0,1.003885
2021-12-17,sz.300750,651.0100,653.9900,639.7000,651.1900,655.0600,13649081,8863377800.1100,1,0,1.003885
2021-12-20,sz.300750,649.0000,649.0000,607.6800,610.2100,651.1900,15511352,9648533093.7700,1,0,1.003885
2021-12-21,sz.300750,606.0000,614.6900,594.0800,604.0700,610.2100,12565780,7553655489.8500,1,0,1.003885
2021-12-22,sz.300750,608.8000,617.0000,603.0000,610.2400,604.0700,8361840,5103433201.9800,1,0,1.003885
2021-12-23,sz.300750,618.9800,630.8000,612.0800,622.0700,610.2400,7971819,4954754967.5200,1,0,1.003885
2021-12-24,sz.300750,624.0000,625.2500,563.0000,576.8000,622.0700,24608084,14321299320.4700,1,0,1.003885
2021-12-27,sz.300750,574.2000,587.9900,573.5000,578.6000,576.8000,10183543,5915820121.3700,1,0,1.003885
2021-12-28,sz.300750,578.0000,587.2800,569.9100,585.0000,578.6000,9659574,5589310230.3200,1,0,1.003885
2021-12-29,sz.300750,585.0000,585.9900,569.7800,575.5500,585.0000,9963963,5731323286.0300,1,0,1.003885
2021-12-30,sz.300750,577.0000,596.2900,575.5700,590.0000,575.5500,12420946,7323088709.6000,1,0,1.003885
2021-12-31,sz.300750,598.3000,605.9900,582.0000,588.0000,590.0000,9371117,5540408920.9700,1,0,1.003885
2022-01-04,sz.300750,606.0000,607.0000,561.0000,568.8800,588.0000,17456845,9975828427.5300,1,0,1.003885
2022-01-05,sz.300750,566.4000,566.8800,540.0000,547.5000,568.8800,16657881,9167983226.1600,1,0,1.003885
2022-01-06,sz.300750,538.5100,547.0000,531.7900,541.4700,547.5000,13882602,7480050944.2400,1,0,1.003885
2022-01-07,sz.300750,550.0000,556.0000,528.0000,539.9000,541.4700,13169468,7135966663.6000,1,0,1.003885
2022-01-10,sz.300750,534.9800,549.0000,524.2400,538.4000,539.9000,14862906,7964179734.5700,1,0,1.003885
2022-01-11,sz.300750,541.1100,549.9000,536.4100,536.7000,538.4000,8472277,4582697695.6800,1,0,1.003885
2022-01-12,sz.300750,551.0000,569.9600,550.9000,565.0400,536.7000,19164163,10752974048.4400,1,0,1.003885
2022-01-13,sz.300750,571.0000,582.0000,554.7400,565.0000,565.0400,13899742,7924626260.7000,1,0,1.003885
2022-01-14,sz.300750,557.0600,580.8000,556.0000,577.4000,565.0000,11612818,6663124572.0200,1,0,1.003885
2022-01-17,sz.300750,588.8600,608.5000,578.8000,606.8500,577.4000,14352844,8591412091.3200,1,0,1.003885
2022-01-18,sz.300750,606.8500,607.7700,586.0000,586.8000,606.8500,10701672,6345099027.8400,1,0,1.003885
2022-01-19,sz.300750,589.5000,595.0000,558.5000,569.9900,586.8000,14487439,8273655033.1600,1,0,1.003885
2022-01-20,sz.300750,566.0000,578.0000,563.3500,569.1300,569.9900,8065361,4600905692.7800,1,0,1.003885
2022-01-21,sz.300750,563.0000,579.6000,552.0000,569.4900,569.1300,9917398,5620817937.8900,1,0,1.003885
2022-01-24,sz.300750,564.0000,592.2600,559.0100,580.9900,569.4900,11562129,6686725178.4800,1,0,1.003885
2022-01-25,sz.300750,573.2100,583.3300,565.0000,565.6000,580.9900,7199229,4119696709.7200,1,0,1.003885
2022-01-26,sz.300750,571.8000,590.6000,566.5000,587.5000,565.6000,11603676,6718821593.4100,1,0,1.003885
2022-01-27,sz.300750,585.0000,594.9900,570.0000,574.9900,587.5000,12948188,7546107243.4500,1,0,1.003885
2022-01-28,sz.300750,594.6000,604.0000,570.4400,592.6000,574.9900,24331734,14395957436.7200,1,0,1.003885
2022-02-07,sz.300750,606.0000,609.9800,574.1800,579.4400,592.6000,14528859,8588397059.1700,1,0,1.003885
2022-02-08,sz.300750,579.4400,579.4400,521.8200,540.8600,579.4400,20650297,11166726687.4800,1,0,1.003885
2022-02-09,sz.300750,539.0000,550.9000,527.0000,547.2000,540.8600,11494712,6212329182.1200,1,0,1.003885
2022-02-10,sz.300750,551.8000,552.0000,499.8900,518.1000,547.2000,29233587,14959750643.4300,1,0,1.003885
2022-02-11,sz.300750,506.0000,513.5800,489.0000,489.9900,518.1000,23979847,11994983924.8400,1,0,1.003885
2022-02-14,sz.300750,486.0000,512.8900,485.0600,508.0000,489.9900,19628564,9914026667.4200,1,0,1.003885
2022-02-15,sz.300750,519.0000,530.3300,511.0000,527.0000,508.0000,15150828,7915477348.1500,1,0,1.003885
2022-02-16,sz.300750,528.0000,542.4300,523.9900,530.8000,527.0000,12706794,6783859294.8100,1,0,1.003885
2022-02-17,sz.300750,529.9800,543.5000,525.5800,535.0000,530.8000,10747219,5758516460.8300,1,0,1.003885
2022-02-18,sz.300750,530.0000,535.0000,522.9800,527.5000,535.0000,11384779,5993089911.6000,1,0,1.003885
2022-02-21,sz.300750,526.5000,526.5000,505.4700,510.0000,527.5000,15630631,8011219920.8400,1,0,1.003885
2022-02-22,sz.300750,506.6500,508.0000,492.3700,504.0000,510.0000,13632851,6788745089.2400,1,0,1.003885
2022-02-23,sz.300750,506.0000,519.0500,502.4800,519.0000,504.0000,15433230,7922652049.1500,1,0,1.003885
2022-02-24,sz.300750,508.0000,521.5800,501.0000,507.7000,519.0000,16160023,8252994692.4600,1,0,1.003885
2022-02-25,sz.300750,521.0000,535.0000,520.8900,528.8000,507.7000,16967238,8978907317.4200,1,0,1.003885
2022-02-28,sz.300750,524.0000,536.5000,524.0000,533.3600,528.8000,9965701,5284369408.0000,1,0,1.003885
2022-03-01,sz.300750,539.2000,548.0800,530.0000,536.1800,533.3600,9749032,5244201472.0000,1,0,1.003885
2022-03-02,sz.300750,531.0000,531.7900,508.8800,513.8400,536.1800,13412932,6925800192.0000,1,0,1.003885
2022-03-03,sz.300750,517.2000,518.8000,506.9700,512.9900,513.8400,8698927,4456406528.0000,1,0,1.003885
2022-03-04,sz.300750,505.0000,509.0000,488.0000,491.7900,512.9900,16283350,8081812224.0000,1,0,1.003885
2022-03-07,sz.300750,475.0000,485.0000,454.0100,454.8900,491.7900,24599264,11425969408.0000,1,0,1.003885
2022-03-08,sz.300750,463.9800,466.4600,443.0100,455.4500,454.8900,22754060,10355465472.0000,1,0,1.003885
2022-03-09,sz.300750,456.0000,474.0000,448.0000,473.4700,455.4500,23457419,10851981824.0000,1,0,1.003885
2022-03-10,sz.300750,490.0000,505.5500,485.3100,490.8100,473.4700,23961693,11860996864.0000,1,0,1.003885
2022-03-11,sz.300750,480.8300,495.0000,474.1000,493.5500,490.8100,17102172,8275316992.0000,1,0,1.003885
2022-03-14,sz.300750,483.0000,487.2300,463.0000,463.0000,493.5500,16291014,7715325184.0000,1,0,1.003885
2022-03-15,sz.300750,461.0000,481.2900,450.6000,463.2000,463.0000,21268688,9944131840.0000,1,0,1.003885
2022-03-16,sz.300750,476.2000,503.4700,468.4900,503.1000,463.2000,28223653,13816433664.0000,1,0,1.003885
2022-03-17,sz.300750,517.5000,535.0000,515.1000,524.5000,503.1000,27630079,14545565696.0000,1,0,1.003885
2022-03-18,sz.300750,519.0000,524.4700,504.0000,510.5000,524.5000,16391807,8401871659.7700,1,0,1.003885
2022-03-21,sz.300750,520.0000,534.2000,517.6000,520.0000,510.5000,13634076,7164824307.3500,1,0,1.003885
2022-03-22,sz.300750,520.0000,520.0000,507.0000,513.0000,520.0000,10228257,5229898248.4700,1,0,1.003885
2022-03-23,sz.300750,520.0000,522.9800,509.9000,515.2900,513.0000,8410966,4336729378.4500,1,0,1.003885
2022-03-24,sz.300750,509.9500,517.6800,498.3800,514.0000,515.2900,8480580,4303359299.2100,1,0,1.003885
2022-03-25,sz.300750,511.9200,518.1800,502.0000,502.0700,514.0000,9283639,4724122668.3300,1,0,1.003885
2022-03-28,sz.300750,508.8800,508.8800,478.0800,487.0000,502.0700,14946512,7277413365.9500,1,0,1.003885
2022-03-29,sz.300750,487.0000,500.0000,482.0000,486.9000,487.0000,11235947,5508775198.9200,1,0,1.003885
2022-03-30,sz.300750,492.0000,519.0000,492.0000,519.0000,486.9000,16216979,8276504323.9700,1,0,1.003885
2022-03-31,sz.300750,515.1500,518.0000,503.1500,512.3000,519.0000,9623922,4899473611.9600,1,0,1.003885
2022-04-01,sz.300750,508.0000,524.5000,505.1300,518.9000,512.3000,9518241,4923473198.4900,1,0,1.003885
2022-04-06,sz.300750,516.5200,518.0000,503.0000,508.1700,518.9000,8542810,4336158375.4500,1,0,1.003885
2022-04-07,sz.300750,500.5500,505.0000,487.0500,495.2200,508.1700,11958082,5909983777.6400,1,0,1.003885
2022-04-08,sz.300750,492.7000,504.8700,489.0000,495.0000,495.2200,9357130,4635752788.2900,1,0,1.003885
2022-04-11,sz.300750,475.2700,478.0000,452.1000,459.0000,495.0000,20738205,9541686135.0400,1,0,1.003885
2022-04-12,sz.300750,460.7700,472.7800,460.5000,472.0000,459.0000,12498201,5825410117.3200,1,0,1.003885
2022-04-13,sz.300750,465.8900,481.8000,462.0000,466.0000,472.0000,9523122,4479994702.5300,1,0,1.003885
2022-04-14,sz.300750,475.0000,476.0000,454.0000,459.8000,466.0000,13752370,6360122750.6000,1,0,1.003885
2022-04-15,sz.300750,451.1400,456.9900,432.7700,450.8600,459.8000,19989104,8854163487.9400,1,0,1.003885
2022-04-18,sz.300750,442.0000,451.9800,435.3000,451.0000,450.8600,11957617,5318801159.4100,1,0,1.003885
2022-04-19,sz.300750,450.4600,459.5800,438.4500,440.2600,451.0000,14382133,6429594317.7500,1,0,1.003885
2022-04-20,sz.300750,439.0100,443.0000,405.7800,407.0000,440.2600,31199615,12923538889.3700,1,0,1.003885
2022-04-21,sz.300750,411.8800,417.5000,398.9000,409.1100,407.0000,21116568,8609961842.9600,1,0,1.003885
2022-04-22,sz.300750,408.0000,423.1800,405.0000,415.3400,409.1100,20136651,8387810458.1400,1,0,1.003885
2022-04-25,sz.300750,397.8000,406.1000,390.0000,390.1000,415.3400,21316508,8439172173.3100,1,0,1.003885
2022-04-26,sz.300750,386.1100,392.0000,377.0000,377.0000,390.1000,18510510,7103865395.4100,1,0,1.003885
2022-04-27,sz.300750,367.0000,408.7600,366.7400,407.0500,377.0000,31612406,12266669602.1300,1,0,1.003885
2022-04-28,sz.300750,399.9800,402.5000,382.0000,387.5000,407.0500,25917727,10137614863.2800,1,0,1.003885
2022-04-29,sz.300750,394.0000,409.9800,375.0200,409.3500,387.5000,33647657,13205553635.4100,1,0,1.003885
2022-05-05,sz.300750,365.0000,385.2800,353.0000,376.0000,409.3500,60277207,22255526266.5800,1,0,1.003885
2022-05-06,sz.300750,362.0000,386.7300,361.8200,375.9900,376.0000,24080095,9064522986.7800,1,0,1.003885
2022-05-09,sz.300750,374.0000,376.9600,363.7100,368.5000,375.9900,16668032,6152776454.9200,1,0,1.003885
2022-05-10,sz.300750,359.3000,385.0000,357.1400,379.1700,368.5000,24437791,9143581643.0300,1,0,1.003885
2022-05-11,sz.300750,379.9700,418.7800,379.5000,409.7500,379.1700,31753974,12827256128.6100,1,0,1.003885
2022-05-12,sz.300750,404.4000,409.2000,397.8800,403.5100,409.7500,13420805,5425822344.4300,1,0,1.003885
2022-05-13,sz.300750,407.0000,418.4500,400.5100,414.8000,403.5100,14854635,6105079498.1600,1,0,1.003885
2022-05-16,sz.300750,416.9900,427.8000,407.0100,407.0100,414.8000,14387809,5996721399.5600,1,0,1.003885
2022-05-17,sz.300750,409.9800,424.5800,408.2500,422.5600,407.0100,13889853,5834497816.1300,1,0,1.003885
2022-05-18,sz.300750,424.4400,426.0000,414.4400,419.0000,422.5600,10712014,4495183512.1400,1,0,1.003885
2022-05-19,sz.300750,414.4500,421.9000,408.6600,419.0000,419.0000,12632956,5249401699.0800,1,0,1.003885
2022-05-20,sz.300750,428.0000,432.0000,417.5000,426.9000,419.0000,15826754,6751273074.2400,1,0,1.003885
2022-05-23,sz.300750,426.9000,426.9000,410.0000,416.7000,426.9000,13791772,5750871726.5100,1,0,1.003885
2022-05-24,sz.300750,413.6600,413.6700,401.8300,402.0400,416.7000,15012680,6109883602.3800,1,0,1.003885
2022-05-25,sz.300750,404.5000,406.0600,394.5000,398.9800,402.0400,13934882,5567079615.2800,1,0,1.003885
2022-05-26,sz.300750,398.4900,401.8300,388.8800,390.0100,398.9800,14059810,5535883498.8900,1,0,1.003885
2022-05-27,sz.300750,396.0000,409.1400,392.1300,394.4000,390.0100,18780191,7541807254.3700,1,0,1.003885
2022-05-30,sz.300750,402.2900,407.2000,398.8000,401.8000,394.4000,12529544,5046715321.4100,1,0,1.003885
2022-05-31,sz.300750,399.9000,411.9900,393.5000,408.0000,401.8000,17799522,7205121141.2700,1,0,1.003885
2022-06-01,sz.300750,410.1000,431.0000,406.0000,425.0300,408.0000,19178459,8078892455.6800,1,0,1.003885
2022-06-02,sz.300750,422.7800,443.7800,421.0100,436.8000,425.0300,17447774,7640886792.4500,1,0,1.003885
2022-06-06,sz.300750,437.0000,469.0100,437.0000,465.9900,436.8000,19037806,8745175350.1500,1,0,1.003885
2022-06-07,sz.300750,465.1900,466.9900,450.8000,459.0000,465.9900,12759509,5850493850.2000,1,0,1.003885
2022-06-08,sz.300750,456.0000,460.0000,425.9900,460.0000,459.0000,40541428,17870045928.1900,1,0,1.003885
2022-06-09,sz.300750,445.0100,448.0000,430.5000,431.3500,460.0000,20255738,8867551604.3900,1,0,1.003885
2022-06-10,sz.300750,427.9700,455.8000,427.9700,454.0000,431.3500,24766336,11049948030.4300,1,0,1.003885
2022-06-13,sz.300750,444.0100,454.1800,438.2600,443.0300,454.0000,18621582,8285211256.4700,1,0,1.003885
2022-06-14,sz.300750,438.2200,442.6000,428.7000,441.8200,443.0300,17481068,7624999753.2600,1,0,1.003885
2022-06-15,sz.300750,452.0000,478.0000,446.1100,465.6600,441.8200,37861947,17488407041.3200,1,0,1.003885
2022-06-16,sz.300750,466.0000,474.1100,454.5100,460.3000,465.6600,24020226,11103375000.0600,1,0,1.003885
2022-06-17,sz.300750,452.3000,490.6800,451.2200,486.0600,460.3000,28293869,13595198657.5900,1,0,1.003885
2022-06-20,sz.300750,493.8300,516.1100,493.8300,506.5200,486.0600,25114285,12753850232.8900,1,0,1.003885
2022-06-21,sz.300750,504.0000,512.8800,496.1100,507.8500,506.5200,14566608,7338298827.8500,1,0,1.003885
2022-06-22,sz.300750,514.0000,522.2500,506.9000,507.0000,507.8500,14663173,7542601018.5500,1,0,1.003885
2022-06-23,sz.300750,515.0000,536.9700,511.8800,536.9700,507.0000,17713862,9275986878.0600,1,0,1.003885
2022-06-24,sz.300750,548.0000,563.5000,529.7900,563.5000,536.9700,19301235,10593589950.8800,1,0,1.003885
2022-06-27,sz.300750,563.9900,564.9700,544.9900,549.0000,563.5000,16623983,9200423080.1600,1,0,1.003885
2022-06-28,sz.300750,545.0000,549.3600,525.1000,544.0000,549.0000,18643267,9996283502.4100,1,0,1.003885
2022-06-29,sz.300750,532.9900,542.5000,525.9900,532.5400,544.0000,14582986,7781239268.3000,1,0,1.003885
2022-06-30,sz.300750,532.5200,539.8000,526.6700,534.0000,532.5400,13076119,6974435836.0100,1,0,1.003885
2022-07-01,sz.300750,532.9800,536.0000,517.7000,522.6400,534.0000,12292780,6449278118.4000,1,0,1.003885
2022-07-04,sz.300750,510.0100,525.6700,510.0000,522.0000,522.6400,12193209,6343210119.7000,1,0,1.003885
2022-07-05,sz.300750,524.5000,536.1700,512.6800,523.8700,522.0000,15459404,8098493521.1200,1,0,1.003885
2022-07-06,sz.300750,527.1100,533.4800,514.5800,522.0000,523.8700,13081352,6860550182.0400,1,0,1.003885
2022-07-07,sz.300750,531.8500,554.5500,531.0000,550.0000,522.0000,24601436,13437832045.4900,1,0,1.003885
2022-07-08,sz.300750,555.0000,564.9700,535.2300,541.0000,550.0000,16577009,9078792373.0300,1,0,1.003885
2022-07-11,sz.300750,534.2400,535.5000,516.3000,518.5000,541.0000,13807042,7190790421.8400,1,0,1.003885
2022-07-12,sz.300750,519.0000,525.3000,499.6200,503.6900,518.5000,15130247,7699493189.2800,1,0,1.003885
2022-07-13,sz.300750,508.3000,543.2300,501.7700,539.0000,503.6900,24564472,12933672939.7600,1,0,1.003885
2022-07-14,sz.300750,535.5000,562.0000,530.2500,556.0100,539.0000,19955644,10980995202.0900,1,0,1.003885
2022-07-15,sz.300750,549.5000,563.4500,533.0000,533.0000,556.0100,15862819,8689665142.0100,1,0,1.003885
2022-07-18,sz.300750,542.0000,552.0500,530.3500,551.6600,533.0000,14371055,7799775032.0000,1,0,1.003885
2022-07-19,sz.300750,550.5600,550.5600,524.0000,524.6100,551.6600,16308711,8687404438.9800,1,0,1.003885
2022-07-20,sz.300750,529.9800,535.1400,522.8600,526.0000,524.6100,7835906,4141353786.4800,1,0,1.003885
2022-07-21,sz.300750,523.0000,538.0500,518.2200,521.0000,526.0000,8807088,4636560562.4100,1,0,1.003885
2022-07-22,sz.300750,537.7200,543.9900,526.0400,532.0000,521.0000,14281747,7665508992.9000,1,0,1.003885
2022-07-25,sz.300750,532.0000,533.9500,519.0000,521.7500,532.0000,8648858,4524233836.3200,1,0,1.003885
2022-07-26,sz.300750,521.7800,528.0000,515.2500,522.0000,521.7500,7969269,4162433402.1400,1,0,1.003885
2022-07-27,sz.300750,521.5000,522.1000,511.2000,515.2000,522.0000,9335528,4814402385.8800,1,0,1.003885
2022-07-28,sz.300750,518.5000,526.7000,513.0200,515.6000,515.2000,9267516,4813731200.9900,1,0,1.003885
2022-07-29,sz.300750,523.9500,524.0000,503.1100,508.6000,515.6000,11912482,6111548922.4600,1,0,1.003885
2022-08-01,sz.300750,507.8700,535.8000,504.6000,534.9200,508.6000,16299226,8555439339.9500,1,0,1.003885
2022-08-02,sz.300750,522.2800,532.4400,519.4500,523.8700,534.9200,12143004,6378119035.2500,1,0,1.003885
2022-08-03,sz.300750,524.0000,533.8800,498.8000,504.0000,523.8700,17025569,8730930401.2500,1,0,1.003885
2022-08-04,sz.300750,507.0000,509.0900,495.1000,500.9000,504.0000,11365073,5688825506.5300,1,0,1.003885
2022-08-05,sz.300750,500.0000,513.9000,495.0000,505.6500,500.9000,12183074,6150342343.0400,1,0,1.003885
2022-08-08,sz.300750,496.0000,506.1800,489.0000,501.5000,505.6500,8964693,4476021798.2200,1,0,1.003885
2022-08-09,sz.300750,501.0000,518.6000,497.5000,511.5600,501.5000,11307870,5783358776.0000,1,0,1.003885
2022-08-10,sz.300750,510.1000,512.8000,500.0000,503.9800,511.5600,8049083,4052412586.0900,1,0,1.003885
2022-08-11,sz.300750,504.1400,513.0200,494.0000,510.0000,503.9800,9800710,4937131682.2200,1,0,1.003885
2022-08-12,sz.300750,510.2000,512.0000,497.9200,502.0000,510.0000,7383805,3710909399.3800,1,0,1.003885
2022-08-15,sz.300750,504.8900,523.0000,502.8800,516.1000,502.0000,13757541,7097079971.6600,1,0,1.003885
2022-08-16,sz.300750,519.9000,538.0000,518.1800,523.8000,516.1000,16097367,8515873353.3700,1,0,1.003885
2022-08-17,sz.300750,527.4800,549.9700,523.9800,547.0000,523.8000,18350657,9888546881.2000,1,0,1.003885
2022-08-18,sz.300750,547.0000,560.0000,542.4500,544.8000,547.0000,14280044,7867922329.7300,1,0,1.003885
2022-08-19,sz.300750,549.0000,549.6900,530.0200,532.0000,544.8000,10769608,5767786048.9700,1,0,1.003885
2022-08-22,sz.300750,534.0000,555.6600,527.2000,551.5300,532.0000,14305361,7811232130.1600,1,0,1.003885
2022-08-23,sz.300750,549.9800,564.6600,545.4500,556.8900,551.5300,13156177,7304906011.2400,1,0,1.003885
2022-08-24,sz.300750,573.0300,575.0000,522.0000,524.0000,556.8900,30068394,16294721095.1300,1,0,1.003885
2022-08-25,sz.300750,525.0000,526.5300,505.0900,514.0000,524.0000,18017523,9216432421.8600,1,0,1.003885
2022-08-26,sz.300750,513.0000,518.9800,503.0000,506.7800,514.0000,12216984,6216728234.8800,1,0,1.003885
2022-08-29,sz.300750,502.9900,506.7800,496.3200,502.0000,506.7800,11260993,5635359010.1200,1,0,1.003885
2022-08-30,sz.300750,502.0000,502.0000,485.8000,491.5000,502.0000,15616079,7672805176.8300,1,0,1.003885
2022-08-31,sz.300750,481.6900,489.8000,474.5200,483.0000,491.5000,17450158,8386004449.6000,1,0,1.003885
2022-09-01,sz.300750,480.0000,485.0000,466.6600,467.5400,483.0000,15476559,7331268725.6600,1,0,1.003885
2022-09-02,sz.300750,474.8800,476.0000,461.7800,466.2600,467.5400,11560877,5408298592.1700,1,0,1.003885
2022-09-05,sz.300750,462.0100,472.0000,459.0100,468.3600,466.2600,9110009,4237267562.7800,1,0,1.003885
2022-09-06,sz.300750,468.0000,468.3600,443.8800,455.2000,468.3600,27524567,12407748956.2200,1,0,1.003885
2022-09-07,sz.300750,451.4900,476.4900,450.0000,473.9200,455.2000,21677712,10095265237.2300,1,0,1.003885
2022-09-08,sz.300750,468.3500,471.0000,448.5000,449.5000,473.9200,21552631,9838886096.7000,1,0,1.003885
2022-09-09,sz.300750,452.6000,454.4300,446.5000,452.2200,449.5000,12246752,5523516959.1500,1,0,1.003885
2022-09-13,sz.300750,459.0000,460.2000,446.8500,456.9100,452.2200,10202890,4632953568.3200,1,0,1.003885
2022-09-14,sz.300750,450.0000,453.0000,428.2800,434.3000,456.9100,25893786,11348915618.3600,1,0,1.003885
2022-09-15,sz.300750,434.3000,435.0000,411.2000,414.3500,434.3000,25383594,10651219569.9900,1,0,1.003885
2022-09-16,sz.300750,414.3000,418.3000,409.0000,410.0000,414.3500,14963208,6192462419.5200,1,0,1.003885
2022-09-19,sz.300750,409.6300,421.6000,409.0400,413.6700,410.0000,13964359,5802232517.5100,1,0,1.003885
2022-09-20,sz.300750,418.0000,430.0000,415.0000,421.0100,413.6700,16569030,7024157606.9000,1,0,1.003885
2022-09-21,sz.300750,417.0000,423.4600,413.3700,420.3000,421.0100,8809861,3695152639.3600,1,0,1.003885
2022-09-22,sz.300750,415.3000,420.0000,406.0000,414.9900,420.3000,9642094,3992662500.7700,1,0,1.003885
2022-09-23,sz.300750,415.9600,424.8000,410.0500,417.3400,414.9900,12018488,5009444372.5100,1,0,1.003885
2022-09-26,sz.300750,413.0400,435.0000,413.0400,428.6600,417.3400,18835151,8081168715.1100,1,0,1.003885
2022-09-27,sz.300750,433.8900,435.3300,423.0100,429.5000,428.6600,11561928,4948766642.9500,1,0,1.003885
2022-09-28,sz.300750,427.0000,428.8300,412.7900,416.7900,428.8500,10697441,4464647185.6100,1,0,1.005407
2022-09-29,sz.300750,424.2200,425.5000,415.0800,419.0000,416.7900,8894778,3723447020.5900,1,0,1.005407
2022-09-30,sz.300750,419.2800,420.2000,400.5000,400.8900,419.0000,11814011,4808089720.0000,1,0,1.005407
2022-10-10,sz.300750,402.0000,404.5000,391.2300,392.8600,400.8900,11465353,4534844088.0900,1,0,1.005407
2022-10-11,sz.300750,404.0000,416.3000,402.8900,416.3000,392.8600,18444138,7582938837.5100,1,0,1.005407
2022-10-12,sz.300750,416.0000,438.2800,413.4900,437.8300,416.3000,18514747,7894831669.6100,1,0,1.005407
2022-10-13,sz.300750,434.0000,438.2800,429.0100,432.0000,437.8300,10443411,4521426256.2200,1,0,1.005407
2022-10-14,sz.300750,438.0000,442.3400,428.5800,436.9100,432.0000,13565344,5900627937.7100,1,0,1.005407
2022-10-17,sz.300750,433.0000,433.0000,420.7500,429.3500,436.9100,10537258,4492096854.7700,1,0,1.005407
2022-10-18,sz.300750,433.0300,438.8800,428.4400,429.5400,429.3500,9101920,3937490986.7300,1,0,1.005407
2022-10-19,sz.300750,430.0200,442.0000,429.6800,431.3400,429.5400,12333044,5381599273.5300,1,0,1.005407
2022-10-20,sz.300750,420.2800,423.6700,404.0000,415.0000,431.3400,17120183,7066412982.9800,1,0,1.005407
2022-10-21,sz.300750,408.0000,416.9600,407.2000,413.0000,415.0000,8259882,3412503680.6500,1,0,1.005407
2022-10-24,sz.300750,406.6200,414.0000,399.0100,404.0200,413.0000,14532727,5885833135.5100,1,0,1.005407
2022-10-25,sz.300750,403.0000,408.0700,391.9800,401.7000,404.0200,14039050,5599142147.2000,1,0,1.005407
2022-10-26,sz.300750,405.0000,408.5600,398.0800,401.0600,401.7000,14072386,5666134368.6400,1,0,1.005407
2022-10-27,sz.300750,398.0000,402.0700,390.0000,390.3000,401.0600,15281736,6026009209.1000,1,0,1.005407
2022-10-28,sz.300750,385.3000,387.5000,365.0000,365.5000,390.3000,24071225,8960919232.8900,1,0,1.005407
2022-10-31,sz.300750,360.0000,380.2200,356.5800,372.8800,365.5000,16554600,6168694636.8100,1,0,1.005407
2022-11-01,sz.300750,376.5000,388.8800,368.1200,386.2000,372.8800,19916486,7598072350.3900,1,0,1.005407
2022-11-02,sz.300750,385.0000,396.3900,380.0100,391.5000,386.2000,14266969,5554821785.3400,1,0,1.005407
2022-11-03,sz.300750,390.0000,394.0000,381.0300,384.1200,391.5000,14717451,5672637394.2900,1,0,1.005407
2022-11-04,sz.300750,385.8000,408.3100,384.0000,404.4000,384.1200,20971141,8386135000.9500,1,0,1.005407
2022-11-07,sz.300750,408.0000,414.5400,405.0000,410.5000,404.4000,14778112,6063354150.1000,1,0,1.005407
2022-11-08,sz.300750,410.5000,422.8000,403.5000,409.8000,410.5000,12080878,4982583901.0600,1,0,1.005407
2022-11-09,sz.300750,406.0000,407.5800,395.0000,397.0600,409.8000,10941091,4370881066.7200,1,0,1.005407
2022-11-10,sz.300750,393.0000,394.0000,384.0000,385.3000,397.0600,12924178,4995761138.0300,1,0,1.005407
2022-11-11,sz.300750,401.0000,405.6900,394.2200,402.4800,385.3000,19481969,7814365728.9600,1,0,1.005407
2022-11-14,sz.300750,404.1000,408.0000,385.5500,387.1800,402.4800,18481701,7242184171.9400,1,0,1.005407
2022-11-15,sz.300750,388.1600,397.4800,378.0000,396.1800,387.1800,17273987,6711717380.4500,1,0,1.005407
2022-11-16,sz.300750,393.0100,394.1800,383.2800,384.0700,396.1800,13603663,5261351647.1500,1,0,1.005407
2022-11-17,sz.300750,381.6200,381.9900,370.0100,375.1200,384.0700,14217164,5314975792.2800,1,0,1.005407
2022-11-18,sz.300750,378.0000,387.0000,371.0000,380.7900,375.1200,16407334,6269734685.9900,1,0,1.005407
2022-11-21,sz.300750,375.1200,385.8500,374.3000,382.4000,380.7900,8038709,3060476255.9800,1,0,1.005407
2022-11-22,sz.300750,380.0000,382.8700,373.0000,375.0000,382.4000,9836241,3701483129.4300,1,0,1.005407
2022-11-23,sz.300750,375.0000,382.8900,373.5000,379.5200,375.0000,8829427,3343581161.4300,1,0,1.005407
2022-11-24,sz.300750,383.1200,383.2200,375.0100,376.6200,379.5200,8546530,3229088100.3000,1,0,1.005407
2022-11-25,sz.300750,373.0600,375.0000,371.0000,372.2000,376.6200,6138945,2286870202.5700,1,0,1.005407
2022-11-28,sz.300750,365.0000,372.3100,360.0200,370.3100,372.2000,11114051,4052491291.7700,1,0,1.005407
2022-11-29,sz.300750,372.0100,381.4000,367.5000,377.9000,370.3100,11717222,4394005281.6800,1,0,1.005407
2022-11-30,sz.300750,379.0000,385.0000,372.1700,385.0000,377.9000,14041956,5331830945.8400,1,0,1.005407
2022-12-01,sz.300750,397.1500,402.1500,394.9200,395.2500,385.0000,20937498,8341109690.9300,1,0,1.005407
2022-12-02,sz.300750,397.0000,399.2900,391.8000,391.8800,395.2500,8292566,3280784282.2100,1,0,1.005407
2022-12-05,sz.300750,391.8800,396.8700,388.0000,392.3100,391.8800,12098474,4739442183.9700,1,0,1.005407
2022-12-06,sz.300750,389.1200,404.0400,389.0000,400.0200,392.3100,13661164,5426417622.5500,1,0,1.005407
2022-12-07,sz.300750,400.0000,421.6800,399.0000,418.3100,400.0200,24410839,10135126000.4700,1,0,1.005407
2022-12-08,sz.300750,418.3200,425.0000,414.0100,420.4700,418.3100,10433749,4388660430.7700,1,0,1.005407
2022-12-09,sz.300750,421.5800,425.7000,420.5000,424.6000,420.4700,9353940,3960316858.9000,1,0,1.005407
2022-12-12,sz.300750,421.1000,423.5300,414.1400,414.3500,424.6000,8789953,3671244196.2300,1,0,1.005407
2022-12-13,sz.300750,415.0000,415.9000,402.0500,405.4100,414.3500,11270707,4592141157.8600,1,0,1.005407
2022-12-14,sz.300750,410.0000,411.9500,399.2800,402.3000,405.4100,9197282,3697346495.0100,1,0,1.005407
2022-12-15,sz.300750,402.1100,424.1700,401.0000,423.8000,402.3000,17298775,7174962345.0400,1,0,1.005407
2022-12-16,sz.300750,418.5100,422.8000,413.8800,418.0100,423.8000,8942249,3733194675.7600,1,0,1.005407
2022-12-19,sz.300750,419.0000,430.1000,418.0600,420.4000,418.0100,10105860,4284899628.3500,1,0,1.005407
2022-12-20,sz.300750,420.0000,420.6000,409.0000,409.5200,420.4000,8120795,3362795549.3100,1,0,1.005407
2022-12-21,sz.300750,410.0000,412.4700,404.5100,406.8200,409.5200,5403052,2201256399.9100,1,0,1.005407
2022-12-22,sz.300750,410.9900,410.9900,400.0000,402.0000,406.8200,7390460,2976952976.8300,1,0,1.005407
2022-12-23,sz.300750,396.9000,402.8300,394.1000,398.4800,402.0000,7385760,2939594065.5400,1,0,1.005407
2022-12-26,sz.300750,398.4800,407.2500,391.1000,403.9200,398.4800,11512345,4606937089.5600,1,0,1.005407
2022-12-27,sz.300750,402.2300,405.9900,396.6600,403.5700,403.9200,8139710,3268646818.5400,1,0,1.005407
2022-12-28,sz.300750,398.0600,398.3000,380.2800,394.0000,403.5700,18529322,7206541527.1900,1,0,1.005407
2022-12-29,sz.300750,391.0000,397.8000,390.4000,393.9600,394.0000,9897472,3909060455.9100,1,0,1.005407
2022-12-30,sz.300750,398.5000,402.0000,393.0000,393.4200,393.9600,7405249,2943110661.9100,1,0,1.005407
2023-01-03,sz.300750,392.0000,392.5700,381.7200,389.6400,393.4200,10482036,4056787273.5000,1,0,1.005407
2023-01-04,sz.300750,386.5000,387.0000,382.0500,384.0100,389.6400,19602262,7527791631.3600,1,0,1.005407
2023-01-05,sz.300750,388.0000,410.1700,385.0100,407.5100,384.0100,26043260,10371713857.9700,1,0,1.005407
2023-01-06,sz.300750,406.0000,424.9800,404.0600,416.6600,407.5100,18392495,7641585134.1500,1,0,1.005407
2023-01-09,sz.300750,422.8800,422.8800,414.0000,416.6000,416.6600,12840302,5373244035.5600,1,0,1.005407
2023-01-10,sz.300750,417.6600,435.0000,413.3000,432.0000,416.6000,18260652,7781973489.7500,1,0,1.005407
2023-01-11,sz.300750,430.5000,436.0000,424.0000,427.8600,432.0000,12241806,5252326720.8500,1,0,1.005407
2023-01-12,sz.300750,432.0000,438.7800,429.6800,433.5000,427.8600,11136798,4837460192.5700,1,0,1.005407
2023-01-13,sz.300750,444.0000,452.5200,430.0000,439.5000,433.5000,20757496,9140635813.6500,1,0,1.005407
2023-01-16,sz.300750,438.5000,449.5000,435.1100,446.6300,439.5000,16809099,7451169294.7100,1,0,1.005407
2023-01-17,sz.300750,446.9300,451.8700,443.6100,445.6100,446.6300,9895801,4416180657.6200,1,0,1.005407
2023-01-18,sz.300750,448.5100,450.8800,443.1100,448.5000,445.6100,7344325,3292955688.4600,1,0,1.005407
2023-01-19,sz.300750,445.3300,451.5000,442.1900,446.7700,448.5000,7309990,3254123919.0400,1,0,1.005407
2023-01-20,sz.300750,446.7700,452.2000,444.2600,452.0000,446.7700,10765650,4841543970.5500,1,0,1.005407
2023-01-30,sz.300750,479.3700,490.5600,467.4700,470.6500,452.0000,21174307,10102385367.3600,1,0,1.005407
2023-01-31,sz.300750,469.8800,477.5000,462.4400,465.2000,470.6500,13954034,6565989151.2400,1,0,1.005407
2023-02-01,sz.300750,470.9900,479.3600,470.4800,476.8000,465.2000,11502167,5464594493.8100,1,0,1.005407
2023-02-02,sz.300750,478.8700,479.7000,464.8800,466.1000,476.8000,13455712,6339908128.4700,1,0,1.005407
2023-02-03,sz.300750,464.0000,466.2000,451.3800,456.2000,466.1000,12020001,5495174744.4200,1,0,1.005407
2023-02-06,sz.300750,452.0000,453.5200,441.0900,450.6000,456.2000,10752918,4811799061.1600,1,0,1.005407
2023-02-07,sz.300750,450.4900,453.8000,444.6600,448.1000,450.6000,7211237,3231274189.8000,1,0,1.005407
2023-02-08,sz.300750,449.6000,453.4500,445.0000,447.2100,448.1000,7329853,3293742443.5700,1,0,1.005407
2023-02-09,sz.300750,447.2100,455.9900,441.5000,452.9900,447.2100,8031440,3627030215.2700,1,0,1.005407
2023-02-10,sz.300750,453.0000,455.6800,445.0100,445.9500,452.9900,8397790,3773477538.5300,1,0,1.005407
2023-02-13,sz.300750,450.9800,461.5700,447.0100,460.0000,445.9500,13418543,6143224997.1500,1,0,1.005407
2023-02-14,sz.300750,469.0000,469.3000,445.7900,451.0500,460.0000,12812190,5816558282.0200,1,0,1.005407
2023-02-15,sz.300750,453.1000,457.0000,448.0000,448.6000,451.0500,7773387,3508461573.1100,1,0,1.005407
2023-02-16,sz.300750,451.9900,454.5000,438.0000,443.2000,448.6000,10091069,4514542232.0400,1,0,1.005407
2023-02-17,sz.300750,442.0000,442.0000,420.0000,420.1900,443.2000,21469551,9171648847.1200,1,0,1.005407
2023-02-20,sz.300750,416.0000,421.8800,406.3300,420.4700,420.1900,16829872,6992852566.6200,1,0,1.005407
2023-02-21,sz.300750,417.4800,422.4900,412.0000,415.0100,420.4700,13184596,5490561030.8800,1,0,1.005407
2023-02-22,sz.300750,409.0000,414.1000,406.6700,409.4700,415.0100,12363920,5069312343.6500,1,0,1.005407
2023-02-23,sz.300750,410.0000,415.1300,407.4000,413.2300,409.4700,9537265,3922375682.1700,1,0,1.005407
2023-02-24,sz.300750,411.0000,411.8000,404.0200,405.4000,413.2300,9989388,4060495069.8600,1,0,1.005407
2023-02-27,sz.300750,402.7300,405.4800,400.1000,401.1000,405.4000,9220633,3705001333.8700,1,0,1.005407
2023-02-28,sz.300750,403.9900,408.3000,401.5000,403.9000,401.1000,9323092,3769996772.1800,1,0,1.005407
2023-03-01,sz.300750,403.1000,414.1800,403.0300,411.7800,403.9000,12602005,5166296897.9400,1,0,1.005407
2023-03-02,sz.300750,409.5000,411.0000,396.2000,400.8000,411.7800,16145270,6483446930.1600,1,0,1.005407
2023-03-03,sz.300750,402.3000,405.7100,400.0000,402.3200,400.8000,8203090,3300669920.5000,1,0,1.005407
2023-03-06,sz.300750,402.1700,408.8700,392.0100,408.4200,402.3200,16626662,6674565924.0700,1,0,1.005407
2023-03-07,sz.300750,404.0000,408.9900,401.8300,402.2000,408.4200,9918350,4014218858.7700,1,0,1.005407
2023-03-08,sz.300750,400.0100,402.9300,395.1100,397.7300,402.2000,8129373,3231604462.3700,1,0,1.005407
2023-03-09,sz.300750,396.2000,401.2800,388.2400,397.0100,397.7300,8136684,3228769655.4700,1,0,1.005407
2023-03-10,sz.300750,401.6900,409.9300,395.9000,405.7900,397.0100,19142596,7722447890.1800,1,0,1.005407
2023-03-13,sz.300750,403.0300,406.6600,390.0000,392.0000,405.7900,18833197,7424578060.0500,1,0,1.005407
2023-03-14,sz.300750,390.8800,391.0000,378.0000,387.2300,392.0000,18484663,7095007800.0000,1,0,1.005407
2023-03-15,sz.300750,393.0000,395.7400,383.6200,388.0000,387.2300,12968291,5046344791.3600,1,0,1.005407
2023-03-16,sz.300750,384.0000,389.9100,383.5000,385.1100,388.0000,10113155,3897781767.8800,1,0,1.005407
2023-03-17,sz.300750,389.0000,389.9900,375.5000,375.9800,385.1100,20144747,7641555518.3800,1,0,1.005407
2023-03-20,sz.300750,374.5400,384.6000,368.0000,379.9500,375.9800,15836974,6002000932.0700,1,0,1.005407
2023-03-21,sz.300750,382.2000,394.1800,378.7000,393.7800,379.9500,17292373,6720740862.2600,1,0,1.005407
2023-03-22,sz.300750,398.7400,408.6600,397.0200,399.2000,393.7800,17687241,7125770900.7600,1,0,1.005407
2023-03-23,sz.300750,398.0000,401.9200,394.4300,398.3800,399.2000,10028867,3981184717.6800,1,0,1.005407
2023-03-24,sz.300750,398.4000,402.2600,390.0000,393.5800,398.3800,11765252,4645723682.2300,1,0,1.005407
2023-03-27,sz.300750,391.1100,398.6000,384.4200,396.5000,393.5800,16115721,6311744702.5600,1,0,1.005407
2023-03-28,sz.300750,394.0000,396.1800,390.2000,392.6000,396.5000,7590561,2976678086.1900,1,0,1.005407
2023-03-29,sz.300750,395.2100,404.2800,393.0300,400.1800,392.6000,13754611,5508159641.4800,1,0,1.005407
2023-03-30,sz.300750,400.9900,402.0000,397.3500,400.1100,400.1800,8681922,3465633464.9900,1,0,1.005407
2023-03-31,sz.300750,404.5000,414.9800,404.5000,406.0500,400.1100,19607572,8033742420.2300,1,0,1.005407
2023-04-03,sz.300750,406.1100,406.8000,396.0000,398.7100,406.0500,16763218,6698371580.7600,1,0,1.005407
2023-04-04,sz.300750,399.9900,399.9900,381.8100,388.0000,398.7100,20089701,7782699958.8700,1,0,1.005407
2023-04-06,sz.300750,384.0000,389.5500,380.1500,388.0200,388.0000,10581589,4064823971.1900,1,0,1.005407
2023-04-07,sz.300750,386.1500,394.0000,384.3600,390.5100,388.0200,10058114,3923098225.1300,1,0,1.005407
2023-04-10,sz.300750,393.8900,402.1100,388.0000,402.0100,390.5100,17237941,6844475287.4700,1,0,1.005407
2023-04-11,sz.300750,400.0100,409.8700,398.0000,399.9500,402.0100,14366294,5785418237.5400,1,0,1.005407
2023-04-12,sz.300750,400.0000,400.0000,392.0000,392.0100,399.9500,8736733,3443470020.8700,1,0,1.005407
2023-04-13,sz.300750,390.0000,391.3600,385.0000,388.2600,392.0100,10046445,3896072549.1200,1,0,1.005407
2023-04-14,sz.300750,387.9000,402.3700,387.5000,397.2900,388.2600,15923654,6337229777.1100,1,0,1.005407
2023-04-17,sz.300750,396.3300,410.0000,395.8000,407.8800,397.2900,17663158,7173869978.8200,1,0,1.005407
2023-04-18,sz.300750,407.8900,418.0000,407.2900,409.0000,407.8800,14060517,5793046443.7300,1,0,1.005407
2023-04-19,sz.300750,414.5000,414.8400,406.0000,410.3700,409.0000,11622355,4770263894.6300,1,0,1.005407
2023-04-20,sz.300750,410.3000,410.3000,396.0000,396.0000,410.3700,15843790,6335888038.9700,1,0,1.005407
2023-04-21,sz.300750,404.5000,414.9200,399.0000,404.9900,396.0000,25275978,10288953392.0200,1,0,1.005407
2023-04-24,sz.300750,405.1000,406.0000,392.8800,396.8800,404.9900,17377384,6922771298.2900,1,0,1.005407
2023-04-25,sz.300750,398.0000,398.0000,380.0000,385.9000,396.8800,16898929,6532955961.9700,1,0,1.005407
2023-04-26,sz.300750,213.0000,227.9500,210.0100,224.5000,212.9900,39707529,8801110231.2600,1,0,1.821618
2023-04-27,sz.300750,224.0000,232.4800,222.3100,231.0000,224.5000,33969078,7764148296.3400,1,0,1.821618
2023-04-28,sz.300750,234.0000,237.3300,226.8900,230.8500,231.0000,27104800,6269727389.4700,1,0,1.821618
2023-05-04,sz.300750,231.0000,232.5000,224.5500,225.5200,230.8500,19409080,4416464194.7600,1,0,1.821618
2023-05-05,sz.300750,225.0000,230.0000,223.7200,227.0000,225.5200,16740879,3793534213.0700,1,0,1.821618
2023-05-08,sz.300750,230.0000,233.7900,226.0600,230.8100,227.0000,22753135,5237667345.1300,1,0,1.821618
2023-05-09,sz.300750,230.3800,230.3800,224.0500,225.8300,230.8100,19653772,4447695097.7700,1,0,1.821618
2023-05-10,sz.300750,225.8000,234.2500,221.2100,232.5200,225.8300,28956810,6637247354.0800,1,0,1.821618
2023-05-11,sz.300750,232.5500,242.9800,231.2000,240.4000,232.5200,34747371,8292776226.8700,1,0,1.821618
2023-05-12,sz.300750,241.9900,244.5600,237.9800,237.9800,240.4000,22309979,5363787910.1700,1,0,1.821618
2023-05-15,sz.300750,241.0100,244.0000,235.1000,238.2900,237.9800,26706471,6408351582.3100,1,0,1.821618
2023-05-16,sz.300750,238.4000,240.9700,236.7700,239.0000,238.2900,13973953,3336944402.0500,1,0,1.821618
2023-05-17,sz.300750,239.0000,241.6800,236.0600,240.0000,239.0000,18246432,4350981986.9700,1,0,1.821618
2023-05-18,sz.300750,241.3000,241.3700,231.0400,232.4000,240.0000,24123880,5653225268.5900,1,0,1.821618
2023-05-19,sz.300750,231.7500,234.1800,230.0000,230.0000,232.4000,19472168,4503095902.7300,1,0,1.821618
2023-05-22,sz.300750,229.0000,232.5000,227.0000,230.3000,230.0000,14679114,3373155581.4300,1,0,1.821618
2023-05-23,sz.300750,230.8800,231.7100,225.1500,225.4200,230.3000,19613196,4466450818.9400,1,0,1.821618
2023-05-24,sz.300750,224.8000,228.5100,223.7200,225.2500,225.4200,14785735,3347225922.2400,1,0,1.821618
2023-05-25,sz.300750,224.8500,227.6800,222.4900,224.0900,225.2500,13753272,3096261721.0200,1,0,1.821618
2023-05-26,sz.300750,224.2000,224.5000,217.5000,220.0000,224.0900,18211695,4001016009.0200,1,0,1.821618
2023-05-29,sz.300750,222.2000,222.2200,215.6000,217.0600,220.0000,16537161,3599743503.6100,1,0,1.821618
2023-05-30,sz.300750,217.0000,224.9900,216.0100,224.9900,217.0600,26467083,5890767209.3100,1,0,1.821618
2023-05-31,sz.300750,225.0500,226.8900,220.1600,221.1700,224.9900,18869744,4194067555.1600,1,0,1.821618
2023-06-01,sz.300750,222.6400,228.0000,221.5100,222.9000,221.1700,15941049,3583431678.5600,1,0,1.821618
2023-06-02,sz.300750,224.9000,229.9900,224.0000,228.4400,222.9000,23181483,5283702827.0800,1,0,1.821618
2023-06-05,sz.300750,225.9000,225.9000,216.3900,219.8000,228.4400,33595114,7357059963.1800,1,0,1.821618
2023-06-06,sz.300750,218.0100,222.3000,216.9800,219.2800,219.8000,17242526,3782524816.1200,1,0,1.821618
2023-06-07,sz.300750,216.3800,216.5000,204.4500,207.3000,219.2800,50093939,10438080444.8300,1,0,1.821618
2023-06-08,sz.300750,212.7500,213.3000,207.0000,208.0100,207.3000,23857940,5007821210.1400,1,0,1.821618
2023-06-09,sz.300750,208.5500,213.1300,208.5500,212.0400,208.0100,24261728,5126984497.8900,1,0,1.821618
2023-06-12,sz.300750,211.9500,214.0000,208.9000,211.9500,212.0400,18131632,3835654848.6300,1,0,1.821618
2023-06-13,sz.300750,211.0100,213.9300,210.6800,213.1000,211.9500,13243699,2813381281.4300,1,0,1.821618
2023-06-14,sz.300750,217.1500,217.6300,213.0000,213.4000,213.1000,16362927,3508630636.2200,1,0,1.821618
2023-06-15,sz.300750,214.9900,230.8800,214.8900,230.8800,213.4000,50495682,11301760757.2700,1,0,1.821618
2023-06-16,sz.300750,232.0000,234.1700,228.3000,231.1000,230.8800,29639828,6849470339.8000,1,0,1.821618
2023-06-19,sz.300750,232.9900,232.9900,226.0000,227.8800,231.1000,18707081,4271126762.3000,1,0,1.821618
2023-06-20,sz.300750,227.8700,231.3100,225.7700,228.0000,227.8800,17960501,4094614886.1300,1,0,1.821618
2023-06-21,sz.300750,228.8100,230.5000,224.9000,224.9100,228.0000,17118438,3897370633.4500,1,0,1.821618
2023-06-26,sz.300750,219.9100,226.9500,219.6800,225.1700,224.9100,15910609,3564403987.1200,1,0,1.821618
2023-06-27,sz.300750,223.9800,226.3000,221.1800,223.4700,225.1700,13420648,2996519806.9100,1,0,1.821618
2023-06-28,sz.300750,222.2200,226.5000,222.0000,224.5000,223.4700,13558644,3044798943.1100,1,0,1.821618
2023-06-29,sz.300750,223.5100,226.9100,222.5000,222.5000,224.5000,9930233,2228285745.3800,1,0,1.821618
2023-06-30,sz.300750,223.9900,229.9900,220.3500,228.7900,222.5000,21551522,4901528280.4600,1,0,1.821618
2023-07-03,sz.300750,231.9500,233.9500,228.5500,229.8800,228.7900,15554352,3592766609.9500,1,0,1.821618
2023-07-04,sz.300750,228.5000,230.0500,227.6800,229.2500,229.8800,10155673,2322971861.7200,1,0,1.821618
2023-07-05,sz.300750,229.2600,230.4100,225.5000,227.5100,229.2500,8636414,1968738616.8300,1,0,1.821618
2023-07-06,sz.300750,227.0000,228.4800,223.9700,224.8500,227.5100,10283568,2323630148.9200,1,0,1.821618
2023-07-07,sz.300750,224.8000,224.8500,221.6000,222.2500,224.8500,9808377,2186457550.5900,1,0,1.821618
2023-07-10,sz.300750,223.0000,230.0000,223.0000,228.8000,222.2500,16093831,3674535624.5900,1,0,1.821618
2023-07-11,sz.300750,229.6500,229.9900,226.5800,229.0900,228.8000,9158787,2094183189.2700,1,0,1.821618
2023-07-12,sz.300750,228.5000,229.4000,226.5000,226.9900,229.0900,8693260,1976029055.3400,1,0,1.821618
2023-07-13,sz.300750,228.2100,235.0000,228.2100,230.0000,226.9900,22257672,5166809845.9400,1,0,1.821618
2023-07-14,sz.300750,230.1500,230.9300,226.5500,228.2800,230.0000,13004091,2971007805.7900,1,0,1.821618
2023-07-17,sz.300750,227.0100,228.0000,223.6000,225.6500,228.2800,10452522,2354412853.9800,1,0,1.821618
2023-07-18,sz.300750,227.8000,227.8800,224.5000,225.5000,225.6500,8575776,1934097473.9000,1,0,1.821618
2023-07-19,sz.300750,224.0000,224.9500,218.5800,219.5000,225.5000,17600182,3880774172.3600,1,0,1.821618
2023-07-20,sz.300750,219.0000,226.6900,219.0000,221.0500,219.5000,14441648,3226693428.1700,1,0,1.821618
2023-07-21,sz.300750,220.8500,222.9800,219.7600,221.5900,221.0500,8393526,1858027959.3400,1,0,1.821618
2023-07-24,sz.300750,217.1500,220.8800,214.1400,218.9800,221.5900,13719339,2990356786.5000,1,0,1.821618
2023-07-25,sz.300750,224.9000,227.6400,221.0200,226.3500,218.9800,19286245,4336672443.8400,1,0,1.821618
2023-07-26,sz.300750,225.1200,227.0000,223.6600,226.6600,226.3500,15456786,3484702635.4700,1,0,1.821618
2023-07-27,sz.300750,231.0000,232.8800,226.8800,226.9800,226.6600,20859235,4786800627.7900,1,0,1.821618
2023-07-28,sz.300750,226.9800,231.0000,225.0500,230.0500,226.9800,18803095,4304001295.0300,1,0,1.821618
2023-07-31,sz.300750,234.0000,239.5000,233.1000,237.7500,230.0500,29902754,7103701374.9100,1,0,1.821618
2023-08-01,sz.300750,237.4000,239.1000,234.5000,235.5000,237.7500,15615168,3695389756.8100,1,0,1.821618
2023-08-02,sz.300750,237.0000,239.4900,235.5000,236.5000,235.5000,14147185,3350493844.7800,1,0,1.821618
2023-08-03,sz.300750,236.0000,239.9700,235.5300,239.1400,236.5000,16180526,3859823088.5300,1,0,1.821618
2023-08-04,sz.300750,245.0000,249.9600,241.1100,245.5100,239.1400,31569675,7737835221.3100,1,0,1.821618
2023-08-07,sz.300750,244.5000,246.9400,243.3100,246.4900,245.5100,14927749,3665507786.2600,1,0,1.821618
2023-08-08,sz.300750,245.9800,249.3300,244.8800,247.1400,246.4900,15066676,3733050028.8400,1,0,1.821618
2023-08-09,sz.300750,245.5000,247.6800,243.1400,247.0000,247.1400,11684661,2873152335.3400,1,0,1.821618
2023-08-10,sz.300750,247.9000,251.3300,244.1200,246.5000,247.0000,14040964,3469375410.8400,1,0,1.821618
2023-08-11,sz.300750,248.9500,248.9500,241.5000,241.5000,246.5000,17204064,4212036439.7300,1,0,1.821618
2023-08-14,sz.300750,239.2000,239.9800,230.2100,232.9000,241.5000,25693218,6000203547.3000,1,0,1.821618
2023-08-15,sz.300750,232.8800,234.6000,229.4000,231.3000,232.9000,14610073,3378905588.3100,1,0,1.821618
2023-08-16,sz.300750,231.5200,234.3800,230.1100,232.6000,231.3000,14009045,3263663519.3600,1,0,1.821618
2023-08-17,sz.300750,234.9900,236.5000,228.8800,235.2500,232.6000,20442773,4767790092.0500,1,0,1.821618
2023-08-18,sz.300750,235.2900,239.1200,234.4200,235.8700,235.2500,16769998,3977909566.3500,1,0,1.821618
2023-08-21,sz.300750,233.9900,235.8700,232.2000,232.9600,235.8700,10780439,2524111214.4700,1,0,1.821618
2023-08-22,sz.300750,234.8000,235.1800,227.5100,230.7500,232.9600,15188941,3507619500.4900,1,0,1.821618
2023-08-23,sz.300750,230.7000,231.9000,227.0000,227.5000,230.7500,11874911,2721026997.6700,1,0,1.821618
2023-08-24,sz.300750,228.8800,231.5400,226.5000,228.9500,227.5000,14157716,3254958699.7500,1,0,1.821618
2023-08-25,sz.300750,227.9300,229.9700,225.8100,228.3400,228.9500,11185129,2549494197.0000,1,0,1.821618
2023-08-28,sz.300750,241.5000,243.9600,229.5000,230.5000,228.3400,22311515,5230083379.8100,1,0,1.821618
2023-08-29,sz.300750,231.2000,243.0000,230.9200,238.5000,230.5000,29174995,6966379985.5700,1,0,1.821618
2023-08-30,sz.300750,239.4000,242.0000,237.5000,237.5000,238.5000,14591637,3492477897.8300,1,0,1.821618
2023-08-31,sz.300750,237.1000,238.5000,236.1300,236.5500,237.5000,9671527,2294576162.0400,1,0,1.821618
2023-09-01,sz.300750,236.6000,239.5100,234.6000,236.4000,236.5500,9101132,2157778480.9000,1,0,1.821618
2023-09-04,sz.300750,238.2100,238.7600,233.4000,237.6500,236.4000,14052387,3327817522.4300,1,0,1.821618
2023-09-05,sz.300750,237.0000,239.5000,236.1600,236.8200,237.6500,11581665,2752197345.2600,1,0,1.821618
2023-09-06,sz.300750,236.0500,237.1700,232.8000,234.4200,236.8200,12474783,2921536581.5400,1,0,1.821618
2023-09-07,sz.300750,233.0000,233.7500,226.5100,226.5100,234.4200,19266090,4405103044.4400,1,0,1.821618
2023-09-08,sz.300750,225.0000,227.2000,220.5000,222.9400,226.5100,16499443,3670618814.6200,1,0,1.821618
2023-09-11,sz.300750,222.9000,223.5500,219.6800,221.5300,222.9400,17060897,3774798958.6500,1,0,1.821618
2023-09-12,sz.300750,222.0000,222.4100,217.5400,217.9300,221.5300,18231209,3994776422.1300,1,0,1.821618
2023-09-13,sz.300750,217.0000,219.1500,215.0300,216.6000,217.9300,15135693,3278699755.0900,1,0,1.821618
2023-09-14,sz.300750,213.6800,216.3000,213.0300,214.9300,216.6000,18294104,3919045406.3800,1,0,1.821618
2023-09-15,sz.300750,212.0000,214.0000,206.6000,207.7600,214.9300,33679992,7033151411.1100,1,0,1.821618
2023-09-18,sz.300750,206.0000,214.6900,206.0000,213.0600,207.7600,26593485,5645065103.3200,1,0,1.821618
2023-09-19,sz.300750,213.0600,213.4800,210.6000,212.3200,213.0600,15024395,3183848137.2800,1,0,1.821618
2023-09-20,sz.300750,213.0000,213.3300,208.6800,209.9000,212.3200,13087485,2750166643.0800,1,0,1.821618
2023-09-21,sz.300750,210.0100,210.9500,206.6700,206.7300,209.9000,16214929,3368171869.9300,1,0,1.821618
2023-09-22,sz.300750,205.5000,211.4500,205.5000,210.9300,206.7300,22509065,4696859644.0100,1,0,1.821618
2023-09-25,sz.300750,213.0200,213.6200,208.7100,209.2800,210.9300,13605355,2864421900.0000,1,0,1.821618
2023-09-26,sz.300750,206.6700,207.3500,203.5000,204.5000,209.2800,20253782,4150919714.5500,1,0,1.821618
2023-09-27,sz.300750,206.3000,208.4900,202.4500,203.6600,204.5000,21848959,4470658972.5500,1,0,1.821618
2023-09-28,sz.300750,204.0000,206.5000,202.5800,203.0300,203.6600,15809524,3223265861.0700,1,0,1.821618
2023-10-09,sz.300750,201.0000,201.2800,193.0000,195.5000,203.0300,33742826,6617775154.2900,1,0,1.821618
2023-10-10,sz.300750,197.8800,198.0000,194.7200,194.7200,195.5000,19865460,3895932691.6200,1,0,1.821618
2023-10-11,sz.300750,197.8700,198.6000,194.1000,194.7700,194.7200,20248245,3964353022.6100,1,0,1.821618
2023-10-12,sz.300750,195.0100,197.8000,194.0000,195.9400,194.7700,24205912,4744179131.3200,1,0,1.821618
2023-10-13,sz.300750,193.8500,194.8300,189.6000,190.6000,195.9400,28422238,5429864563.1500,1,0,1.821618
2023-10-16,sz.300750,190.3400,190.5300,183.9100,184.7600,190.6000,24683649,4603170882.7000,1,0,1.821618
2023-10-17,sz.300750,185.5100,189.3000,184.5700,185.4400,184.7600,21558300,4027297387.8200,1,0,1.821618
2023-10-18,sz.300750,185.1000,188.2500,183.6000,186.3000,185.4400,17651925,3284047971.3100,1,0,1.821618
2023-10-19,sz.300750,184.4100,185.6800,182.2800,182.7000,186.3000,17454160,3209465700.0900,1,0,1.821618
2023-10-20,sz.300750,179.0000,187.6900,179.0000,181.0000,182.7000,30026893,5478351217.1200,1,0,1.821618
2023-10-23,sz.300750,180.3000,180.3000,175.8000,177.2600,181.0000,20223321,3597554198.2000,1,0,1.821618
2023-10-24,sz.300750,178.0000,179.2000,175.3000,176.4200,177.2600,24379459,4310104361.2100,1,0,1.821618
2023-10-25,sz.300750,178.2000,179.5000,175.6800,175.9800,176.4200,21534181,3818928277.2300,1,0,1.821618
2023-10-26,sz.300750,174.0000,178.3000,168.8100,178.0700,175.9800,41420567,7175542946.8100,1,0,1.821618
2023-10-27,sz.300750,177.8500,185.8800,176.0200,184.7200,178.0700,47795283,8729936697.8000,1,0,1.821618
2023-10-30,sz.300750,187.0000,189.8800,184.8000,188.0200,184.7200,32259492,6050993028.9600,1,0,1.821618
2023-10-31,sz.300750,186.6800,187.2200,184.6000,185.6000,188.0200,18152535,3369355372.2900,1,0,1.821618
2023-11-01,sz.300750,185.7900,190.3000,184.5000,187.5400,185.6000,19727265,3695120175.7500,1,0,1.821618
2023-11-02,sz.300750,188.5000,189.8800,185.5700,185.5700,187.5400,13762677,2577685558.5000,1,0,1.821618
2023-11-03,sz.300750,186.0000,188.6800,184.6000,187.4400,185.5700,14365450,2683301612.3500,1,0,1.821618
2023-11-06,sz.300750,188.5700,197.1000,188.4500,197.0800,187.4400,34968430,6798069246.6200,1,0,1.821618
2023-11-07,sz.300750,195.9900,196.1100,190.1200,191.2400,197.0800,26080293,5008846046.1500,1,0,1.821618
2023-11-08,sz.300750,190.1800,192.9400,190.0000,191.8400,191.2400,14652166,2809047604.8900,1,0,1.821618
2023-11-09,sz.300750,190.6300,192.5800,190.5300,191.4500,191.8400,10997097,2104229338.2100,1,0,1.821618
2023-11-10,sz.300750,189.0000,189.9700,188.0500,189.0300,191.4500,11609956,2189830819.3500,1,0,1.821618
2023-11-13,sz.300750,192.0000,192.2000,187.0200,187.8500,189.0300,12519595,2362258976.0400,1,0,1.821618
2023-11-14,sz.300750,187.8500,188.8000,183.0000,183.6800,187.8500,23488284,4346598777.4700,1,0,1.821618
2023-11-15,sz.300750,186.8900,188.5900,183.5800,184.4800,183.6800,23807191,4423251194.8200,1,0,1.821618
2023-11-16,sz.300750,185.4800,185.4900,180.1000,181.1500,184.4800,17466200,3180032494.6100,1,0,1.821618
2023-11-17,sz.300750,179.8500,181.2500,179.4900,180.7300,181.1500,11084035,2000359414.0400,1,0,1.821618
2023-11-20,sz.300750,180.7400,181.8000,179.0100,180.3000,180.7300,12408719,2235037632.5800,1,0,1.821618
2023-11-21,sz.300750,182.0000,184.0000,180.0100,180.6100,180.3000,19766221,3601130909.8600,1,0,1.821618
2023-11-22,sz.300750,179.5500,181.3000,177.0000,177.0000,180.6100,18688569,3332638164.0000,1,0,1.821618
2023-11-23,sz.300750,176.0100,177.7000,174.8900,177.7000,177.0000,15720253,2771265524.6300,1,0,1.821618
2023-11-24,sz.300750,177.0300,178.2000,174.5000,175.0000,177.7000,16621248,2918741661.2800,1,0,1.821618
2023-11-27,sz.300750,174.2900,174.5000,170.6000,170.7000,175.0000,18422007,3161041987.5400,1,0,1.821618
2023-11-28,sz.300750,170.0300,171.9700,168.8700,171.9200,170.7000,20210730,3443539749.6600,1,0,1.821618
2023-11-29,sz.300750,171.0000,171.3800,166.3700,166.8500,171.9200,25188527,4235346582.0800,1,0,1.821618
2023-11-30,sz.300750,165.2200,168.6600,164.4900,167.0000,166.8500,23027161,3834512348.6900,1,0,1.821618
2023-12-01,sz.300750,167.2900,167.7000,164.4300,165.5000,167.0000,16962209,2816101715.1600,1,0,1.821618
2023-12-04,sz.300750,163.5000,164.4400,161.2400,161.6500,165.5000,23930401,3892529224.8600,1,0,1.821618
2023-12-05,sz.300750,160.1500,162.3700,158.6500,158.8100,161.6500,24807739,3978910664.0800,1,0,1.821618
2023-12-06,sz.300750,158.6500,166.8600,158.2200,162.8800,158.8100,36769276,6024339619.7500,1,0,1.821618
2023-12-07,sz.300750,162.0000,166.3600,161.6000,164.4900,162.8800,26908427,4410841808.1700,1,0,1.821618
2023-12-08,sz.300750,165.0000,166.3300,163.1200,163.5900,164.4900,24502047,4030383346.8500,1,0,1.821618
2023-12-11,sz.300750,162.0100,165.6900,160.1600,165.3500,163.5900,21489569,3497265739.5000,1,0,1.821618
2023-12-12,sz.300750,164.0000,165.2200,162.9800,163.6300,165.3500,14733877,2415527908.8500,1,0,1.821618
2023-12-13,sz.300750,162.5500,163.5900,158.7100,159.3500,163.6300,25259399,4045085653.7700,1,0,1.821618
2023-12-14,sz.300750,160.8800,161.4900,156.4400,156.6300,159.3500,22751400,3596263195.6300,1,0,1.821618
2023-12-15,sz.300750,157.2000,158.6800,154.6000,155.0000,156.6300,20204635,3158101585.2900,1,0,1.821618
2023-12-18,sz.300750,153.1100,153.6900,146.2800,146.9700,155.0000,42912920,6398809829.4800,1,0,1.821618
2023-12-19,sz.300750,146.3100,149.9800,146.2700,149.0000,146.9700,25185181,3734066912.7800,1,0,1.821618
2023-12-20,sz.300750,149.2000,151.2000,148.3200,148.4500,149.0000,21249368,3174602188.4200,1,0,1.821618
2023-12-21,sz.300750,147.5700,155.3300,147.5700,154.3900,148.4500,42131501,6433383992.7300,1,0,1.821618
2023-12-22,sz.300750,153.5000,158.4100,152.2000,156.2900,154.3900,28032127,4359921761.5200,1,0,1.821618
2023-12-25,sz.300750,155.5000,157.8800,154.8000,157.5400,156.2900,13005608,2036117775.2700,1,0,1.821618
2023-12-26,sz.300750,156.9700,157.5000,154.7400,156.1300,157.5400,12767252,1994477782.0700,1,0,1.821618
2023-12-27,sz.300750,157.5300,158.0000,153.8700,154.3300,156.1300,17356460,2686313989.0600,1,0,1.821618
2023-12-28,sz.300750,154.2200,163.1600,153.5700,162.9900,154.3300,37850179,6079407754.8700,1,0,1.821618
2023-12-29,sz.300750,163.9800,165.0000,162.0000,163.2600,162.9900,22683782,3707101874.0400,1,0,1.821618
2024-01-02,sz.300750,162.2200,162.5300,156.6200,156.8300,163.2600,21403268,3390080350.2100,1,0,1.821618
2024-01-03,sz.300750,156.1000,157.2800,154.4000,155.8000,156.8300,19757581,3070016674.0700,1,0,1.821618
2024-01-04,sz.300750,155.5000,155.7200,149.7700,151.2000,155.8000,27241762,4114835334.9300,1,0,1.821618
2024-01-05,sz.300750,150.9900,154.7300,149.4900,150.9000,151.2000,21035318,3195235676.6700,1,0,1.821618
2024-01-08,sz.300750,150.2000,153.3900,149.0800,150.0000,150.9000,19385405,2926528361.7500,1,0,1.821618
2024-01-09,sz.300750,149.9600,151.3700,145.7500,148.7000,150.0000,23391625,3473507460.2300,1,0,1.821618
2024-01-10,sz.300750,146.9400,153.1100,146.5500,150.6600,148.7000,23211960,3500326619.8900,1,0,1.821618
2024-01-11,sz.300750,150.6600,157.7700,148.5100,154.8200,150.6600,32801802,5037065544.2500,1,0,1.821618
2024-01-12,sz.300750,154.0000,157.3300,152.2000,154.6300,154.8200,25462228,3943737150.6300,1,0,1.821618
2024-01-15,sz.300750,153.5000,153.7000,149.3500,151.7000,154.6300,17272193,2618158007.7200,1,0,1.821618
2024-01-16,sz.300750,151.6600,157.2500,150.5600,156.9500,151.7000,28469270,4421625828.6500,1,0,1.821618
2024-01-17,sz.300750,156.8600,156.8600,151.7500,152.2400,156.9500,21761525,3343384131.7600,1,0,1.821618
2024-01-18,sz.300750,150.1000,155.2000,150.0100,154.6100,152.2400,30778779,4688436698.4100,1,0,1.821618
2024-01-19,sz.300750,153.8000,157.8900,153.4000,154.9000,154.6100,26594908,4136034233.3400,1,0,1.821618
2024-01-22,sz.300750,153.5000,159.9500,150.6500,155.6600,154.9000,40488810,6323471152.6200,1,0,1.821618
2024-01-23,sz.300750,155.0000,158.8000,153.1900,153.9100,155.6600,32305895,5033058276.4000,1,0,1.821618
2024-01-24,sz.300750,154.5000,154.9900,149.5100,153.4800,153.9100,24870983,3776131708.0600,1,0,1.821618
2024-01-25,sz.300750,152.0000,155.1000,149.7100,155.0000,153.4800,29479609,4503492567.8800,1,0,1.821618
2024-01-26,sz.300750,152.5000,154.4800,150.0000,150.0000,155.0000,27181270,4118576147.8100,1,0,1.821618
2024-01-29,sz.300750,149.4400,150.7800,147.0200,147.0200,150.0000,21767500,3235910042.9200,1,0,1.821618
2024-01-30,sz.300750,145.5000,147.4400,140.4000,140.7500,147.0200,32727425,4680164654.3200,1,0,1.821618
2024-01-31,sz.300750,145.0000,152.9600,144.0000,151.5900,140.7500,59522108,8943013792.7600,1,0,1.821618
2024-02-01,sz.300750,151.5800,152.5200,148.5800,149.0200,151.5900,27968844,4197978843.1700,1,0,1.821618
2024-02-02,sz.300750,148.0000,149.0000,143.3700,146.0000,149.0200,30706037,4494266567.6800,1,0,1.821618
2024-02-05,sz.300750,142.6100,154.5000,142.3000,151.9400,146.0000,47132613,7035622773.0500,1,0,1.821618
2024-02-06,sz.300750,151.1900,159.2600,150.8200,158.3300,151.9400,43745926,6828296924.0600,1,0,1.821618
2024-02-07,sz.300750,158.0000,159.7900,156.0000,159.6000,158.3300,36607040,5800699416.4500,1,0,1.821618
2024-02-08,sz.300750,159.5000,165.0000,158.8800,162.8400,159.6000,30901156,5016344779.0400,1,0,1.821618
2024-02-19,sz.300750,164.9600,164.9600,159.0900,160.0900,162.8400,27092476,4355156562.9500,1,0,1.821618
2024-02-20,sz.300750,161.8800,161.8800,156.0700,158.3300,160.0900,22194791,3506366283.1100,1,0,1.821618
2024-02-21,sz.300750,157.3800,163.3000,156.3400,161.2000,158.3300,25782663,4135575623.9600,1,0,1.821618
2024-02-22,sz.300750,161.3300,161.3300,158.8800,160.3500,161.2000,20955947,3349275886.9700,1,0,1.821618
2024-02-23,sz.300750,161.9700,162.0000,159.0600,160.5000,160.3500,21017639,3368773226.4600,1,0,1.821618
2024-02-26,sz.300750,159.2300,159.9900,154.7000,156.0000,160.5000,36066425,5638931754.2900,1,0,1.821618
2024-02-27,sz.300750,155.0800,157.8500,154.5400,157.8300,156.0000,29040075,4531078101.3100,1,0,1.821618
2024-02-28,sz.300750,158.1800,163.3000,157.0100,157.0100,157.8300,40091711,6423464926.2700,1,0,1.821618
2024-02-29,sz.300750,156.1000,163.7700,155.6600,163.5100,157.0100,39167504,6315294345.2700,1,0,1.821618
2024-03-01,sz.300750,163.5300,165.5600,162.4000,164.5500,163.5100,28101336,4610970231.3500,1,0,1.821618
2024-03-04,sz.300750,165.0000,167.8600,162.7700,163.9000,164.5500,26808577,4424835389.7400,1,0,1.821618
2024-03-05,sz.300750,162.1000,165.2000,160.0000,164.6500,163.9000,27549599,4478109343.9100,1,0,1.821618
2024-03-06,sz.300750,162.5800,166.9000,161.7000,163.6400,164.6500,18718009,3067856204.7900,1,0,1.821618
2024-03-07,sz.300750,163.0000,164.1700,159.4800,160.1500,163.6400,22145021,3568786297.0000,1,0,1.821618
2024-03-08,sz.300750,159.1300,160.8000,156.6500,158.0000,160.1500,20217023,3194520067.0200,1,0,1.821618
2024-03-11,sz.300750,165.0000,181.6500,164.1000,180.8500,158.0000,76335047,13248182793.0200,1,0,1.821618
2024-03-12,sz.300750,183.3400,186.4300,180.0000,185.8400,180.8500,62164900,11428112945.3400,1,0,1.821618
2024-03-13,sz.300750,187.0000,187.6900,183.3000,185.1800,185.8400,34795798,6444102061.7200,1,0,1.821618
2024-03-14,sz.300750,184.8900,187.9600,182.9600,183.8100,185.1800,30535646,5642924971.2600,1,0,1.821618
2024-03-15,sz.300750,183.6300,183.9000,176.8500,181.0000,183.8100,35483644,6371462215.2000,1,0,1.821618
2024-03-18,sz.300750,190.0400,193.7600,188.9500,190.9600,181.0000,48305173,9229188790.0800,1,0,1.821618
2024-03-19,sz.300750,190.4900,192.3000,186.6000,187.2500,190.9600,26957576,5099068938.6700,1,0,1.821618
2024-03-20,sz.300750,185.5100,191.2400,185.5100,189.4800,187.2500,21031584,3987105281.5900,1,0,1.821618
2024-03-21,sz.300750,189.5100,191.8800,189.0800,189.0800,189.4800,18756720,3571619013.5900,1,0,1.821618
2024-03-22,sz.300750,189.0900,189.9100,184.9900,186.5100,189.0800,19103367,3563063417.1200,1,0,1.821618
2024-03-25,sz.300750,185.5700,188.2000,184.4800,184.8000,186.5100,16413365,3046334226.2800,1,0,1.821618
2024-03-26,sz.300750,185.7000,193.1300,185.6900,191.8000,184.8000,30247308,5746016495.9500,1,0,1.821618
2024-03-27,sz.300750,191.7400,191.7500,188.0000,188.0000,191.8000,20645704,3910050276.4000,1,0,1.821618
2024-03-28,sz.300750,188.0700,191.7000,186.6000,188.7800,188.0000,20036725,3792149244.8200,1,0,1.821618
2024-03-29,sz.300750,190.3000,195.0000,189.3800,190.1600,188.7800,16464806,3154024728.7300,1,0,1.821618
2024-04-01,sz.300750,194.0000,199.8300,193.4000,197.8400,190.1600,27513187,5438688735.1700,1,0,1.821618
2024-04-02,sz.300750,198.1000,201.5700,196.5000,199.7000,197.8400,24038110,4793028386.5000,1,0,1.821618
2024-04-03,sz.300750,198.9400,198.9500,194.6000,197.6500,199.7000,23489041,4635543375.8300,1,0,1.821618
2024-04-08,sz.300750,197.6500,199.9000,194.6000,194.6000,197.6500,18957556,3729974586.6600,1,0,1.821618
2024-04-09,sz.300750,194.0000,196.5000,193.7100,196.0000,194.6000,14570001,2845224466.8800,1,0,1.821618
2024-04-10,sz.300750,194.1100,195.0000,191.5300,192.7400,196.0000,17961495,3459617610.9100,1,0,1.821618
2024-04-11,sz.300750,190.8100,194.3000,187.0000,192.6000,192.7400,19295444,3681659227.9600,1,0,1.821618
2024-04-12,sz.300750,191.0000,191.9800,188.0100,188.3900,192.6000,16625645,3153751598.8100,1,0,1.821618
2024-04-15,sz.300750,193.8500,197.1400,191.8600,197.1400,188.3900,30548250,5978911501.3200,1,0,1.821618
2024-04-16,sz.300750,199.0000,199.3000,194.9200,197.1500,197.1400,27623120,5450235800.7300,1,0,1.821618
2024-04-17,sz.300750,195.3500,196.9300,193.0200,195.9900,197.1500,21619164,4211033978.0600,1,0,1.821618
2024-04-18,sz.300750,193.9700,197.4500,191.3900,195.5600,195.9900,19539576,3808772286.5100,1,0,1.821618
2024-04-19,sz.300750,193.0600,194.4600,189.5100,190.8000,195.5600,18491472,3533488436.0500,1,0,1.821618
2024-04-22,sz.300750,192.8000,194.8900,190.5700,190.6000,190.8000,15098743,2903026005.6900,1,0,1.821618
2024-04-23,sz.300750,191.1300,192.5000,187.8800,189.9300,190.6000,11113796,2113386949.5100,1,0,1.821618
2024-04-24,sz.300750,192.0000,192.4000,186.4000,189.6000,189.9300,15154279,2865374635.4800,1,0,1.821618
2024-04-25,sz.300750,188.5700,194.3500,187.8900,193.2000,189.6000,16418323,3150746112.0000,1,0,1.821618
2024-04-26,sz.300750,192.0100,198.8800,192.0100,198.4800,193.2000,22488071,4413524312.7100,1,0,1.821618
2024-04-29,sz.300750,200.5700,213.5000,200.0000,209.6300,198.4800,43863035,9119637969.0400,1,0,1.821618
2024-04-30,sz.300750,205.7600,205.7600,202.0000,202.6000,204.6200,21433024,4377316692.3600,1,0,1.866219
2024-05-06,sz.300750,211.0000,211.7000,206.0300,206.9800,202.6000,27099899,5634660009.9100,1,0,1.866219
2024-05-07,sz.300750,206.1800,207.8800,205.1500,206.8800,206.9800,13179902,2722386147.5300,1,0,1.866219
2024-05-08,sz.300750,207.0000,207.8000,203.1100,203.2300,206.8800,12432997,2544539625.5600,1,0,1.866219
2024-05-09,sz.300750,206.2700,210.5100,206.2000,209.4000,203.2300,21921628,4575999960.0600,1,0,1.866219
2024-05-10,sz.300750,209.4000,209.4000,203.0000,203.5000,209.4000,22801132,4675581900.3500,1,0,1.866219
2024-05-13,sz.300750,196.3000,201.7700,195.5100,199.3500,203.5000,22196723,4425713327.7000,1,0,1.866219
2024-05-14,sz.300750,200.6000,201.2000,198.1200,199.0100,199.3500,10694712,2131826963.9100,1,0,1.866219
2024-05-15,sz.300750,199.0100,203.3300,197.5000,197.8900,199.0100,13074116,2607766831.7400,1,0,1.866219
2024-05-16,sz.300750,198.8000,201.6400,196.9800,199.6700,197.8900,15378204,3065019508.6100,1,0,1.866219
2024-05-17,sz.300750,199.7000,203.0000,198.5800,203.0000,199.6700,18496201,3727316446.1000,1,0,1.866219
2024-05-20,sz.300750,207.2000,207.8800,203.0100,203.4500,203.0000,19917171,4083626152.6900,1,0,1.866219
2024-05-21,sz.300750,203.6700,204.5800,200.5600,201.5600,203.4500,12296358,2480343309.6400,1,0,1.866219
2024-05-22,sz.300750,202.5000,207.0000,201.6000,204.8900,201.5600,25236561,5153120079.0700,1,0,1.866219
2024-05-23,sz.300750,204.2000,205.6500,203.1300,204.3400,204.8900,17654820,3602986569.3900,1,0,1.866219
2024-05-24,sz.300750,202.8000,204.8600,200.7900,200.9800,204.3400,15510693,3136303496.7900,1,0,1.866219
2024-05-27,sz.300750,201.8000,201.8000,198.5000,200.0100,200.9800,16361785,3261446783.1300,1,0,1.866219
2024-05-28,sz.300750,199.4600,200.5800,197.6000,197.8000,200.0100,12689994,2517505166.3900,1,0,1.866219
2024-05-29,sz.300750,198.0100,202.5000,197.8000,198.7900,197.8000,13338755,2663801635.2600,1,0,1.866219
2024-05-30,sz.300750,199.0500,200.8800,197.6600,199.3500,198.7900,12784004,2548445865.2400,1,0,1.866219
2024-05-31,sz.300750,199.3500,202.2500,197.7600,197.7600,199.3500,13808627,2760668470.7700,1,0,1.866219
2024-06-03,sz.300750,197.7600,203.6000,195.8000,202.5000,197.7600,18718068,3757638839.5000,1,0,1.866219
2024-06-04,sz.300750,201.9900,207.2400,201.0000,205.9700,202.5000,17714939,3639805938.3100,1,0,1.866219
2024-06-05,sz.300750,205.7000,207.8500,204.0100,204.1200,205.9700,11777390,2420867501.8200,1,0,1.866219
2024-06-06,sz.300750,203.9800,206.8800,202.2000,204.7900,204.1200,12412570,2544442658.2300,1,0,1.866219
2024-06-07,sz.300750,198.8600,202.4500,187.5900,193.2000,204.7900,51686760,10008885040.6400,1,0,1.866219
2024-06-11,sz.300750,189.0000,192.0000,184.6100,188.7700,193.2000,42072363,7876263876.2000,1,0,1.866219
2024-06-12,sz.300750,186.0000,189.7600,185.4800,185.6000,188.7700,20310392,3788449182.2400,1,0,1.866219
2024-06-13,sz.300750,187.0000,190.0100,185.1200,185.1800,185.6000,22117637,4134985666.2200,1,0,1.866219
2024-06-14,sz.300750,186.1000,186.5800,178.5800,184.8900,185.1800,37184949,6764196086.1300,1,0,1.866219
2024-06-17,sz.300750,182.5500,190.5000,182.3100,188.2000,184.8900,26929318,5044213365.1600,1,0,1.866219
2024-06-18,sz.300750,188.1500,190.4700,187.0200,190.3300,188.2000,15652909,2959271843.3200,1,0,1.866219
2024-06-19,sz.300750,190.6000,190.7000,187.6800,189.0100,190.3300,10753975,2030697600.0400,1,0,1.866219
2024-06-20,sz.300750,189.9900,190.1100,187.1000,187.9900,189.0100,11562370,2172637229.0500,1,0,1.866219
2024-06-21,sz.300750,188.3100,188.9600,182.3700,185.1600,187.9900,18467717,3416688219.7600,1,0,1.866219
2024-06-24,sz.300750,183.0000,187.9900,183.0000,186.9800,185.1600,18035490,3363422625.7200,1,0,1.866219
2024-06-25,sz.300750,187.0000,189.2000,185.6000,186.3200,186.9800,14414412,2696969882.2400,1,0,1.866219
2024-06-26,sz.300750,185.1200,186.6300,183.2000,185.5100,186.3200,10481398,1940490559.3800,1,0,1.866219
2024-06-27,sz.300750,185.5100,185.8800,183.0100,185.0000,185.5100,12653577,2330478210.9500,1,0,1.866219
2024-06-28,sz.300750,183.8000,185.4800,179.8400,180.0300,185.0000,19420506,3539244333.2200,1,0,1.866219
2024-07-01,sz.300750,179.1900,179.2800,171.1700,176.0700,180.0300,26995744,4709620520.8500,1,0,1.866219
2024-07-02,sz.300750,173.8500,176.9600,172.1100,176.0800,176.0700,14415586,2529552189.4800,1,0,1.866219
2024-07-03,sz.300750,177.0000,182.5000,176.3100,179.5000,176.0800,16205321,2906473773.9700,1,0,1.866219
2024-07-04,sz.300750,180.3900,182.9900,179.2000,179.6000,179.5000,11834646,2137596470.1800,1,0,1.866219
2024-07-05,sz.300750,181.0000,182.4900,176.5000,177.6200,179.6000,13524707,2414693953.9600,1,0,1.866219
2024-07-08,sz.300750,176.0100,178.3700,175.0100,175.9100,177.6200,10806397,1907514420.0000,1,0,1.866219
2024-07-09,sz.300750,175.3000,177.3000,173.0900,175.7700,175.9100,16443915,2876833389.6200,1,0,1.866219
2024-07-10,sz.300750,175.0100,180.0900,173.0500,173.0500,175.7700,17772919,3123226777.3800,1,0,1.866219
2024-07-11,sz.300750,175.0000,178.9800,173.4900,177.0100,173.0500,20811148,3678618339.7000,1,0,1.866219
2024-07-12,sz.300750,177.8500,181.7700,177.0000,179.8000,177.0100,19550460,3523525353.7100,1,0,1.866219
2024-07-15,sz.300750,178.3000,179.9500,177.1100,178.1200,179.8000,11469696,2041627402.3400,1,0,1.866219
2024-07-16,sz.300750,177.5000,180.5000,177.3000,179.3000,178.1200,15148737,2710034963.0500,1,0,1.866219
2024-07-17,sz.300750,178.0000,182.6600,175.9400,180.8900,179.3000,18590141,3346445646.3700,1,0,1.866219
2024-07-18,sz.300750,180.0000,189.1000,179.6800,188.3500,180.8900,31994401,5957621426.2100,1,0,1.866219
2024-07-19,sz.300750,186.3500,190.0900,186.2000,189.4400,188.3500,20847631,3929663334.9300,1,0,1.866219
2024-07-22,sz.300750,191.1900,194.1800,187.4000,189.5200,189.4400,17168252,3259890052.7800,1,0,1.866219
2024-07-23,sz.300750,189.0100,189.7000,186.2000,186.2000,189.5200,11903104,2233862306.3000,1,0,1.866219
2024-07-24,sz.300750,186.0000,189.0900,185.3900,186.3200,186.2000,14468136,2708577542.7200,1,0,1.866219
2024-07-25,sz.300750,186.1200,190.7300,185.0600,187.7300,186.3200,20595888,3863507112.2400,1,0,1.866219
2024-07-26,sz.300750,190.0000,193.3000,188.0500,189.3500,187.7300,23347718,4436931314.6600,1,0,1.866219
2024-07-29,sz.300750,187.0000,187.0000,180.0000,184.5300,189.3500,21362366,3918833597.9600,1,0,1.866219
2024-07-30,sz.300750,183.2200,185.3300,183.2200,184.8900,184.5300,12725163,2349179517.9500,1,0,1.866219
2024-07-31,sz.300750,182.0000,186.8800,182.0000,186.3100,184.8900,19896940,3690880179.0300,1,0,1.866219
2024-08-01,sz.300750,185.0000,186.0000,180.1000,180.3000,186.3100,23012659,4180640117.6700,1,0,1.866219
2024-08-02,sz.300750,179.0000,180.0000,176.7400,177.0900,180.3000,15493685,2753866402.3200,1,0,1.866219
2024-08-05,sz.300750,175.0100,180.1900,175.0000,177.0000,177.0900,19347659,3451887572.3200,1,0,1.866219
2024-08-06,sz.300750,178.4100,179.3900,173.7100,174.9500,177.0000,15768703,2771240102.2900,1,0,1.866219
2024-08-07,sz.300750,174.9500,176.2300,173.6700,173.6700,174.9500,12753959,2230380711.0600,1,0,1.866219
2024-08-08,sz.300750,173.0100,173.6000,170.1200,172.4000,173.6700,14658996,2520197340.4500,1,0,1.866219
2024-08-09,sz.300750,173.6000,174.8700,170.0000,170.0000,172.4000,15412989,2646422840.3100,1,0,1.866219
2024-08-12,sz.300750,170.5700,171.1200,166.8000,169.0000,170.0000,17415581,2934605437.6300,1,0,1.866219
2024-08-13,sz.300750,168.8900,174.9600,168.3800,173.7800,169.0000,19389256,3336604796.2400,1,0,1.866219
2024-08-14,sz.300750,172.9900,174.4500,171.7200,172.2100,173.7800,9966285,1720375362.2300,1,0,1.866219
2024-08-15,sz.300750,172.0000,174.6000,171.2900,173.4000,172.2100,14481202,2511442939.3900,1,0,1.866219
2024-08-16,sz.300750,173.4000,176.0000,172.8800,173.6200,173.4000,11150641,1941327488.9800,1,0,1.866219
2024-08-19,sz.300750,173.3500,177.9400,173.1500,175.6000,173.6200,14035843,2473581500.6300,1,0,1.866219
2024-08-20,sz.300750,175.0000,176.0000,173.6600,174.8700,175.6000,8436955,1475662465.9200,1,0,1.866219
2024-08-21,sz.300750,174.0000,175.4100,172.0000,174.0100,174.8700,11147405,1940113037.7200,1,0,1.866219
2024-08-22,sz.300750,174.9800,179.9700,174.3000,178.8000,174.0100,19901136,3536569763.9200,1,0,1.866219
2024-08-23,sz.300750,177.0000,182.5200,177.0000,181.8000,178.8000,18415176,3332172741.0900,1,0,1.866219
2024-08-26,sz.300750,181.9000,184.5600,181.0000,183.9200,181.8000,14838749,2717728514.0100,1,0,1.866219
2024-08-27,sz.300750,182.5200,184.4900,181.5000,183.5000,183.9200,9976992,1827225122.2600,1,0,1.866219
2024-08-28,sz.300750,182.8000,183.6900,181.2800,182.8200,183.5000,10639015,1940292275.3000,1,0,1.866219
2024-08-29,sz.300750,179.1700,182.9900,179.1700,180.8000,182.8200,15670242,2839993927.1700,1,0,1.866219
2024-08-30,sz.300750,180.8000,185.9600,180.8000,184.3400,180.8000,25429171,4689604094.3200,1,0,1.866219
2024-09-02,sz.300750,184.4400,185.5900,181.0000,181.1900,184.3400,12985176,2371406001.7800,1,0,1.866219
2024-09-03,sz.300750,180.3000,186.7000,180.0200,185.6500,181.1900,18196886,3362146073.3300,1,0,1.866219
2024-09-04,sz.300750,185.3200,189.0000,184.8500,187.1500,185.6500,16564524,3101382415.2900,1,0,1.866219
2024-09-05,sz.300750,187.1500,189.5500,185.8000,186.8000,187.1500,12318215,2302962597.2300,1,0,1.866219
2024-09-06,sz.300750,186.1200,188.5000,185.4000,185.9500,186.8000,7525486,1404159124.5100,1,0,1.866219
2024-09-09,sz.300750,185.1100,188.6600,183.4700,185.1500,185.9500,13475355,2494206446.2000,1,0,1.866219
2024-09-10,sz.300750,185.5000,185.5000,181.0500,181.1600,185.1500,15424413,2809100737.4500,1,0,1.866219
2024-09-11,sz.300750,182.4000,187.7800,181.1600,186.5600,181.1600,21197083,3938430662.6400,1,0,1.866219
2024-09-12,sz.300750,188.0000,192.1600,186.7100,189.3500,186.5600,20709986,3931885572.8300,1,0,1.866219
2024-09-13,sz.300750,188.8800,188.8800,183.5000,183.5000,189.3500,17287288,3202147524.2700,1,0,1.866219
2024-09-18,sz.300750,183.6000,187.4300,183.2900,186.4000,183.5000,11377895,2116044596.2200,1,0,1.866219
2024-09-19,sz.300750,187.0000,188.2200,183.6000,186.9000,186.4000,15769409,2940618896.6400,1,0,1.866219
2024-09-20,sz.300750,186.9000,187.9000,183.6800,185.6000,186.9000,15502703,2874252971.7400,1,0,1.866219
2024-09-23,sz.300750,186.6600,189.4300,185.5000,188.2000,185.6000,15792549,2968348168.2200,1,0,1.866219
2024-09-24,sz.300750,191.9600,198.1700,188.8900,197.5200,188.2000,35451735,6891613101.7300,1,0,1.866219
2024-09-25,sz.300750,207.3900,207.4000,202.5900,203.1000,197.5200,42010119,8606648805.9500,1,0,1.866219
2024-09-26,sz.300750,203.7000,207.3300,198.9300,205.5100,203.1000,35489346,7190132217.1900,1,0,1.866219
2024-09-27,sz.300750,212.0000,231.6800,211.6700,226.8100,205.5100,70181326,15567947397.4300,1,0,1.866219
2024-09-30,sz.300750,233.0200,255.0000,232.0000,251.8900,226.8100,91361145,22246725636.1500,1,0,1.866219
2024-10-08,sz.300750,296.0000,301.5000,267.6600,299.0000,251.8900,137646479,39285155658.4100,1,0,1.866219
2024-10-09,sz.300750,279.9000,279.9900,255.0000,255.0000,299.0000,108691594,29017394644.9200,1,0,1.866219
2024-10-10,sz.300750,255.0000,265.9900,250.1600,258.0000,255.0000,60833833,15786972610.8900,1,0,1.866219
2024-10-11,sz.300750,255.5000,255.5000,237.9300,241.7900,258.0000,47640230,11668275358.2100,1,0,1.866219
2024-10-14,sz.300750,249.9900,252.8000,244.9400,249.7200,241.7900,46759863,11671765786.3800,1,0,1.866219
2024-10-15,sz.300750,249.8100,250.8400,241.1300,241.2200,249.7200,32765334,8057930637.1400,1,0,1.866219
2024-10-16,sz.300750,238.8200,238.8200,233.3300,233.8500,241.2200,33585954,7918107275.6600,1,0,1.866219
2024-10-17,sz.300750,234.0000,238.8800,230.8600,231.5000,233.8500,26164672,6135626737.1500,1,0,1.866219
2024-10-18,sz.300750,230.0000,258.8800,229.6000,249.8900,231.5000,68013787,16734812130.4700,1,0,1.866219
2024-10-21,sz.300750,259.0000,262.5300,251.7500,253.3600,249.8900,58455809,14972853360.1700,1,0,1.866219
2024-10-22,sz.300750,254.0000,254.5600,247.2600,250.5500,253.3600,27876033,6986426718.6000,1,0,1.866219
2024-10-23,sz.300750,247.8100,254.9400,246.8600,249.3000,250.5500,32154122,8076690148.3200,1,0,1.866219
2024-10-24,sz.300750,249.7700,251.5000,245.0000,246.1600,249.3000,21465790,5297733385.7300,1,0,1.866219
2024-10-25,sz.300750,252.3400,265.0000,246.3000,258.8800,246.1600,57898551,14887536977.8900,1,0,1.866219
2024-10-28,sz.300750,256.1300,258.6100,253.0000,256.2400,258.8800,27601935,7053002719.8300,1,0,1.866219
2024-10-29,sz.300750,256.2400,257.7100,251.2400,251.7800,256.2400,26994808,6853075171.3900,1,0,1.866219
2024-10-30,sz.300750,250.0000,252.3000,244.5000,248.0300,251.7800,27134374,6734690047.3300,1,0,1.866219
2024-10-31,sz.300750,246.9900,250.5000,244.0000,245.9800,248.0300,25500279,6286268642.6700,1,0,1.866219
2024-11-01,sz.300750,246.5300,249.8200,245.1800,246.2000,245.9800,25915829,6418140472.7700,1,0,1.866219
2024-11-04,sz.300750,244.0000,254.3000,244.0000,251.2000,246.2000,24247222,6074686403.4000,1,0,1.866219
2024-11-05,sz.300750,250.5800,262.8200,249.1300,261.3900,251.2000,48482094,12547431634.8200,1,0,1.866219
2024-11-06,sz.300750,258.9900,269.5000,253.5000,256.5000,261.3900,45239310,11840068810.2200,1,0,1.866219
2024-11-07,sz.300750,258.0000,262.8000,253.8800,262.8000,256.5000,33571027,8698717048.5000,1,0,1.866219
2024-11-08,sz.300750,269.6600,272.0000,257.1000,257.5000,262.8000,40294127,10612727375.4100,1,0,1.866219
2024-11-11,sz.300750,252.3500,268.9900,251.0100,267.5000,257.5000,49153907,12844920271.7900,1,0,1.866219
2024-11-12,sz.300750,278.2800,285.2000,270.9800,273.0200,267.5000,74403008,20764206510.3800,1,0,1.866219
2024-11-13,sz.300750,269.0000,288.2000,266.7700,282.0000,273.0200,55773688,15410247017.5500,1,0,1.866219
2024-11-14,sz.300750,283.0000,284.9900,274.6600,275.0000,282.0000,42657210,11940874423.6000,1,0,1.866219
2024-11-15,sz.300750,269.5000,275.0000,265.5600,265.5600,275.0000,35198317,9488134617.7700,1,0,1.866219
2024-11-18,sz.300750,265.5600,270.9500,261.0000,262.9200,265.5600,30650010,8135717135.8600,1,0,1.866219
2024-11-19,sz.300750,262.0200,272.0000,258.0000,268.7200,262.9200,34812887,9211079120.5100,1,0,1.866219
2024-11-20,sz.300750,266.9500,269.9000,264.6000,267.5500,268.7200,22708778,6060616028.9200,1,0,1.866219
2024-11-21,sz.300750,265.6600,271.4300,263.6600,268.2600,267.5500,20550827,5510533650.3900,1,0,1.866219
2024-11-22,sz.300750,267.9300,269.0000,258.8800,259.1000,268.2600,22555101,5937579845.2100,1,0,1.866219
2024-11-25,sz.300750,263.0600,266.5600,261.1800,264.1000,259.1000,26239071,6923644963.0300,1,0,1.866219
2024-11-26,sz.300750,261.5700,263.9700,255.6600,256.7200,264.1000,27360405,7076484876.2400,1,0,1.866219
2024-11-27,sz.300750,254.7000,260.9000,251.4700,259.9000,256.7200,27400665,7033615361.6900,1,0,1.866219
2024-11-28,sz.300750,259.2000,259.5300,253.5000,254.7000,259.9000,22355598,5728197559.5300,1,0,1.866219
2024-11-29,sz.300750,251.2300,267.9900,251.2300,261.2400,254.7000,31366272,8192074188.2600,1,0,1.866219
2024-12-02,sz.300750,258.6400,263.5500,257.2100,262.1900,261.2400,20647547,5387882833.8500,1,0,1.866219
2024-12-03,sz.300750,261.0000,262.9900,259.0000,261.8400,262.1900,17310789,4514867561.7200,1,0,1.866219
2024-12-04,sz.300750,260.0000,262.0000,257.5000,258.9700,261.8400,16181395,4186965339.3800,1,0,1.866219
2024-12-05,sz.300750,257.9900,258.9500,255.0100,256.0000,258.9700,16021580,4109014221.9500,1,0,1.866219
2024-12-06,sz.300750,256.0000,269.9000,255.0000,266.5500,256.0000,33038136,8719647873.9700,1,0,1.866219
2024-12-09,sz.300750,266.9900,269.6600,264.4100,268.0500,266.5500,22456090,6005103478.7000,1,0,1.866219
2024-12-10,sz.300750,281.2800,281.5000,269.3300,270.5700,268.0500,32904436,9035442039.7100,1,0,1.866219
2024-12-11,sz.300750,273.9600,279.5000,266.5200,267.1000,270.5700,19400821,5262014871.7500,1,0,1.866219
2024-12-12,sz.300750,265.9000,275.3800,265.2000,273.7100,267.1000,22329514,6055502392.4900,1,0,1.866219
2024-12-13,sz.300750,269.8800,272.0000,266.0000,267.0300,273.7100,28316441,7596460114.5600,1,0,1.866219
2024-12-16,sz.300750,266.2200,269.5000,264.0500,267.2000,267.0300,16257508,4333963457.3000,1,0,1.866219
2024-12-17,sz.300750,267.0000,278.0000,266.5400,273.8000,267.2000,28214610,7746201690.5200,1,0,1.866219
2024-12-18,sz.300750,274.3100,274.7300,270.3100,271.4100,273.8000,15085329,4110472402.5500,1,0,1.866219
2024-12-19,sz.300750,269.2600,272.3500,266.6200,269.7900,271.4100,15346018,4137668599.4500,1,0,1.866219
2024-12-20,sz.300750,269.7900,270.8000,260.3200,262.7100,269.7900,27740098,7313368050.8100,1,0,1.866219
2024-12-23,sz.300750,262.7100,268.8800,262.7100,263.5000,262.7100,20639383,5482614221.4300,1,0,1.866219
2024-12-24,sz.300750,263.0000,268.2500,263.0000,268.2300,263.5000,19615352,5229920631.8400,1,0,1.866219
2024-12-25,sz.300750,268.9100,270.9100,266.2600,267.9700,268.2300,11413810,3058526680.1000,1,0,1.866219
2024-12-26,sz.300750,267.2000,267.2000,261.0000,261.2500,267.9700,22443762,5898437344.1600,1,0,1.866219
2024-12-27,sz.300750,260.5700,263.4200,255.0000,262.0000,261.2500,24351918,6338085456.5800,1,0,1.866219
2024-12-30,sz.300750,260.8800,267.5000,260.5100,266.5800,262.0000,22631352,6013633016.5700,1,0,1.866219
2024-12-31,sz.300750,265.0900,270.5000,265.0900,266.0000,266.5800,24933952,6694555730.6700,1,0,1.866219
2025-01-02,sz.300750,266.2500,266.3000,257.0000,258.7800,266.0000,23354576,6090661831.1700,1,0,1.866219
2025-01-03,sz.300750,258.7800,263.0000,257.2100,257.6300,258.7800,18523758,4812148522.4200,1,0,1.866219
2025-01-06,sz.300750,258.0000,260.0000,253.0000,256.7500,257.6300,17289077,4433101113.4700,1,0,1.866219
2025-01-07,sz.300750,243.0000,252.0000,241.0800,249.4500,256.7500,40103599,9934923663.6000,1,0,1.866219
2025-01-08,sz.300750,245.9900,248.3100,243.3200,245.3400,249.4500,27185752,6681628785.1100,1,0,1.866219
2025-01-09,sz.300750,241.3500,250.2500,241.1600,247.3300,245.3400,16932878,4168600175.9200,1,0,1.866219
2025-01-10,sz.300750,246.5000,249.9500,244.6800,246.0000,247.3300,14729433,3643092329.0800,1,0,1.866219
2025-01-13,sz.300750,243.5000,250.0000,242.0000,246.9100,246.0000,18092226,4467775090.6500,1,0,1.866219
2025-01-14,sz.300750,247.7100,257.0000,245.2100,256.2000,246.9100,20246734,5108567634.5200,1,0,1.866219
2025-01-15,sz.300750,256.2000,256.4000,249.6700,250.8700,256.2000,15062665,3798504600.2300,1,0,1.866219
2025-01-16,sz.300750,252.0000,254.6000,248.2600,249.9300,250.8700,16188378,4056598313.8900,1,0,1.866219
2025-01-17,sz.300750,248.5000,253.5000,248.0800,251.5000,249.9300,11106600,2786220135.4000,1,0,1.866219
2025-01-20,sz.300750,256.5000,267.6100,256.3100,265.5200,251.5000,34283497,9048642227.0100,1,0,1.866219
2025-01-21,sz.300750,268.5000,268.7600,263.2200,264.1800,265.5200,13893306,3681448144.1300,1,0,1.866219
2025-01-22,sz.300750,262.0000,264.9000,254.2100,258.0000,264.1800,25040737,6440345376.1600,1,0,1.866219
2025-01-23,sz.300750,259.8500,262.5000,256.9800,257.5000,258.0000,16553688,4291744662.3500,1,0,1.866219
2025-01-24,sz.300750,256.0100,264.7800,256.0100,260.6200,256.2700,22439796,5876198259.6400,1,0,1.875176
2025-01-27,sz.300750,260.6300,262.9700,257.0000,257.0000,260.6200,17102637,4460049868.7900,1,0,1.875176
2025-02-05,sz.300750,260.0000,262.0000,251.0500,252.1200,257.0000,24048140,6141794779.1800,1,0,1.875176
2025-02-06,sz.300750,251.0000,253.4900,249.2000,253.1000,252.1200,24896101,6261792979.6800,1,0,1.875176
2025-02-07,sz.300750,257.0000,262.5600,251.6200,261.2800,253.1000,34441254,8922582684.0600,1,0,1.875176
2025-02-10,sz.300750,261.2800,261.4700,255.1800,258.4500,261.2800,22926710,5928297100.6500,1,0,1.875176
2025-02-11,sz.300750,260.4400,260.5000,251.0600,251.8000,258.4500,24791980,6268157349.5100,1,0,1.875176
2025-02-12,sz.300750,250.0100,256.0000,247.0800,255.3000,251.8000,27382214,6902713445.3900,1,0,1.875176
2025-02-13,sz.300750,255.9900,263.9900,255.1000,261.3900,255.3000,37534967,9803005760.9800,1,0,1.875176
2025-02-14,sz.300750,261.5300,273.0000,261.5300,269.7100,261.3900,38780030,10409880413.1300,1,0,1.875176
2025-02-17,sz.300750,274.9000,274.9000,266.0200,269.4000,269.7100,24182960,6513084025.5500,1,0,1.875176
2025-02-18,sz.300750,272.9600,275.5000,269.0000,270.7700,269.4000,23845755,6497674092.8200,1,0,1.875176
2025-02-19,sz.300750,268.5700,276.0000,268.5500,273.5500,270.7700,20445539,5580141095.9800,1,0,1.875176
2025-02-20,sz.300750,272.8000,272.8000,267.0000,270.2000,273.5500,19589001,5267400818.8100,1,0,1.875176
2025-02-21,sz.300750,268.5800,276.8800,267.7800,275.5500,270.2000,30951906,8443562273.0900,1,0,1.875176
2025-02-24,sz.300750,273.0100,274.7000,268.1600,271.5000,275.5500,27753762,7510840227.9000,1,0,1.875176
2025-02-25,sz.300750,267.4800,274.0000,264.5100,269.4800,271.5000,23209375,6243748571.2600,1,0,1.875176
2025-02-26,sz.300750,271.4500,272.8800,267.1800,268.6200,269.4800,21173074,5698649749.8600,1,0,1.875176
2025-02-27,sz.300750,270.2700,271.7000,267.6700,270.0000,268.6200,23185110,6250587949.6900,1,0,1.875176
2025-02-28,sz.300750,269.6000,271.3100,263.6100,264.3000,270.0000,22265458,5935077344.8500,1,0,1.875176
2025-03-03,sz.300750,265.0000,279.3000,262.2400,273.5300,264.3000,38736403,10603328988.1200,1,0,1.875176
2025-03-04,sz.300750,270.0000,271.0000,262.7300,263.0000,273.5300,26836542,7115460892.0900,1,0,1.875176
2025-03-05,sz.300750,263.0000,263.8900,258.5000,260.9900,263.0000,20869610,5438997025.6000,1,0,1.875176
2025-03-06,sz.300750,262.2500,265.5300,261.0000,264.3100,260.9900,25027321,6601078271.8700,1,0,1.875176
2025-03-07,sz.300750,262.9600,263.5800,258.6800,260.7600,264.3100,22287108,5812794648.7500,1,0,1.875176
2025-03-10,sz.300750,261.8000,261.8600,253.6100,256.5000,260.7600,28675074,7355227161.0500,1,0,1.875176
2025-03-11,sz.300750,253.0700,255.5000,253.0500,255.2000,256.5000,17135077,4355529582.6900,1,0,1.875176
2025-03-12,sz.300750,256.0100,256.6200,251.4900,254.5000,255.2000,19914690,5058919203.7600,1,0,1.875176
2025-03-13,sz.300750,254.0000,259.2000,253.0000,253.2200,254.5000,16885150,4316530458.8900,1,0,1.875176
2025-03-14,sz.300750,253.0000,264.8500,252.6500,262.0000,253.2200,35108935,9148092796.9400,1,0,1.875176
2025-03-17,sz.300750,263.1000,265.4700,255.7400,256.0000,262.0000,33515486,8685706367.0600,1,0,1.875176
2025-03-18,sz.300750,258.0000,260.7800,255.5000,257.0000,256.0000,22576732,5817534421.1700,1,0,1.875176
2025-03-19,sz.300750,257.2000,266.9700,256.7800,265.3900,257.0000,36954120,9737109378.5400,1,0,1.875176
2025-03-20,sz.300750,265.3900,266.5000,261.0200,262.1500,265.3900,14424653,3794188019.6400,1,0,1.875176
2025-03-21,sz.300750,262.6800,264.5300,255.6700,256.0000,262.1500,19432006,5026360931.8800,1,0,1.875176
2025-03-24,sz.300750,257.7000,258.9800,256.2800,258.1600,256.0000,16730217,4311680872.5800,1,0,1.875176
2025-03-25,sz.300750,257.7100,260.0000,255.2900,259.4800,258.1600,12785778,3303477319.9800,1,0,1.875176
2025-03-26,sz.300750,259.4000,262.7000,256.7000,256.9200,259.4800,12904626,3336108307.5800,1,0,1.875176
2025-03-27,sz.300750,256.1900,262.8000,254.2500,258.8800,256.9200,14179206,3675726420.1000,1,0,1.875176
2025-03-28,sz.300750,256.1100,258.8800,255.8000,256.8000,258.8800,11242068,2888588257.9100,1,0,1.875176
2025-03-31,sz.300750,256.0600,257.9800,252.1200,252.9400,256.8000,19463355,4951863265.8500,1,0,1.875176
2025-04-01,sz.300750,252.9400,254.5000,248.5800,249.0600,252.9400,19416208,4862442756.2100,1,0,1.875176
2025-04-02,sz.300750,250.2000,252.4600,247.5600,249.1400,249.0600,13732112,3433096886.4500,1,0,1.875176
2025-04-03,sz.300750,245.0000,247.7000,242.5500,243.0800,249.1400,23281639,5693962717.1700,1,0,1.875176
2025-04-07,sz.300750,226.0900,230.0000,209.1100,215.2200,243.0800,72364582,15811389636.0400,1,0,1.875176
2025-04-08,sz.300750,219.9500,225.0000,216.4000,219.0500,215.2200,47659421,10471952816.2700,1,0,1.875176
2025-04-09,sz.300750,212.9200,218.7500,210.0900,211.3900,219.0500,53602339,11459705354.4600,1,0,1.875176
2025-04-10,sz.300750,221.0000,222.7900,215.4600,217.9800,211.3900,37274119,8168675412.1800,1,0,1.875176
2025-04-11,sz.300750,216.0000,225.5500,214.7000,224.0000,217.9800,30299115,6696905324.8700,1,0,1.875176
2025-04-14,sz.300750,227.1500,228.0000,222.6800,224.0000,224.0000,20696504,4642121045.0100,1,0,1.875176
2025-04-15,sz.300750,226.0000,230.4500,225.1200,228.1500,224.0000,26686542,6087451729.5000,1,0,1.875176
2025-04-16,sz.300750,227.0000,227.1800,221.5500,224.8900,228.1500,21655096,4838764472.0100,1,0,1.875176
2025-04-17,sz.300750,223.0000,227.3300,222.2200,226.0000,224.8900,15737659,3551280611.3400,1,0,1.875176
2025-04-18,sz.300750,225.2100,226.5000,223.6600,225.4600,226.0000,11512794,2588857714.9300,1,0,1.875176
2025-04-21,sz.300750,225.4600,235.0000,224.1800,231.3600,225.4600,22008191,5088523082.0800,1,0,1.875176
2025-04-22,sz.300750,230.0000,231.1600,227.2000,230.6900,226.8200,16935423,3885729764.4400,1,0,1.91271
2025-04-23,sz.300750,235.0000,238.7500,233.0000,233.3500,230.6900,19197980,4507058716.1300,1,0,1.91271
2025-04-24,sz.300750,234.5000,238.6600,232.2500,236.8700,233.3500,18155439,4297351278.4700,1,0,1.91271
2025-04-25,sz.300750,237.2000,237.9200,235.0900,236.6000,236.8700,12761989,3016796564.9800,1,0,1.91271
2025-04-28,sz.300750,238.2500,238.2600,233.2000,234.8500,236.6000,14312432,3357178149.0800,1,0,1.91271
2025-04-29,sz.300750,234.0000,234.8000,230.7200,232.0300,234.8500,16742435,3892978723.5700,1,0,1.91271
2025-04-30,sz.300750,233.0500,234.3800,231.5000,231.5000,232.0300,15632835,3635403837.2800,1,0,1.91271
2025-05-06,sz.300750,233.9100,236.3000,231.2000,231.6300,231.5000,19687679,4591289270.2200,1,0,1.91271
2025-05-07,sz.300750,236.4500,240.8800,236.0800,238.6100,231.6300,31280985,7444719326.7500,1,0,1.91271
2025-05-08,sz.300750,239.4900,248.6800,237.9800,244.5700,238.6100,31285640,7666995082.2800,1,0,1.91271
2025-05-09,sz.300750,246.0700,249.7700,244.6500,248.2700,244.5700,23693317,5858468263.5900,1,0,1.91271
2025-05-12,sz.300750,255.0000,257.9900,253.0000,257.0000,248.2700,30231506,7731591601.2700,1,0,1.91271
2025-05-13,sz.300750,262.0000,262.0000,255.0200,258.7700,257.0000,20480591,5281511474.7800,1,0,1.91271
2025-05-14,sz.300750,258.7700,264.4600,256.0100,262.6000,258.7700,23146307,6020688165.3100,1,0,1.91271
2025-05-15,sz.300750,262.6200,262.8700,259.6000,260.1800,262.6000,14111893,3685574613.8400,1,0,1.91271
2025-05-16,sz.300750,259.1400,261.7300,257.7300,259.3600,260.1800,18900058,4904611047.5700,1,0,1.91271
2025-05-19,sz.300750,260.5000,260.5400,257.2700,260.0000,259.3600,16974017,4399897902.7600,1,0,1.91271
2025-05-20,sz.300750,264.4400,265.5000,255.2000,263.0000,260.0000,34642364,9053425367.2600,1,0,1.91271
2025-05-21,sz.300750,266.9900,279.9900,265.8000,274.0800,263.0000,56524517,15470587405.4600,1,0,1.91271
2025-05-22,sz.300750,277.8000,277.9400,268.2700,270.3700,274.0800,27608118,7470701466.9200,1,0,1.91271
2025-05-23,sz.300750,271.0100,274.0000,266.9500,266.9900,270.3700,23000352,6218224096.6300,1,0,1.91271
2025-05-26,sz.300750,265.0000,266.3800,252.9000,255.9000,266.9900,33012215,8477228630.0100,1,0,1.91271
2025-05-27,sz.300750,255.8900,257.2100,252.3900,253.9900,255.9000,17667995,4491281265.9800,1,0,1.91271
2025-05-28,sz.300750,255.6100,258.2700,253.3200,253.6000,253.9900,15456265,3946773465.4900,1,0,1.91271
2025-05-29,sz.300750,253.0000,253.9800,249.0000,251.8500,253.6000,21788285,5487937547.6400,1,0,1.91271
2025-05-30,sz.300750,250.9000,252.6500,247.4700,250.0000,251.8500,20433747,5107325147.8500,1,0,1.91271
2025-06-03,sz.300750,252.0000,253.9000,250.4400,251.1500,250.0000,15841166,3989341996.1600,1,0,1.91271
2025-06-04,sz.300750,252.5000,253.6000,250.7000,251.0500,251.1500,13040195,3285855858.9400,1,0,1.91271
2025-06-05,sz.300750,251.3600,252.4400,248.2700,251.5000,251.0500,13525851,3386751734.8200,1,0,1.91271
2025-06-06,sz.300750,252.0000,253.3300,248.5000,248.8800,251.5000,16551474,4138221069.7300,1,0,1.91271
2025-06-09,sz.300750,248.8800,250.8800,245.5000,245.5800,248.8800,18549757,4593124638.4900,1,0,1.91271
2025-06-10,sz.300750,245.0000,246.8600,242.2200,243.1400,245.5800,13932459,3406606343.2100,1,0,1.91271
2025-06-11,sz.300750,246.0900,252.4400,244.8000,250.5000,243.1400,27993404,7006354612.9300,1,0,1.91271
2025-06-12,sz.300750,252.0000,252.5000,248.7700,249.8100,250.5000,17569617,4386403720.6100,1,0,1.91271
2025-06-13,sz.300750,248.1000,250.4100,246.3700,248.2000,249.8100,17403245,4322411795.8800,1,0,1.91271
2025-06-16,sz.300750,248.0000,248.7000,245.8000,246.6600,248.2000,12217571,3013514215.1100,1,0,1.91271
2025-06-17,sz.300750,246.9600,248.4300,245.2200,246.2600,246.6600,9765024,2407928749.8000,1,0,1.91271
2025-06-18,sz.300750,246.9800,249.5800,245.5700,245.5700,246.2600,10460561,2586543839.2900,1,0,1.91271
2025-06-19,sz.300750,245.3000,246.1600,241.6000,242.1000,245.5700,14798456,3604508604.0000,1,0,1.91271
2025-06-20,sz.300750,241.0600,243.1200,239.5000,240.2600,242.1000,13688340,3293985956.9700,1,0,1.91271
2025-06-23,sz.300750,239.3000,240.6000,238.0300,239.6100,240.2600,12709927,3040680713.4600,1,0,1.91271
2025-06-24,sz.300750,240.5800,248.0800,240.5800,245.9200,239.6100,23501081,5767361453.6700,1,0,1.91271
2025-06-25,sz.300750,246.5000,255.8800,246.0000,254.9000,245.9200,31537723,7930320892.2000,1,0,1.91271
2025-06-26,sz.300750,255.8800,256.2900,252.3600,252.7900,254.9000,19914530,5062386536.5800,1,0,1.91271
2025-06-27,sz.300750,256.5000,257.4500,250.1100,250.9900,252.7900,23620067,5985026676.0600,1,0,1.91271
2025-06-30,sz.300750,251.5000,253.5000,249.7000,252.2200,250.9900,17623370,4434817078.0900,1,0,1.91271
2025-07-01,sz.300750,252.5000,252.7400,249.8800,251.5000,252.2200,9532258,2395104336.3900,1,0,1.91271
2025-07-02,sz.300750,251.5000,252.0100,249.1900,250.4500,251.5000,11571374,2897311834.3900,1,0,1.91271
2025-07-03,sz.300750,251.4700,263.2100,250.5900,262.5900,250.4500,33803747,8746803693.2200,1,0,1.91271
2025-07-04,sz.300750,265.0100,269.9800,260.9800,265.8000,262.5900,27206013,7214227943.1600,1,0,1.91271
2025-07-07,sz.300750,265.8000,268.8800,258.8800,260.8900,265.8000,17466498,4568972964.9700,1,0,1.91271
2025-07-08,sz.300750,260.7000,265.9000,259.8200,263.3100,260.8900,15592292,4104293094.0400,1,0,1.91271
2025-07-09,sz.300750,262.2000,274.4600,262.1000,270.8000,263.3100,29388371,7948423738.8400,1,0,1.91271
2025-07-10,sz.300750,274.9900,274.9900,268.5000,272.0000,270.8000,24239349,6594201202.2400,1,0,1.91271
2025-07-11,sz.300750,271.5000,274.0000,270.1000,271.5000,272.0000,21328153,5798544034.0200,1,0,1.91271
2025-07-14,sz.300750,271.0000,271.3200,266.1000,268.5000,271.5000,14978884,4013693003.0200,1,0,1.91271
2025-07-15,sz.300750,268.5000,272.5000,266.0000,267.7500,268.5000,16952649,4553827628.4100,1,0,1.91271
2025-07-16,sz.300750,268.5000,268.7000,263.0400,264.4000,267.7500,15626479,4135841242.0900,1,0,1.91271
2025-07-17,sz.300750,265.3700,267.7500,264.3600,265.5000,264.4000,14511017,3852746250.9600,1,0,1.91271
2025-07-18,sz.300750,268.7000,272.4500,265.8000,271.2000,265.5000,22186558,5981601234.6800,1,0,1.91271
2025-07-21,sz.300750,277.0000,282.0000,273.5500,279.6600,271.2000,32486275,9047295148.5300,1,0,1.91271
2025-07-22,sz.300750,280.0000,290.0000,279.1800,286.6600,279.6600,33309029,9468912161.3300,1,0,1.91271
2025-07-23,sz.300750,288.1600,290.7500,286.5900,287.0200,286.6600,20018974,5772653125.6100,1,0,1.91271
2025-07-24,sz.300750,289.0000,289.2000,282.9100,285.2000,287.0200,22389114,6394082072.2600,1,0,1.91271
2025-07-25,sz.300750,285.2000,285.2000,281.7500,282.8000,285.2000,13432601,3802835260.3500,1,0,1.91271
2025-07-28,sz.300750,283.0200,289.0900,281.3000,286.3000,282.8000,23897336,6830867028.9800,1,0,1.91271
2025-07-29,sz.300750,286.7000,292.0000,286.6800,291.8200,286.3000,23394555,6785427583.3000,1,0,1.91271
2025-07-30,sz.300750,292.2000,292.2000,276.3600,277.0900,291.8200,41594301,11712764593.4000,1,0,1.91271
2025-07-31,sz.300750,280.8000,281.9800,264.6200,264.6200,277.0900,44710355,12088514551.3500,1,0,1.91271
2025-08-01,sz.300750,264.8000,266.6000,262.7500,263.0700,264.6200,25250002,6682814646.1100,1,0,1.91271
2025-08-04,sz.300750,263.0000,268.0000,261.7000,266.4800,263.0700,23768168,6286238371.4100,1,0,1.91271
2025-08-05,sz.300750,267.5000,269.0000,263.5000,265.7000,266.4800,21976040,5844478669.6200,1,0,1.91271
2025-08-06,sz.300750,265.2200,266.9000,263.2300,265.0000,265.7000,15323311,4058482395.7200,1,0,1.91271
2025-08-07,sz.300750,265.0000,266.4900,262.2000,263.0500,265.0000,16548104,4363462114.2800,1,0,1.91271
2025-08-08,sz.300750,264.0000,266.1600,262.0100,263.4800,263.0500,17428216,4604736202.8800,1,0,1.91271
2025-08-11,sz.300750,263.4800,266.1500,262.5000,263.6600,263.4800,21330876,5627553110.2300,1,0,1.91271
2025-08-12,sz.300750,263.5000,265.1800,257.7200,263.2500,263.6600,22240739,5829140856.3600,1,0,1.91271
2025-08-13,sz.300750,264.7700,275.0000,264.5100,273.6000,263.2500,39466769,10661084796.9300,1,0,1.91271
2025-08-14,sz.300750,276.8900,282.0000,274.4800,279.8900,273.6000,37170757,10378442059.4300,1,0,1.91271
2025-08-15,sz.300750,278.3800,282.3000,276.1000,280.6700,279.8900,24109169,6735591187.3000,1,0,1.91271
2025-08-18,sz.300750,280.6700,285.4800,278.0200,283.0000,280.6700,28528793,8056186541.6600,1,0,1.91271
2025-08-19,sz.300750,283.0000,284.0000,276.2200,277.8000,283.0000,24428585,6816442573.3900,1,0,1.91271
2025-08-20,sz.300750,277.5000,279.9900,272.0500,279.2000,276.8000,23353492,6414344336.6000,1,0,1.91962
2025-08-21,sz.300750,279.2700,281.8000,278.0000,279.0000,279.2000,18269814,5103914720.5000,1,0,1.91962
2025-08-22,sz.300750,278.9300,289.3500,278.6000,287.1800,279.0000,26421851,7543698627.9800,1,0,1.91962
2025-08-25,sz.300750,290.0000,293.8800,286.7800,290.2800,287.1800,31229720,9046692965.1400,1,0,1.91962
2025-08-26,sz.300750,287.0200,290.9900,285.5800,289.5000,290.2800,23024462,6648848315.0900,1,0,1.91962
2025-08-27,sz.300750,289.0000,289.5400,278.1900,278.3000,289.5000,38258429,10859010299.8800,1,0,1.91962
2025-08-28,sz.300750,276.0600,278.9900,272.7200,277.4100,278.3000,30466401,8407974991.2100,1,0,1.91962
2025-08-29,sz.300750,278.3100,316.6600,277.9500,306.1800,277.4100,78013892,23482893636.7300,1,0,1.91962
2025-09-01,sz.300750,306.5000,306.9000,299.3000,304.0000,306.1800,42996421,13012795663.3200,1,0,1.91962
2025-09-02,sz.300750,304.0300,311.1000,299.0300,302.8700,304.0000,37116889,11289093082.8300,1,0,1.91962
2025-09-03,sz.300750,303.5000,311.6500,303.0300,309.0000,302.8700,50897473,15640548986.1700,1,0,1.91962
2025-09-04,sz.300750,313.4700,323.3300,300.6300,304.0300,309.0000,65754754,20442631453.0800,1,0,1.91962
2025-09-05,sz.300750,299.9000,325.1100,299.8200,325.1100,304.0300,70819779,22440211715.7400,1,0,1.91962
2025-09-08,sz.300750,334.0000,337.6500,323.5000,325.3700,325.1100,58834578,19349632049.4700,1,0,1.91962
2025-09-09,sz.300750,322.8000,334.5800,317.1600,320.0000,325.3700,43402397,14085497657.5900,1,0,1.91962
2025-09-10,sz.300750,317.9900,322.0000,313.0000,316.0400,320.0000,36752683,11649703595.3700,1,0,1.91962
2025-09-11,sz.300750,315.5500,322.9800,309.0400,322.5500,316.0400,38034460,12060756826.8300,1,0,1.91962
2025-09-12,sz.300750,325.9000,329.9000,322.2000,325.0000,322.5500,33871316,11031032652.9800,1,0,1.91962
2025-09-15,sz.300750,346.0100,371.5200,344.0200,354.7000,325.0000,71841023,25586615240.5300,1,0,1.91962
2025-09-16,sz.300750,356.1100,359.0000,348.5000,353.4200,354.7000,37744465,13325722241.6400,1,0,1.91962
2025-09-17,sz.300750,356.8000,381.8800,354.0000,377.1000,353.4200,54377100,20113064234.2100,1,0,1.91962
2025-09-18,sz.300750,374.5900,380.0000,360.8000,366.8900,377.1000,51889690,19308545613.5400,1,0,1.91962
2025-09-19,sz.300750,365.0000,375.7100,361.7200,368.4900,366.8900,33914886,12515443886.5600,1,0,1.91962
2025-09-22,sz.300750,370.5000,372.7200,362.7800,370.0500,368.4900,28527763,10474484764.4100,1,0,1.91962
2025-09-23,sz.300750,368.0000,376.9600,360.0000,368.1500,370.0500,34849315,12813882349.6300,1,0,1.91962
2025-09-24,sz.300750,371.0000,380.0000,366.0600,379.9300,368.1500,38314548,14311189086.3600,1,0,1.91962
2025-09-25,sz.300750,376.6000,402.5900,376.4700,392.8500,379.9300,46639338,18251421707.6000,1,0,1.91962
2025-09-26,sz.300750,392.0200,399.9900,380.0000,380.4000,392.8500,36263326,14106499741.5300,1,0,1.91962
2025-09-29,sz.300750,386.3400,399.8900,386.0100,397.3700,380.4000,38964745,15381134070.0900,1,0,1.91962
2025-09-30,sz.300750,396.0000,408.8800,396.0000,402.0000,397.3700,33031310,13278445666.9300,1,0,1.91962
2025-10-09,sz.300750,399.9800,424.3600,399.7400,409.8900,402.0000,41208823,16989122538.1300,1,0,1.91962
2025-10-10,sz.300750,401.0000,403.8000,379.0100,381.9500,409.8900,53311798,20684330795.0500,1,0,1.91962
2025-10-13,sz.300750,362.8600,384.6000,362.8600,374.5000,381.9500,47150998,17618650276.7700,1,0,1.91962
2025-10-14,sz.300750,381.0000,385.8000,355.7700,358.0000,374.5000,49639939,18319370880.7700,1,0,1.91962
2025-10-15,sz.300750,358.5000,369.7100,354.7600,369.3000,358.0000,36993355,13383852916.9600,1,0,1.91962
2025-10-16,sz.300750,367.5000,373.9000,364.5000,368.5000,369.3000,27629467,10185159269.4000,1,0,1.91962
2025-10-17,sz.300750,367.5000,375.0000,356.9900,358.1400,368.5000,31905761,11588825855.0300,1,0,1.91962
2025-10-20,sz.300750,365.0000,368.8900,359.5300,366.5000,358.1400,28432420,10372513059.3200,1,0,1.91962
2025-10-21,sz.300750,373.0000,381.3500,363.1000,375.9000,366.5000,44632870,16784956526.0300,1,0,1.91962
2025-10-22,sz.300750,375.9000,378.8800,368.2000,372.8600,375.9000,21945879,8178934535.0000,1,0,1.91962
2025-10-23,sz.300750,373.8000,378.8000,369.0000,376.4500,372.8600,23998098,8982628026.7300,1,0,1.91962
2025-10-24,sz.300750,379.9700,387.8000,378.0000,385.7700,376.4500,32041578,12276721104.4200,1,0,1.91962
2025-10-27,sz.300750,393.0000,393.0000,376.5700,386.1800,385.7700,40451018,15542852577.4600,1,0,1.91962
2025-10-28,sz.300750,386.1600,393.8000,383.0200,386.4800,386.1800,28708295,11160796766.3100,1,0,1.91962
2025-10-29,sz.300750,386.0000,400.0400,384.7000,400.0000,386.4800,34474046,13644645225.5500,1,0,1.91962
2025-10-30,sz.300750,405.9800,409.0800,396.8300,398.2900,400.0000,34306088,13797530228.7000,1,0,1.91962
2025-10-31,sz.300750,398.0000,406.8000,388.2000,388.7700,398.2900,34048350,13515773431.1800,1,0,1.91962
2025-11-03,sz.300750,387.0000,391.9100,375.7700,386.8600,388.7700,26368177,10106566781.1000,1,0,1.91962
2025-11-04,sz.300750,383.0600,386.5000,374.0000,378.9500,386.8600,23939074,9091842152.9900,1,0,1.91962
2025-11-05,sz.300750,372.8500,393.0000,372.0000,388.7000,378.9500,31142532,11937586811.0200,1,0,1.91962
2025-11-06,sz.300750,390.0000,399.4900,388.7000,394.6800,388.7000,23447477,9261688311.6000,1,0,1.91962
2025-11-07,sz.300750,393.5000,397.5100,388.8800,395.3700,394.6800,16554892,6516185370.8900,1,0,1.91962
2025-11-10,sz.300750,398.4000,400.3100,383.3200,384.5100,395.3700,23895991,9267204047.4900,1,0,1.91962
2025-11-11,sz.300750,386.0000,394.7700,384.5000,385.6000,384.5100,19303175,7500041113.2000,1,0,1.91962
2025-11-12,sz.300750,390.7800,392.9900,383.9800,386.3800,385.6000,21299825,8261238196.7300,1,0,1.91962
2025-11-13,sz.300750,385.0500,421.3000,385.0500,415.6000,386.3800,56265449,22945441956.4700,1,0,1.91962
2025-11-14,sz.300750,407.0000,414.6000,403.8800,404.1200,415.6000,24172120,9879119548.4700,1,0,1.91962
2025-11-17,sz.300750,388.0000,392.4000,382.5000,390.7800,404.1200,47685503,18542294255.2400,1,0,1.91962
2025-11-18,sz.300750,389.0000,398.6300,381.0000,385.0000,390.7800,39565814,15353867656.8000,1,0,1.91962
2025-11-19,sz.300750,385.5000,398.4400,384.9600,391.1000,385.0000,29266686,11462348543.0600,1,0,1.91962
2025-11-20,sz.300750,394.9000,395.0000,377.0100,379.3900,391.1000,33674285,12895238922.6100,1,0,1.91962
2025-11-21,sz.300750,375.0000,383.0000,370.0000,370.0000,379.3900,31631335,11850710342.4200,1,0,1.91962
2025-11-24,sz.300750,373.8000,374.9000,367.1800,370.5500,370.0000,22845819,8464724008.4100,1,0,1.91962
2025-11-25,sz.300750,375.0000,379.6600,370.5900,372.3600,370.5500,20633246,7733117131.6400,1,0,1.91962
2025-11-26,sz.300750,375.5000,375.5000,370.0700,372.8200,372.3600,18910660,7048903988.1600,1,0,1.91962
2025-11-27,sz.300750,373.0000,378.8800,370.0000,371.2000,372.8200,22200259,8289124681.2400,1,0,1.91962
2025-11-28,sz.300750,370.5000,375.4800,366.1600,373.2000,371.2000,20340263,7542337298.2600,1,0,1.91962
2025-12-01,sz.300750,374.7600,382.9700,374.0300,382.9700,373.2000,26751013,10120862870.7400,1,0,1.91962
2025-12-02,sz.300750,383.5000,384.9800,377.4000,380.0800,382.9700,16348461,6220569501.6000,1,0,1.91962
2025-12-03,sz.300750,380.0900,383.3700,375.0000,376.0800,380.0800,13991135,5294871742.7900,1,0,1.91962
2025-12-04,sz.300750,379.1900,383.6000,375.1500,383.3500,376.0800,19165809,7299943081.3500,1,0,1.91962
2025-12-05,sz.300750,387.2000,389.3100,382.0000,389.0900,383.3500,23291559,9004580815.9900,1,0,1.91962
2025-12-08,sz.300750,390.4300,395.3800,385.5000,392.5000,389.0900,21659758,8476698700.2800,1,0,1.91962
2025-12-09,sz.300750,391.5000,392.2600,386.0000,387.5900,392.5000,18691773,7255076087.4600,1,0,1.91962
2025-12-10,sz.300750,385.0500,388.0000,377.2600,382.3800,387.5900,19433405,7399361240.7100,1,0,1.91962
2025-12-11,sz.300750,384.9000,398.8600,383.3800,388.9900,382.3800,28215378,11089031994.5700,1,0,1.91962
2025-12-12,sz.300750,392.0000,393.3900,385.5000,391.8000,388.9900,24002022,9355490916.0200,1,0,1.91962
2025-12-15,sz.300750,391.5000,394.9700,385.2100,385.5000,391.8000,18274993,7099251459.2100,1,0,1.91962
2025-12-16,sz.300750,386.0000,389.0800,378.0300,378.4100,385.5000,19121676,7292054834.5800,1,0,1.91962
2025-12-17,sz.300750,376.4500,384.5000,375.0600,383.4200,378.4100,22257408,8453303233.6200,1,0,1.91962
2025-12-18,sz.300750,379.5700,380.9500,370.0100,372.0000,383.4200,29639283,11079385459.4300,1,0,1.91962
2025-12-19,sz.300750,374.0800,377.6800,370.8000,374.0000,372.0000,17559945,6572807889.6100,1,0,1.91962
2025-12-22,sz.300750,376.0000,377.9900,368.1000,371.8400,374.0000,25493538,9489773616.3200,1,0,1.91962
2025-12-23,sz.300750,372.0000,380.5000,371.6000,378.1000,371.8400,23604086,8879315764.0600,1,0,1.91962
2025-12-24,sz.300750,378.0800,378.0800,372.0000,375.6000,378.1000,21088387,7902857946.3700,1,0,1.91962
2025-12-25,sz.300750,374.2100,374.2100,369.1200,373.0100,375.6000,20343144,7559336244.0000,1,0,1.91962
2025-12-26,sz.300750,372.9600,378.0000,370.1000,374.4300,373.0100,25723689,9616116052.7400,1,0,1.91962
2025-12-29,sz.300750,374.0000,374.4300,368.0000,369.3100,374.4300,24124072,8924502782.7000,1,0,1.91962
2025-12-30,sz.300750,367.1000,371.0000,366.5600,369.2000,369.3100,19030821,7014015793.5900,1,0,1.91962
2025-12-31,sz.300750,369.7900,372.0000,367.1500,367.2600,369.2000,16026597,5920431545.0300,1,0,1.91962
