date,code,open,high,low,close,preclose,volume,amount,tradestatus,isST,backAdjustFactor
2018-01-02,sz.300502,28.8700,29.0800,28.1200,28.4200,28.9900,4216908,119597197.0500,1,0,3.013395
2018-01-03,sz.300502,28.5600,29.6600,28.4400,29.5800,28.4200,7221274,209631089.9900,1,0,3.013395
2018-01-04,sz.300502,29.5600,29.5600,28.6600,28.8600,29.5800,6652103,192372727.2000,1,0,3.013395
2018-01-05,sz.300502,28.8100,29.1000,28.2100,28.2700,28.8600,3958895,113087995.2600,1,0,3.013395
2018-01-08,sz.300502,28.3300,28.3300,25.4500,25.5000,28.2700,9944507,259498557.5700,1,0,3.013395
2018-01-09,sz.300502,25.4000,26.1000,25.1300,25.9600,25.5000,4349011,111991912.2400,1,0,3.013395
2018-01-10,sz.300502,25.7600,26.0300,25.5500,25.7000,25.9600,3323051,85674886.7100,1,0,3.013395
2018-01-11,sz.300502,25.7500,26.3000,25.6000,25.9400,25.7000,2973169,77472826.5700,1,0,3.013395
2018-01-12,sz.300502,25.9900,26.0000,24.6000,24.6000,25.9400,5035200,126982123.7200,1,0,3.013395
2018-01-15,sz.300502,25.0300,25.1800,23.1000,23.4700,24.6000,5972423,142930102.6100,1,0,3.013395
2018-01-16,sz.300502,23.8000,24.1500,23.4800,23.7100,23.4700,3708356,88359576.0100,1,0,3.013395
2018-01-17,sz.300502,22.9900,24.1500,22.0000,23.4800,23.7100,5893273,136761475.1600,1,0,3.013395
2018-01-18,sz.300502,23.6400,24.5800,23.6400,24.0700,23.4800,5252929,127051811.7900,1,0,3.013395
2018-01-19,sz.300502,24.0500,24.6500,23.5000,23.5900,24.0700,3900355,94098715.1400,1,0,3.013395
2018-01-22,sz.300502,24.2800,24.6500,23.7500,24.3600,23.5900,4342954,105548443.0300,1,0,3.013395
2018-01-23,sz.300502,24.3200,25.2000,24.3100,24.6500,24.3600,4326532,107251546.3300,1,0,3.013395
2018-01-24,sz.300502,24.7000,25.3200,24.1000,25.1000,24.6500,4725285,117118831.6400,1,0,3.013395
2018-01-25,sz.300502,25.0000,25.2600,24.3400,24.3400,25.1000,3874982,95899918.8600,1,0,3.013395
2018-01-26,sz.300502,24.3300,24.6200,23.8100,23.9000,24.3400,2085620,50259745.6000,1,0,3.013395
2018-01-29,sz.300502,23.9000,23.9000,22.9000,23.2900,23.9000,3037289,70867586.4900,1,0,3.013395
2018-01-30,sz.300502,23.1500,23.6600,23.1500,23.4700,23.2900,1884603,44193415.5200,1,0,3.013395
2018-01-31,sz.300502,23.8000,23.8000,22.6900,22.7000,23.4700,2016283,46686922.0200,1,0,3.013395
2018-02-01,sz.300502,22.5000,22.9400,21.5000,21.7000,22.7000,2457268,54258848.3900,1,0,3.013395
2018-02-02,sz.300502,21.5100,22.2000,21.0500,21.9700,21.7000,1882123,41073606.8400,1,0,3.013395
2018-02-05,sz.300502,21.6200,22.3100,21.4000,21.8100,21.9700,2163540,47390876.2000,1,0,3.013395
2018-02-06,sz.300502,21.3600,22.2000,20.8100,20.9900,21.8100,2332285,50281238.2500,1,0,3.013395
2018-02-07,sz.300502,21.8400,21.8400,20.0000,21.4100,20.9900,2416169,51081347.9300,1,0,3.013395
2018-02-08,sz.300502,21.4000,22.8800,21.3500,22.6600,21.4100,3747099,83521903.0900,1,0,3.013395
2018-02-09,sz.300502,22.2800,23.2500,21.9000,22.3700,22.6600,4303573,96929742.5600,1,0,3.013395
2018-02-12,sz.300502,22.8000,23.4000,22.6000,23.2500,22.3700,3571587,82523981.7100,1,0,3.013395
2018-02-13,sz.300502,23.3000,23.3000,22.6100,22.7500,23.2500,2563600,58838706.0000,1,0,3.013395
2018-02-14,sz.300502,22.6900,22.9400,22.2100,22.4600,22.7500,1442700,32358011.0000,1,0,3.013395
2018-02-22,sz.300502,22.8000,23.6000,22.2200,23.3100,22.4600,2412651,55800023.1700,1,0,3.013395
2018-02-23,sz.300502,23.1800,23.5000,23.0000,23.3200,23.3100,1918751,44607279.9500,1,0,3.013395
2018-02-26,sz.300502,23.5800,25.5200,23.2500,25.1800,23.3200,5954335,146403398.6600,1,0,3.013395
2018-02-27,sz.300502,24.8800,26.2000,24.5200,25.5100,25.1800,7061972,180183296.3000,1,0,3.013395
2018-02-28,sz.300502,25.1000,26.3400,24.8000,25.8100,25.5100,5647213,145953952.3200,1,0,3.013395
2018-03-01,sz.300502,25.7000,26.2600,25.5100,26.1600,25.8100,3741289,97078362.3000,1,0,3.013395
2018-03-02,sz.300502,25.9400,26.2300,24.9000,25.1300,26.1600,4397397,112508076.0000,1,0,3.013395
2018-03-05,sz.300502,25.0200,26.8200,25.0200,26.7000,25.1300,6289300,163512752.1300,1,0,3.013395
2018-03-06,sz.300502,26.9000,27.4800,26.2100,26.4600,26.7000,5576133,148724101.7300,1,0,3.013395
2018-03-07,sz.300502,26.3000,26.6100,25.5700,26.0200,26.4600,3816136,99067862.7900,1,0,3.013395
2018-03-08,sz.300502,25.8800,26.2900,25.5800,26.2400,26.0200,3023272,78350926.3800,1,0,3.013395
2018-03-09,sz.300502,26.0800,27.4000,26.0000,27.2600,26.2400,6976731,187412143.5800,1,0,3.013395
2018-03-12,sz.300502,27.2700,27.7400,26.7000,27.2800,27.2600,6183189,167937506.2200,1,0,3.013395
2018-03-13,sz.300502,26.9100,27.2900,26.5900,26.5900,27.2800,4073546,109121227.1800,1,0,3.013395
2018-03-14,sz.300502,26.4100,26.6300,26.0200,26.0300,26.5900,3219272,84430916.9600,1,0,3.013395
2018-03-15,sz.300502,25.8000,26.0100,25.2200,25.8400,26.0300,2999603,76910534.7200,1,0,3.013395
2018-03-16,sz.300502,25.8900,25.9800,25.3400,25.3500,25.8400,2039600,52125423.0000,1,0,3.013395
2018-03-19,sz.300502,25.1900,25.8200,25.1800,25.4100,25.3500,2052080,52338552.8000,1,0,3.013395
2018-03-20,sz.300502,25.1600,25.3400,23.9300,24.3900,25.4100,4470100,109288165.0000,1,0,3.013395
2018-03-21,sz.300502,24.5400,25.0500,24.0500,24.1200,24.3900,3189700,78713775.0000,1,0,3.013395
2018-03-22,sz.300502,24.0300,24.3700,23.4000,23.9500,24.1200,4653192,110820242.4200,1,0,3.013395
2018-03-23,sz.300502,23.0000,23.1700,21.5600,21.6800,23.9500,5398558,120394036.1100,1,0,3.013395
2018-03-26,sz.300502,21.1500,22.0600,20.3000,21.9900,21.6800,4338315,92026394.9400,1,0,3.013395
2018-03-27,sz.300502,22.1800,23.1000,22.1800,22.9000,21.9900,5062514,115053680.8400,1,0,3.013395
2018-03-28,sz.300502,22.4000,23.4500,22.2200,22.5200,22.9000,4701315,106745143.5300,1,0,3.013395
2018-03-29,sz.300502,22.7900,23.1800,22.5200,22.7400,22.5200,3801965,86761086.2100,1,0,3.013395
2018-03-30,sz.300502,22.9300,23.9500,22.8300,23.8900,22.7400,5712074,134270579.9700,1,0,3.013395
2018-04-02,sz.300502,23.9000,25.2100,23.5500,25.1000,23.8900,7807750,191280286.4500,1,0,3.013395
2018-04-03,sz.300502,24.5200,24.8800,24.0000,24.7700,25.1000,5816170,141838304.9300,1,0,3.013395
2018-04-04,sz.300502,24.6100,24.9700,24.1900,24.1900,24.7700,3760881,92130939.7200,1,0,3.013395
2018-04-09,sz.300502,24.0000,24.4000,23.0000,23.6600,24.1900,3542767,83770182.6500,1,0,3.013395
2018-04-10,sz.300502,22.3600,22.6700,21.2900,21.2900,23.6600,7928712,170249944.0200,1,0,3.013395
2018-04-11,sz.300502,20.9800,21.5600,20.7500,21.4100,21.2900,6129629,129175769.1400,1,0,3.013395
2018-04-12,sz.300502,21.2200,21.4300,20.9500,21.0700,21.4100,3320147,70395623.2500,1,0,3.013395
2018-04-13,sz.300502,21.2800,21.3500,20.8000,20.8500,21.0700,3147059,66159872.0300,1,0,3.013395
2018-04-16,sz.300502,20.8500,21.4900,20.6500,21.4000,20.8500,3760585,79834200.6400,1,0,3.013395
2018-04-17,sz.300502,23.5400,23.5400,22.1400,22.4500,21.4000,13119848,301260858.3000,1,0,3.013395
2018-04-18,sz.300502,24.7000,24.7000,23.0800,24.7000,22.4500,19861041,487959034.3400,1,0,3.013395
2018-04-19,sz.300502,25.5000,25.5000,23.8800,24.3400,24.7000,24819352,614340427.1200,1,0,3.013395
2018-04-20,sz.300502,23.4000,23.6200,22.4500,22.7000,24.3400,12890424,297109410.3300,1,0,3.013395
2018-04-23,sz.300502,22.3500,22.6000,21.5100,22.0700,22.7000,7351751,161549294.3300,1,0,3.013395
2018-04-24,sz.300502,22.0600,22.9200,21.8000,22.6000,22.0700,6990943,156569921.3300,1,0,3.013395
2018-04-25,sz.300502,22.1900,23.4500,22.0000,23.0000,22.6000,9680515,221582202.3900,1,0,3.013395
2018-04-26,sz.300502,22.8000,22.8000,20.8300,21.2100,23.0000,7047829,155629820.0200,1,0,3.013395
2018-04-27,sz.300502,21.5000,21.7000,21.0100,21.3700,21.2100,3721735,79554719.5200,1,0,3.013395
2018-05-02,sz.300502,21.3500,21.4800,20.0000,20.1400,21.3700,5141915,105971223.5300,1,0,3.013395
2018-05-03,sz.300502,20.1400,20.6100,19.8200,20.5700,20.1400,3691075,74831816.2900,1,0,3.013395
2018-05-04,sz.300502,20.3900,20.5000,20.1500,20.1700,20.5700,2867435,58139620.7500,1,0,3.013395
2018-05-07,sz.300502,20.2500,20.6500,20.2100,20.5700,20.1700,2801883,57394028.5600,1,0,3.013395
2018-05-08,sz.300502,20.6200,20.9100,20.6000,20.9000,20.5700,2926635,60712363.0000,1,0,3.013395
2018-05-09,sz.300502,20.7000,21.1300,20.5000,21.0500,20.9000,3374000,70323123.0000,1,0,3.013395
2018-05-10,sz.300502,20.9700,21.7000,20.9700,21.3900,21.0500,4860550,103896249.0000,1,0,3.013395
2018-05-11,sz.300502,21.4400,21.4500,20.6700,20.7200,21.3900,3907250,81747813.0000,1,0,3.013395
2018-05-14,sz.300502,21.1000,21.5800,20.7600,20.8900,20.7200,3858200,81811673.9200,1,0,3.013395
2018-05-15,sz.300502,20.7200,20.7500,20.2000,20.5800,20.8900,4367960,89240767.3000,1,0,3.013395
2018-05-16,sz.300502,20.5800,20.6600,20.2200,20.3100,20.5800,2701400,54935633.0000,1,0,3.013395
2018-05-17,sz.300502,20.2900,20.5000,20.1400,20.3400,20.3100,2134756,43241470.1200,1,0,3.013395
2018-05-18,sz.300502,20.3100,20.4800,20.1500,20.3500,20.3400,1855903,37750376.9600,1,0,3.013395
2018-05-21,sz.300502,20.8000,21.2800,20.6300,21.0200,20.3500,4799363,100933304.6500,1,0,3.013395
2018-05-22,sz.300502,21.2500,22.9800,21.2500,22.1800,21.0200,9639238,212319695.7600,1,0,3.013395
2018-05-23,sz.300502,22.5000,22.6800,21.3100,21.3300,22.1800,6635050,144893312.9200,1,0,3.013395
2018-05-24,sz.300502,21.3400,21.7400,21.2700,21.2800,21.3300,3351300,71864470.0000,1,0,3.013395
2018-05-25,sz.300502,21.3700,21.3700,20.5200,20.6900,21.2800,4089962,84757949.4600,1,0,3.013395
2018-05-28,sz.300502,20.7200,21.3900,20.7200,20.9900,20.6900,3354334,70718422.7000,1,0,3.013395
2018-05-29,sz.300502,20.7700,20.9900,20.5000,20.5100,20.9900,2902858,60111507.5500,1,0,3.013395
2018-05-30,sz.300502,19.1300,19.1800,18.4600,18.4600,20.5100,5918440,110804043.0000,1,0,3.013395
2018-05-31,sz.300502,18.6000,18.8300,17.0000,18.1000,18.4600,3620212,65972122.7600,1,0,3.013395
2018-06-01,sz.300502,17.9000,18.0500,17.3000,17.5400,18.1000,2428016,42972432.3600,1,0,3.013395
2018-06-04,sz.300502,17.7000,17.9300,17.5100,17.7000,17.5400,1604216,28428876.2000,1,0,3.013395
2018-06-05,sz.300502,17.7100,18.3100,17.7100,18.2900,17.7000,2142870,38814515.3000,1,0,3.013395
2018-06-06,sz.300502,18.2000,18.5500,18.1500,18.3000,18.1700,2768628,50802543.0400,1,0,3.033296
2018-06-07,sz.300502,18.3000,18.5000,17.8000,18.0000,18.3000,2098100,37796554.0000,1,0,3.033296
2018-06-08,sz.300502,18.1500,18.5500,18.0000,18.2400,18.0000,2804170,51248361.0000,1,0,3.033296
2018-06-11,sz.300502,18.1000,18.5000,17.7500,18.2400,18.2400,2119000,38490666.0000,1,0,3.033296
2018-06-12,sz.300502,18.3200,18.3200,17.6100,18.1500,18.2400,2078716,37425538.8400,1,0,3.033296
2018-06-13,sz.300502,17.8300,18.4400,17.7500,17.8000,18.1500,2226176,40179059.8100,1,0,3.033296
2018-06-14,sz.300502,17.7700,18.0000,17.5800,17.7400,17.8000,1280691,22786122.1600,1,0,3.033296
2018-06-15,sz.300502,17.9000,18.0300,17.0000,17.2600,17.7400,2426161,42098634.1500,1,0,3.033296
2018-06-19,sz.300502,16.3600,16.7200,15.5300,15.5300,17.2600,2583194,41318755.1200,1,0,3.033296
2018-06-20,sz.300502,15.5000,15.6000,14.0100,15.0100,15.5300,4030770,60095124.0000,1,0,3.033296
2018-06-21,sz.300502,14.8700,15.0800,13.6000,13.6400,15.0100,3764000,53550704.6700,1,0,3.033296
2018-06-22,sz.300502,13.1500,13.9200,13.0100,13.8400,13.6400,2364100,32244721.0000,1,0,3.033296
2018-06-25,sz.300502,14.0000,14.2100,13.7500,13.8500,13.8400,1892633,26512268.6400,1,0,3.033296
2018-06-26,sz.300502,13.5700,14.3700,13.5700,14.2500,13.8500,1974900,27887249.0000,1,0,3.033296
2018-06-27,sz.300502,14.3000,14.6500,14.1600,14.3500,14.2500,1854058,26726572.9800,1,0,3.033296
2018-06-28,sz.300502,14.3000,14.7500,14.1800,14.3400,14.3500,1738100,25132861.9900,1,0,3.033296
2018-06-29,sz.300502,14.2600,14.9800,14.2600,14.7900,14.3400,2556566,37604323.5800,1,0,3.033296
2018-07-02,sz.300502,14.8900,15.1100,14.4700,14.6000,14.7900,1725291,25490001.8700,1,0,3.033296
2018-07-03,sz.300502,14.8000,15.3500,14.5100,15.3500,14.6000,3127379,46773680.7900,1,0,3.033296
2018-07-04,sz.300502,15.7000,15.7500,14.7000,14.8700,15.3500,3506170,53184328.7500,1,0,3.033296
2018-07-05,sz.300502,14.6000,14.7300,13.5000,13.9800,14.8700,2981400,42286946.4800,1,0,3.033296
2018-07-06,sz.300502,13.9700,14.4900,13.7700,14.2800,13.9800,2350634,33362870.5400,1,0,3.033296
2018-07-09,sz.300502,14.3100,14.6000,14.1600,14.5700,14.2800,1387866,20123638.0600,1,0,3.033296
2018-07-10,sz.300502,14.5800,14.7800,14.4800,14.6700,14.5700,1541466,22492236.3000,1,0,3.033296
2018-07-11,sz.300502,14.4900,14.4900,13.4500,13.9200,14.6700,2482901,34644287.8500,1,0,3.033296
2018-07-12,sz.300502,14.3800,15.3100,14.3600,15.3100,13.9200,2630800,39699608.0000,1,0,3.033296
2018-07-13,sz.300502,15.6100,15.6700,15.0000,15.0800,15.3100,6305900,96610883.0100,1,0,3.033296
2018-07-16,sz.300502,15.1500,15.6900,15.1500,15.3000,15.0800,4161837,64135036.8400,1,0,3.033296
2018-07-17,sz.300502,15.3000,15.4100,14.8400,15.0400,15.3000,2946200,44487037.0000,1,0,3.033296
2018-07-18,sz.300502,15.0800,15.5000,14.8000,14.8000,15.0400,2523033,38229208.9100,1,0,3.033296
2018-07-19,sz.300502,14.9500,15.7500,14.8600,15.1600,14.8000,4764400,72970122.6000,1,0,3.033296
2018-07-20,sz.300502,15.0000,15.1300,13.6600,14.9000,15.1600,3765520,55454030.4000,1,0,3.033296
2018-07-23,sz.300502,15.1000,15.3800,14.9000,15.0600,14.9000,3210589,48574946.0000,1,0,3.033296
2018-07-24,sz.300502,14.4500,15.0000,14.4500,14.9200,15.0600,3413000,50506985.7700,1,0,3.033296
2018-07-25,sz.300502,14.8500,15.2500,14.7000,14.9000,14.9200,2568000,38494327.0000,1,0,3.033296
2018-07-26,sz.300502,14.8100,14.9700,14.4400,14.5500,14.9000,1993700,29139169.0000,1,0,3.033296
2018-07-27,sz.300502,14.5800,14.7800,14.4500,14.6600,14.5500,1745100,25526419.0000,1,0,3.033296
2018-07-30,sz.300502,14.6500,14.6500,13.8000,13.9500,14.6600,2644800,37365684.3800,1,0,3.033296
2018-07-31,sz.300502,13.9700,14.1500,13.9000,14.0500,13.9500,1089200,15285564.0000,1,0,3.033296
2018-08-01,sz.300502,14.1000,14.2300,13.7200,13.7500,14.0500,1391500,19412233.0000,1,0,3.033296
2018-08-02,sz.300502,13.7600,13.7600,12.7300,13.1400,13.7500,2329377,30548105.1800,1,0,3.033296
2018-08-03,sz.300502,13.1200,13.1800,12.7600,12.7600,13.1400,990600,12849380.0000,1,0,3.033296
2018-08-06,sz.300502,12.7600,12.8400,12.2200,12.3000,12.7600,1316100,16444106.0000,1,0,3.033296
2018-08-07,sz.300502,12.3300,12.6600,12.1700,12.6500,12.3000,1337841,16690005.2700,1,0,3.033296
2018-08-08,sz.300502,12.6200,12.6500,12.2000,12.2600,12.6500,1254540,15567532.0000,1,0,3.033296
2018-08-09,sz.300502,12.1900,12.9500,12.0600,12.7000,12.2600,2188930,27868077.0000,1,0,3.033296
2018-08-10,sz.300502,12.7100,13.0900,12.6300,12.9000,12.7000,1914300,24505247.0000,1,0,3.033296
2018-08-13,sz.300502,13.0000,14.1900,12.8000,14.1900,12.9000,2897900,40401386.0000,1,0,3.033296
2018-08-14,sz.300502,15.0100,15.0100,14.3800,14.6100,14.1900,11508900,169467954.0000,1,0,3.033296
2018-08-15,sz.300502,14.2000,14.3500,13.7800,13.9000,14.6100,5421100,76254971.0000,1,0,3.033296
2018-08-16,sz.300502,13.5500,14.5800,13.1900,13.6900,13.9000,6140300,86228577.0000,1,0,3.033296
2018-08-17,sz.300502,14.0700,14.2500,13.6600,13.6600,13.6900,5247666,73556720.6000,1,0,3.033296
2018-08-20,sz.300502,13.5200,15.0300,13.5200,15.0300,13.6600,4498704,66083539.1200,1,0,3.033296
2018-08-21,sz.300502,16.4000,16.5300,15.9000,16.5300,15.0300,15280537,249704346.8900,1,0,3.033296
2018-08-22,sz.300502,16.6000,18.1800,16.1000,16.9900,16.5300,24424930,416367070.5000,1,0,3.033296
2018-08-23,sz.300502,16.3500,18.6900,16.1500,18.6900,16.9900,20523784,357499176.0500,1,0,3.033296
2018-08-24,sz.300502,18.8000,20.4200,17.9500,18.2000,18.6900,25228510,478741064.2200,1,0,3.033296
2018-08-27,sz.300502,17.5200,19.8000,17.5200,19.5500,18.2000,21068270,401205958.9500,1,0,3.033296
2018-08-28,sz.300502,18.7600,19.6200,18.3400,18.8800,19.5500,16665011,315336876.1400,1,0,3.033296
2018-08-29,sz.300502,18.6200,18.7900,18.0400,18.5000,18.8800,9573508,175789577.2400,1,0,3.033296
2018-08-30,sz.300502,18.4400,19.1500,17.7500,18.9000,18.5000,13999059,260388676.3200,1,0,3.033296
2018-08-31,sz.300502,18.3400,19.8600,18.3400,18.7500,18.9000,13486955,258219967.4700,1,0,3.033296
2018-09-03,sz.300502,18.7200,18.7200,16.8800,18.1500,18.7500,10524217,186773641.5100,1,0,3.033296
2018-09-04,sz.300502,18.1400,19.3800,18.0000,19.1600,18.1500,11993288,226564994.8900,1,0,3.033296
2018-09-05,sz.300502,18.7000,20.7600,18.5800,19.6900,19.1600,15955923,316388133.7600,1,0,3.033296
2018-09-06,sz.300502,19.3000,20.6800,19.1600,20.1600,19.6900,12931763,258886094.0000,1,0,3.033296
2018-09-07,sz.300502,19.9500,20.5600,19.0000,19.9200,20.1600,10806963,214276397.2100,1,0,3.033296
2018-09-10,sz.300502,19.5800,20.2500,19.1900,19.5900,19.9200,8426871,166474891.3600,1,0,3.033296
2018-09-11,sz.300502,19.8000,21.4900,19.8000,21.2000,19.5900,14937596,308862977.0700,1,0,3.033296
2018-09-12,sz.300502,20.9400,21.2800,20.4000,20.4100,21.2000,9755715,202758779.8000,1,0,3.033296
2018-09-13,sz.300502,20.7300,21.2600,19.4300,20.6000,20.4100,11824953,240240818.3400,1,0,3.033296
2018-09-14,sz.300502,20.1600,20.5000,19.7000,19.9000,20.6000,7483334,150436965.1200,1,0,3.033296
2018-09-17,sz.300502,19.3300,20.2800,19.2300,19.7700,19.9000,5359342,106444786.4800,1,0,3.033296
2018-09-18,sz.300502,19.5000,19.9500,18.4100,19.7000,19.7700,8003217,154357124.3500,1,0,3.033296
2018-09-19,sz.300502,19.3100,20.0200,19.0400,19.4300,19.7000,7083310,138359830.0600,1,0,3.033296
2018-09-20,sz.300502,19.1800,20.0000,18.8800,19.0100,19.4300,6949247,135099601.6600,1,0,3.033296
2018-09-21,sz.300502,19.1000,19.5000,18.8800,19.2500,19.0100,5793081,111028838.5200,1,0,3.033296
2018-09-25,sz.300502,19.0300,19.3700,18.6500,19.3500,19.2500,4314700,82455464.9100,1,0,3.033296
2018-09-26,sz.300502,19.5000,19.6700,18.8000,19.1100,19.3500,6710123,128236889.3000,1,0,3.033296
2018-09-27,sz.300502,18.9400,19.0500,17.5000,17.6100,19.1100,7120922,130293536.4700,1,0,3.033296
2018-09-28,sz.300502,17.6500,17.9300,17.4100,17.8000,17.6100,3930082,69607587.6800,1,0,3.033296
2018-10-08,sz.300502,17.0900,17.9100,17.0500,17.4300,17.8000,4382334,76507537.1800,1,0,3.033296
2018-10-09,sz.300502,17.7400,17.7900,16.6600,17.0400,17.4300,3214053,55039888.5700,1,0,3.033296
2018-10-10,sz.300502,17.1800,17.9400,16.6200,17.8800,17.0400,6284039,109436551.3200,1,0,3.033296
2018-10-11,sz.300502,17.0000,17.5100,16.1000,16.7600,17.8800,6567550,110223186.9400,1,0,3.033296
2018-10-12,sz.300502,16.1000,17.9300,16.1000,17.7200,16.7600,7350749,126147686.2800,1,0,3.033296
2018-10-15,sz.300502,17.7600,18.4600,17.5600,17.6400,17.7200,5635155,101444481.5300,1,0,3.033296
2018-10-16,sz.300502,17.4100,17.7800,16.4200,16.9600,17.6400,4063834,69938412.2200,1,0,3.033296
2018-10-17,sz.300502,17.2700,18.1200,17.0000,17.9200,16.9600,6525806,114567719.3900,1,0,3.033296
2018-10-18,sz.300502,17.7000,17.7000,16.7300,16.8000,17.9200,4765900,81918591.7900,1,0,3.033296
2018-10-19,sz.300502,16.1500,18.0000,16.1500,17.7000,16.8000,5846490,101558162.8900,1,0,3.033296
2018-10-22,sz.300502,18.1500,19.0200,17.7700,18.7300,17.7000,7533676,139152165.5000,1,0,3.033296
2018-10-23,sz.300502,18.4300,19.1600,18.3800,18.8800,18.7300,6793606,127512473.2300,1,0,3.033296
2018-10-24,sz.300502,18.8000,19.1000,18.3800,18.4600,18.8800,4315500,80774635.0000,1,0,3.033296
2018-10-25,sz.300502,17.8000,18.3700,17.2900,18.2500,18.4600,4472787,79691124.5800,1,0,3.033296
2018-10-26,sz.300502,18.3800,19.4700,18.3800,19.2700,18.2500,8351721,158716208.9400,1,0,3.033296
2018-10-29,sz.300502,19.0000,19.7300,18.8000,19.5900,19.2700,6471585,125208471.7000,1,0,3.033296
2018-10-30,sz.300502,19.3100,19.6300,18.5000,19.0400,19.5900,5366253,102659924.2700,1,0,3.033296
2018-10-31,sz.300502,18.9700,19.6900,18.6300,19.5000,19.0400,6115134,118124110.9700,1,0,3.033296
2018-11-01,sz.300502,19.6400,20.3100,19.3200,19.5600,19.5000,6158400,122021162.0000,1,0,3.033296
2018-11-02,sz.300502,20.0000,20.2900,19.3300,19.5100,19.5600,6516734,128577727.6000,1,0,3.033296
2018-11-05,sz.300502,19.3800,20.0900,19.0900,19.6400,19.5100,5020506,98244842.5400,1,0,3.033296
2018-11-06,sz.300502,19.4500,19.8200,18.8100,19.7800,19.6400,4894940,94513551.4000,1,0,3.033296
2018-11-07,sz.300502,19.9000,20.6800,19.7600,19.9600,19.7800,7298227,146901458.7700,1,0,3.033296
2018-11-08,sz.300502,19.9600,20.0000,19.0700,19.1300,19.9600,4624434,90147333.4000,1,0,3.033296
2018-11-09,sz.300502,18.9400,19.9100,18.8500,19.2500,19.1300,4053834,79098487.0200,1,0,3.033296
2018-11-12,sz.300502,19.3600,19.6600,19.1600,19.5400,19.2500,3209834,62579693.6400,1,0,3.033296
2018-11-13,sz.300502,19.2800,19.6200,19.1000,19.2700,19.5400,3775600,72861629.0000,1,0,3.033296
2018-11-14,sz.300502,19.2600,19.3100,18.5500,18.9300,19.2700,3931811,74363360.2900,1,0,3.033296
2018-11-15,sz.300502,18.8500,19.4500,18.6500,19.4500,18.9300,4940001,94420336.8100,1,0,3.033296
2018-11-16,sz.300502,19.5500,19.8700,19.3500,19.7100,19.4500,5060550,99168496.0500,1,0,3.033296
2018-11-19,sz.300502,19.6600,19.9000,19.0900,19.8000,19.7100,4072386,79406491.6900,1,0,3.033296
2018-11-20,sz.300502,19.5800,19.7000,19.0500,19.1400,19.8000,2589287,50030217.1800,1,0,3.033296
2018-11-21,sz.300502,19.0900,19.3500,18.9200,19.2000,19.1400,1859156,35608874.1900,1,0,3.033296
2018-11-22,sz.300502,19.3000,19.3100,18.5500,18.5500,19.2000,2585234,48550331.9000,1,0,3.033296
2018-11-23,sz.300502,18.5000,18.5400,17.4100,17.4500,18.5500,2792945,49786040.9200,1,0,3.033296
2018-11-26,sz.300502,17.4000,17.8000,17.0100,17.6500,17.4500,1638738,28653183.2400,1,0,3.033296
2018-11-27,sz.300502,17.6700,18.1400,17.5000,17.9500,17.6500,2336838,41807965.3800,1,0,3.033296
2018-11-28,sz.300502,17.7700,17.9500,17.1000,17.6900,17.9500,2546072,44868155.0800,1,0,3.033296
2018-11-29,sz.300502,17.8000,18.0500,16.5300,16.6000,17.6900,3577072,61850495.2000,1,0,3.033296
2018-11-30,sz.300502,16.5000,16.8700,16.1500,16.7000,16.6000,2082606,34386588.9800,1,0,3.033296
2018-12-03,sz.300502,17.1200,18.3700,17.1200,18.3700,16.7000,5418706,96561604.2500,1,0,3.033296
2018-12-04,sz.300502,18.3800,18.7600,18.0300,18.4000,18.3700,4651521,85881937.0800,1,0,3.033296
2018-12-05,sz.300502,18.0000,18.3100,17.7100,18.1000,18.4000,3854536,69476466.1900,1,0,3.033296
2018-12-06,sz.300502,17.5800,17.8900,16.8800,17.0700,18.1000,4155222,71689122.1000,1,0,3.033296
2018-12-07,sz.300502,17.1800,18.7800,17.1800,18.2100,17.0700,7838760,144147553.1800,1,0,3.033296
2018-12-10,sz.300502,17.9600,18.8900,17.7100,18.1100,18.2100,6890859,126643436.0800,1,0,3.033296
2018-12-11,sz.300502,18.4300,19.1800,18.3700,18.8200,18.1100,7855629,147346108.0100,1,0,3.033296
2018-12-12,sz.300502,18.7900,18.9500,18.2000,18.3800,18.8200,4666671,85990455.5600,1,0,3.033296
2018-12-13,sz.300502,18.3900,18.8800,18.1200,18.6000,18.3800,5256971,97637478.5100,1,0,3.033296
2018-12-14,sz.300502,18.4200,18.4900,17.6200,17.9000,18.6000,4881499,87870335.7600,1,0,3.033296
2018-12-17,sz.300502,17.8600,18.0000,17.3700,17.9300,17.9000,1792796,31774364.8000,1,0,3.033296
2018-12-18,sz.300502,17.8800,18.0600,17.4100,17.6000,17.9300,1904600,33696161.0000,1,0,3.033296
2018-12-19,sz.300502,17.7100,17.9900,17.4500,17.5400,17.6000,1791847,31714946.1500,1,0,3.033296
2018-12-20,sz.300502,17.3600,17.8800,17.3400,17.6000,17.5400,2033200,35781398.0800,1,0,3.033296
2018-12-21,sz.300502,17.4300,17.8600,17.4300,17.7400,17.6000,2257792,39950922.9800,1,0,3.033296
2018-12-24,sz.300502,17.7900,18.7500,17.7900,18.4900,17.7400,5139218,94244321.7500,1,0,3.033296
2018-12-25,sz.300502,18.0400,19.0000,17.8400,18.9000,18.4900,6779937,125347516.9200,1,0,3.033296
2018-12-26,sz.300502,18.6400,19.0000,18.4000,18.7500,18.9000,4505005,84066061.0700,1,0,3.033296
2018-12-27,sz.300502,18.8400,20.1800,18.8400,19.4800,18.7500,9878297,192147203.0100,1,0,3.033296
2018-12-28,sz.300502,19.3500,19.8800,18.9400,19.6500,19.4800,6356847,123427120.0300,1,0,3.033296
2019-01-02,sz.300502,19.6000,19.9100,19.3500,19.4000,19.6500,5321509,104373354.6700,1,0,3.033296
2019-01-03,sz.300502,19.1200,19.2700,18.2500,18.6500,19.4000,4767352,89118400.9000,1,0,3.033296
2019-01-04,sz.300502,18.5200,19.1700,18.3000,18.8900,18.6500,3861953,72540429.0300,1,0,3.033296
2019-01-07,sz.300502,19.0100,19.9500,18.6500,19.8500,18.8900,7362768,143062169.0500,1,0,3.033296
2019-01-08,sz.300502,19.6400,19.9900,19.2700,19.5500,19.8500,4395800,86238072.9000,1,0,3.033296
2019-01-09,sz.300502,19.4600,21.2800,19.3800,20.1200,19.5500,9785312,199491942.4400,1,0,3.033296
2019-01-10,sz.300502,20.4000,22.1300,20.1000,22.1300,20.1200,10166518,217311549.1500,1,0,3.033296
2019-01-11,sz.300502,23.5000,24.3400,21.4500,21.6100,22.1300,18410059,426878706.3200,1,0,3.033296
2019-01-14,sz.300502,21.3300,22.3800,21.0600,22.3700,21.6100,10810959,234996061.2800,1,0,3.033296
2019-01-15,sz.300502,21.8500,22.1900,21.1200,21.3200,22.3700,8919737,192109066.3200,1,0,3.033296
2019-01-16,sz.300502,20.8200,22.2600,20.8200,21.7900,21.3200,8821691,191164699.7000,1,0,3.033296
2019-01-17,sz.300502,21.6900,22.0200,21.0300,21.1000,21.7900,5897917,126966363.5700,1,0,3.033296
2019-01-18,sz.300502,21.1100,21.6600,20.6000,21.2100,21.1000,4166600,87852577.4500,1,0,3.033296
2019-01-21,sz.300502,21.3400,22.3600,21.3200,21.7000,21.2100,6456300,141296068.3600,1,0,3.033296
2019-01-22,sz.300502,21.5900,22.2900,21.4900,22.0600,21.7000,4790300,104906028.0000,1,0,3.033296
2019-01-23,sz.300502,21.8000,22.3400,21.7700,21.9800,22.0600,3390800,74601910.0000,1,0,3.033296
2019-01-24,sz.300502,21.9700,23.5000,21.7900,22.9000,21.9800,6280278,142425343.0600,1,0,3.033296
2019-01-25,sz.300502,22.7400,22.8700,22.1600,22.1800,22.9000,4916533,110158807.8700,1,0,3.033296
2019-01-28,sz.300502,22.6100,22.6800,21.4300,21.4500,22.1800,3581908,78138533.0000,1,0,3.033296
2019-01-29,sz.300502,21.2100,21.8800,20.4000,21.2900,21.4500,3052176,64687154.8400,1,0,3.033296
2019-01-30,sz.300502,21.0000,21.5600,20.7600,20.8500,21.2900,1596846,33779346.4800,1,0,3.033296
2019-01-31,sz.300502,20.9500,21.3900,20.4700,20.6300,20.8500,2502138,52479783.6400,1,0,3.033296
2019-02-01,sz.300502,20.9000,21.3500,20.7500,21.0000,20.6300,2700329,56938123.8700,1,0,3.033296
2019-02-11,sz.300502,21.2100,22.4500,21.2100,22.1400,21.0000,4354255,95730161.4500,1,0,3.033296
2019-02-12,sz.300502,22.0300,22.8000,21.8600,22.4900,22.1400,5969414,133655427.2500,1,0,3.033296
2019-02-13,sz.300502,22.4800,23.3500,22.3300,22.7400,22.4900,7061455,161064946.3000,1,0,3.033296
2019-02-14,sz.300502,21.9600,22.5400,21.6600,22.5100,22.7400,6063385,134577497.0500,1,0,3.033296
2019-02-15,sz.300502,22.3200,22.4700,22.0700,22.0700,22.5100,3285520,73083738.6000,1,0,3.033296
2019-02-18,sz.300502,22.2000,24.2800,22.1000,24.1400,22.0700,9732333,228019359.2000,1,0,3.033296
2019-02-19,sz.300502,24.2600,24.3300,23.2300,23.6000,24.1400,5273600,125288361.3000,1,0,3.033296
2019-02-20,sz.300502,23.5700,25.0300,23.3300,24.9300,23.6000,5920915,143352509.3000,1,0,3.033296
2019-02-21,sz.300502,24.8900,26.3800,24.5000,25.4700,24.9300,7892691,201178670.1500,1,0,3.033296
2019-02-22,sz.300502,25.4700,26.9100,25.3600,26.5400,25.4700,7604489,197361813.5500,1,0,3.033296
2019-02-25,sz.300502,26.8000,28.2800,26.5500,27.7700,26.5400,9012087,247619948.9500,1,0,3.033296
2019-02-26,sz.300502,27.5800,27.7000,26.4900,26.5100,27.7700,5931160,160497961.4400,1,0,3.033296
2019-02-27,sz.300502,26.3500,27.1200,25.7100,26.5200,26.5100,4337534,114854865.9200,1,0,3.033296
2019-02-28,sz.300502,27.5500,28.9500,27.5400,27.5800,26.5200,6156061,173164154.9500,1,0,3.033296
2019-03-01,sz.300502,27.9000,28.3800,27.4200,28.0600,27.5800,4577700,128064616.0000,1,0,3.033296
2019-03-04,sz.300502,28.2000,30.4400,28.2000,28.9900,28.0600,7227226,213201620.5500,1,0,3.033296
2019-03-05,sz.300502,29.4200,31.8900,29.4200,31.6000,28.9900,8002059,245280953.3900,1,0,3.033296
2019-03-06,sz.300502,31.8200,33.6600,30.0000,31.2000,31.6000,10710807,336309484.7900,1,0,3.033296
2019-03-07,sz.300502,31.4800,31.4800,29.9700,30.3000,31.2000,7106423,215010586.8500,1,0,3.033296
2019-03-08,sz.300502,29.5000,31.0300,28.9700,29.7900,30.3000,6078326,183361043.9500,1,0,3.033296
2019-03-11,sz.300502,29.7600,30.9400,29.2100,30.6500,29.7900,6087800,183444205.5100,1,0,3.033296
2019-03-12,sz.300502,30.6500,31.6500,30.5200,30.9900,30.6500,7215977,225145772.2500,1,0,3.033296
2019-03-13,sz.300502,30.7800,30.7800,28.6800,29.3000,30.9900,5639951,167565667.0400,1,0,3.033296
2019-03-14,sz.300502,29.1800,29.6800,28.2600,28.9500,29.3000,6474690,187440820.9600,1,0,3.033296
2019-03-15,sz.300502,29.5800,29.7300,28.7100,29.3700,28.9500,4514268,132082674.9700,1,0,3.033296
2019-03-18,sz.300502,29.3700,30.0000,28.5200,29.9200,29.3700,3913808,114637602.0000,1,0,3.033296
2019-03-19,sz.300502,29.8000,30.0700,29.0800,29.4800,29.9200,3787010,111867102.9200,1,0,3.033296
2019-03-20,sz.300502,29.4500,29.7900,28.6000,29.0000,29.4800,2454993,71393786.6400,1,0,3.033296
2019-03-21,sz.300502,29.0000,29.6600,28.6500,29.1100,29.0000,4450822,129989674.4200,1,0,3.033296
2019-03-22,sz.300502,29.2600,29.7200,28.8400,29.3000,29.1100,3536700,103538799.0000,1,0,3.033296
2019-03-25,sz.300502,28.8000,29.6000,28.7000,29.1500,29.3000,4071672,119071154.0000,1,0,3.033296
2019-03-26,sz.300502,29.2300,29.3000,26.7400,27.1300,29.1500,5880880,163255476.2300,1,0,3.033296
2019-03-27,sz.300502,27.1000,27.5100,26.6800,26.7400,27.1300,3696790,100035450.3400,1,0,3.033296
2019-03-28,sz.300502,27.1600,28.9900,27.1600,27.8300,26.7400,6008161,168997937.8200,1,0,3.033296
2019-03-29,sz.300502,27.5000,28.2000,26.7300,27.8300,27.8300,6110349,168529244.2800,1,0,3.033296
2019-04-01,sz.300502,28.1000,29.1700,28.1000,28.2600,27.8300,6176773,175672921.4300,1,0,3.033296
2019-04-02,sz.300502,28.5500,29.3800,28.1300,28.7700,28.2600,6177172,177941528.7800,1,0,3.033296
2019-04-03,sz.300502,28.8500,29.1300,28.3800,28.5100,28.7700,4077813,116536555.5500,1,0,3.033296
2019-04-04,sz.300502,28.6500,28.6900,27.5000,27.6800,28.5100,5487566,152707114.8200,1,0,3.033296
2019-04-08,sz.300502,28.5800,28.5800,27.6000,27.8000,27.6800,5562009,155944440.9600,1,0,3.033296
2019-04-09,sz.300502,27.9500,30.1900,27.9400,29.6500,27.8000,10205831,300682249.9300,1,0,3.033296
2019-04-10,sz.300502,29.1000,31.0900,28.7100,30.4000,29.6500,9713723,291614391.6600,1,0,3.033296
2019-04-11,sz.300502,30.4000,30.4500,29.1900,29.4000,30.4000,5267586,155639167.1000,1,0,3.033296
2019-04-12,sz.300502,29.3100,30.0800,28.7000,28.7500,29.4000,4818865,142012782.1000,1,0,3.033296
2019-04-15,sz.300502,29.4100,30.1000,27.6500,27.9000,28.7500,8458672,244361015.6000,1,0,3.033296
2019-04-16,sz.300502,27.3000,30.2000,27.0000,29.9000,27.9000,10359949,300784250.2500,1,0,3.033296
2019-04-17,sz.300502,29.8000,30.1600,29.2500,29.3300,29.9000,6106176,181236714.0600,1,0,3.033296
2019-04-18,sz.300502,29.4200,30.9500,29.3300,30.3900,29.3300,9269175,280484995.3200,1,0,3.033296
2019-04-19,sz.300502,30.0100,31.0000,29.5100,30.5300,30.3900,6002427,180713417.0400,1,0,3.033296
2019-04-22,sz.300502,30.6500,31.8000,30.0100,30.3700,30.5300,8651571,268227003.8800,1,0,3.033296
2019-04-23,sz.300502,30.1700,30.9800,29.0500,29.2700,30.3700,4859504,144313483.7400,1,0,3.033296
2019-04-24,sz.300502,29.7500,29.8000,28.2000,29.3300,29.2700,4672132,135747563.9200,1,0,3.033296
2019-04-25,sz.300502,29.3000,29.8000,28.5100,28.5300,29.3300,4328089,126720251.3700,1,0,3.033296
2019-04-26,sz.300502,28.4500,29.3500,28.1300,28.5300,28.5300,3688688,106703875.8200,1,0,3.033296
2019-04-29,sz.300502,28.6200,29.7500,27.8800,29.3900,28.5300,5658065,164788290.5400,1,0,3.033296
2019-04-30,sz.300502,28.8800,29.8800,28.3200,29.5800,29.3900,5396149,157263072.5400,1,0,3.033296
2019-05-06,sz.300502,27.6200,27.6200,26.6200,26.6200,29.5800,3489368,93652350.7800,1,0,3.033296
2019-05-07,sz.300502,25.5100,26.1600,23.9600,24.7000,26.6200,9101204,223633315.2000,1,0,3.033296
2019-05-08,sz.300502,23.9500,26.2500,23.1000,25.3000,24.7000,7341846,181626089.0400,1,0,3.033296
2019-05-09,sz.300502,24.7000,25.5900,24.1100,24.8000,25.3000,2661763,66904010.0700,1,0,3.033296
2019-05-10,sz.300502,25.5000,25.9000,24.2200,25.7100,24.8000,5075061,129103826.8700,1,0,3.033296
2019-05-13,sz.300502,25.2600,26.2400,24.8000,24.9900,25.7100,4682301,119519063.8300,1,0,3.033296
2019-05-14,sz.300502,24.8000,25.6000,24.8000,24.9900,24.9900,3754523,94531205.3400,1,0,3.033296
2019-05-15,sz.300502,25.4700,25.5800,24.8000,25.0800,24.9900,4057442,101676843.4400,1,0,3.033296
2019-05-16,sz.300502,25.0000,25.1700,24.0900,25.0100,25.0800,4960307,121776288.5800,1,0,3.033296
2019-05-17,sz.300502,25.1000,25.3600,23.2000,23.8700,25.0100,5647596,137128064.9900,1,0,3.033296
2019-05-20,sz.300502,23.4000,23.6200,21.8400,22.6500,23.8700,6103538,137544669.1300,1,0,3.033296
2019-05-21,sz.300502,22.7500,24.5000,22.7300,24.2200,22.6500,6621085,157737873.4200,1,0,3.033296
2019-05-22,sz.300502,24.6900,25.0900,23.8400,24.2800,24.2200,6543618,160612059.0400,1,0,3.033296
2019-05-23,sz.300502,24.0000,24.0000,22.8800,23.4400,24.2800,5073627,118925724.5100,1,0,3.033296
2019-05-24,sz.300502,23.6800,23.7000,22.4100,22.4700,23.4400,4044997,92618589.3200,1,0,3.033296
2019-05-27,sz.300502,22.5200,24.3800,22.4700,24.3500,22.4700,5946446,140228224.8000,1,0,3.033296
2019-05-28,sz.300502,25.9800,26.0000,24.5500,24.5900,24.3500,9090955,229519635.5600,1,0,3.033296
2019-05-29,sz.300502,24.4000,25.4000,24.2300,24.5400,24.5900,5531637,137401445.8500,1,0,3.033296
2019-05-30,sz.300502,24.1900,24.4300,23.4000,23.9800,24.5400,5326936,127548811.4200,1,0,3.033296
2019-05-31,sz.300502,24.0800,25.2000,24.0800,24.4000,23.9800,6017263,148457482.1100,1,0,3.033296
2019-06-03,sz.300502,25.0100,26.2000,24.6500,25.8500,24.4000,9907497,251590889.2800,1,0,3.033296
2019-06-04,sz.300502,25.9900,26.6800,25.0500,25.6500,25.8500,10295060,267727238.6300,1,0,3.033296
2019-06-05,sz.300502,26.1500,26.5800,25.1000,26.1600,25.6500,7897406,205438164.0200,1,0,3.033296
2019-06-06,sz.300502,26.0000,26.0000,23.5500,23.5800,26.1600,9630668,235275284.6100,1,0,3.033296
2019-06-10,sz.300502,23.0500,24.5600,23.0000,24.2100,23.5800,6435352,155434589.7200,1,0,3.033296
2019-06-11,sz.300502,24.4000,24.9300,23.8100,24.6900,24.2100,6164759,151333120.2300,1,0,3.033296
2019-06-12,sz.300502,25.0000,25.5500,24.4100,24.4700,24.6900,6612081,165421201.7100,1,0,3.033296
2019-06-13,sz.300502,24.5500,25.2500,24.2100,24.3000,24.4700,6953894,171192192.6200,1,0,3.033296
2019-06-14,sz.300502,24.1600,24.3700,22.8900,22.9400,24.1800,8006397,187861989.8100,1,0,3.048349
2019-06-17,sz.300502,23.0800,23.0900,22.0000,22.5900,22.9400,6195706,140032074.4800,1,0,3.048349
2019-06-18,sz.300502,22.7600,22.7700,22.2200,22.4600,22.5900,3734698,84049409.1000,1,0,3.048349
2019-06-19,sz.300502,23.2900,23.7000,23.0200,23.1300,22.4600,6660694,155842718.5700,1,0,3.048349
2019-06-20,sz.300502,23.0100,23.6500,22.4600,23.3300,23.1300,5481058,126733072.2500,1,0,3.048349
2019-06-21,sz.300502,23.6700,23.9700,23.3900,23.6400,23.3300,5194759,123150980.2200,1,0,3.048349
2019-06-24,sz.300502,23.7500,23.7500,23.0000,23.1900,23.6400,4309996,100382972.4400,1,0,3.048349
2019-06-25,sz.300502,23.0200,23.5700,22.8900,23.5700,23.1900,4464900,104007245.0000,1,0,3.048349
2019-06-26,sz.300502,23.3900,23.8600,23.0000,23.1600,23.5700,4130062,96593930.1500,1,0,3.048349
2019-06-27,sz.300502,23.4000,24.5800,23.3000,24.5800,23.1600,10454085,251575005.0200,1,0,3.048349
2019-06-28,sz.300502,24.3500,24.6900,23.5500,24.5200,24.5800,7267443,174711543.7000,1,0,3.048349
2019-07-01,sz.300502,25.3700,25.7700,24.9000,25.0400,24.5200,12210309,309726482.4700,1,0,3.048349
2019-07-02,sz.300502,25.0900,25.3900,24.5900,25.2700,25.0400,6955442,173306803.7300,1,0,3.048349
2019-07-03,sz.300502,25.0000,25.1700,24.4500,24.9100,25.2700,5482084,135692926.6100,1,0,3.048349
2019-07-04,sz.300502,24.9200,24.9900,24.2500,24.5000,24.9100,4781100,117278987.1400,1,0,3.048349
2019-07-05,sz.300502,24.5400,24.7900,24.0000,24.1800,24.5000,5655818,137622050.4800,1,0,3.048349
2019-07-08,sz.300502,24.1500,24.1800,22.6200,22.8800,24.1800,6581010,152397915.5500,1,0,3.048349
2019-07-09,sz.300502,22.9200,23.2500,22.8100,23.0700,22.8800,3179817,73410392.7100,1,0,3.048349
2019-07-10,sz.300502,23.2500,23.4800,22.9000,23.2100,23.0700,2781009,64436866.8000,1,0,3.048349
2019-07-11,sz.300502,23.4000,23.4000,22.6300,22.9600,23.2100,3215993,73957025.6500,1,0,3.048349
2019-07-12,sz.300502,22.9900,23.5700,22.6600,23.5700,22.9600,4061161,94323506.2300,1,0,3.048349
2019-07-15,sz.300502,24.0700,25.9000,23.7000,25.1900,23.5700,14036497,347356536.4300,1,0,3.048349
2019-07-16,sz.300502,25.1000,26.8200,25.0100,26.3700,25.1900,12700693,332478782.0200,1,0,3.048349
2019-07-17,sz.300502,26.6600,27.1000,26.1900,26.5700,26.3700,10961935,291721125.5000,1,0,3.048349
2019-07-18,sz.300502,26.5700,27.2700,26.0300,26.6800,26.5700,10708679,286117912.2900,1,0,3.048349
2019-07-19,sz.300502,26.9000,26.9000,26.2600,26.6200,26.6800,7082873,188064432.4900,1,0,3.048349
2019-07-22,sz.300502,26.8100,26.8100,25.3600,25.9200,26.6200,6808754,177342299.8200,1,0,3.048349
2019-07-23,sz.300502,26.2600,26.8500,26.0300,26.3800,25.9200,7131975,188517963.1000,1,0,3.048349
2019-07-24,sz.300502,26.7000,27.5000,26.6000,26.8000,26.3800,10217086,276976017.3600,1,0,3.048349
2019-07-25,sz.300502,26.9900,27.8400,26.8100,27.5300,26.8000,9066824,248858961.3400,1,0,3.048349
2019-07-26,sz.300502,27.3500,27.7800,27.0200,27.7000,27.5300,6392592,175694712.9200,1,0,3.048349
2019-07-29,sz.300502,27.5900,28.7000,27.3100,28.3100,27.7000,8436415,237120860.6800,1,0,3.048349
2019-07-30,sz.300502,28.2000,29.4500,28.0100,28.1100,28.3100,10023938,286745997.6300,1,0,3.048349
2019-07-31,sz.300502,28.2500,28.7600,27.9000,28.1600,28.1100,7902901,223268092.9800,1,0,3.048349
2019-08-01,sz.300502,27.8800,28.8000,27.5700,28.8000,28.1600,7707757,218535641.9500,1,0,3.048349
2019-08-02,sz.300502,27.9200,28.2600,26.2500,27.7700,28.8000,7815532,216964576.5200,1,0,3.048349
2019-08-05,sz.300502,27.6000,28.4600,27.1400,27.2500,27.7700,6618303,184103702.6000,1,0,3.048349
2019-08-06,sz.300502,26.7200,28.0500,26.7000,27.6300,27.2500,8911751,244927305.9100,1,0,3.048349
2019-08-07,sz.300502,27.9000,28.0500,26.5100,26.8700,27.6300,8368233,226516673.2800,1,0,3.048349
2019-08-08,sz.300502,26.6300,27.4800,26.0600,27.4700,26.8700,7215304,193622820.4000,1,0,3.048349
2019-08-09,sz.300502,27.5500,27.5700,25.6600,26.1400,27.4700,8488280,225895715.2000,1,0,3.048349
2019-08-12,sz.300502,26.3000,27.8000,26.1800,27.8000,26.1400,8469297,228101164.9300,1,0,3.048349
2019-08-13,sz.300502,27.4700,28.2500,27.2000,27.9000,27.8000,8911437,248155789.2500,1,0,3.048349
2019-08-14,sz.300502,28.5800,28.8700,27.7700,27.7800,27.9000,9257581,262026771.6800,1,0,3.048349
2019-08-15,sz.300502,26.8300,29.0000,26.6000,28.8500,27.7800,9687697,269770419.2300,1,0,3.048349
2019-08-16,sz.300502,28.6800,29.8500,28.6200,29.4200,28.8500,11651508,342595533.4700,1,0,3.048349
2019-08-19,sz.300502,30.0300,30.7400,29.2400,30.4600,29.4200,12134033,364986651.2100,1,0,3.048349
2019-08-20,sz.300502,30.3300,30.9600,30.1200,30.4900,30.4600,8768334,267639998.9100,1,0,3.048349
2019-08-21,sz.300502,30.5900,31.0000,29.8600,30.7200,30.4900,8142612,247948905.4400,1,0,3.048349
2019-08-22,sz.300502,30.5000,30.8800,29.7500,30.4000,30.7200,9434667,284652538.6700,1,0,3.048349
2019-08-23,sz.300502,30.5800,31.8300,30.0300,31.6300,30.4000,9981360,307438005.9900,1,0,3.048349
2019-08-26,sz.300502,30.7000,31.3600,30.6200,31.0700,31.6300,7720345,239096924.8100,1,0,3.048349
2019-08-27,sz.300502,31.1000,31.8000,30.7000,31.2400,31.0700,8876597,277684161.0000,1,0,3.048349
2019-08-28,sz.300502,31.0000,31.4600,30.3900,31.1300,31.2400,5626836,174223047.0800,1,0,3.048349
2019-08-29,sz.300502,31.2500,31.4300,30.6500,30.6500,31.1300,4377540,135633170.0000,1,0,3.048349
2019-08-30,sz.300502,30.7200,30.9000,29.3100,29.7800,30.6500,8220376,247914958.7900,1,0,3.048349
2019-09-02,sz.300502,29.8400,31.7500,29.5800,31.5200,29.7800,9752664,300809044.0800,1,0,3.048349
2019-09-03,sz.300502,31.8000,34.6700,31.4000,34.1600,31.5200,20219386,689325012.5000,1,0,3.048349
2019-09-04,sz.300502,33.9600,35.8500,33.8500,34.8500,34.1600,17422243,606627165.2200,1,0,3.048349
2019-09-05,sz.300502,38.0000,38.3400,36.4600,38.3400,34.8500,10234879,385708690.1400,1,0,3.048349
2019-09-06,sz.300502,41.5200,42.1700,39.2700,41.9900,38.3400,30340972,1250508988.6900,1,0,3.048349
2019-09-09,sz.300502,40.1000,42.2600,40.0100,41.9500,41.9900,21675430,890140422.8400,1,0,3.048349
2019-09-10,sz.300502,41.6000,41.6000,38.6100,39.4800,41.9500,20083705,802451910.1400,1,0,3.048349
2019-09-11,sz.300502,39.8800,40.3000,38.6000,38.9900,39.4800,13748931,539176522.9700,1,0,3.048349
2019-09-12,sz.300502,39.2500,40.1800,38.6700,39.3200,38.9900,11290806,445766126.3900,1,0,3.048349
2019-09-16,sz.300502,39.5900,41.5500,39.1300,40.6800,39.3200,14666398,597455794.5200,1,0,3.048349
2019-09-17,sz.300502,40.3000,40.5100,37.7300,39.0800,40.6800,10664322,416850510.7000,1,0,3.048349
2019-09-18,sz.300502,39.2000,39.5500,37.9000,38.8900,39.0800,7958308,309934876.2200,1,0,3.048349
2019-09-19,sz.300502,38.8800,39.6600,38.5100,39.4500,38.8900,7523301,294463036.6500,1,0,3.048349
2019-09-20,sz.300502,39.1600,39.8800,38.5000,39.4500,39.4500,9009659,352605716.8500,1,0,3.048349
2019-09-23,sz.300502,38.9600,39.2000,38.2100,38.9000,39.4500,6710382,259249180.6700,1,0,3.048349
2019-09-24,sz.300502,39.2000,42.7900,39.0700,41.6300,38.9000,17459997,719887696.4300,1,0,3.048349
2019-09-25,sz.300502,41.5000,41.5000,37.4700,37.4900,41.6300,14779446,572713689.9100,1,0,3.048349
2019-09-26,sz.300502,37.6500,37.9300,34.1600,34.4700,37.4900,12785123,456511796.5000,1,0,3.048349
2019-09-27,sz.300502,34.8800,35.9800,34.0400,35.1800,34.4700,8466821,297651972.7200,1,0,3.048349
2019-09-30,sz.300502,34.8300,35.8600,34.4200,34.5800,35.1800,5706867,199959098.7700,1,0,3.048349
2019-10-08,sz.300502,34.0000,35.1400,33.5600,33.8100,34.5800,6982815,239761412.0700,1,0,3.048349
2019-10-09,sz.300502,34.2500,36.8500,33.8300,36.6300,33.8100,10493807,371833716.8700,1,0,3.048349
2019-10-10,sz.300502,36.6300,40.2300,36.3100,39.5500,36.6300,13666261,523433476.6200,1,0,3.048349
2019-10-11,sz.300502,39.5500,40.2000,38.5700,40.2000,39.5500,8742025,344609087.0300,1,0,3.048349
2019-10-14,sz.300502,40.4800,41.9000,39.0000,41.5800,40.2000,10008240,402976485.3800,1,0,3.048349
2019-10-15,sz.300502,39.1900,39.6800,37.4200,39.1200,41.5800,13813419,532976333.5600,1,0,3.048349
2019-10-16,sz.300502,38.9500,39.2300,38.0500,38.1100,39.1200,5118960,197917364.5000,1,0,3.048349
2019-10-17,sz.300502,37.8400,39.2200,37.7500,38.2500,38.1100,5193521,199557469.7200,1,0,3.048349
2019-10-18,sz.300502,38.3000,38.4400,36.8100,37.0000,38.2500,5969260,224514887.5800,1,0,3.048349
2019-10-21,sz.300502,37.5200,38.2900,36.3400,38.1700,37.0000,6173756,230555253.9200,1,0,3.048349
2019-10-22,sz.300502,38.0100,39.6700,38.0000,38.5600,38.1700,7054815,274134777.1900,1,0,3.048349
2019-10-23,sz.300502,37.9600,39.6400,37.6900,38.7200,38.5600,7397567,288966299.0100,1,0,3.048349
2019-10-24,sz.300502,38.4000,38.8900,37.3300,38.4300,38.7200,4905011,186382391.2300,1,0,3.048349
2019-10-25,sz.300502,38.1800,39.2500,37.5600,39.1400,38.4300,5800832,223486440.3900,1,0,3.048349
2019-10-28,sz.300502,38.9900,40.4800,38.4500,39.9300,39.1400,8601291,340207354.8100,1,0,3.048349
2019-10-29,sz.300502,40.2900,40.2900,37.8700,38.1400,39.9300,7672916,295833538.9400,1,0,3.048349
2019-10-30,sz.300502,38.0000,38.9200,37.3000,38.0800,38.1400,4750590,181664467.0200,1,0,3.048349
2019-10-31,sz.300502,38.2000,39.1500,38.0800,38.4500,38.0800,5645581,218774814.9000,1,0,3.048349
2019-11-01,sz.300502,38.1100,38.3000,36.0100,36.8100,38.4500,9907240,365820709.6500,1,0,3.048349
2019-11-04,sz.300502,37.0000,38.1000,36.5900,37.7900,36.8100,6526705,245038211.8500,1,0,3.048349
2019-11-05,sz.300502,37.6200,38.0800,36.7000,37.1500,37.7900,6142254,228402062.9700,1,0,3.048349
2019-11-06,sz.300502,36.8100,37.4000,35.9100,36.1700,37.1500,5451410,198718222.5200,1,0,3.048349
2019-11-07,sz.300502,36.3400,36.5800,35.6500,35.8300,36.1700,4264711,153658703.1400,1,0,3.048349
2019-11-08,sz.300502,36.2700,37.5000,36.0300,36.5400,35.8300,7866714,289536424.4600,1,0,3.048349
2019-11-11,sz.300502,35.9900,37.0300,35.0500,36.0100,36.5400,5567439,201555404.3200,1,0,3.048349
2019-11-12,sz.300502,36.0000,36.1900,34.4000,35.9300,36.0100,7338573,258717373.7400,1,0,3.048349
2019-11-13,sz.300502,35.5000,36.2900,35.4700,35.9200,35.9300,3827866,137419678.7600,1,0,3.048349
2019-11-14,sz.300502,36.0300,36.3800,35.3300,36.1300,35.9200,7311205,262073468.6500,1,0,3.048349
2019-11-15,sz.300502,35.9300,36.1200,35.2800,35.2800,36.1300,4752524,169307389.1000,1,0,3.048349
2019-11-18,sz.300502,34.8000,35.8800,34.8000,35.6200,35.2800,3990967,141634450.5100,1,0,3.048349
2019-11-19,sz.300502,35.7600,39.1800,35.6400,39.1800,35.6200,18471337,704663273.8700,1,0,3.048349
2019-11-20,sz.300502,40.1000,40.3500,38.6000,38.8300,39.1800,15362704,605818482.2500,1,0,3.048349
2019-11-21,sz.300502,38.7900,38.8800,37.7700,38.1700,38.8300,8249143,315729376.0600,1,0,3.048349
2019-11-22,sz.300502,38.2900,39.2400,37.0000,37.1300,38.1700,10664643,406675927.8100,1,0,3.048349
2019-11-25,sz.300502,36.8100,37.4600,35.7000,36.3000,37.1300,6050291,219925456.6400,1,0,3.048349
2019-11-26,sz.300502,36.4900,36.7500,35.8800,35.9800,36.3000,3800873,137509730.6300,1,0,3.048349
2019-11-27,sz.300502,35.9600,36.9000,35.6200,36.3600,35.9800,5182477,188248543.8900,1,0,3.048349
2019-11-28,sz.300502,36.5900,38.2200,36.3800,36.7300,36.3600,7437761,278019541.5500,1,0,3.048349
2019-11-29,sz.300502,36.3800,37.8000,36.3600,37.2100,36.7300,5677530,210323288.7300,1,0,3.048349
2019-12-02,sz.300502,37.4100,37.8000,36.3700,37.5800,37.2100,6179659,230073723.1300,1,0,3.048349
2019-12-03,sz.300502,36.8000,37.5600,36.4200,37.5200,37.5800,5264644,195116982.0200,1,0,3.048349
2019-12-04,sz.300502,37.2300,37.3600,36.3000,36.4300,37.5200,6260853,229951885.4500,1,0,3.048349
2019-12-05,sz.300502,36.6000,38.5200,36.5000,38.1700,36.4300,11849729,447057635.5100,1,0,3.048349
2019-12-06,sz.300502,38.1000,38.8000,37.6300,38.7600,38.1700,10107693,386599338.9100,1,0,3.048349
2019-12-09,sz.300502,39.7700,39.7800,37.8400,37.9100,38.7600,9987687,382539817.2600,1,0,3.048349
2019-12-10,sz.300502,37.0600,37.2300,36.2800,36.8500,37.9100,11363374,417500965.3000,1,0,3.048349
2019-12-11,sz.300502,36.6400,37.1300,36.3000,36.5000,36.8500,5676276,208126228.0500,1,0,3.048349
2019-12-12,sz.300502,36.5800,39.2800,36.5700,38.1900,36.5000,14944478,569393740.7500,1,0,3.048349
2019-12-13,sz.300502,38.5700,38.8400,37.8600,38.7000,38.1900,11192779,429990635.0700,1,0,3.048349
2019-12-16,sz.300502,39.6900,40.5500,39.1800,40.1500,38.7000,14010168,558251024.5000,1,0,3.048349
2019-12-17,sz.300502,41.1900,44.1700,40.8300,44.1700,40.1500,20659556,893476007.7700,1,0,3.048349
2019-12-18,sz.300502,44.2600,45.2000,43.5000,44.5100,44.1700,21959358,971934058.9300,1,0,3.048349
2019-12-19,sz.300502,43.9100,43.9500,42.5000,42.7600,44.5100,12935179,556745088.5600,1,0,3.048349
2019-12-20,sz.300502,42.6800,43.0600,41.3400,41.6400,42.7600,10015276,420692894.5200,1,0,3.048349
2019-12-23,sz.300502,41.2000,42.2300,40.6300,41.0500,41.6400,8515280,353183132.9800,1,0,3.048349
2019-12-24,sz.300502,41.4100,43.1800,41.1200,43.0100,41.0500,10748757,457386950.4500,1,0,3.048349
2019-12-25,sz.300502,42.6000,43.1700,42.1000,43.0900,43.0100,8459221,360949791.1900,1,0,3.048349
2019-12-26,sz.300502,42.8000,43.1700,42.4100,43.0000,43.0900,5656822,241738586.7300,1,0,3.048349
2019-12-27,sz.300502,43.6800,45.5800,39.8600,40.2600,43.0000,20108729,857816085.8100,1,0,3.048349
2019-12-30,sz.300502,38.7800,40.0000,37.3100,39.2500,40.2600,10539390,408851160.9700,1,0,3.048349
2019-12-31,sz.300502,39.0100,40.5000,39.0000,40.1400,39.2500,8099485,323889624.2200,1,0,3.048349
2020-01-02,sz.300502,40.8000,41.0000,40.0000,40.7700,40.1400,7246210,294121991.6200,1,0,3.048349
2020-01-03,sz.300502,40.7700,41.2500,39.7100,40.3300,40.7700,7663746,310111458.5500,1,0,3.048349
2020-01-06,sz.300502,40.0300,41.1300,39.0100,40.2900,40.3300,7235911,292912448.5700,1,0,3.048349
2020-01-07,sz.300502,40.6100,40.7300,39.7100,40.3000,40.2900,6742756,270278083.0400,1,0,3.048349
2020-01-08,sz.300502,39.9500,40.2500,39.0500,39.1200,40.3000,7247163,286302819.8700,1,0,3.048349
2020-01-09,sz.300502,39.8200,41.3500,39.7400,41.1300,39.1200,10887515,444055753.3700,1,0,3.048349
2020-01-10,sz.300502,41.2200,41.7400,40.6000,41.4500,41.1300,7701753,317035737.6000,1,0,3.048349
2020-01-13,sz.300502,41.4400,42.9900,41.0600,42.9700,41.4500,8945905,378572501.0800,1,0,3.048349
2020-01-14,sz.300502,42.8800,43.2400,41.9200,42.0700,42.9700,7668607,325196821.5500,1,0,3.048349
2020-01-15,sz.300502,41.8100,42.8600,41.3500,42.5600,42.0700,6402524,269009524.8700,1,0,3.048349
2020-01-16,sz.300502,42.5800,42.9500,42.0100,42.4600,42.5600,5981091,254315329.5300,1,0,3.048349
2020-01-17,sz.300502,42.6000,46.6800,42.0500,45.4000,42.4600,20820428,930040165.9900,1,0,3.048349
2020-01-20,sz.300502,47.3900,49.9000,47.1100,49.2700,45.4000,19055542,924106556.7400,1,0,3.048349
2020-01-21,sz.300502,49.2700,51.5700,48.8700,49.8500,49.2700,12579195,632388489.4800,1,0,3.048349
2020-01-22,sz.300502,49.1800,54.8400,49.0500,54.8400,49.8500,15334808,809028073.2900,1,0,3.048349
2020-01-23,sz.300502,54.0000,54.6000,51.0000,51.9000,54.8400,15220759,806742240.8100,1,0,3.048349
2020-02-03,sz.300502,46.7100,46.7100,46.7100,46.7100,51.9000,3157600,147491496.0000,1,0,3.048349
2020-02-04,sz.300502,45.0000,50.3000,44.2200,49.8500,46.7100,16631231,811018249.6600,1,0,3.048349
2020-02-05,sz.300502,50.3100,54.1600,50.1000,52.4100,49.8500,15113120,794082433.8300,1,0,3.048349
2020-02-06,sz.300502,50.7500,57.6200,50.7500,57.3600,52.4100,14646388,801694873.3100,1,0,3.048349
2020-02-07,sz.300502,58.0000,63.0300,57.1100,62.9500,57.3600,15033093,912440995.9300,1,0,3.048349
2020-02-10,sz.300502,62.0000,63.8800,58.8900,61.8600,62.9500,13948191,856335399.3900,1,0,3.048349
2020-02-11,sz.300502,60.2500,63.5000,59.5100,61.7900,61.8600,10098641,616293393.5100,1,0,3.048349
2020-02-12,sz.300502,59.0500,63.3000,59.0200,62.1100,61.7900,13581550,823712059.9100,1,0,3.048349
2020-02-13,sz.300502,61.3200,61.4000,58.9000,58.9000,62.1100,11620067,697389261.9200,1,0,3.048349
2020-02-14,sz.300502,58.9100,60.8600,58.0000,59.1000,58.9000,8139103,483882103.9300,1,0,3.048349
2020-02-17,sz.300502,60.1000,65.0100,60.1000,65.0000,59.1000,13459297,849496846.9600,1,0,3.048349
2020-02-18,sz.300502,64.8800,68.5800,63.8800,66.6600,65.0000,11794818,782253707.9700,1,0,3.048349
2020-02-19,sz.300502,66.2000,66.2000,62.8600,63.2700,66.6600,9000215,579231601.0800,1,0,3.048349
2020-02-20,sz.300502,63.5000,66.7900,62.8100,65.2500,63.2700,9469178,613775118.0600,1,0,3.048349
2020-02-21,sz.300502,64.7800,71.3800,64.5000,68.9000,65.2500,9881475,677506506.3700,1,0,3.048349
2020-02-24,sz.300502,70.0000,75.7900,69.9900,75.7900,68.9000,10858039,798980561.2900,1,0,3.048349
2020-02-25,sz.300502,73.8000,80.5000,69.2600,80.1900,75.7900,15780240,1199820493.1200,1,0,3.048349
2020-02-26,sz.300502,78.0000,78.0100,72.1700,72.1700,80.1900,13846999,1025204166.8300,1,0,3.048349
2020-02-27,sz.300502,73.0000,75.4600,69.5100,72.3000,72.1700,10957478,791806629.2800,1,0,3.048349
2020-02-28,sz.300502,67.0000,72.0000,66.8500,66.9200,72.3000,10760535,738019255.5500,1,0,3.048349
2020-03-02,sz.300502,69.7800,73.6100,68.0000,73.6000,66.9200,11925083,851930245.4300,1,0,3.048349
2020-03-03,sz.300502,76.9000,79.2000,70.6000,70.7300,73.6000,17029242,1275219618.5800,1,0,3.048349
2020-03-04,sz.300502,69.7000,70.4800,65.7000,68.1600,70.7300,13207128,897567713.1400,1,0,3.048349
2020-03-05,sz.300502,71.2300,71.7500,65.0300,67.6000,68.1600,13839598,943860893.8100,1,0,3.048349
2020-03-06,sz.300502,65.6500,69.2900,65.0000,67.9400,67.6000,9098820,613960675.1500,1,0,3.048349
2020-03-09,sz.300502,67.8300,71.0600,66.8000,67.9200,67.9400,12688535,874865501.5100,1,0,3.048349
2020-03-10,sz.300502,68.6600,73.4800,65.2800,73.1000,67.9200,15018779,1051518552.1900,1,0,3.048349
2020-03-11,sz.300502,73.8700,74.5600,68.0000,68.3900,73.1000,15108691,1079793792.9500,1,0,3.048349
2020-03-12,sz.300502,66.4900,67.1800,64.0400,65.0200,68.3900,10634779,697018180.6000,1,0,3.048349
2020-03-13,sz.300502,60.9700,64.5800,60.0000,63.0500,65.0200,11993335,743979400.7200,1,0,3.048349
2020-03-16,sz.300502,63.0000,63.6000,56.7500,56.7500,63.0500,14180831,842539949.4400,1,0,3.048349
2020-03-17,sz.300502,58.6500,59.1900,54.3400,57.4000,56.7500,12095119,689774451.8000,1,0,3.048349
2020-03-18,sz.300502,58.6800,60.1500,57.2000,57.5400,57.4000,12430878,734899956.5800,1,0,3.048349
2020-03-19,sz.300502,58.0400,62.5000,57.5700,62.1800,57.5400,14026503,838191436.3500,1,0,3.048349
2020-03-20,sz.300502,63.7000,65.5000,62.8000,63.0300,62.1800,11562101,740029543.3500,1,0,3.048349
2020-03-23,sz.300502,61.0500,65.4000,60.6000,61.0300,63.0300,10461546,660521700.3800,1,0,3.048349
2020-03-24,sz.300502,63.2000,63.8800,58.5000,61.8000,61.0300,10114797,622447821.6900,1,0,3.048349
2020-03-25,sz.300502,63.8300,64.3800,61.2800,63.1800,61.8000,7674925,483992428.4500,1,0,3.048349
2020-03-26,sz.300502,62.3100,63.0900,60.7800,61.1800,63.1800,5429929,335885063.4000,1,0,3.048349
2020-03-27,sz.300502,61.9000,62.7000,60.0900,60.5300,61.1800,5501732,337673991.6700,1,0,3.048349
2020-03-30,sz.300502,58.6800,60.7600,56.5100,57.9300,60.5300,7341019,425948012.9900,1,0,3.048349
2020-03-31,sz.300502,59.6800,60.0000,58.0000,58.3500,57.9300,5644366,333360885.5400,1,0,3.048349
2020-04-01,sz.300502,58.2200,60.9800,57.1000,59.4300,58.3500,6361759,380160133.0100,1,0,3.048349
2020-04-02,sz.300502,60.0200,63.1600,59.0100,63.1600,59.4300,8906660,547216838.3500,1,0,3.048349
2020-04-03,sz.300502,62.8300,64.8300,62.4800,63.2000,63.1600,7173492,455518695.8500,1,0,3.048349
2020-04-07,sz.300502,65.0200,65.3500,63.3100,64.0000,63.2000,6808407,436967173.6900,1,0,3.048349
2020-04-08,sz.300502,63.4500,69.6700,63.0600,69.1700,64.0000,13003248,878303603.8300,1,0,3.048349
2020-04-09,sz.300502,69.0500,69.2600,67.2100,68.9000,69.1700,7338219,502020706.4200,1,0,3.048349
2020-04-10,sz.300502,69.1400,70.8000,64.8000,65.0100,68.9000,9358598,628801235.1500,1,0,3.048349
2020-04-13,sz.300502,63.9000,66.5000,62.9000,63.6600,65.0100,5944831,383017639.1700,1,0,3.048349
2020-04-14,sz.300502,64.2500,66.4600,63.9200,66.4300,63.6600,6832912,448537762.2400,1,0,3.048349
2020-04-15,sz.300502,66.5200,69.6900,65.8500,67.1900,66.4300,7362037,499480090.9600,1,0,3.048349
2020-04-16,sz.300502,66.8000,68.0100,65.8800,67.6800,67.1900,4133791,277908605.6900,1,0,3.048349
2020-04-17,sz.300502,68.4900,72.2700,68.4100,70.0000,67.6800,9613905,677969406.0700,1,0,3.048349
2020-04-20,sz.300502,69.9900,72.6900,69.5000,72.0500,70.0000,6431437,459462444.5800,1,0,3.048349
2020-04-21,sz.300502,71.0000,72.9500,70.0100,72.9000,72.0500,6111380,437673702.8900,1,0,3.048349
2020-04-22,sz.300502,71.5700,72.0700,70.1600,71.3300,72.9000,5433286,385875908.8800,1,0,3.048349
2020-04-23,sz.300502,72.1100,72.4800,67.0600,67.2500,71.3300,8472430,579764259.9400,1,0,3.048349
2020-04-24,sz.300502,67.7300,69.3300,66.7300,67.9600,67.2500,5567788,378787988.9400,1,0,3.048349
2020-04-27,sz.300502,68.0000,69.2800,67.6100,68.0000,67.9600,4441906,304266041.6600,1,0,3.048349
2020-04-28,sz.300502,67.9900,69.6900,65.2300,68.5300,68.0000,6236795,425599233.5500,1,0,3.048349
2020-04-29,sz.300502,68.0000,68.9000,67.4300,68.2600,68.5300,3637354,248438672.0000,1,0,3.048349
2020-04-30,sz.300502,68.9000,73.5500,68.9000,72.3000,68.2600,7974922,572846574.7300,1,0,3.048349
2020-05-06,sz.300502,72.0000,75.9000,71.8100,75.5600,72.3000,7513794,557053687.3100,1,0,3.048349
2020-05-07,sz.300502,77.0100,79.7000,73.3600,73.9200,75.5600,7383635,559903270.0900,1,0,3.048349
2020-05-08,sz.300502,75.5000,77.6000,74.4200,75.0000,73.9200,5783734,437967138.6400,1,0,3.048349
2020-05-11,sz.300502,76.4300,78.4200,74.9700,76.4400,75.0000,6413251,489743627.4100,1,0,3.048349
2020-05-12,sz.300502,75.7200,76.6400,73.4800,75.4400,76.4400,5718165,427539911.9000,1,0,3.048349
2020-05-13,sz.300502,74.6400,77.5000,74.4100,76.9300,75.4400,5203124,395135925.6600,1,0,3.048349
2020-05-14,sz.300502,76.2000,76.6600,74.4800,74.9000,76.9300,4442849,335475033.5600,1,0,3.048349
2020-05-15,sz.300502,75.5800,76.3500,74.1400,74.9300,74.9000,4268578,321484581.9900,1,0,3.048349
2020-05-18,sz.300502,73.9900,73.9900,70.1000,70.1600,74.9300,8238846,589701264.6900,1,0,3.048349
2020-05-19,sz.300502,71.0100,72.1800,69.0500,71.0000,70.1600,7374166,519922765.7600,1,0,3.048349
2020-05-20,sz.300502,70.8900,71.2700,67.6100,68.4100,71.0000,7571648,523048280.4800,1,0,3.048349
2020-05-21,sz.300502,68.6800,69.5300,67.6800,68.3000,68.4100,5084448,347203350.5300,1,0,3.048349
2020-05-22,sz.300502,68.8800,69.2200,65.6800,66.2500,68.3000,5680931,383737772.8400,1,0,3.048349
2020-05-25,sz.300502,66.3900,67.8800,65.0500,65.9500,66.2500,4550032,301761389.2600,1,0,3.048349
2020-05-26,sz.300502,66.3600,68.9600,66.3600,68.6500,65.9500,5415882,369075920.0200,1,0,3.048349
2020-05-27,sz.300502,69.0000,69.0000,65.2100,65.3800,68.6500,5467475,363326687.9000,1,0,3.048349
2020-05-28,sz.300502,65.2700,66.3200,63.7500,66.2800,65.3800,4773326,311290040.9500,1,0,3.048349
2020-05-29,sz.300502,46.9900,46.9900,44.7700,46.5200,47.2100,6761899,311062214.2800,1,0,4.279699
2020-06-01,sz.300502,46.9900,50.3600,46.9000,49.9300,46.5200,12215242,598217907.7800,1,0,4.279699
2020-06-02,sz.300502,49.9900,50.3000,48.7200,49.2400,49.9300,6511114,320884806.5900,1,0,4.279699
2020-06-03,sz.300502,49.4400,49.4900,48.2900,48.3100,49.2400,7269617,353893651.4900,1,0,4.279699
2020-06-04,sz.300502,48.2000,48.3000,46.9000,47.2500,48.3100,6072646,287990835.9100,1,0,4.279699
2020-06-05,sz.300502,47.5000,48.0400,46.0000,46.8100,47.2500,7221144,337369262.8400,1,0,4.279699
2020-06-08,sz.300502,47.4200,48.9000,46.7300,46.7900,46.8100,8920409,426559084.6900,1,0,4.279699
2020-06-09,sz.300502,47.4000,47.5000,46.3000,47.0200,46.7900,6248321,293040774.7000,1,0,4.279699
2020-06-10,sz.300502,46.6900,47.0000,45.6700,46.2900,47.0200,7651721,353026903.1600,1,0,4.279699
2020-06-11,sz.300502,46.1500,49.9900,46.0000,48.6800,46.2900,16280689,790113964.3900,1,0,4.279699
2020-06-12,sz.300502,47.5000,52.1800,47.5000,51.4500,48.6800,18825169,950302884.2800,1,0,4.279699
2020-06-15,sz.300502,52.3000,52.8000,51.1900,51.5700,51.4500,15099744,785394841.1000,1,0,4.279699
2020-06-16,sz.300502,53.0000,54.0200,51.8700,52.4400,51.5700,11024326,583560456.7600,1,0,4.279699
2020-06-17,sz.300502,52.6100,54.3200,51.6500,52.3500,52.4400,10375686,546485055.2600,1,0,4.279699
2020-06-18,sz.300502,52.3100,57.5900,51.0100,57.5900,52.3500,16484246,921649150.0600,1,0,4.279699
2020-06-19,sz.300502,58.0000,59.1800,56.8000,58.3000,57.5900,16443316,953994870.0500,1,0,4.279699
2020-06-22,sz.300502,58.5000,60.4500,58.0000,58.8800,58.3000,12253481,723605780.3200,1,0,4.279699
2020-06-23,sz.300502,58.8800,60.0000,57.6100,59.9900,58.8800,9096969,537288982.5300,1,0,4.279699
2020-06-24,sz.300502,60.3800,61.2800,58.6100,60.0000,59.9900,9942195,593565802.6300,1,0,4.279699
2020-06-29,sz.300502,59.1600,61.2600,59.0500,60.1600,60.0000,8067670,485238904.1200,1,0,4.279699
2020-06-30,sz.300502,61.2000,63.9200,60.5000,63.1200,60.1600,9837278,615094626.0900,1,0,4.279699
2020-07-01,sz.300502,63.8700,63.8700,60.5100,61.6000,63.1200,10406652,645263001.3900,1,0,4.279699
2020-07-02,sz.300502,61.6600,63.2600,60.8900,62.0100,61.6000,8002380,497035684.2300,1,0,4.279699
2020-07-03,sz.300502,61.8000,62.4300,59.5100,61.6500,62.0100,9103916,557868233.1100,1,0,4.279699
2020-07-06,sz.300502,61.5000,64.6700,61.4900,64.1200,61.6500,9869446,629745523.4400,1,0,4.279699
2020-07-07,sz.300502,64.2000,67.8500,63.5500,64.6600,64.1200,11528966,760868154.1400,1,0,4.279699
2020-07-08,sz.300502,65.2000,69.2200,65.0200,68.0000,64.6600,10109136,680624073.3800,1,0,4.279699
2020-07-09,sz.300502,67.8000,69.9600,66.9000,68.0000,68.0000,11570087,790993149.9800,1,0,4.279699
2020-07-10,sz.300502,67.9000,69.8000,66.7700,69.2200,68.0000,8711167,598348730.2300,1,0,4.279699
2020-07-13,sz.300502,76.1400,76.1400,76.1400,76.1400,69.2200,1827184,139121789.7600,1,0,4.279699
2020-07-14,sz.300502,83.6600,83.7500,79.1300,81.4200,76.1400,31961287,2620416178.8300,1,0,4.279699
2020-07-15,sz.300502,80.6000,80.6300,73.2800,73.2800,81.4200,25124257,1882619729.4400,1,0,4.279699
2020-07-16,sz.300502,72.2200,72.8500,67.0000,68.8000,73.2800,21063896,1474178524.7500,1,0,4.279699
2020-07-17,sz.300502,68.8100,71.7200,67.3000,70.4000,68.8000,13346597,934470345.2400,1,0,4.279699
2020-07-20,sz.300502,71.5100,72.7900,69.1200,72.1500,70.4000,9161504,652255854.4200,1,0,4.279699
2020-07-21,sz.300502,71.5100,73.1100,69.6800,71.8400,72.1500,8686847,619703054.7600,1,0,4.279699
2020-07-22,sz.300502,71.5000,74.9800,71.0000,72.8600,71.8400,8440686,619676912.7000,1,0,4.279699
2020-07-23,sz.300502,71.5100,73.0500,69.6900,71.7300,72.8600,8681062,618039527.3100,1,0,4.279699
2020-07-24,sz.300502,71.2600,73.1500,68.2100,68.3000,71.7300,9726891,687335520.3400,1,0,4.279699
2020-07-27,sz.300502,68.8000,70.4400,68.1200,68.6100,68.3000,6062934,419879789.9300,1,0,4.279699
2020-07-28,sz.300502,70.0200,71.3700,69.2400,70.4500,68.6100,5262491,369167969.5800,1,0,4.279699
2020-07-29,sz.300502,71.2700,73.5600,69.8000,73.3800,70.4500,7325721,529072251.9700,1,0,4.279699
2020-07-30,sz.300502,73.8000,73.8000,70.0000,71.1000,73.3800,8044675,573960040.4000,1,0,4.279699
2020-07-31,sz.300502,71.4900,74.9300,71.1800,72.5700,71.1000,10515410,769970068.5100,1,0,4.279699
2020-08-03,sz.300502,75.2500,79.7000,73.2800,77.9100,72.5700,12334774,946672251.5200,1,0,4.279699
2020-08-04,sz.300502,77.6600,77.9500,74.8000,76.6600,77.9100,8644671,659945217.2600,1,0,4.279699
2020-08-05,sz.300502,77.0500,77.6000,75.9000,77.0800,76.6600,6115254,469700895.1800,1,0,4.279699
2020-08-06,sz.300502,77.7700,77.8000,74.0100,75.4000,77.0800,6337179,475759885.4600,1,0,4.279699
2020-08-07,sz.300502,74.0600,76.1000,70.2100,71.9400,75.4000,8927823,647242813.6200,1,0,4.279699
2020-08-10,sz.300502,72.0000,72.6400,68.4300,70.4600,71.9400,7934364,557924112.1500,1,0,4.279699
2020-08-11,sz.300502,70.4400,72.2700,69.1000,69.1900,70.4600,5533555,391222744.6200,1,0,4.279699
2020-08-12,sz.300502,68.6000,69.8900,66.0000,67.6600,69.1900,7255777,489145103.4300,1,0,4.279699
2020-08-13,sz.300502,67.9300,68.8300,67.0500,67.9200,67.6600,4362234,296661499.0200,1,0,4.279699
2020-08-14,sz.300502,68.0000,70.2800,67.6700,69.8000,67.9200,4809792,332157554.2500,1,0,4.279699
2020-08-17,sz.300502,69.7400,70.5000,67.7000,69.9800,69.8000,7046374,486811275.2600,1,0,4.279699
2020-08-18,sz.300502,69.6800,69.6800,65.6000,67.9800,69.9800,9844283,663975685.1200,1,0,4.279699
2020-08-19,sz.300502,68.0000,69.1100,65.0300,65.1700,67.9800,7073604,469702766.0300,1,0,4.279699
2020-08-20,sz.300502,64.8000,66.0500,63.6600,64.9900,65.1700,5354802,348039744.8000,1,0,4.279699
2020-08-21,sz.300502,65.5000,67.1800,64.1800,65.3000,64.9900,6633400,435554934.9300,1,0,4.279699
2020-08-24,sz.300502,65.9900,67.2800,64.7400,66.3900,65.3000,7404139,492328054.9600,1,0,4.279699
2020-08-25,sz.300502,66.7000,71.6000,66.4200,68.6300,66.3900,10509317,727650698.0000,1,0,4.279699
2020-08-26,sz.300502,68.8800,69.1900,65.2600,65.9400,68.6300,6683918,447401492.8100,1,0,4.279699
2020-08-27,sz.300502,65.5200,68.5000,65.5200,67.8900,65.9400,6257991,421367417.4300,1,0,4.279699
2020-08-28,sz.300502,67.5000,68.4800,66.8200,68.2700,67.8900,5756544,389151916.5700,1,0,4.279699
2020-08-31,sz.300502,68.3000,69.0000,66.8000,67.0900,68.2700,5335423,362671982.0900,1,0,4.279699
2020-09-01,sz.300502,66.5800,67.5200,65.1000,67.2900,67.0900,5565482,368910179.7000,1,0,4.279699
2020-09-02,sz.300502,67.2900,67.5000,66.0100,66.8000,67.2900,4069966,271786238.8200,1,0,4.279699
2020-09-03,sz.300502,67.2000,67.5500,66.0200,66.1100,66.8000,4005913,266994518.2900,1,0,4.279699
2020-09-04,sz.300502,65.0000,67.6400,64.7500,66.9900,66.1100,5353665,357530654.1600,1,0,4.279699
2020-09-07,sz.300502,66.6200,67.5800,64.6000,65.0300,66.9900,5245263,346164126.2300,1,0,4.279699
2020-09-08,sz.300502,65.0300,65.4800,60.5500,61.7900,65.0300,8267627,514225807.4900,1,0,4.279699
2020-09-09,sz.300502,60.9800,61.7500,59.0200,59.3500,61.7900,6170061,371696437.9300,1,0,4.279699
2020-09-10,sz.300502,59.5000,60.2800,57.0200,57.3200,59.3500,5419377,318392642.3800,1,0,4.279699
2020-09-11,sz.300502,57.9100,59.5000,57.1200,59.1600,57.3200,4846906,283369678.4600,1,0,4.279699
2020-09-14,sz.300502,59.9000,62.2100,59.4100,61.5100,59.1600,6629541,405820334.6500,1,0,4.279699
2020-09-15,sz.300502,63.6000,63.7600,61.3100,62.9000,61.5100,3941076,245670266.3800,1,0,4.279699
2020-09-16,sz.300502,62.1300,63.1100,60.5000,61.2300,62.9000,4090909,251228589.3600,1,0,4.279699
2020-09-17,sz.300502,61.4800,63.5900,60.3700,62.8000,61.2300,4901049,305233580.8700,1,0,4.279699
2020-09-18,sz.300502,62.3900,63.3600,61.6800,63.3000,62.8000,3772228,235826066.5400,1,0,4.279699
2020-09-21,sz.300502,63.3800,65.5000,63.1200,63.2600,63.3000,5389233,344797924.4700,1,0,4.279699
2020-09-22,sz.300502,62.8500,64.9700,62.8500,63.1300,63.2600,4147210,263881379.6200,1,0,4.279699
2020-09-23,sz.300502,63.2500,64.3800,63.2000,64.1200,63.1300,3333398,212795715.1100,1,0,4.279699
2020-09-24,sz.300502,63.0800,63.7900,61.6000,61.8200,64.1200,3377841,210461795.2700,1,0,4.279699
2020-09-25,sz.300502,62.2300,63.2700,60.8700,61.5400,61.8200,3102385,191303016.3200,1,0,4.279699
2020-09-28,sz.300502,61.8500,62.4800,60.6400,60.6400,61.5400,3154994,194248256.8800,1,0,4.279699
2020-09-29,sz.300502,61.1700,64.3800,61.1700,63.7700,60.6400,5843796,370145518.4800,1,0,4.279699
2020-09-30,sz.300502,63.6900,64.4700,63.1500,64.2500,63.7700,3895861,248404392.3100,1,0,4.279699
2020-10-09,sz.300502,65.4000,65.8700,64.5200,65.2700,64.2500,5705951,371066607.3400,1,0,4.279699
2020-10-12,sz.300502,65.4000,70.0700,65.0200,68.8500,65.2700,8163634,556745215.4200,1,0,4.279699
2020-10-13,sz.300502,69.3700,71.5000,68.0000,69.9400,68.8500,6691468,470474144.2800,1,0,4.279699
2020-10-14,sz.300502,70.3900,70.7900,69.1200,70.0900,69.9400,4220842,295526290.8300,1,0,4.279699
2020-10-15,sz.300502,69.3600,70.4800,68.0000,69.7300,70.0900,4035672,280082300.7700,1,0,4.279699
2020-10-16,sz.300502,68.6700,69.5600,67.5600,68.8800,69.7300,3918649,268675603.9700,1,0,4.279699
2020-10-19,sz.300502,70.7300,70.8800,68.0800,68.8300,68.8800,4057122,280916414.6000,1,0,4.279699
2020-10-20,sz.300502,68.2700,69.3300,67.9100,69.2800,68.8300,3050808,210187131.3200,1,0,4.279699
2020-10-21,sz.300502,69.2800,69.2800,65.8000,66.0200,69.2800,4977087,333488845.8700,1,0,4.279699
2020-10-22,sz.300502,65.6300,66.2900,64.5000,65.3000,66.0200,3582924,233914692.0200,1,0,4.279699
2020-10-23,sz.300502,64.7800,66.2900,63.2000,64.2000,65.3000,3182556,205407867.0500,1,0,4.279699
2020-10-26,sz.300502,63.3000,64.8200,61.8000,63.8200,64.2000,3855528,243088221.3000,1,0,4.279699
2020-10-27,sz.300502,63.6300,69.1800,63.6000,68.5500,63.8200,6914132,461821030.1200,1,0,4.279699
2020-10-28,sz.300502,67.0000,67.6700,62.9000,64.2900,68.5500,9847567,636081403.0300,1,0,4.279699
2020-10-29,sz.300502,63.6000,64.7600,62.8000,63.9900,64.2900,5055522,322990085.2300,1,0,4.279699
2020-10-30,sz.300502,64.3900,64.7700,59.4700,59.5000,63.9900,8399102,521060418.6100,1,0,4.279699
2020-11-02,sz.300502,59.6000,60.2900,57.2900,57.8100,59.5000,9192331,534945840.0100,1,0,4.279699
2020-11-03,sz.300502,58.5000,61.0600,58.1200,60.5500,57.8100,6503762,391197037.0000,1,0,4.279699
2020-11-04,sz.300502,61.4500,61.4500,60.0200,60.5600,60.5500,4563126,277545226.2300,1,0,4.279699
2020-11-05,sz.300502,61.5600,69.9600,61.3000,67.8000,60.5600,16526140,1086952493.8600,1,0,4.279699
2020-11-06,sz.300502,69.0000,70.1800,67.7900,68.7200,67.8000,13742509,944919095.2800,1,0,4.279699
2020-11-09,sz.300502,70.3800,75.5800,69.1000,72.7000,68.7200,16291791,1172008500.9100,1,0,4.279699
2020-11-10,sz.300502,71.0800,71.0800,67.8600,68.2400,72.7000,10776192,743629892.1300,1,0,4.279699
2020-11-11,sz.300502,68.2500,68.7000,63.7500,63.9800,68.2400,9918091,651784862.6400,1,0,4.279699
2020-11-12,sz.300502,65.0000,65.2000,62.6700,62.7400,63.9800,6703483,426134971.9600,1,0,4.279699
2020-11-13,sz.300502,62.1100,63.5200,61.1200,62.4100,62.7400,6951825,432281681.3000,1,0,4.279699
2020-11-16,sz.300502,61.7000,62.7600,60.0000,60.5000,62.4100,8065164,489642132.9000,1,0,4.279699
2020-11-17,sz.300502,60.9800,60.9800,58.8300,60.2000,60.5000,6865910,409288660.0900,1,0,4.279699
2020-11-18,sz.300502,60.2800,61.6600,59.6000,60.6800,60.2000,7020200,426105242.9200,1,0,4.279699
2020-11-19,sz.300502,60.3800,61.7700,59.3500,61.3900,60.6800,5866854,358317460.3600,1,0,4.279699
2020-11-20,sz.300502,61.4100,61.9500,59.4500,59.9200,61.3900,6254235,376736581.4500,1,0,4.279699
2020-11-23,sz.300502,59.5100,60.2400,58.3500,59.0400,59.9200,5443873,322143418.7000,1,0,4.279699
2020-11-24,sz.300502,59.3000,60.2800,59.0200,59.7500,59.0400,6147905,367384115.4800,1,0,4.279699
2020-11-25,sz.300502,59.6700,62.4000,58.0000,60.1300,59.7500,10919784,654775350.9500,1,0,4.279699
2020-11-26,sz.300502,59.7300,59.7500,58.6000,58.8100,60.1300,5063999,299182418.2300,1,0,4.279699
2020-11-27,sz.300502,58.8200,59.5000,58.1500,58.9200,58.8100,3578130,210606247.2400,1,0,4.279699
2020-11-30,sz.300502,58.2800,58.2800,54.8100,56.5200,58.9200,8703072,491830967.8500,1,0,4.279699
2020-12-01,sz.300502,56.7400,57.7800,56.2000,57.4400,56.5200,6071433,346136890.8300,1,0,4.279699
2020-12-02,sz.300502,57.6000,60.3000,57.6000,59.4800,57.4400,7991307,470710253.7400,1,0,4.279699
2020-12-03,sz.300502,59.0100,59.8000,58.2000,58.4600,59.4800,4956475,290653248.9900,1,0,4.279699
2020-12-04,sz.300502,58.4500,58.9500,58.0700,58.4100,58.4600,3466379,202946747.9500,1,0,4.279699
2020-12-07,sz.300502,58.3500,59.7900,57.5300,57.6900,58.4100,5481820,321112983.0500,1,0,4.279699
2020-12-08,sz.300502,58.3000,60.2300,58.2100,58.2600,57.6900,6428873,378906734.7300,1,0,4.279699
2020-12-09,sz.300502,58.1300,59.1400,57.6100,57.6800,58.2600,4712268,275003737.1000,1,0,4.279699
2020-12-10,sz.300502,57.8000,58.2000,56.5000,57.4200,57.6800,4388225,251531960.3400,1,0,4.279699
2020-12-11,sz.300502,58.1300,58.1300,53.3000,56.2300,57.4200,11745551,646726831.3100,1,0,4.279699
2020-12-14,sz.300502,55.9800,56.8800,54.7500,56.6700,56.2300,5823747,326536942.5800,1,0,4.279699
2020-12-15,sz.300502,57.1000,58.1800,55.9300,55.9600,56.6700,5685695,324886903.2500,1,0,4.279699
2020-12-16,sz.300502,56.4900,56.5000,53.7200,53.7200,55.9600,7195520,393273456.2200,1,0,4.279699
2020-12-17,sz.300502,53.6000,55.2900,53.2000,55.0200,53.7200,6902999,375388420.3100,1,0,4.279699
2020-12-18,sz.300502,55.0800,55.1600,53.5000,53.5900,55.0200,4899116,265110588.9900,1,0,4.279699
2020-12-21,sz.300502,53.0600,55.1100,52.8300,54.3700,53.5900,6559455,356133200.7400,1,0,4.279699
2020-12-22,sz.300502,53.8400,54.3700,51.9000,51.9100,54.3700,7263903,384310547.9000,1,0,4.279699
2020-12-23,sz.300502,52.3000,53.1400,51.3500,52.8900,51.9100,5818032,304613277.4700,1,0,4.279699
2020-12-24,sz.300502,53.0000,55.4600,52.6700,54.5400,52.8900,7336732,399300523.0300,1,0,4.279699
2020-12-25,sz.300502,54.2900,54.6400,52.7000,53.3700,54.5400,5861357,313536242.8200,1,0,4.279699
2020-12-28,sz.300502,53.3000,53.3000,51.1200,51.9500,53.3700,6816477,355227222.9300,1,0,4.279699
2020-12-29,sz.300502,51.9200,56.6800,51.8200,55.4000,51.9500,13380184,738670665.6400,1,0,4.279699
2020-12-30,sz.300502,55.0500,55.1100,52.8200,53.8300,55.4000,10434270,559119106.8300,1,0,4.279699
2020-12-31,sz.300502,53.6800,55.8300,53.3500,55.4800,53.8300,9886370,540721308.0400,1,0,4.279699
2021-01-04,sz.300502,55.5400,56.5000,54.3700,56.3200,55.4800,9267364,517310941.9900,1,0,4.279699
2021-01-05,sz.300502,56.1000,58.8700,55.9100,58.0900,56.3200,10852718,627081841.8800,1,0,4.279699
2021-01-06,sz.300502,58.0000,58.0000,54.1900,54.4600,58.0900,13836556,771396340.2700,1,0,4.279699
2021-01-07,sz.300502,53.9200,54.3100,50.4000,50.8000,54.4600,13411247,696488703.9000,1,0,4.279699
2021-01-08,sz.300502,50.4700,52.7700,49.6000,50.9000,50.8000,10591728,543814191.7300,1,0,4.279699
2021-01-11,sz.300502,50.4700,53.5900,50.1300,51.8600,50.9000,9593955,503016651.6700,1,0,4.279699
2021-01-12,sz.300502,52.2400,52.5800,51.0100,52.2000,51.8600,6646159,344248244.4100,1,0,4.279699
2021-01-13,sz.300502,51.9000,54.6800,51.2700,54.4100,52.2000,13504518,718158877.6000,1,0,4.279699
2021-01-14,sz.300502,54.4900,57.1500,54.0000,55.7000,54.4100,14115404,788615124.6900,1,0,4.279699
2021-01-15,sz.300502,55.9600,55.9600,51.5000,52.8800,55.7000,12480517,665036618.1300,1,0,4.279699
2021-01-18,sz.300502,52.3200,55.3000,51.5200,55.3000,52.8800,11554391,624218234.8800,1,0,4.279699
2021-01-19,sz.300502,54.9100,56.5900,54.7100,55.1000,55.3000,10776365,599575190.5800,1,0,4.279699
2021-01-20,sz.300502,55.1800,56.9200,54.0500,56.0500,55.1000,9440428,526493737.1200,1,0,4.279699
2021-01-21,sz.300502,55.6500,56.8300,55.1200,55.9200,56.0500,7317465,409068894.1200,1,0,4.279699
2021-01-22,sz.300502,55.7900,56.0000,53.6300,54.7300,55.9200,8850818,482727723.6500,1,0,4.279699
2021-01-25,sz.300502,54.1000,54.5600,52.4400,52.7100,54.7300,7984294,425365999.6500,1,0,4.279699
2021-01-26,sz.300502,52.7000,54.0000,51.8900,52.2800,52.7100,5537377,292678913.5300,1,0,4.279699
2021-01-27,sz.300502,51.9800,54.9000,51.8900,54.0500,52.2800,7407730,396906819.2600,1,0,4.279699
2021-01-28,sz.300502,54.7000,57.1100,52.6100,52.9800,54.0500,13411845,738142388.3400,1,0,4.279699
2021-01-29,sz.300502,53.8300,55.2000,52.3000,54.6900,52.9800,8397492,453514072.0000,1,0,4.279699
2021-02-01,sz.300502,55.1000,56.4400,54.1500,55.7400,54.6900,9309864,516755673.2300,1,0,4.279699
2021-02-02,sz.300502,55.8000,55.9000,53.0000,53.3200,55.7400,10022096,538151292.3800,1,0,4.279699
2021-02-03,sz.300502,53.3200,53.7300,51.6200,51.8400,53.3200,6859838,360951875.0000,1,0,4.279699
2021-02-04,sz.300502,51.7000,51.7000,48.0000,49.0200,51.8400,9058236,447949683.1800,1,0,4.279699
2021-02-05,sz.300502,48.9900,49.6500,46.6900,46.7800,49.0200,7090507,339767924.7500,1,0,4.279699
2021-02-08,sz.300502,47.2000,48.1500,46.5200,47.6600,46.7800,4592666,217753916.6700,1,0,4.279699
2021-02-09,sz.300502,47.0100,48.2600,46.8000,47.7500,47.6600,4160788,198244343.6900,1,0,4.279699
2021-02-10,sz.300502,47.5900,50.3800,46.9300,49.6200,47.7500,7226334,350392315.2800,1,0,4.279699
2021-02-18,sz.300502,50.7800,51.0900,48.7400,49.8100,49.6200,6008484,301022859.0400,1,0,4.279699
2021-02-19,sz.300502,49.8500,51.4900,49.3000,51.4500,49.8100,5332151,270162758.6400,1,0,4.279699
2021-02-22,sz.300502,51.6200,51.6200,49.3800,49.3800,51.4500,8011346,402744280.1400,1,0,4.279699
2021-02-23,sz.300502,49.0300,49.8700,48.2000,48.4600,49.3800,5659939,276160290.4700,1,0,4.279699
2021-02-24,sz.300502,48.4900,50.1400,48.2500,49.0200,48.4600,6345883,313228979.9400,1,0,4.279699
2021-02-25,sz.300502,49.3000,49.9900,47.9000,48.1100,49.0200,5067023,246362659.6700,1,0,4.279699
2021-02-26,sz.300502,47.1500,47.8500,45.8000,46.0800,48.1100,9134768,426088166.2800,1,0,4.279699
2021-03-01,sz.300502,46.5000,47.9400,46.5000,47.9000,46.0800,6700575,317224842.1800,1,0,4.279699
2021-03-02,sz.300502,47.9900,47.9900,46.2700,46.6900,47.9000,5341342,250959883.6300,1,0,4.279699
2021-03-03,sz.300502,46.8100,47.3800,46.4700,47.1900,46.6900,3844541,180696561.6700,1,0,4.279699
2021-03-04,sz.300502,47.2000,47.2000,44.6800,44.9800,47.1900,8627047,393897423.4900,1,0,4.279699
2021-03-05,sz.300502,44.5300,45.8200,44.3500,45.4500,44.9800,5200464,234921973.5400,1,0,4.279699
2021-03-08,sz.300502,45.3000,46.0800,43.0200,43.0200,45.4500,7887425,349269977.8400,1,0,4.279699
2021-03-09,sz.300502,43.4000,43.5300,41.2000,41.3400,43.0200,6471167,273812998.9000,1,0,4.279699
2021-03-10,sz.300502,42.2700,42.3000,40.4900,40.6600,41.3400,4675999,192444151.3700,1,0,4.279699
2021-03-11,sz.300502,40.8600,41.5600,39.9400,41.3000,40.6600,5472555,223352883.6800,1,0,4.279699
2021-03-12,sz.300502,41.3000,41.3400,39.7000,40.2500,41.3000,6492204,261565015.8200,1,0,4.279699
2021-03-15,sz.300502,39.9800,40.0000,38.8000,39.1900,40.2500,5638811,221735931.2800,1,0,4.279699
2021-03-16,sz.300502,39.3500,40.1900,38.3100,38.5700,39.1900,6156681,239905566.8100,1,0,4.279699
2021-03-17,sz.300502,39.2000,39.8000,38.4000,39.3900,38.5700,5738661,225537652.9200,1,0,4.279699
2021-03-18,sz.300502,39.4000,40.0800,38.8600,39.8500,39.3900,5162315,204204095.5700,1,0,4.279699
2021-03-19,sz.300502,39.2600,39.9000,38.9100,39.3500,39.8500,4040647,159015577.9900,1,0,4.279699
2021-03-22,sz.300502,39.3600,40.2000,39.1200,39.9300,39.3500,4917233,195486502.3000,1,0,4.279699
2021-03-23,sz.300502,40.2400,41.6700,40.0900,40.6700,39.9300,9859257,403153999.4700,1,0,4.279699
2021-03-24,sz.300502,39.7000,39.7500,38.0200,38.0300,40.6700,8473531,326349184.7600,1,0,4.279699
2021-03-25,sz.300502,38.5000,40.0500,38.1200,39.1400,38.0300,6929366,270592844.7200,1,0,4.279699
2021-03-26,sz.300502,40.1200,42.1800,40.1200,41.8800,39.1400,10647667,440660366.2100,1,0,4.279699
2021-03-29,sz.300502,42.2500,42.2500,40.6300,41.0900,41.8800,6833691,280693709.2800,1,0,4.279699
2021-03-30,sz.300502,40.9000,41.2900,40.4500,41.1300,41.0900,4519475,184529250.8600,1,0,4.279699
2021-03-31,sz.300502,41.0300,41.1300,40.2000,40.7900,41.1300,3277193,132833340.0700,1,0,4.279699
2021-04-01,sz.300502,41.0300,42.7100,40.5100,42.5300,40.7900,7618180,320090844.3400,1,0,4.279699
2021-04-02,sz.300502,43.3500,45.9800,43.3000,45.0700,42.5300,14714344,660372183.4800,1,0,4.279699
2021-04-06,sz.300502,44.4400,44.5000,43.3000,44.1000,45.0700,10133562,443136209.6300,1,0,4.279699
2021-04-07,sz.300502,43.5600,44.5500,42.7700,44.5000,44.1000,8312385,361482673.2700,1,0,4.279699
2021-04-08,sz.300502,43.8600,44.4700,43.3000,43.3000,44.5000,5951467,260860591.7100,1,0,4.279699
2021-04-09,sz.300502,43.3400,43.5000,42.7700,43.1000,43.3000,3583100,154101557.6100,1,0,4.279699
2021-04-12,sz.300502,42.8000,43.0000,41.1900,41.3400,43.1000,4746665,199097334.9500,1,0,4.279699
2021-04-13,sz.300502,41.4000,41.9800,40.6100,40.8600,41.3400,4450648,183513144.2400,1,0,4.279699
2021-04-14,sz.300502,41.1200,41.5300,40.6600,41.1100,40.8600,4026938,164993185.6200,1,0,4.279699
2021-04-15,sz.300502,40.9300,41.0900,40.1200,40.7300,41.1100,3789422,153593093.0800,1,0,4.279699
2021-04-16,sz.300502,40.8000,42.1500,40.7800,41.9100,40.7300,5211676,217416957.2300,1,0,4.279699
2021-04-19,sz.300502,41.8100,43.3100,41.6100,42.8200,41.9100,5802516,247510208.8800,1,0,4.279699
2021-04-20,sz.300502,42.6000,43.2000,42.0500,42.2100,42.8200,5335867,227492030.0100,1,0,4.279699
2021-04-21,sz.300502,42.2700,42.3700,40.8700,41.5800,42.2100,5505373,227731195.7300,1,0,4.279699
2021-04-22,sz.300502,41.6000,43.5500,41.4200,42.9600,41.5800,6738369,287582408.3600,1,0,4.279699
2021-04-23,sz.300502,43.2000,43.2300,41.4100,42.0500,42.9600,7847673,330515114.6000,1,0,4.279699
2021-04-26,sz.300502,42.2200,42.6000,40.7700,40.7900,42.0500,8287050,345611447.9300,1,0,4.279699
2021-04-27,sz.300502,41.0600,41.0600,39.3100,39.9000,40.7900,6074021,241657528.0400,1,0,4.279699
2021-04-28,sz.300502,39.9800,40.2800,39.4200,40.0900,39.9000,4718077,188149245.6000,1,0,4.279699
2021-04-29,sz.300502,40.1000,40.4700,39.7500,39.7900,40.0900,4629598,185458970.0700,1,0,4.279699
2021-04-30,sz.300502,40.0000,40.0000,38.4700,38.6200,39.7900,5641652,219461446.4600,1,0,4.279699
2021-05-06,sz.300502,38.4000,39.3800,38.0500,38.6800,38.6200,4133316,159956759.7000,1,0,4.279699
2021-05-07,sz.300502,38.7800,38.7800,36.9000,36.9800,38.6800,7002219,264419615.4800,1,0,4.279699
2021-05-10,sz.300502,36.8700,36.8700,35.2200,35.7000,36.9800,6897848,247368988.6200,1,0,4.279699
2021-05-11,sz.300502,35.2900,36.4400,35.2500,36.2800,35.7000,4338019,155604543.5900,1,0,4.279699
2021-05-12,sz.300502,36.0000,36.2200,35.7000,36.1700,36.2800,3237929,116578389.2100,1,0,4.279699
2021-05-13,sz.300502,35.9000,38.6700,35.6000,38.5100,36.1700,10260054,385950493.2100,1,0,4.279699
2021-05-14,sz.300502,38.2200,39.9300,38.2000,39.7900,38.5100,10528835,414006435.0900,1,0,4.279699
2021-05-17,sz.300502,40.1000,40.8000,39.5900,40.0000,39.7900,7986782,319432164.6000,1,0,4.279699
2021-05-18,sz.300502,39.9800,41.4000,39.2900,40.8500,40.0000,6661522,269990969.1000,1,0,4.279699
2021-05-19,sz.300502,41.3000,41.4000,40.5000,40.5000,40.8500,4346808,177863894.5000,1,0,4.279699
2021-05-20,sz.300502,40.0200,41.7100,40.0200,41.5900,40.5000,6892795,284675810.3500,1,0,4.279699
2021-05-21,sz.300502,41.5800,42.6700,41.5000,41.6000,41.5900,6497454,273293560.1000,1,0,4.279699
2021-05-24,sz.300502,41.5500,41.8000,40.7000,41.2300,41.6000,5308619,218281214.0400,1,0,4.279699
2021-05-25,sz.300502,41.1400,43.4000,41.0300,43.1100,41.2300,9654714,412531536.5200,1,0,4.279699
2021-05-26,sz.300502,43.0800,43.5100,42.7000,43.1100,43.1100,5370821,231131952.9000,1,0,4.279699
2021-05-27,sz.300502,43.5000,47.1500,43.5000,46.9800,43.1100,14326232,656823987.7400,1,0,4.279699
2021-05-28,sz.300502,47.1000,48.4400,46.6100,47.5000,46.9800,9944489,475502906.2200,1,0,4.279699
2021-05-31,sz.300502,48.0000,49.3800,47.5300,48.9800,47.5000,9283110,450457659.2500,1,0,4.279699
2021-06-01,sz.300502,49.3100,50.2600,45.5400,46.7800,48.9800,18098697,869423116.7600,1,0,4.279699
2021-06-02,sz.300502,47.2400,47.8700,46.0100,46.0200,46.7800,6906450,321349743.0500,1,0,4.279699
2021-06-03,sz.300502,46.4400,49.2800,45.8000,47.4000,46.0200,9079570,434163975.6000,1,0,4.279699
2021-06-04,sz.300502,47.4600,49.2000,47.4400,47.9600,47.4000,7719519,373689439.8600,1,0,4.279699
2021-06-07,sz.300502,47.6800,48.6000,47.1500,48.3500,47.9600,6162890,296368632.0600,1,0,4.279699
2021-06-08,sz.300502,34.5000,34.5500,32.9000,33.0500,34.3400,9201957,308176182.9200,1,0,6.025727
2021-06-09,sz.300502,33.0800,33.6000,32.6700,33.2000,33.0500,5331877,176533656.2800,1,0,6.025727
2021-06-10,sz.300502,33.0700,33.8000,32.7300,33.3100,33.2000,5685007,189276728.2200,1,0,6.025727
2021-06-11,sz.300502,33.2000,33.3000,32.4000,32.5000,33.3100,6302629,206065751.4900,1,0,6.025727
2021-06-15,sz.300502,32.4000,32.6800,31.2400,32.1700,32.5000,8665355,276574386.5700,1,0,6.025727
2021-06-16,sz.300502,32.3000,33.9200,32.0000,32.0500,32.1700,9166203,300995080.0100,1,0,6.025727
2021-06-17,sz.300502,31.9200,33.2000,31.7500,33.2000,32.0500,8086137,264170979.4400,1,0,6.025727
2021-06-18,sz.300502,33.2900,34.0000,32.5200,32.7100,33.2000,9969951,330812819.6700,1,0,6.025727
2021-06-21,sz.300502,32.5000,33.1900,31.9000,32.7200,32.7100,8373287,273020884.8100,1,0,6.025727
2021-06-22,sz.300502,32.8200,33.1500,31.1900,31.2900,32.7200,12261705,389864220.5400,1,0,6.025727
2021-06-23,sz.300502,31.2800,32.5600,31.0300,32.1700,31.2900,10669834,341209798.4500,1,0,6.025727
2021-06-24,sz.300502,32.2600,32.5200,31.4600,31.6400,32.1700,6099867,194709782.5200,1,0,6.025727
2021-06-25,sz.300502,31.3700,31.4900,30.1900,30.7700,31.6400,10940886,336118985.6400,1,0,6.025727
2021-06-28,sz.300502,31.4800,31.6100,30.7000,31.3500,30.7700,11500361,358553908.3300,1,0,6.025727
2021-06-29,sz.300502,31.2300,32.3200,30.9300,30.9600,31.3500,9959799,313497958.0600,1,0,6.025727
2021-06-30,sz.300502,30.9100,31.8000,30.8100,31.2500,30.9600,7069956,221687703.9600,1,0,6.025727
2021-07-01,sz.300502,31.2200,31.4800,29.7100,29.7400,31.2500,10126664,305661427.9200,1,0,6.025727
2021-07-02,sz.300502,29.4500,29.8800,28.9900,29.0200,29.7400,6738309,197990063.6000,1,0,6.025727
2021-07-05,sz.300502,29.1400,29.3000,28.2000,28.9300,29.0200,8265152,237372584.6800,1,0,6.025727
2021-07-06,sz.300502,28.8700,29.3900,28.4300,28.8000,28.9300,6177301,178045441.6800,1,0,6.025727
2021-07-07,sz.300502,28.6300,29.7500,28.3100,29.7100,28.8000,7100119,207524672.5100,1,0,6.025727
2021-07-08,sz.300502,29.7100,30.9800,29.4000,30.5000,29.7100,10540413,320735991.6700,1,0,6.025727
2021-07-09,sz.300502,32.8800,34.5800,32.1100,32.2500,30.5000,28158213,930684919.2900,1,0,6.025727
2021-07-12,sz.300502,32.3100,38.0100,32.2500,36.4900,32.2500,43172099,1539598186.1400,1,0,6.025727
2021-07-13,sz.300502,35.3300,38.2500,35.1700,37.4800,36.4900,34129364,1260655953.2600,1,0,6.025727
2021-07-14,sz.300502,37.4700,37.9800,36.7000,36.9700,37.4800,18542233,689550531.3700,1,0,6.025727
2021-07-15,sz.300502,37.3800,38.2000,36.0900,37.1100,36.9700,20093312,741410474.8500,1,0,6.025727
2021-07-16,sz.300502,36.6000,36.6000,35.1000,35.3000,37.1100,22672339,807729914.2600,1,0,6.025727
2021-07-19,sz.300502,35.1000,38.2000,34.3700,37.9200,35.3000,31885685,1168902879.6200,1,0,6.025727
2021-07-20,sz.300502,37.1000,37.9900,36.6300,37.2900,37.9200,20070845,745642478.5200,1,0,6.025727
2021-07-21,sz.300502,37.3300,37.4000,36.3600,36.6000,37.2900,18704605,687597996.6100,1,0,6.025727
2021-07-22,sz.300502,36.3800,37.9000,35.5800,37.4400,36.6000,25033826,930462904.0700,1,0,6.025727
2021-07-23,sz.300502,37.0100,40.4000,35.9500,39.3300,37.4400,38895286,1498979857.7300,1,0,6.025727
2021-07-26,sz.300502,39.2000,40.8100,38.5300,39.9200,39.3300,30126637,1199306872.4900,1,0,6.025727
2021-07-27,sz.300502,40.3500,43.7500,39.1900,41.1500,39.9200,40807348,1698140259.2800,1,0,6.025727
2021-07-28,sz.300502,40.0000,44.5300,38.6000,44.1000,41.1500,46067521,1962292666.7800,1,0,6.025727
2021-07-29,sz.300502,45.9000,45.9000,42.8300,44.1200,44.1000,48950536,2190071781.0000,1,0,6.025727
2021-07-30,sz.300502,43.1300,47.5800,43.1300,45.7700,44.1200,43424270,1983404100.7800,1,0,6.025727
2021-08-02,sz.300502,46.5700,48.7600,45.3600,48.3000,45.7700,47223188,2231325988.2100,1,0,6.025727
2021-08-03,sz.300502,47.5100,49.6900,46.1400,46.7900,48.3000,37429694,1787906225.0300,1,0,6.025727
2021-08-04,sz.300502,46.3000,47.3600,44.9300,45.7200,46.7900,42690203,1958057545.8500,1,0,6.025727
2021-08-05,sz.300502,45.3000,46.6500,44.3100,46.4600,45.7200,31746385,1450641635.3500,1,0,6.025727
2021-08-06,sz.300502,45.8300,46.2000,43.5100,43.8000,46.4600,33216043,1483644887.7300,1,0,6.025727
2021-08-09,sz.300502,41.1500,42.0000,40.0500,41.6300,43.8000,39935979,1640975204.2400,1,0,6.025727
2021-08-10,sz.300502,41.9000,42.8900,40.9000,42.2500,41.6300,23602393,986975401.6600,1,0,6.025727
2021-08-11,sz.300502,41.8600,42.3000,40.4000,40.8000,42.2500,23493482,966277212.9600,1,0,6.025727
2021-08-12,sz.300502,40.4200,41.4400,39.4800,39.5000,40.8000,23834164,958962088.2400,1,0,6.025727
2021-08-13,sz.300502,39.6300,39.9800,38.0400,38.7600,39.5000,26183032,1019808241.5900,1,0,6.025727
2021-08-16,sz.300502,39.0600,39.5800,38.4000,38.7500,38.7600,17913657,696940132.0200,1,0,6.025727
2021-08-17,sz.300502,38.7500,38.9100,36.4500,36.7200,38.7500,21587572,809359973.4400,1,0,6.025727
2021-08-18,sz.300502,36.8300,37.0900,35.6000,36.1800,36.7200,17319073,627387338.6400,1,0,6.025727
2021-08-19,sz.300502,36.2200,38.1500,36.0000,38.1300,36.1800,32086367,1196611687.9100,1,0,6.025727
2021-08-20,sz.300502,37.8000,38.2800,37.0600,37.8900,38.1300,17766322,669995709.3800,1,0,6.025727
2021-08-23,sz.300502,37.6100,38.3800,37.3200,38.1000,37.8900,20542387,778066057.4900,1,0,6.025727
2021-08-24,sz.300502,37.9800,38.1200,36.8000,37.8400,38.1000,17193589,643630436.3600,1,0,6.025727
2021-08-25,sz.300502,38.1000,39.2900,37.5800,38.3600,37.8400,20610268,788887037.7600,1,0,6.025727
2021-08-26,sz.300502,38.8800,38.8800,36.2700,36.2700,38.3600,21133099,785618794.7800,1,0,6.025727
2021-08-27,sz.300502,36.0500,36.5900,35.3700,36.2200,36.2700,13101965,470673428.0800,1,0,6.025727
2021-08-30,sz.300502,35.8200,36.8000,35.6400,35.7400,36.2200,10811750,390816630.1600,1,0,6.025727
2021-08-31,sz.300502,35.3600,35.7000,33.7200,34.2700,35.7400,21303485,731919047.8700,1,0,6.025727
2021-09-01,sz.300502,34.2800,35.2500,34.0000,34.8000,34.2700,13815890,479798914.1500,1,0,6.025727
2021-09-02,sz.300502,34.2000,34.6400,33.8500,34.1900,34.8000,10653063,364024358.9700,1,0,6.025727
2021-09-03,sz.300502,33.9900,35.9600,33.9400,35.2200,34.1900,18575176,656325796.9900,1,0,6.025727
2021-09-06,sz.300502,34.9300,36.5800,34.6200,36.4500,35.2200,17309128,623253219.0100,1,0,6.025727
2021-09-07,sz.300502,36.4600,36.8700,35.8500,36.3600,36.4500,12662253,458743113.1800,1,0,6.025727
2021-09-08,sz.300502,36.5000,38.3300,35.8900,38.1300,36.3600,24505355,916391636.1600,1,0,6.025727
2021-09-09,sz.300502,38.1500,38.5500,37.2100,38.2000,38.1300,18470665,702131479.4900,1,0,6.025727
2021-09-10,sz.300502,37.9900,38.8500,37.4000,37.9000,38.2000,15200490,578306402.8000,1,0,6.025727
2021-09-13,sz.300502,37.9200,37.9200,35.0500,36.0000,37.9000,20199036,731552537.8400,1,0,6.025727
2021-09-14,sz.300502,35.6200,36.2600,34.7500,34.8500,36.0000,12182301,432373308.1100,1,0,6.025727
2021-09-15,sz.300502,34.9100,35.5100,34.4000,34.9600,34.8500,9126266,318891632.8700,1,0,6.025727
2021-09-16,sz.300502,34.9500,35.1700,33.9700,34.0000,34.9600,8401132,290211756.6500,1,0,6.025727
2021-09-17,sz.300502,34.0000,34.2900,31.5200,32.6500,34.0000,15462427,506650775.2500,1,0,6.025727
2021-09-22,sz.300502,32.4200,32.9800,32.1800,32.7600,32.6500,6940045,225872711.5300,1,0,6.025727
2021-09-23,sz.300502,32.9000,33.8500,32.8300,33.3000,32.7600,9684029,323981364.1100,1,0,6.025727
2021-09-24,sz.300502,33.4500,33.5400,32.3400,32.3400,33.3000,6948482,228323064.9800,1,0,6.025727
2021-09-27,sz.300502,33.5800,35.0000,33.2700,33.7600,32.3400,13217506,449270742.1800,1,0,6.025727
2021-09-28,sz.300502,33.1900,34.2000,32.7600,33.8500,33.7600,8328197,280109906.9800,1,0,6.025727
2021-09-29,sz.300502,33.5000,33.7500,32.5000,33.0000,33.8500,6995443,231405989.6300,1,0,6.025727
2021-09-30,sz.300502,33.0000,33.8100,32.9600,33.6700,33.0000,5892911,197030904.7000,1,0,6.025727
2021-10-08,sz.300502,34.4000,34.7600,33.8800,34.4100,33.6700,5987576,204899696.7000,1,0,6.025727
2021-10-11,sz.300502,34.3000,36.3600,33.7000,35.7100,34.4100,15273824,539150123.7900,1,0,6.025727
2021-10-12,sz.300502,35.0500,35.9700,34.4100,35.1700,35.7100,9399100,330839190.8400,1,0,6.025727
2021-10-13,sz.300502,34.7400,35.9800,34.7400,35.6100,35.1700,9134884,325443630.4900,1,0,6.025727
2021-10-14,sz.300502,35.3800,35.9600,34.7500,34.9000,35.6100,8216788,289805324.2300,1,0,6.025727
2021-10-15,sz.300502,35.2900,35.5700,33.9900,33.9900,34.9000,8677620,301100985.4800,1,0,6.025727
2021-10-18,sz.300502,33.7100,33.7100,31.8400,32.0000,33.9900,16682816,541538908.3400,1,0,6.025727
2021-10-19,sz.300502,32.1500,32.2500,31.4300,31.5600,32.0000,12895602,408530485.3800,1,0,6.025727
2021-10-20,sz.300502,31.6000,31.7900,31.2400,31.4500,31.5600,8702525,274089703.2900,1,0,6.025727
2021-10-21,sz.300502,31.3800,31.4500,30.8200,30.9000,31.4500,8238800,255941447.2900,1,0,6.025727
2021-10-22,sz.300502,30.9000,31.1500,29.8800,29.9300,30.9000,12763779,390373946.6700,1,0,6.025727
2021-10-25,sz.300502,29.9900,30.8100,29.6800,30.3400,29.9300,9546382,290110143.9500,1,0,6.025727
2021-10-26,sz.300502,30.3400,31.4500,30.0700,31.1000,30.3400,14000012,431880725.7400,1,0,6.025727
2021-10-27,sz.300502,31.0000,31.3900,29.9100,30.5200,31.1000,10250241,312071421.8500,1,0,6.025727
2021-10-28,sz.300502,29.0000,29.5600,27.9100,28.1800,30.5200,17952031,514225754.3300,1,0,6.025727
2021-10-29,sz.300502,28.2600,28.7800,28.2000,28.3700,28.1800,7992386,227456715.8700,1,0,6.025727
2021-11-01,sz.300502,28.2700,29.3800,28.0200,29.1100,28.3700,9439592,273121160.1700,1,0,6.025727
2021-11-02,sz.300502,29.0100,30.4400,29.0000,29.2900,29.1100,12622481,375010926.2300,1,0,6.025727
2021-11-03,sz.300502,29.4000,29.7000,28.9500,29.4100,29.2900,6037771,176456320.2300,1,0,6.025727
2021-11-04,sz.300502,29.5000,29.9900,29.4700,29.5700,29.4100,7094561,210463736.7400,1,0,6.025727
2021-11-05,sz.300502,29.4500,30.1000,29.3700,29.6500,29.5700,8618778,256163835.9100,1,0,6.025727
2021-11-08,sz.300502,29.9000,29.9500,28.9200,29.1000,29.6500,6653725,193852039.1200,1,0,6.025727
2021-11-09,sz.300502,29.1000,29.9200,28.8000,29.6900,29.1000,10676357,314039685.3000,1,0,6.025727
2021-11-10,sz.300502,29.4000,29.9500,29.3600,29.8300,29.6900,7045345,209127843.5900,1,0,6.025727
2021-11-11,sz.300502,29.6700,30.8800,29.6500,30.6900,29.8300,12948795,394060635.4500,1,0,6.025727
2021-11-12,sz.300502,30.6400,30.7800,30.2000,30.6700,30.6900,7928028,242113623.3700,1,0,6.025727
2021-11-15,sz.300502,30.7300,31.3000,30.5400,30.7200,30.6700,8080475,248385470.1900,1,0,6.025727
2021-11-16,sz.300502,30.7300,31.1700,29.7000,29.8000,30.7200,9956685,303559669.2500,1,0,6.025727
2021-11-17,sz.300502,29.8200,31.1000,29.8200,30.7900,29.8000,11477925,350973005.0400,1,0,6.025727
2021-11-18,sz.300502,30.8900,31.0700,30.1300,30.1500,30.7900,8743937,265409598.5300,1,0,6.025727
2021-11-19,sz.300502,30.0600,30.5100,29.8600,30.4500,30.1500,7418168,224203856.9400,1,0,6.025727
2021-11-22,sz.300502,30.4400,32.4800,30.2400,32.0500,30.4500,22921080,727912336.0100,1,0,6.025727
2021-11-23,sz.300502,32.9500,35.1800,32.3000,33.8500,32.0500,42164906,1433257001.8900,1,0,6.025727
2021-11-24,sz.300502,33.9900,37.2000,33.9900,36.4800,33.8500,55480718,2001256518.1900,1,0,6.025727
2021-11-25,sz.300502,36.1200,37.1500,35.9700,36.2600,36.4800,31391632,1148510900.3500,1,0,6.025727
2021-11-26,sz.300502,35.9700,36.5000,34.5100,35.1000,36.2600,28642820,1005226990.0000,1,0,6.025727
2021-11-29,sz.300502,34.0400,34.9900,34.0100,34.7300,35.1000,13773756,476078893.1700,1,0,6.025727
2021-11-30,sz.300502,35.0700,35.1300,34.0500,34.5000,34.7300,15033038,518747067.7700,1,0,6.025727
2021-12-01,sz.300502,34.2200,35.1600,34.1100,34.9400,34.5000,12273895,426914062.3500,1,0,6.025727
2021-12-02,sz.300502,34.7600,34.9800,33.5000,33.7500,34.9400,14204005,484217862.1100,1,0,6.025727
2021-12-03,sz.300502,33.9900,34.2000,33.5000,33.6500,33.7500,8380928,282856597.8100,1,0,6.025727
2021-12-06,sz.300502,33.6300,34.0000,32.3600,32.5500,33.6500,12830161,423076606.3000,1,0,6.025727
2021-12-07,sz.300502,32.7300,32.8800,30.5000,30.8300,32.5500,18663061,582541941.0900,1,0,6.025727
2021-12-08,sz.300502,31.2000,32.1700,30.9900,32.0000,30.8300,16521499,522211293.2500,1,0,6.025727
2021-12-09,sz.300502,31.9000,32.6600,31.7200,32.0600,32.0000,10961097,353040014.5900,1,0,6.025727
2021-12-10,sz.300502,31.7700,32.8700,31.6000,32.7200,32.0600,12292243,397549830.0100,1,0,6.025727
2021-12-13,sz.300502,33.0000,33.8500,32.9500,33.1000,32.7200,13733307,458938908.9100,1,0,6.025727
2021-12-14,sz.300502,32.7500,36.3400,32.6600,36.0500,33.1000,36724616,1296363783.1300,1,0,6.025727
2021-12-15,sz.300502,36.9300,38.1800,36.0800,36.2800,36.0500,44869965,1669363631.5500,1,0,6.025727
2021-12-16,sz.300502,36.8800,36.9700,35.7900,35.8700,36.2800,19430049,701665525.9400,1,0,6.025727
2021-12-17,sz.300502,35.7300,36.0800,34.6900,34.7300,35.8700,11610780,407314905.0800,1,0,6.025727
2021-12-20,sz.300502,34.5000,35.1500,33.7800,33.8800,34.7300,9022205,308833428.0700,1,0,6.025727
2021-12-21,sz.300502,33.8000,37.1300,33.7900,36.3100,33.8800,22259681,804271099.0800,1,0,6.025727
2021-12-22,sz.300502,36.2000,37.9600,36.0500,37.1400,36.3100,17924567,667022523.2700,1,0,6.025727
2021-12-23,sz.300502,37.1400,37.3600,36.4700,37.0800,37.1400,11360789,418998436.7400,1,0,6.025727
2021-12-24,sz.300502,36.9300,37.5500,36.2200,36.7700,37.0800,9769254,359652437.3700,1,0,6.025727
2021-12-27,sz.300502,36.5300,39.5800,36.4800,39.0000,36.7700,24512743,949877990.3600,1,0,6.025727
2021-12-28,sz.300502,39.1500,39.6800,38.2500,39.2200,39.0000,18129966,708796167.8900,1,0,6.025727
2021-12-29,sz.300502,38.8000,39.0800,38.2200,38.5500,39.2200,11219236,433174468.2000,1,0,6.025727
2021-12-30,sz.300502,38.5500,39.2500,38.3200,38.6300,38.5500,8270785,320511580.7200,1,0,6.025727
2021-12-31,sz.300502,38.6700,40.1100,37.6000,39.1800,38.6300,13623569,530433164.8600,1,0,6.025727
2022-01-04,sz.300502,39.1000,40.1700,37.8600,39.3200,39.1800,13005938,506945886.8700,1,0,6.025727
2022-01-05,sz.300502,39.0000,39.6500,37.2800,37.9400,39.3200,11476350,438925475.1300,1,0,6.025727
2022-01-06,sz.300502,37.5500,39.3800,37.5500,38.2800,37.9400,15838177,610375184.4000,1,0,6.025727
2022-01-07,sz.300502,38.2800,38.9300,36.9500,36.9700,38.2800,9550925,359994633.8100,1,0,6.025727
2022-01-10,sz.300502,37.0400,38.7200,36.3600,38.5700,36.9700,10667414,404142067.5300,1,0,6.025727
2022-01-11,sz.300502,38.4800,39.1900,38.0100,38.1000,38.5700,6026291,231372428.6400,1,0,6.025727
2022-01-12,sz.300502,38.1000,38.6300,35.0000,36.6300,38.1000,22234014,814244762.9300,1,0,6.025727
2022-01-13,sz.300502,36.7500,37.1500,34.0900,34.3800,36.6300,17209892,605527643.8800,1,0,6.025727
2022-01-14,sz.300502,34.3800,34.7700,34.0100,34.3900,34.3800,8530885,294041411.4600,1,0,6.025727
2022-01-17,sz.300502,34.8000,38.8300,34.5500,38.2600,34.3900,22862504,855166277.6800,1,0,6.025727
2022-01-18,sz.300502,38.2000,39.5800,37.6000,38.4200,38.2600,17742759,689508297.8700,1,0,6.025727
2022-01-19,sz.300502,38.5000,39.3500,37.9600,38.2900,38.4200,10152851,391710661.9600,1,0,6.025727
2022-01-20,sz.300502,38.5700,38.8700,37.5600,37.8900,38.2900,10722773,408830468.0700,1,0,6.025727
2022-01-21,sz.300502,38.7100,39.5800,37.3100,37.8400,37.8900,11264544,430486498.7700,1,0,6.025727
2022-01-24,sz.300502,36.5000,37.7700,36.2800,37.3200,37.8400,8477693,315995938.7200,1,0,6.025727
2022-01-25,sz.300502,37.1500,38.7900,36.8200,36.8500,37.3200,13675869,517034404.3400,1,0,6.025727
2022-01-26,sz.300502,36.8000,37.3800,35.8000,36.9200,36.8500,8200801,300518400.0200,1,0,6.025727
2022-01-27,sz.300502,36.6000,36.8400,35.0300,35.4000,36.9200,11528544,410237503.5600,1,0,6.025727
2022-01-28,sz.300502,35.4500,36.7400,34.8100,34.9300,35.4000,7621181,271627919.3500,1,0,6.025727
2022-02-07,sz.300502,35.8000,37.5000,35.8000,36.3200,34.9300,8830855,323068522.0200,1,0,6.025727
2022-02-08,sz.300502,36.2200,36.6800,34.6000,35.4200,36.3200,9819471,345616036.3600,1,0,6.025727
2022-02-09,sz.300502,35.8000,38.3900,35.6100,38.2500,35.4200,16050212,600627268.8800,1,0,6.025727
2022-02-10,sz.300502,37.6300,38.8300,37.6200,38.1500,38.2500,10302049,392864352.6000,1,0,6.025727
2022-02-11,sz.300502,37.6800,37.9900,35.6900,36.7500,38.1500,13047733,478503704.2900,1,0,6.025727
2022-02-14,sz.300502,36.3000,38.0000,35.8900,37.1700,36.7500,8148623,301968761.9700,1,0,6.025727
2022-02-15,sz.300502,36.8000,38.3400,36.6100,38.0600,37.1700,11115878,420510640.9700,1,0,6.025727
2022-02-16,sz.300502,38.7200,39.0000,37.9400,38.1100,38.0600,9537886,365771206.8300,1,0,6.025727
2022-02-17,sz.300502,38.0700,38.3900,36.6200,36.9400,38.1100,10696458,398517032.6900,1,0,6.025727
2022-02-18,sz.300502,38.5500,39.3800,37.8000,38.5000,36.9400,19299853,744055155.4300,1,0,6.025727
2022-02-21,sz.300502,39.3600,41.5600,38.5700,40.9600,38.5000,29619404,1190560428.6600,1,0,6.025727
2022-02-22,sz.300502,39.9600,40.0000,38.7100,38.7900,40.9600,19989769,784294329.3500,1,0,6.025727
2022-02-23,sz.300502,38.8100,40.0900,38.2000,39.6500,38.7900,15650215,616377471.2000,1,0,6.025727
2022-02-24,sz.300502,39.3400,39.9000,36.5500,37.7000,39.6500,18407646,699255919.9300,1,0,6.025727
2022-02-25,sz.300502,37.8200,38.7000,36.8400,37.1000,37.7000,13564851,509984904.0800,1,0,6.025727
2022-02-28,sz.300502,36.7000,38.3000,36.3600,37.6600,37.1000,11859013,444332784.0000,1,0,6.025727
2022-03-01,sz.300502,37.7000,38.6600,37.4000,38.2800,37.6600,9240386,353437008.0000,1,0,6.025727
2022-03-02,sz.300502,37.9000,38.0500,36.9600,37.2200,38.2800,7546958,281274224.0000,1,0,6.025727
2022-03-03,sz.300502,37.4200,37.6700,36.5000,36.5100,37.2200,6791711,250854415.0000,1,0,6.025727
2022-03-04,sz.300502,36.3800,36.9000,35.1000,35.4500,36.5100,10647917,381278400.0000,1,0,6.025727
2022-03-07,sz.300502,35.4500,35.7000,33.3300,33.9800,35.4500,12950948,442032688.0000,1,0,6.025727
2022-03-08,sz.300502,33.5100,34.4000,33.0400,33.7300,33.9800,11209547,379368768.0000,1,0,6.025727
2022-03-09,sz.300502,33.8800,34.3500,31.5800,34.2600,33.7300,11468081,380964784.0000,1,0,6.025727
2022-03-10,sz.300502,35.5800,35.5800,33.6700,33.9300,34.2600,10073639,347458400.0000,1,0,6.025727
2022-03-11,sz.300502,33.1300,33.2100,31.6100,33.0300,33.9300,11327508,369103072.0000,1,0,6.025727
2022-03-14,sz.300502,32.6700,32.6700,31.1300,31.3000,33.0300,9038626,287907488.0000,1,0,6.025727
2022-03-15,sz.300502,31.0100,31.2200,29.5300,29.5300,31.3000,13899232,420246256.0000,1,0,6.025727
2022-03-16,sz.300502,30.0900,30.6600,28.8100,30.5200,29.5300,12828873,383807856.0000,1,0,6.025727
2022-03-17,sz.300502,30.9000,31.7900,30.9000,31.3100,30.5200,11774262,368293344.0000,1,0,6.025727
2022-03-18,sz.300502,31.0600,31.5000,30.8300,31.3000,31.3100,5870464,183439174.3100,1,0,6.025727
2022-03-21,sz.300502,31.3000,31.8900,30.9500,31.4300,31.3000,6017137,189144598.1800,1,0,6.025727
2022-03-22,sz.300502,31.2300,31.2800,30.4100,30.6200,31.4300,6461613,198795269.2400,1,0,6.025727
2022-03-23,sz.300502,30.8800,33.8300,30.2800,33.4000,30.6200,20525294,668884086.8700,1,0,6.025727
2022-03-24,sz.300502,32.5000,32.9000,31.7500,32.0000,33.4000,13495847,433954857.8100,1,0,6.025727
2022-03-25,sz.300502,31.6800,31.8400,30.7800,30.9600,32.0000,8140322,253661413.4200,1,0,6.025727
2022-03-28,sz.300502,30.4900,31.6200,29.8800,31.5200,30.9600,7806750,241655132.5600,1,0,6.025727
2022-03-29,sz.300502,31.5900,32.1400,30.8100,31.1400,31.5200,5290923,166577379.3200,1,0,6.025727
2022-03-30,sz.300502,31.5000,31.8900,31.2000,31.6000,31.1400,5322177,167998044.6900,1,0,6.025727
2022-03-31,sz.300502,31.5000,31.5000,30.8900,31.2000,31.6000,4449583,138752414.2100,1,0,6.025727
2022-04-01,sz.300502,31.0300,31.0600,30.0700,30.1900,31.2000,8014387,243319468.0500,1,0,6.025727
2022-04-06,sz.300502,30.0100,30.1100,29.4000,29.8100,30.1900,5849222,173958563.2400,1,0,6.025727
2022-04-07,sz.300502,29.6100,29.8000,28.5200,28.8800,29.8100,6208629,180183574.8100,1,0,6.025727
2022-04-08,sz.300502,29.0500,29.1000,27.8600,28.6700,28.8800,5675653,161602476.1700,1,0,6.025727
2022-04-11,sz.300502,28.4100,28.6900,26.7200,27.1400,28.6700,6433080,176597472.0300,1,0,6.025727
2022-04-12,sz.300502,26.9300,27.4500,26.4300,27.1700,27.1400,6234324,167891472.5900,1,0,6.025727
2022-04-13,sz.300502,26.8200,26.8500,25.9000,25.9000,27.1700,6330846,166622901.6600,1,0,6.025727
2022-04-14,sz.300502,26.3000,26.6800,25.9100,26.4200,25.9000,6783744,178196324.5100,1,0,6.025727
2022-04-15,sz.300502,26.0700,27.1400,25.9300,26.9400,26.4200,7944423,211419388.5100,1,0,6.025727
2022-04-18,sz.300502,26.9000,28.3700,26.5500,28.2900,26.9400,8866228,245810056.4800,1,0,6.025727
2022-04-19,sz.300502,28.0700,28.5500,28.0300,28.3500,28.2900,4983085,141018352.7500,1,0,6.025727
2022-04-20,sz.300502,28.4600,28.9000,28.0100,28.4000,28.3500,4633173,131928560.5100,1,0,6.025727
2022-04-21,sz.300502,28.2300,28.6800,27.3700,27.5300,28.4000,6331999,177065494.7500,1,0,6.025727
2022-04-22,sz.300502,27.0000,27.2500,23.1200,23.1300,27.5300,27057093,660742142.3400,1,0,6.025727
2022-04-25,sz.300502,23.0700,23.7200,22.1300,22.1300,23.1300,15031264,345396961.7500,1,0,6.025727
2022-04-26,sz.300502,22.5600,22.9500,21.2100,21.4500,22.1300,11409799,252835691.1900,1,0,6.025727
2022-04-27,sz.300502,21.1900,23.0000,21.0300,22.9200,21.4500,13543356,298394927.6500,1,0,6.025727
2022-04-28,sz.300502,22.6000,22.8300,21.7200,22.0300,22.9200,10868157,241302322.6000,1,0,6.025727
2022-04-29,sz.300502,22.4900,23.7300,21.8100,23.3700,22.0300,17530905,398341795.5500,1,0,6.025727
2022-05-05,sz.300502,23.0500,24.3900,23.0500,23.8400,23.3700,14138645,339106976.9600,1,0,6.025727
2022-05-06,sz.300502,23.1200,23.8000,23.0500,23.5000,23.8400,7552742,176801891.2300,1,0,6.025727
2022-05-09,sz.300502,23.4400,24.0200,23.1600,23.6000,23.5000,7118951,168366612.4000,1,0,6.025727
2022-05-10,sz.300502,23.2000,24.9600,23.1100,24.8000,23.6000,12251072,297709672.5500,1,0,6.025727
2022-05-11,sz.300502,24.7600,27.4800,24.5100,25.8600,24.8000,18153932,477654490.7000,1,0,6.025727
2022-05-12,sz.300502,25.7100,26.2300,25.6300,26.0400,25.8600,7582567,196432698.4600,1,0,6.025727
2022-05-13,sz.300502,26.2000,26.2500,25.2900,25.9100,26.0400,7479866,192167329.7500,1,0,6.025727
2022-05-16,sz.300502,25.9300,26.3600,25.1100,25.4000,25.9100,7292566,186961685.2000,1,0,6.025727
2022-05-17,sz.300502,25.5700,25.8400,25.0200,25.7400,25.4000,6038419,153613928.4500,1,0,6.025727
2022-05-18,sz.300502,25.9100,26.2600,25.6400,25.7400,25.7400,5311333,137627061.0700,1,0,6.025727
2022-05-19,sz.300502,25.0600,25.7500,25.0200,25.5000,25.7400,5926142,150468567.4100,1,0,6.025727
2022-05-20,sz.300502,25.6000,26.1200,25.3300,25.6000,25.5000,8396302,214559000.3600,1,0,6.025727
2022-05-23,sz.300502,25.6300,25.7700,25.0600,25.6100,25.6000,5985316,152183987.7000,1,0,6.025727
2022-05-24,sz.300502,25.6100,26.2300,24.0100,24.0800,25.6100,10089781,252973697.7100,1,0,6.025727
2022-05-25,sz.300502,23.9400,24.2600,23.8400,24.1400,24.0800,6387925,153586635.1200,1,0,6.025727
2022-05-26,sz.300502,24.5600,25.7500,23.5100,25.3900,24.1400,13235264,329683954.4200,1,0,6.025727
2022-05-27,sz.300502,25.3900,25.7500,24.3600,24.6000,25.3900,8249832,206019115.2000,1,0,6.025727
2022-05-30,sz.300502,24.4800,25.3100,24.2200,24.9000,24.6000,6392911,158500773.0000,1,0,6.025727
2022-05-31,sz.300502,24.8200,25.9400,24.6800,25.7600,24.9000,9639826,245340642.9100,1,0,6.025727
2022-06-01,sz.300502,25.5900,26.2600,25.5000,25.7700,25.7600,6678279,172579905.6000,1,0,6.025727
2022-06-02,sz.300502,25.5500,26.4500,25.4800,26.2500,25.7700,9258282,241739646.4000,1,0,6.025727
2022-06-06,sz.300502,26.4000,27.3000,26.2800,27.1400,26.2500,9542863,258009989.1200,1,0,6.025727
2022-06-07,sz.300502,27.3500,27.3500,26.5500,26.9900,27.1400,8704965,233937447.6000,1,0,6.025727
2022-06-08,sz.300502,27.0000,27.4700,26.2000,26.6900,26.9900,7830512,210449245.3900,1,0,6.025727
2022-06-09,sz.300502,26.8000,26.8000,25.7100,25.9000,26.6900,6225404,162875387.7000,1,0,6.025727
2022-06-10,sz.300502,25.8000,26.7100,25.6700,26.5900,25.9000,6419492,169774634.9800,1,0,6.025727
2022-06-13,sz.300502,26.5000,27.0600,26.2800,26.7800,26.5900,5475120,146280648.2200,1,0,6.025727
2022-06-14,sz.300502,26.4000,26.4100,25.1200,26.0300,26.7800,9176088,235687586.8100,1,0,6.025727
2022-06-15,sz.300502,25.8800,27.2000,25.8300,26.4500,26.0300,9539466,254565742.5600,1,0,6.025727
2022-06-16,sz.300502,26.6000,27.1100,26.3100,26.5400,26.4500,8087538,216615195.4800,1,0,6.025727
2022-06-17,sz.300502,26.3200,26.8300,25.9500,26.6200,26.5400,9325220,245866035.2800,1,0,6.025727
2022-06-20,sz.300502,27.1000,27.6500,26.6200,26.7600,26.6200,10491755,283496615.0200,1,0,6.025727
2022-06-21,sz.300502,26.9100,26.9200,25.8000,26.0900,26.7600,9720896,254925679.4400,1,0,6.025727
2022-06-22,sz.300502,26.1900,26.2600,24.5700,24.7800,26.0900,11040556,279153361.8700,1,0,6.025727
2022-06-23,sz.300502,24.7400,25.8000,24.7400,25.7100,24.6700,11103957,282153681.1700,1,0,6.052595
2022-06-24,sz.300502,25.9500,26.0900,25.0000,25.2900,25.7100,14537878,369607308.7500,1,0,6.052595
2022-06-27,sz.300502,25.4900,26.1500,25.2700,25.5600,25.2900,11640634,298611536.0800,1,0,6.052595
2022-06-28,sz.300502,25.5000,26.1500,24.8800,26.1300,25.5600,12335092,315007121.2500,1,0,6.052595
2022-06-29,sz.300502,25.9900,26.8100,25.5500,25.6500,26.1300,15013733,392324715.9400,1,0,6.052595
2022-06-30,sz.300502,25.5500,26.6300,25.5000,26.2000,25.6500,12555182,327142300.3600,1,0,6.052595
2022-07-01,sz.300502,26.0800,26.3300,25.3600,25.5700,26.2000,12032016,308855200.7400,1,0,6.052595
2022-07-04,sz.300502,25.5100,25.6400,24.1200,24.4000,25.5700,22511118,548719756.6800,1,0,6.052595
2022-07-05,sz.300502,24.4000,24.8400,23.8700,24.2100,24.4000,12798285,310832073.5800,1,0,6.052595
2022-07-06,sz.300502,24.1300,24.7300,24.0100,24.3000,24.2100,9998157,243432246.0900,1,0,6.052595
2022-07-07,sz.300502,24.2200,24.3900,23.5700,23.8900,24.3000,8369572,200196763.0400,1,0,6.052595
2022-07-08,sz.300502,24.0000,24.3900,23.6000,23.6500,23.8900,9820862,235255157.9400,1,0,6.052595
2022-07-11,sz.300502,23.5200,23.5200,22.4600,22.8000,23.6500,13427906,306601353.8200,1,0,6.052595
2022-07-12,sz.300502,22.8000,22.8000,22.1500,22.1500,22.8000,8862303,198689599.2000,1,0,6.052595
2022-07-13,sz.300502,22.2400,22.4300,21.9000,22.0200,22.1500,7505930,166030332.3200,1,0,6.052595
2022-07-14,sz.300502,22.3700,23.7400,22.2800,23.2500,22.0200,16416209,380443724.6700,1,0,6.052595
2022-07-15,sz.300502,22.9600,24.3800,22.8800,23.6400,23.2500,15960242,380831272.7100,1,0,6.052595
2022-07-18,sz.300502,23.8700,24.6800,23.2000,24.5100,23.6400,14198517,341265092.5900,1,0,6.052595
2022-07-19,sz.300502,24.3400,25.3500,24.3400,24.9700,24.5100,17815680,444444495.4300,1,0,6.052595
2022-07-20,sz.300502,24.9400,25.5800,24.9200,25.2800,24.9700,15011710,379701150.0000,1,0,6.052595
2022-07-21,sz.300502,25.1500,25.8200,24.9500,25.0200,25.2800,14337990,363421460.5200,1,0,6.052595
2022-07-22,sz.300502,25.0700,25.4700,24.3900,24.8100,25.0200,11315267,280653721.6800,1,0,6.052595
2022-07-25,sz.300502,24.9500,25.5000,24.6200,24.7900,24.8100,9716398,242590559.5000,1,0,6.052595
2022-07-26,sz.300502,24.7600,24.8000,24.2600,24.6400,24.7900,6806756,167015283.6400,1,0,6.052595
2022-07-27,sz.300502,24.6600,25.4500,24.5800,25.3000,24.6400,11282426,283314186.2700,1,0,6.052595
2022-07-28,sz.300502,25.3200,25.9500,25.3200,25.3600,25.3000,11774866,301485249.9100,1,0,6.052595
2022-07-29,sz.300502,25.6200,25.6400,24.7300,25.1300,25.3600,11152155,280099118.8600,1,0,6.052595
2022-08-01,sz.300502,25.0400,25.8500,24.4000,25.5600,25.1300,13056575,330741480.1800,1,0,6.052595
2022-08-02,sz.300502,25.1800,25.2500,23.9400,24.4800,25.5600,14356513,352640363.2700,1,0,6.052595
2022-08-03,sz.300502,24.7100,26.1300,24.7100,25.1900,24.4800,20049008,513653917.4800,1,0,6.052595
2022-08-04,sz.300502,25.5800,25.6900,24.9500,25.5100,25.1900,11659090,295369942.7700,1,0,6.052595
2022-08-05,sz.300502,25.6000,26.7400,25.4100,26.6600,25.5100,26808983,703767147.5500,1,0,6.052595
2022-08-08,sz.300502,26.9200,27.0600,26.2000,26.5800,26.6600,15492030,410667657.6500,1,0,6.052595
2022-08-09,sz.300502,26.9400,27.0800,26.4100,26.8700,26.5800,20639806,552899674.5200,1,0,6.052595
2022-08-10,sz.300502,26.8300,27.1800,26.5100,26.7000,26.8700,13370307,358125076.8800,1,0,6.052595
2022-08-11,sz.300502,26.7300,29.2900,26.7300,28.8300,26.7000,35616377,1016270099.6800,1,0,6.052595
2022-08-12,sz.300502,28.9100,29.0000,27.7600,27.8000,28.8300,20130215,567460300.1100,1,0,6.052595
2022-08-15,sz.300502,27.7400,28.1600,27.2300,27.9600,27.8000,13440579,373066891.3600,1,0,6.052595
2022-08-16,sz.300502,28.0800,28.1000,27.2000,27.5400,27.9600,12681548,348872479.4600,1,0,6.052595
2022-08-17,sz.300502,27.6400,28.2800,27.3000,27.9900,27.5400,13231172,368908436.2200,1,0,6.052595
2022-08-18,sz.300502,27.9000,28.8800,27.6100,28.5200,27.9900,13479865,382433303.9000,1,0,6.052595
2022-08-19,sz.300502,28.4000,29.0800,27.6600,27.6600,28.5200,11598902,326222980.9300,1,0,6.052595
2022-08-22,sz.300502,27.5800,27.8900,27.0600,27.6200,27.6600,9144279,252390421.7000,1,0,6.052595
2022-08-23,sz.300502,27.4300,27.6500,27.1000,27.4200,27.6200,8156467,223078135.0400,1,0,6.052595
2022-08-24,sz.300502,27.3600,27.5000,25.9900,26.0100,27.4200,13790187,365618210.2300,1,0,6.052595
2022-08-25,sz.300502,26.1700,26.3500,25.5800,26.1300,26.0100,9347327,241834727.2900,1,0,6.052595
2022-08-26,sz.300502,25.5000,25.8900,24.7000,24.8800,26.1300,21088828,531456452.3900,1,0,6.052595
2022-08-29,sz.300502,24.3900,25.3300,24.3900,25.1000,24.8800,8458908,211537858.6900,1,0,6.052595
2022-08-30,sz.300502,25.0900,25.4300,24.7400,25.2200,25.1000,6754561,169797237.0100,1,0,6.052595
2022-08-31,sz.300502,25.0600,25.3500,24.4400,24.5400,25.2200,8417200,208123220.9500,1,0,6.052595
2022-09-01,sz.300502,24.5000,24.7200,23.7700,23.9000,24.5400,10321395,249135833.9800,1,0,6.052595
2022-09-02,sz.300502,23.9900,25.0300,23.9600,24.7400,23.9000,9902316,243123885.7400,1,0,6.052595
2022-09-05,sz.300502,24.6600,24.8500,24.2100,24.3600,24.7400,6073608,148658536.6500,1,0,6.052595
2022-09-06,sz.300502,24.4000,24.7300,24.1100,24.6600,24.3600,7225300,177073924.4700,1,0,6.052595
2022-09-07,sz.300502,24.8700,25.1900,24.5100,24.6400,24.6600,8517059,211103738.7300,1,0,6.052595
2022-09-08,sz.300502,24.5800,24.7300,24.1100,24.1300,24.6400,7741056,188143608.1700,1,0,6.052595
2022-09-09,sz.300502,24.1800,24.2700,23.8800,24.0400,24.1300,6833757,164188959.5200,1,0,6.052595
2022-09-13,sz.300502,24.2800,24.5400,23.7600,23.9000,24.0400,6720526,162029351.8500,1,0,6.052595
2022-09-14,sz.300502,23.5000,23.6900,23.2500,23.4900,23.9000,6251140,146529004.9800,1,0,6.052595
2022-09-15,sz.300502,23.6600,23.6600,22.2500,22.6000,23.4900,9759577,222484300.6400,1,0,6.052595
2022-09-16,sz.300502,22.6000,22.8200,22.0000,22.0000,22.6000,6753296,151149564.8400,1,0,6.052595
2022-09-19,sz.300502,22.0500,22.3200,21.6800,21.9900,22.0000,6820274,149616980.3100,1,0,6.052595
2022-09-20,sz.300502,22.2000,22.2400,21.7300,21.9800,21.9900,6367284,139830033.9300,1,0,6.052595
2022-09-21,sz.300502,21.9200,22.2000,21.4200,21.9800,21.9800,6086884,133045893.4000,1,0,6.052595
2022-09-22,sz.300502,21.9000,22.3900,21.7800,22.1900,21.9800,6039681,133914674.7600,1,0,6.052595
2022-09-23,sz.300502,22.1000,22.2000,21.2000,21.6000,22.1900,7008863,151888549.8700,1,0,6.052595
2022-09-26,sz.300502,21.4500,21.7200,21.3000,21.4000,21.6000,4804472,103261907.8600,1,0,6.052595
2022-09-27,sz.300502,21.4000,21.9900,21.4000,21.9600,21.4000,6086513,132201960.6900,1,0,6.052595
2022-09-28,sz.300502,21.8200,21.8600,20.8600,20.9000,21.9600,7548027,160531975.9200,1,0,6.052595
2022-09-29,sz.300502,21.2700,21.9000,21.0900,21.4700,20.9000,8021985,172810399.1800,1,0,6.052595
2022-09-30,sz.300502,21.4700,21.6900,21.1000,21.1400,21.4700,5016891,106895089.3500,1,0,6.052595
2022-10-10,sz.300502,21.1800,21.2900,20.1600,20.3000,21.1400,7036426,143837913.2800,1,0,6.052595
2022-10-11,sz.300502,20.2000,20.7700,20.0200,20.3600,20.3000,5473538,111154152.6000,1,0,6.052595
2022-10-12,sz.300502,20.4100,21.3700,20.3100,21.3700,20.3600,9108020,189872626.7900,1,0,6.052595
2022-10-13,sz.300502,21.4600,22.0300,21.3000,21.7600,21.3700,9115165,198329328.5700,1,0,6.052595
2022-10-14,sz.300502,21.8800,22.1300,21.6300,21.9600,21.7600,8083012,177059003.7200,1,0,6.052595
2022-10-17,sz.300502,21.7000,22.4600,21.7000,22.3300,21.9600,7780425,172900823.7000,1,0,6.052595
2022-10-18,sz.300502,22.3500,22.4500,21.8800,22.2500,22.3300,7910422,175196646.3300,1,0,6.052595
2022-10-19,sz.300502,22.0000,22.5400,22.0000,22.1700,22.2500,7496254,167273302.8900,1,0,6.052595
2022-10-20,sz.300502,22.0600,22.7200,21.7700,22.4400,22.1700,9397359,209441872.5700,1,0,6.052595
2022-10-21,sz.300502,22.5200,22.6600,21.8900,22.1800,22.4400,6500734,144285658.9500,1,0,6.052595
2022-10-24,sz.300502,22.2700,22.7200,21.7000,21.8000,22.1800,7574149,168637879.4800,1,0,6.052595
2022-10-25,sz.300502,21.8100,22.1800,21.4800,21.8200,21.8000,6564499,143377442.8500,1,0,6.052595
2022-10-26,sz.300502,21.8900,22.7900,21.7200,22.6000,21.8200,9418558,211258337.0200,1,0,6.052595
2022-10-27,sz.300502,25.9000,26.9200,25.3600,25.3800,22.6000,56415216,1459998700.6900,1,0,6.052595
2022-10-28,sz.300502,25.5200,26.0400,24.3300,24.4600,25.3800,28028228,707226481.9100,1,0,6.052595
2022-10-31,sz.300502,24.6500,26.1000,24.5000,25.8700,24.4600,25007646,639404782.6000,1,0,6.052595
2022-11-01,sz.300502,25.8300,26.5000,25.4000,26.4100,25.8700,18728832,486173597.3000,1,0,6.052595
2022-11-02,sz.300502,26.3000,27.0700,26.2000,26.5000,26.4100,16499631,438470959.6200,1,0,6.052595
2022-11-03,sz.300502,26.0200,27.5700,26.0100,27.3200,26.5000,18733695,507538712.3500,1,0,6.052595
2022-11-04,sz.300502,27.2000,27.8400,26.9000,27.5400,27.3200,15494182,424947487.3700,1,0,6.052595
2022-11-07,sz.300502,27.2200,27.7700,26.9400,27.3000,27.5400,12373563,337842551.7400,1,0,6.052595
2022-11-08,sz.300502,27.1200,27.2400,26.6600,26.9800,27.3000,7788438,209411724.3000,1,0,6.052595
2022-11-09,sz.300502,26.9500,27.1300,26.6000,26.7200,26.9800,6344331,170145554.5500,1,0,6.052595
2022-11-10,sz.300502,26.7000,27.1000,26.0000,26.1200,26.7200,11051588,291957894.3200,1,0,6.052595
2022-11-11,sz.300502,26.8700,27.0600,26.1900,26.3300,26.1200,8982717,238054323.9200,1,0,6.052595
2022-11-14,sz.300502,26.3500,27.0500,26.0500,26.4800,26.3300,8587795,228633103.8900,1,0,6.052595
2022-11-15,sz.300502,26.3000,27.8100,26.2200,27.6000,26.4800,13612874,371792047.5900,1,0,6.052595
2022-11-16,sz.300502,27.7400,28.4400,27.5000,27.8000,27.6000,13173816,367532636.3000,1,0,6.052595
2022-11-17,sz.300502,27.7000,28.2800,27.4600,28.2300,27.8000,9993151,278889022.4800,1,0,6.052595
2022-11-18,sz.300502,28.2500,28.4900,27.4400,27.4700,28.2300,10542108,295217990.2600,1,0,6.052595
2022-11-21,sz.300502,27.1200,28.5700,27.1100,28.1600,27.4700,13471760,376478815.4800,1,0,6.052595
2022-11-22,sz.300502,27.9700,28.0600,27.0800,27.3000,28.1600,8870171,244518669.9000,1,0,6.052595
2022-11-23,sz.300502,27.2500,27.4000,26.1600,26.7000,27.3000,11493162,305726614.9800,1,0,6.052595
2022-11-24,sz.300502,26.8500,27.1200,26.5000,26.7400,26.7000,6602737,176643949.4900,1,0,6.052595
2022-11-25,sz.300502,26.7300,26.8800,26.0800,26.1700,26.7400,5443618,143240768.5200,1,0,6.052595
2022-11-28,sz.300502,25.7000,25.9600,25.4000,25.6600,26.1700,7127763,182764038.6800,1,0,6.052595
2022-11-29,sz.300502,25.7400,26.0500,25.6600,25.8300,25.6600,8370751,216326058.2100,1,0,6.052595
2022-11-30,sz.300502,25.8300,26.0900,25.6000,25.8000,25.8300,5686794,147112527.1400,1,0,6.052595
2022-12-01,sz.300502,26.1200,26.5500,25.7500,25.7900,25.8000,8033442,209891765.4100,1,0,6.052595
2022-12-02,sz.300502,25.6600,26.4100,25.6600,25.7900,25.7900,6247316,162586913.3800,1,0,6.052595
2022-12-05,sz.300502,26.0100,26.1000,25.3800,25.8500,25.7900,7195853,184951856.6800,1,0,6.052595
2022-12-06,sz.300502,25.7100,25.8200,25.3000,25.3800,25.8500,6222600,158952004.1800,1,0,6.052595
2022-12-07,sz.300502,25.2000,25.4100,24.9300,25.0200,25.3800,8483941,213266028.2300,1,0,6.052595
2022-12-08,sz.300502,25.2100,25.2600,24.7000,24.9300,25.0200,6111429,152760146.4600,1,0,6.052595
2022-12-09,sz.300502,24.8800,25.1100,24.5700,24.8500,24.9300,9937966,246639367.3400,1,0,6.052595
2022-12-12,sz.300502,24.8600,25.6300,24.8200,25.3600,24.8500,8664261,219037999.7000,1,0,6.052595
2022-12-13,sz.300502,25.2600,25.4000,24.5700,24.6400,25.3600,7893342,195739045.9800,1,0,6.052595
2022-12-14,sz.300502,24.7700,25.1000,24.5500,24.6600,24.6400,5401813,133904812.2100,1,0,6.052595
2022-12-15,sz.300502,24.5200,25.1800,24.3100,25.1200,24.6600,6467970,161345604.2400,1,0,6.052595
2022-12-16,sz.300502,25.1600,25.1600,24.1000,24.2300,25.1200,9302962,227215075.5000,1,0,6.052595
2022-12-19,sz.300502,24.3400,24.6700,23.7500,24.0000,24.2300,5159258,125037796.2800,1,0,6.052595
2022-12-20,sz.300502,24.0000,24.1200,23.6000,23.9000,24.0000,4671534,111524419.7800,1,0,6.052595
2022-12-21,sz.300502,23.9100,24.0600,23.3500,23.5500,23.9000,3913162,92396399.6000,1,0,6.052595
2022-12-22,sz.300502,23.6300,23.7300,23.0800,23.2000,23.5500,3755880,87826504.4800,1,0,6.052595
2022-12-23,sz.300502,23.0300,23.3300,23.0300,23.2500,23.2000,2508956,58161112.0600,1,0,6.052595
2022-12-26,sz.300502,23.2600,23.6300,23.0400,23.4000,23.2500,6057759,141635914.9500,1,0,6.052595
2022-12-27,sz.300502,23.4700,23.8900,23.4600,23.5800,23.4000,5760470,136224484.5200,1,0,6.052595
2022-12-28,sz.300502,23.5900,23.7500,23.0500,23.2200,23.5800,5324400,124034005.8000,1,0,6.052595
2022-12-29,sz.300502,23.1900,23.9600,23.0700,23.6200,23.2200,8288842,195769887.5700,1,0,6.052595
2022-12-30,sz.300502,23.6200,24.0200,23.5300,23.7500,23.6200,5276571,125350671.1800,1,0,6.052595
2023-01-03,sz.300502,23.6700,24.8800,23.5500,24.7000,23.7500,9942473,242783805.1700,1,0,6.052595
2023-01-04,sz.300502,24.7000,25.0500,24.4400,24.8100,24.7000,8583300,211951106.0400,1,0,6.052595
2023-01-05,sz.300502,24.7500,25.1300,24.5800,25.0700,24.8100,6357582,158511668.1700,1,0,6.052595
2023-01-06,sz.300502,24.9800,25.5200,24.9400,25.2200,25.0700,7454067,188301023.0400,1,0,6.052595
2023-01-09,sz.300502,25.2600,25.4300,24.8800,24.9600,25.2200,6704022,168223620.1300,1,0,6.052595
2023-01-10,sz.300502,24.9600,25.1200,24.7300,24.8900,24.9600,5021875,125036449.7600,1,0,6.052595
2023-01-11,sz.300502,25.0500,25.1000,24.5000,24.5200,24.8900,5840948,144594329.2800,1,0,6.052595
2023-01-12,sz.300502,24.5100,24.7500,24.4100,24.6800,24.5200,4653275,114619460.8900,1,0,6.052595
2023-01-13,sz.300502,24.9300,24.9300,24.2400,24.5200,24.6800,5683904,138603326.4500,1,0,6.052595
2023-01-16,sz.300502,24.4200,25.3600,24.4000,25.1000,24.5200,8230747,206325536.1400,1,0,6.052595
2023-01-17,sz.300502,25.1200,25.2900,24.9500,25.1700,25.1000,4172757,104841005.5200,1,0,6.052595
2023-01-18,sz.300502,25.1700,25.3900,24.9100,25.3000,25.1700,5902768,148763514.4600,1,0,6.052595
2023-01-19,sz.300502,25.2000,25.4600,25.0800,25.4200,25.3000,7067028,178854482.1100,1,0,6.052595
2023-01-20,sz.300502,25.3600,25.8000,25.3600,25.6000,25.4200,7420747,189840424.8000,1,0,6.052595
2023-01-30,sz.300502,25.9300,26.3000,25.6800,25.7600,25.6000,9410467,243235545.0700,1,0,6.052595
2023-01-31,sz.300502,25.5100,25.6700,24.8800,25.1400,25.7600,18220946,458046720.3100,1,0,6.052595
2023-02-01,sz.300502,25.1300,25.7900,25.1300,25.7900,25.1400,14832405,378317946.9500,1,0,6.052595
2023-02-02,sz.300502,25.7800,26.5100,25.7800,26.1400,25.7900,16100029,421116461.3300,1,0,6.052595
2023-02-03,sz.300502,26.4200,26.8800,25.7800,26.3900,26.1400,17834356,469283618.4400,1,0,6.052595
2023-02-06,sz.300502,26.3900,27.5000,26.3800,27.2400,26.3900,27964879,755152059.5300,1,0,6.052595
2023-02-07,sz.300502,26.8800,29.3000,26.8500,28.9500,27.2400,48835391,1387999194.0400,1,0,6.052595
2023-02-08,sz.300502,30.0900,30.2900,28.3700,28.5800,28.9500,34724365,1006433340.3300,1,0,6.052595
2023-02-09,sz.300502,28.5000,32.0000,28.1700,32.0000,28.5800,51052054,1554401595.6400,1,0,6.052595
2023-02-10,sz.300502,32.0000,34.8500,31.7800,32.4600,32.0000,68918479,2278273176.7200,1,0,6.052595
2023-02-13,sz.300502,33.0000,34.0000,32.5000,33.7200,32.4600,48047273,1595666792.0100,1,0,6.052595
2023-02-14,sz.300502,33.0000,33.4400,32.0100,32.3600,33.7200,38214670,1242231057.6800,1,0,6.052595
2023-02-15,sz.300502,32.3000,33.5600,32.0800,33.0500,32.3600,36126021,1187262046.3200,1,0,6.052595
2023-02-16,sz.300502,32.7300,32.7300,30.9000,31.4800,33.0500,37892192,1210343752.9400,1,0,6.052595
2023-02-17,sz.300502,31.8400,32.0900,30.6500,30.8400,31.4800,25048002,780543778.9100,1,0,6.052595
2023-02-20,sz.300502,30.7700,31.4600,30.4900,31.2700,30.8400,18259078,567104932.1500,1,0,6.052595
2023-02-21,sz.300502,31.1500,31.7400,30.5100,30.8400,31.2700,19759614,613640350.2800,1,0,6.052595
2023-02-22,sz.300502,30.5600,31.5400,30.2400,30.9800,30.8400,18120242,559978561.4000,1,0,6.052595
2023-02-23,sz.300502,30.6800,31.0600,30.3300,30.6600,30.9800,12059659,370138935.5500,1,0,6.052595
2023-02-24,sz.300502,30.8500,32.1500,30.8000,31.3800,30.6600,28588424,903104151.6700,1,0,6.052595
2023-02-27,sz.300502,31.1000,31.7300,30.7600,30.9000,31.3800,17019314,530634674.9100,1,0,6.052595
2023-02-28,sz.300502,31.9000,32.9900,31.5500,32.1900,30.9000,36012494,1158912070.7500,1,0,6.052595
2023-03-01,sz.300502,31.9200,33.7700,31.9200,33.1600,32.1900,35749240,1180946628.5000,1,0,6.052595
2023-03-02,sz.300502,33.1200,34.7900,32.7000,33.4100,33.1600,37131887,1255182956.2600,1,0,6.052595
2023-03-03,sz.300502,33.0000,33.3900,31.9600,32.5000,33.4100,32747213,1067667238.7500,1,0,6.052595
2023-03-06,sz.300502,32.4000,33.1200,32.0000,32.1600,32.5000,20051474,651275613.9900,1,0,6.052595
2023-03-07,sz.300502,32.1000,32.2800,30.3900,30.4200,32.1600,31625609,983482882.1400,1,0,6.052595
2023-03-08,sz.300502,30.4600,31.3200,30.4600,31.0800,30.4200,20994939,651579058.3100,1,0,6.052595
2023-03-09,sz.300502,31.0300,31.8000,30.3500,31.3700,31.0800,18201840,563213338.4400,1,0,6.052595
2023-03-10,sz.300502,31.0300,31.5000,30.7900,30.8400,31.3700,12715133,395667745.7800,1,0,6.052595
2023-03-13,sz.300502,30.5300,31.6600,30.5300,31.6400,30.8400,17024872,533000206.2100,1,0,6.052595
2023-03-14,sz.300502,31.4600,31.7200,30.6000,30.8700,31.6400,19237889,597048775.0300,1,0,6.052595
2023-03-15,sz.300502,31.0100,31.4400,29.9300,30.0000,30.8700,19021110,578580488.9000,1,0,6.052595
2023-03-16,sz.300502,29.5000,30.2400,29.5000,29.5600,30.0000,15199144,454263127.9600,1,0,6.052595
2023-03-17,sz.300502,29.9000,31.6600,29.8800,31.3600,29.5600,28871992,894834458.4900,1,0,6.052595
2023-03-20,sz.300502,31.4300,33.0700,31.4000,31.9000,31.3600,35103680,1135086153.1200,1,0,6.052595
2023-03-21,sz.300502,31.8100,32.4500,31.2100,32.1300,31.9000,22025671,703001780.3900,1,0,6.052595
2023-03-22,sz.300502,32.0600,37.0700,31.7900,37.0500,32.1300,72523909,2543780006.0100,1,0,6.052595
2023-03-23,sz.300502,36.7000,40.2900,36.2800,38.9600,37.0500,85435366,3279611547.7300,1,0,6.052595
2023-03-24,sz.300502,38.7000,39.4600,37.9500,39.3000,38.9600,45582271,1770292644.8400,1,0,6.052595
2023-03-27,sz.300502,39.1200,43.2100,39.1200,43.2000,39.3000,65632858,2720322056.8200,1,0,6.052595
2023-03-28,sz.300502,42.0100,44.8800,41.4900,42.7300,43.2000,66233727,2841049732.8400,1,0,6.052595
2023-03-29,sz.300502,42.2000,47.0000,42.2000,45.3100,42.7300,68594308,3091577802.3500,1,0,6.052595
2023-03-30,sz.300502,44.4500,45.9500,43.7100,45.5600,45.3100,51889642,2326687812.5700,1,0,6.052595
2023-03-31,sz.300502,44.9800,49.2500,43.5800,48.5000,45.5600,59625056,2749358106.1500,1,0,6.052595
2023-04-03,sz.300502,51.2000,58.2000,50.5000,58.2000,48.5000,89545345,4950423892.2500,1,0,6.052595
2023-04-04,sz.300502,59.9000,61.7000,58.4000,61.7000,58.2000,78707191,4736448187.7500,1,0,6.052595
2023-04-06,sz.300502,60.2000,70.7900,60.0100,65.8900,61.7000,86567685,5738887888.6500,1,0,6.052595
2023-04-07,sz.300502,66.0500,70.2000,65.3900,70.2000,65.8900,58360518,3981736363.2400,1,0,6.052595
2023-04-10,sz.300502,72.6500,76.8800,68.6600,71.8500,70.2000,73450545,5285749437.3400,1,0,6.052595
2023-04-11,sz.300502,70.7700,75.4000,68.1800,72.0800,71.8500,74402406,5289649806.7300,1,0,6.052595
2023-04-12,sz.300502,70.7100,72.3900,67.8500,70.9900,72.0800,60278862,4248332598.9400,1,0,6.052595
2023-04-13,sz.300502,71.1600,72.1200,65.6500,66.8600,70.9900,67873000,4644336431.8400,1,0,6.052595
2023-04-14,sz.300502,67.9900,72.9300,67.0500,72.6800,66.8600,74449244,5242846194.9300,1,0,6.052595
2023-04-17,sz.300502,70.5000,71.9400,67.8900,69.8300,72.6800,44984396,3144716007.9800,1,0,6.052595
2023-04-18,sz.300502,71.0000,82.6600,69.8900,79.9000,69.8300,82901745,6197788165.1900,1,0,6.052595
2023-04-19,sz.300502,80.1200,82.3500,77.0100,77.0100,79.9000,65632819,5246517890.3500,1,0,6.052595
2023-04-20,sz.300502,78.2900,83.3000,76.6100,82.5700,77.0100,65023892,5212960245.3900,1,0,6.052595
2023-04-21,sz.300502,80.4000,81.0000,75.7000,75.7000,82.5700,55562119,4342297745.3200,1,0,6.052595
2023-04-24,sz.300502,75.3100,80.5000,74.3300,78.9900,75.7000,55350305,4318413494.7000,1,0,6.052595
2023-04-25,sz.300502,77.0100,78.5000,71.6000,73.8000,78.9900,55377398,4154086998.0000,1,0,6.052595
2023-04-26,sz.300502,76.0100,76.1000,68.0000,71.2000,73.8000,61648288,4432234570.0300,1,0,6.052595
2023-04-27,sz.300502,66.0000,67.4800,61.6600,63.0000,71.2000,78597334,5087583517.4100,1,0,6.052595
2023-04-28,sz.300502,65.0400,70.1900,63.6800,68.9900,63.0000,54386257,3624559220.1700,1,0,6.052595
2023-05-04,sz.300502,68.0200,70.6000,62.6200,64.2100,68.9900,50216004,3293688596.3000,1,0,6.052595
2023-05-05,sz.300502,64.0000,66.7100,58.8100,59.6500,64.2100,55755168,3459188766.2200,1,0,6.052595
2023-05-08,sz.300502,60.1000,64.3100,58.5000,61.9400,59.6500,42065274,2602942593.7700,1,0,6.052595
2023-05-09,sz.300502,61.0200,67.3000,61.0100,64.2800,61.9400,39260010,2557282997.1100,1,0,6.052595
2023-05-10,sz.300502,65.2800,67.8800,60.4000,61.5600,64.2800,35581113,2254033858.3500,1,0,6.052595
2023-05-11,sz.300502,61.0100,63.8700,60.4100,60.8900,61.5600,25699581,1590814423.7800,1,0,6.052595
2023-05-12,sz.300502,61.0000,66.1800,60.8500,62.7700,60.8900,39291391,2499915045.2400,1,0,6.052595
2023-05-15,sz.300502,64.1300,66.0000,59.5000,63.6100,62.7700,46791700,2916444296.1800,1,0,6.052595
2023-05-16,sz.300502,61.6400,62.3400,58.4900,59.9900,63.6100,43241179,2593056372.6600,1,0,6.052595
2023-05-17,sz.300502,60.5000,63.6300,59.2300,61.4600,59.9900,36517400,2251275881.2200,1,0,6.052595
2023-05-18,sz.300502,67.0000,73.7500,63.4000,73.7500,61.4600,65508702,4539619302.2600,1,0,6.052595
2023-05-19,sz.300502,71.0100,73.3800,65.5500,66.3000,73.7500,68152370,4697349856.6800,1,0,6.052595
2023-05-22,sz.300502,64.5100,66.1600,61.2800,62.3900,66.3000,39073963,2469071853.6600,1,0,6.052595
2023-05-23,sz.300502,62.8000,63.9800,60.7800,63.0300,62.3900,40495956,2535716974.9600,1,0,6.052595
2023-05-24,sz.300502,61.4700,67.0200,61.0300,64.0800,63.0300,44661090,2879970379.2900,1,0,6.052595
2023-05-25,sz.300502,68.8800,71.8000,64.0000,68.5500,64.0800,59866478,4059787563.2200,1,0,6.052595
2023-05-26,sz.300502,67.0000,72.6000,66.8000,69.4000,68.5500,45464224,3193415156.8500,1,0,6.052595
2023-05-29,sz.300502,72.0000,75.4400,69.9100,71.4900,69.4000,47002519,3422074698.1900,1,0,6.052595
2023-05-30,sz.300502,72.2700,78.4000,71.6000,76.3100,71.4900,51520674,3855252835.7100,1,0,6.052595
2023-05-31,sz.300502,75.3200,87.8700,72.3800,84.4300,76.3100,61934991,4894656049.8900,1,0,6.052595
2023-06-01,sz.300502,80.9000,84.0200,79.9900,81.8000,84.4300,39799952,3251811087.3500,1,0,6.052595
2023-06-02,sz.300502,83.1000,84.0000,78.2900,79.2300,81.8000,30691056,2470943057.6000,1,0,6.052595
2023-06-05,sz.300502,77.1600,82.6600,77.0000,80.2500,79.2300,30768954,2481402804.2600,1,0,6.052595
2023-06-06,sz.300502,79.3000,84.7000,78.6800,79.5000,80.2500,31172892,2540298062.2200,1,0,6.052595
2023-06-07,sz.300502,79.7500,83.6800,77.4800,80.5500,79.5000,30005623,2414302751.8500,1,0,6.052595
2023-06-08,sz.300502,56.0100,56.9500,52.8700,55.0800,57.4500,42039864,2310718206.4100,1,0,8.486275
2023-06-09,sz.300502,55.0800,60.3800,54.3000,58.8900,55.0800,59164384,3401586568.1200,1,0,8.486275
2023-06-12,sz.300502,58.1800,62.1600,58.1700,60.8200,58.8900,53448333,3235840325.7900,1,0,8.486275
2023-06-13,sz.300502,60.0000,64.5600,58.0000,61.3800,60.8200,54748057,3360002575.3400,1,0,8.486275
2023-06-14,sz.300502,61.5000,68.8600,60.5100,65.8000,61.3800,70086135,4498585032.9900,1,0,8.486275
2023-06-15,sz.300502,67.1300,68.1900,63.5800,63.8000,65.8000,63188792,4155009075.3700,1,0,8.486275
2023-06-16,sz.300502,63.8400,69.1500,62.1100,68.6400,63.8000,77088346,5065108506.9800,1,0,8.486275
2023-06-19,sz.300502,69.6400,81.1800,69.2100,78.3000,68.6400,84043065,6211025609.6500,1,0,8.486275
2023-06-20,sz.300502,76.0000,80.3600,72.7500,80.0000,78.3000,68246986,5217054313.1100,1,0,8.486275
2023-06-21,sz.300502,77.9200,77.9200,70.0100,70.4400,80.0000,72231291,5224195848.5200,1,0,8.486275
2023-06-26,sz.300502,70.0100,71.0900,63.4000,64.2800,70.4400,75035360,4977387268.7900,1,0,8.486275
2023-06-27,sz.300502,64.2800,64.6200,60.8800,61.5600,64.2800,50797944,3158608205.1800,1,0,8.486275
2023-06-28,sz.300502,59.5000,59.5000,55.1300,57.0000,61.5600,63351514,3610374932.1500,1,0,8.486275
2023-06-29,sz.300502,58.0000,61.5300,56.1100,60.6000,57.0000,79052981,4620862596.6900,1,0,8.486275
2023-06-30,sz.300502,59.3900,70.5000,59.0500,67.9700,60.6000,95757910,6236192381.1700,1,0,8.486275
2023-07-03,sz.300502,68.5000,70.6800,61.2500,67.7600,67.9700,83540564,5451946280.4300,1,0,8.486275
2023-07-04,sz.300502,68.5400,74.2000,68.5400,71.3900,67.7600,90546443,6511107221.4500,1,0,8.486275
2023-07-05,sz.300502,71.3900,71.6000,65.8000,66.4100,71.3900,76314372,5233979402.0400,1,0,8.486275
2023-07-06,sz.300502,66.3000,71.5000,65.0100,68.0000,66.4100,65723761,4530736787.4700,1,0,8.486275
2023-07-07,sz.300502,68.5500,70.3300,63.8300,67.4800,68.0000,61092787,4113961715.8600,1,0,8.486275
2023-07-10,sz.300502,66.5100,68.4000,63.3200,64.8500,67.4800,47154693,3061797421.3500,1,0,8.486275
2023-07-11,sz.300502,64.6500,65.7700,62.9000,65.3000,64.8500,43573380,2809106393.8300,1,0,8.486275
2023-07-12,sz.300502,64.4000,64.9700,58.9200,59.3400,65.3000,67709111,4161623865.5300,1,0,8.486275
2023-07-13,sz.300502,60.5200,63.7700,59.3800,63.4000,59.3400,60830435,3755422489.8300,1,0,8.486275
2023-07-14,sz.300502,66.1500,67.6800,64.0000,65.3900,63.4000,59831015,3922426611.5400,1,0,8.486275
2023-07-17,sz.300502,65.4000,68.5000,64.0500,68.1800,65.3900,54693810,3652538651.8400,1,0,8.486275
2023-07-18,sz.300502,69.2100,69.9000,64.8500,65.0300,68.1800,42120921,2811727437.3700,1,0,8.486275
2023-07-19,sz.300502,66.4200,66.9500,63.5400,64.1700,65.0300,25700678,1663468180.5200,1,0,8.486275
2023-07-20,sz.300502,63.4700,63.6300,57.5100,57.8200,64.1700,59800293,3620277158.0000,1,0,8.486275
2023-07-21,sz.300502,58.0000,58.6400,54.1000,55.6200,57.8200,53185778,2957178809.6300,1,0,8.486275
2023-07-24,sz.300502,55.1300,58.4900,54.6100,56.5500,55.6200,34653629,1972993504.5800,1,0,8.486275
2023-07-25,sz.300502,57.7300,60.2500,55.8800,57.8000,56.5500,42324309,2446628591.8400,1,0,8.486275
2023-07-26,sz.300502,57.8100,58.0000,53.8000,55.0000,57.8000,39616209,2194608489.3800,1,0,8.486275
2023-07-27,sz.300502,55.1200,55.3200,52.9400,53.4900,55.0000,33109650,1784054104.8300,1,0,8.486275
2023-07-28,sz.300502,53.4900,54.3200,51.8700,52.6000,53.4900,33582706,1775882889.7700,1,0,8.486275
2023-07-31,sz.300502,51.6500,54.2000,50.5300,51.9000,52.6000,39769242,2075092230.0500,1,0,8.486275
2023-08-01,sz.300502,51.9000,54.6400,50.2000,53.7700,51.9000,57464448,3037541593.8600,1,0,8.486275
2023-08-02,sz.300502,53.0100,55.5000,52.8100,54.5900,53.7700,41292905,2240382711.2300,1,0,8.486275
2023-08-03,sz.300502,53.5000,56.0000,52.8500,53.5100,54.5900,30961019,1679810485.0400,1,0,8.486275
2023-08-04,sz.300502,53.1000,57.0700,52.4800,56.7300,53.5100,51168343,2816612609.1400,1,0,8.486275
2023-08-07,sz.300502,57.4800,60.5000,57.1800,57.6700,56.7300,48620362,2849451178.2000,1,0,8.486275
2023-08-08,sz.300502,57.5000,59.5000,55.6100,55.6900,57.6700,33723157,1926650108.8900,1,0,8.486275
2023-08-09,sz.300502,55.1600,56.4800,52.5400,52.7700,55.6900,41056966,2220987820.9300,1,0,8.486275
2023-08-10,sz.300502,52.3500,53.7000,51.3700,51.7600,52.7700,30887328,1612598512.1100,1,0,8.486275
2023-08-11,sz.300502,52.6900,52.6900,50.6100,50.6500,51.7600,19371230,996505606.8800,1,0,8.486275
2023-08-14,sz.300502,49.7900,51.1400,49.1800,51.0000,50.6500,32281589,1621636507.7200,1,0,8.486275
2023-08-15,sz.300502,53.3300,53.7700,50.0000,50.3400,51.0000,40859096,2113596099.3200,1,0,8.486275
2023-08-16,sz.300502,50.0200,50.7000,48.2800,49.1300,50.3400,31572543,1553864274.1400,1,0,8.486275
2023-08-17,sz.300502,48.7300,51.3100,47.9100,50.1800,49.1300,39562779,1968028119.7100,1,0,8.486275
2023-08-18,sz.300502,50.0100,50.4900,47.0000,47.0000,50.1800,40877832,1975383535.6900,1,0,8.486275
2023-08-21,sz.300502,46.9700,49.3800,46.5000,47.8600,47.0000,28421313,1370924341.2300,1,0,8.486275
2023-08-22,sz.300502,49.2000,50.2500,47.2300,49.9600,47.8600,45906618,2240787776.5800,1,0,8.486275
2023-08-23,sz.300502,49.2900,49.6800,47.1500,47.2000,49.9600,28388808,1356111376.2500,1,0,8.486275
2023-08-24,sz.300502,49.0000,49.0000,46.5500,46.9000,47.2000,37704985,1796972531.5300,1,0,8.486275
2023-08-25,sz.300502,44.0100,46.0000,43.3500,43.8000,46.9000,56768931,2515209464.2900,1,0,8.486275
2023-08-28,sz.300502,46.3400,46.8000,43.4400,44.4800,43.8000,42769120,1917661903.8400,1,0,8.486275
2023-08-29,sz.300502,44.1000,46.8000,42.8100,45.1500,44.4800,60864402,2726021053.6300,1,0,8.486275
2023-08-30,sz.300502,45.7600,47.0900,44.7500,45.4200,45.1500,45050698,2055505235.1100,1,0,8.486275
2023-08-31,sz.300502,45.1300,46.7700,44.9800,45.5800,45.4200,36467078,1673500553.3500,1,0,8.486275
2023-09-01,sz.300502,45.0200,45.7600,43.7400,44.2500,45.5800,25059511,1117309083.0600,1,0,8.486275
2023-09-04,sz.300502,44.5700,45.0700,43.9300,44.8400,44.2500,21322623,947070982.2200,1,0,8.486275
2023-09-05,sz.300502,44.7500,44.7500,43.5100,43.8000,44.8400,26773186,1175445087.1100,1,0,8.486275
2023-09-06,sz.300502,43.5000,44.1000,43.0000,43.8300,43.8000,22295846,970994322.2200,1,0,8.486275
2023-09-07,sz.300502,43.7500,43.8000,42.1000,42.1900,43.8300,26532558,1131898248.8600,1,0,8.486275
2023-09-08,sz.300502,42.0100,42.5000,41.0200,41.3900,42.1900,20691682,861961967.7400,1,0,8.486275
2023-09-11,sz.300502,41.6500,45.3800,41.6500,44.0200,41.3900,55735645,2428183294.2700,1,0,8.486275
2023-09-12,sz.300502,43.5400,45.8000,43.4000,44.2800,44.0200,47993248,2145124638.0700,1,0,8.486275
2023-09-13,sz.300502,44.0000,44.3500,42.0000,42.4900,44.2800,31396476,1347714848.4400,1,0,8.486275
2023-09-14,sz.300502,42.8500,43.4000,41.5700,41.8200,42.4900,24341232,1030355251.7100,1,0,8.486275
2023-09-15,sz.300502,41.5700,41.9600,40.0200,40.2500,41.8200,30702972,1248654207.0600,1,0,8.486275
2023-09-18,sz.300502,40.2500,40.5700,38.8400,39.0500,40.2500,26250706,1040271493.3100,1,0,8.486275
2023-09-19,sz.300502,39.0500,39.8800,38.0400,38.9200,39.0500,28811219,1121305759.8900,1,0,8.486275
2023-09-20,sz.300502,38.7500,41.5000,38.7000,39.6400,38.9200,41836868,1683582118.9400,1,0,8.486275
2023-09-21,sz.300502,39.7100,41.2600,39.2300,39.8000,39.6400,31957293,1284126373.0200,1,0,8.486275
2023-09-22,sz.300502,39.9800,45.1000,39.8300,44.6400,39.8000,78085420,3370531594.7800,1,0,8.486275
2023-09-25,sz.300502,44.0500,45.4700,42.4500,42.7000,44.6400,59421505,2607476864.6600,1,0,8.486275
2023-09-26,sz.300502,43.5500,45.3200,43.0100,43.8600,42.7000,63946486,2828656943.7200,1,0,8.486275
2023-09-27,sz.300502,44.3900,46.4500,43.8600,45.1000,43.8600,57657423,2608752285.7200,1,0,8.486275
2023-09-28,sz.300502,46.1800,47.5300,45.1000,46.0000,45.1000,57889222,2666143626.6500,1,0,8.486275
2023-10-09,sz.300502,45.1500,46.6400,43.9900,44.9700,46.0000,44549630,2017843343.6800,1,0,8.486275
2023-10-10,sz.300502,44.8100,46.0000,44.4000,44.7300,44.9700,31418202,1413702814.0500,1,0,8.486275
2023-10-11,sz.300502,44.5000,46.5200,44.1800,45.0300,44.7300,39558726,1793467389.7900,1,0,8.486275
2023-10-12,sz.300502,45.6500,45.8200,43.5100,43.7300,45.0300,33308902,1471508917.5800,1,0,8.486275
2023-10-13,sz.300502,43.1800,44.5300,42.4000,42.8700,43.7300,32437339,1407324150.3200,1,0,8.486275
2023-10-16,sz.300502,42.0200,43.0500,40.8800,41.2000,42.8700,31716059,1320806276.2200,1,0,8.486275
2023-10-17,sz.300502,41.2200,42.0500,39.8600,41.0700,41.2000,27663368,1129262212.1100,1,0,8.486275
2023-10-18,sz.300502,39.9000,40.1100,37.2200,39.1800,41.0700,39341815,1515644815.2700,1,0,8.486275
2023-10-19,sz.300502,39.1500,39.5800,37.9200,38.1200,39.1800,25965791,999967201.5600,1,0,8.486275
2023-10-20,sz.300502,38.0100,38.4400,36.4100,36.5600,38.1200,26976041,1000958417.9900,1,0,8.486275
2023-10-23,sz.300502,35.6800,35.9300,32.5000,33.4100,36.5600,59552938,2018869050.2400,1,0,8.486275
2023-10-24,sz.300502,34.3300,35.2400,33.3000,33.9600,33.4100,44296615,1521747749.8600,1,0,8.486275
2023-10-25,sz.300502,33.9500,34.0500,32.0500,32.2600,33.9600,42432690,1392007213.2100,1,0,8.486275
2023-10-26,sz.300502,32.2600,33.0100,31.6100,32.7000,32.2600,42769972,1381592396.1200,1,0,8.486275
2023-10-27,sz.300502,32.3100,32.7000,31.6800,32.4100,32.7000,35858045,1152604825.9300,1,0,8.486275
2023-10-30,sz.300502,32.4000,32.6700,31.3600,32.4400,32.4100,39272155,1257391824.9700,1,0,8.486275
2023-10-31,sz.300502,32.4200,32.4200,31.0700,31.3800,32.4400,32472338,1021102258.4700,1,0,8.486275
2023-11-01,sz.300502,31.4300,31.8800,30.6000,30.6800,31.3800,28054478,871284118.3800,1,0,8.486275
2023-11-02,sz.300502,30.9900,31.4600,29.9800,30.0600,30.6800,33529695,1027225929.3200,1,0,8.486275
2023-11-03,sz.300502,30.4900,33.4500,30.1500,32.0000,30.0600,75631526,2416394115.1800,1,0,8.486275
2023-11-06,sz.300502,32.3200,33.5000,31.9800,33.0100,32.0000,56105592,1837570574.2000,1,0,8.486275
2023-11-07,sz.300502,32.9400,39.6100,32.6500,39.6100,33.0100,133716040,4833475542.4500,1,0,8.486275
2023-11-08,sz.300502,38.0000,41.6400,37.8000,41.2500,39.6100,138419786,5486365806.0500,1,0,8.486275
2023-11-09,sz.300502,42.1800,42.9100,40.6000,41.4100,41.2500,105953205,4421404315.8500,1,0,8.486275
2023-11-10,sz.300502,40.7100,43.5000,40.7100,42.6000,41.4100,93959347,4000888841.0000,1,0,8.486275
2023-11-13,sz.300502,43.5600,46.3500,42.9400,43.2500,42.6000,110733035,4901445127.3900,1,0,8.486275
2023-11-14,sz.300502,44.1700,45.4500,43.2000,44.0600,43.2500,79646020,3522616063.3300,1,0,8.486275
2023-11-15,sz.300502,45.0000,45.3800,41.6600,42.6900,44.0600,74818732,3211793892.6000,1,0,8.486275
2023-11-16,sz.300502,42.3100,43.0800,41.4000,41.4700,42.6900,52468292,2209704168.7200,1,0,8.486275
2023-11-17,sz.300502,41.8300,48.3200,41.2000,46.8300,41.4700,113056658,4979924887.0900,1,0,8.486275
2023-11-20,sz.300502,46.0200,47.9000,45.5300,47.2400,46.8300,89508297,4173910634.2800,1,0,8.486275
2023-11-21,sz.300502,47.2400,48.2200,46.0000,46.2800,47.2400,68051785,3205989637.6600,1,0,8.486275
2023-11-22,sz.300502,46.2000,46.5100,43.3000,43.4500,46.2800,62442382,2778850765.3900,1,0,8.486275
2023-11-23,sz.300502,43.2200,45.3200,42.9300,44.6500,43.4500,52734519,2332695471.2700,1,0,8.486275
2023-11-24,sz.300502,44.0700,44.6000,42.2700,42.5700,44.6500,45003420,1942949293.3600,1,0,8.486275
2023-11-27,sz.300502,42.0800,46.1500,42.0800,45.3000,42.5700,70420797,3133702979.8600,1,0,8.486275
2023-11-28,sz.300502,44.9600,45.4800,44.1700,44.8500,45.3000,38977300,1739315242.6700,1,0,8.486275
2023-11-29,sz.300502,44.7300,45.5400,43.4000,44.2900,44.8500,38938093,1733977512.9900,1,0,8.486275
2023-11-30,sz.300502,44.0000,46.4700,44.0000,46.3000,44.2900,71597561,3251809583.9900,1,0,8.486275
2023-12-01,sz.300502,45.8100,51.8300,45.6000,49.8300,46.3000,105864660,5177463010.7000,1,0,8.486275
2023-12-04,sz.300502,49.0200,50.8300,48.5100,49.0000,49.8300,73185473,3629949761.7100,1,0,8.486275
2023-12-05,sz.300502,48.7500,50.2200,47.8000,48.1000,49.0000,63032333,3086636698.0200,1,0,8.486275
2023-12-06,sz.300502,47.6000,49.1200,46.9600,48.4000,48.1000,53750694,2580946884.7100,1,0,8.486275
2023-12-07,sz.300502,48.4000,52.3600,48.1100,50.9800,48.4000,80471245,4062198339.4400,1,0,8.486275
2023-12-08,sz.300502,51.0000,58.2000,50.2000,54.2000,50.9800,114541260,6172538226.9800,1,0,8.486275
2023-12-11,sz.300502,53.0000,55.4900,52.5800,55.2800,54.2000,70108500,3810661321.5100,1,0,8.486275
2023-12-12,sz.300502,54.4500,55.2000,50.8600,52.7300,55.2800,83798018,4422903326.4900,1,0,8.486275
2023-12-13,sz.300502,52.6000,53.9100,51.8600,52.3800,52.7300,41542125,2192528287.1600,1,0,8.486275
2023-12-14,sz.300502,53.3900,55.7800,52.5200,53.8000,52.3800,66583187,3616732676.5800,1,0,8.486275
2023-12-15,sz.300502,54.0000,54.5500,50.1100,51.0000,53.8000,58167773,3001647232.2500,1,0,8.486275
2023-12-18,sz.300502,51.3600,53.2500,51.0000,51.7000,51.0000,51266442,2677908107.6700,1,0,8.486275
2023-12-19,sz.300502,51.7000,52.6800,49.7500,51.8800,51.7000,42643464,2181290692.1100,1,0,8.486275
2023-12-20,sz.300502,51.2700,51.5000,48.7000,49.2200,51.8800,46173075,2292483906.9300,1,0,8.486275
2023-12-21,sz.300502,49.0000,52.5400,47.9000,50.7600,49.2200,52020053,2613324813.0700,1,0,8.486275
2023-12-22,sz.300502,50.6500,51.0800,48.4000,48.8500,50.7600,44976527,2238084004.4700,1,0,8.486275
2023-12-25,sz.300502,49.0300,50.3800,48.0000,49.4700,48.8500,30628720,1515747076.0400,1,0,8.486275
2023-12-26,sz.300502,48.9500,49.6800,46.7700,47.3600,49.4700,37650422,1797030803.8300,1,0,8.486275
2023-12-27,sz.300502,47.9000,48.3400,46.8300,47.0200,47.3600,27779413,1318715056.4000,1,0,8.486275
2023-12-28,sz.300502,46.5300,49.1000,46.5300,48.3000,47.0200,38544619,1857681134.8500,1,0,8.486275
2023-12-29,sz.300502,48.1600,50.8600,47.9100,49.3200,48.3000,41787200,2070427497.9700,1,0,8.486275
2024-01-02,sz.300502,48.7600,50.3500,47.8000,47.9700,49.3200,30648429,1492903279.7500,1,0,8.486275
2024-01-03,sz.300502,47.5000,47.7400,45.4500,46.5200,47.9700,39925614,1855731100.4000,1,0,8.486275
2024-01-04,sz.300502,46.6900,47.9300,45.8800,47.5800,46.5200,36782357,1731971686.7900,1,0,8.486275
2024-01-05,sz.300502,47.2900,47.2900,44.4400,44.7200,47.5800,38278473,1737404332.4500,1,0,8.486275
2024-01-08,sz.300502,44.6100,45.6100,43.5500,43.9600,44.7200,28252968,1258404601.9800,1,0,8.486275
2024-01-09,sz.300502,45.2500,46.2900,44.8000,45.3300,43.9600,39483207,1797972288.6100,1,0,8.486275
2024-01-10,sz.300502,45.0000,45.7000,43.8100,44.3900,45.3300,27496779,1231504428.3400,1,0,8.486275
2024-01-11,sz.300502,44.1100,46.5600,44.1000,45.9100,44.3900,35535140,1624395673.2000,1,0,8.486275
2024-01-12,sz.300502,45.9200,45.9400,43.6200,44.2100,45.9100,30612916,1363070648.1800,1,0,8.486275
2024-01-15,sz.300502,43.6400,47.5500,43.6100,46.8500,44.2100,56014429,2581911630.0200,1,0,8.486275
2024-01-16,sz.300502,46.4300,47.8000,45.8000,47.7900,46.8500,34256026,1596989047.7800,1,0,8.486275
2024-01-17,sz.300502,48.1000,49.9900,47.8600,48.2700,47.7900,49750804,2427063635.0700,1,0,8.486275
2024-01-18,sz.300502,47.8400,52.7700,46.8000,52.5400,48.2700,69556277,3513847861.4600,1,0,8.486275
2024-01-19,sz.300502,52.0900,52.7700,50.9700,51.0400,52.5400,46194611,2399747962.0700,1,0,8.486275
2024-01-22,sz.300502,53.0000,54.5000,51.9300,52.5100,51.0400,68893147,3659802199.7300,1,0,8.486275
2024-01-23,sz.300502,52.1100,55.6300,52.0000,54.7900,52.5100,60203585,3271880620.6800,1,0,8.486275
2024-01-24,sz.300502,54.4500,54.7000,50.5000,53.5600,54.7900,61984735,3276159486.7700,1,0,8.486275
2024-01-25,sz.300502,52.2000,55.4900,51.5900,54.6000,53.5600,61852807,3303650378.6900,1,0,8.486275
2024-01-26,sz.300502,53.1100,54.0900,51.3000,52.0000,54.6000,41924316,2210015246.7700,1,0,8.486275
2024-01-29,sz.300502,51.1800,51.1800,43.0000,44.7000,52.0000,59996976,2761796324.1900,1,0,8.486275
2024-01-30,sz.300502,44.1900,46.1800,42.2400,42.9900,44.7000,44558234,1955728966.4700,1,0,8.486275
2024-01-31,sz.300502,41.9800,44.8700,41.5200,42.4000,42.9900,44891205,1938135459.6200,1,0,8.486275
2024-02-01,sz.300502,41.8000,47.4000,41.2200,45.4700,42.4000,59958830,2702797778.8600,1,0,8.486275
2024-02-02,sz.300502,45.4500,47.6000,44.3700,45.5000,45.4700,48733839,2238735904.5900,1,0,8.486275
2024-02-05,sz.300502,45.0000,48.4900,43.7400,46.3200,45.5000,56998259,2629404523.9400,1,0,8.486275
2024-02-06,sz.300502,44.4000,52.3800,44.2100,51.8000,46.3200,59951181,2948024278.9000,1,0,8.486275
2024-02-07,sz.300502,51.2900,53.0500,50.9000,52.7000,51.8000,46911796,2450721653.4800,1,0,8.486275
2024-02-08,sz.300502,54.2000,58.5700,53.6600,54.9000,52.7000,57582496,3214694384.9600,1,0,8.486275
2024-02-19,sz.300502,58.9500,65.8800,57.2200,65.8800,54.9000,78937991,4847893222.0700,1,0,8.486275
2024-02-20,sz.300502,63.0000,65.8000,62.0000,63.0000,65.8800,63236149,4020676278.5000,1,0,8.486275
2024-02-21,sz.300502,60.9900,61.5700,59.2700,59.5200,63.0000,54991809,3311118313.9000,1,0,8.486275
2024-02-22,sz.300502,62.0000,62.2900,57.8400,60.0600,59.5200,56802954,3404049322.2400,1,0,8.486275
2024-02-23,sz.300502,61.5000,62.7800,59.3000,59.9600,60.0600,56130868,3413748110.8700,1,0,8.486275
2024-02-26,sz.300502,58.1100,62.6800,58.0700,60.7200,59.9600,46983858,2854160385.1300,1,0,8.486275
2024-02-27,sz.300502,59.6700,65.0000,59.1200,63.7300,60.7200,63561737,3985691394.5500,1,0,8.486275
2024-02-28,sz.300502,62.6100,63.5900,57.9500,57.9500,63.7300,57189075,3496468187.0300,1,0,8.486275
2024-02-29,sz.300502,58.3100,61.0200,58.2500,60.0500,57.9500,41371482,2477256013.8400,1,0,8.486275
2024-03-01,sz.300502,60.3000,66.0600,60.2800,64.8000,60.0500,72129805,4620107212.8300,1,0,8.486275
2024-03-04,sz.300502,66.1000,71.3800,64.1200,69.4500,64.8000,64183673,4351363174.5500,1,0,8.486275
2024-03-05,sz.300502,68.2900,73.9600,67.8600,68.6800,69.4500,69032128,4859916692.7500,1,0,8.486275
2024-03-06,sz.300502,68.8800,69.6900,66.7000,67.9000,68.6800,39358048,2679702171.9600,1,0,8.486275
2024-03-07,sz.300502,68.9000,69.6200,65.3800,65.4300,67.9000,42392786,2861107278.3500,1,0,8.486275
2024-03-08,sz.300502,66.8000,69.3100,65.0700,68.8100,65.4300,49619610,3334599266.4400,1,0,8.486275
2024-03-11,sz.300502,65.3700,68.5800,64.7600,67.9000,68.8100,46968790,3112895386.0200,1,0,8.486275
2024-03-12,sz.300502,67.0000,70.1900,65.4100,67.1500,67.9000,45578589,3075592231.3300,1,0,8.486275
2024-03-13,sz.300502,69.2000,69.5500,66.1200,66.5300,67.1500,42656407,2887298557.6500,1,0,8.486275
2024-03-14,sz.300502,64.8400,69.0800,64.8000,67.8000,66.5300,42317461,2855189225.7000,1,0,8.486275
2024-03-15,sz.300502,66.7000,78.2500,65.5100,76.9800,67.8000,86247455,6186280158.3900,1,0,8.486275
2024-03-18,sz.300502,77.0000,82.1800,76.3200,79.4000,76.9800,74865623,5967731271.5000,1,0,8.486275
2024-03-19,sz.300502,77.3000,78.4800,75.4300,77.0600,79.4000,47949357,3694312937.9100,1,0,8.486275
2024-03-20,sz.300502,76.9800,78.5800,73.3700,74.9300,77.0600,45320223,3433088077.6300,1,0,8.486275
2024-03-21,sz.300502,75.0000,78.4900,74.2600,75.2200,74.9300,42320289,3215901931.6900,1,0,8.486275
2024-03-22,sz.300502,74.6500,79.9900,74.6500,79.7000,75.2200,61302739,4749327203.0500,1,0,8.486275
2024-03-25,sz.300502,78.0000,79.7000,75.6400,75.8500,79.7000,44067169,3421011714.1600,1,0,8.486275
2024-03-26,sz.300502,75.0000,78.8000,66.0000,70.4700,75.8500,77210584,5682328245.6800,1,0,8.486275
2024-03-27,sz.300502,71.0000,72.0000,66.5400,67.0100,70.4700,51006627,3479354980.7000,1,0,8.486275
2024-03-28,sz.300502,67.8000,70.0000,66.0300,67.9700,67.0100,51349638,3491166619.6500,1,0,8.486275
2024-03-29,sz.300502,67.0400,68.2000,65.6000,67.0000,67.9700,31664312,2116003423.9400,1,0,8.486275
2024-04-01,sz.300502,67.3200,71.2000,66.5000,70.9300,67.0000,40659370,2823662452.2600,1,0,8.486275
2024-04-02,sz.300502,70.1000,73.4500,69.7100,71.3500,70.9300,41333696,2960056110.8600,1,0,8.486275
2024-04-03,sz.300502,70.0100,70.0900,67.1500,67.7700,71.3500,27640665,1892739884.3500,1,0,8.486275
2024-04-08,sz.300502,66.6000,71.1800,66.6000,69.0900,67.7700,34378702,2398860681.1500,1,0,8.486275
2024-04-09,sz.300502,69.0000,69.9800,66.6900,67.5100,69.0900,23976447,1621621725.2300,1,0,8.486275
2024-04-10,sz.300502,66.7200,67.3000,64.3000,65.4700,67.5100,24010088,1573107178.0500,1,0,8.486275
2024-04-11,sz.300502,66.0100,67.5500,65.8000,66.0900,65.4700,24825975,1657227412.6000,1,0,8.486275
2024-04-12,sz.300502,67.4600,72.3100,67.4500,69.5000,66.0900,45746899,3181539869.7300,1,0,8.486275
2024-04-15,sz.300502,68.9000,72.6100,68.8900,70.8300,69.5000,34329654,2439898508.9900,1,0,8.486275
2024-04-16,sz.300502,69.5000,71.9900,67.4000,68.2500,70.8300,32046785,2222778883.9500,1,0,8.486275
2024-04-17,sz.300502,69.5000,72.0100,68.2700,71.4500,68.2500,30875974,2182782422.3800,1,0,8.486275
2024-04-18,sz.300502,69.7700,72.2100,68.5100,70.5000,71.4500,27429144,1923571276.4500,1,0,8.486275
2024-04-19,sz.300502,69.7600,71.6200,67.0000,68.8000,70.5000,29035242,2003599664.7000,1,0,8.486275
2024-04-22,sz.300502,62.0000,65.8000,59.5000,65.1500,68.8000,43242542,2717210900.9000,1,0,8.486275
2024-04-23,sz.300502,68.0200,70.4900,67.8300,69.0400,65.1500,44068303,3044056297.0600,1,0,8.486275
2024-04-24,sz.300502,70.0800,79.9600,70.0800,79.3800,69.0400,68268357,5181044119.1100,1,0,8.486275
2024-04-25,sz.300502,78.9000,80.3300,78.3000,79.1600,79.3800,31722722,2512844384.2600,1,0,8.486275
2024-04-26,sz.300502,82.8800,86.2000,82.2100,83.8000,79.1600,54453978,4599626568.9100,1,0,8.486275
2024-04-29,sz.300502,85.0000,88.2500,84.9900,87.3000,83.8000,39880460,3456037340.7300,1,0,8.486275
2024-04-30,sz.300502,86.1000,88.3000,86.1000,86.5000,87.3000,24575230,2141384498.4600,1,0,8.486275
2024-05-06,sz.300502,88.5000,88.7400,84.2800,85.8700,86.5000,25946193,2238141617.1100,1,0,8.486275
2024-05-07,sz.300502,87.4500,89.3800,82.4900,83.3000,85.8700,45454137,3870492729.3300,1,0,8.486275
2024-05-08,sz.300502,83.3000,85.0300,82.5500,83.6300,83.3000,25254024,2119362623.2800,1,0,8.486275
2024-05-09,sz.300502,82.8000,84.8400,81.6000,84.1900,83.6300,24335923,2027532985.6700,1,0,8.486275
2024-05-10,sz.300502,83.0000,84.4700,81.2000,83.8300,84.1900,24409276,2020809616.9700,1,0,8.486275
2024-05-13,sz.300502,85.4300,86.0000,82.6700,83.4800,83.8300,27296097,2305949952.2200,1,0,8.486275
2024-05-14,sz.300502,83.9800,84.3900,78.7000,80.1500,83.4800,37898290,3054259010.6300,1,0,8.486275
2024-05-15,sz.300502,80.1000,83.0000,79.9300,80.7700,80.1500,20324595,1658164550.0100,1,0,8.486275
2024-05-16,sz.300502,83.9700,85.3300,82.3900,82.7300,80.7700,34287060,2876400453.7600,1,0,8.486275
2024-05-17,sz.300502,80.8000,85.8600,80.5100,85.0000,82.7300,28825848,2407770995.4100,1,0,8.486275
2024-05-20,sz.300502,83.0800,90.6500,82.8200,90.1200,85.0000,38840980,3415738040.2600,1,0,8.486275
2024-05-21,sz.300502,89.9800,91.3500,89.0000,89.8400,90.1200,22934811,2061806491.4100,1,0,8.486275
2024-05-22,sz.300502,89.2000,89.9800,87.1100,88.6500,89.8400,21427244,1890105903.6000,1,0,8.486275
2024-05-23,sz.300502,91.0000,91.6600,84.5400,87.0000,88.6500,33839745,2954224332.1300,1,0,8.486275
2024-05-24,sz.300502,87.6400,93.1600,84.8000,85.3000,87.0000,45010558,3998607950.4500,1,0,8.486275
2024-05-27,sz.300502,87.8900,90.8000,87.1100,88.8300,85.3000,32446168,2879189622.9900,1,0,8.486275
2024-05-28,sz.300502,88.0100,91.8800,87.0000,88.4600,88.8300,32599993,2907695557.5700,1,0,8.486275
2024-05-29,sz.300502,90.5900,91.0000,87.1000,87.8600,88.4600,23238675,2061956249.1400,1,0,8.486275
2024-05-30,sz.300502,87.0100,88.2800,85.2000,86.6000,87.8600,19425253,1687360521.6400,1,0,8.486275
2024-05-31,sz.300502,85.0100,89.4500,83.6600,86.7300,86.6000,21592797,1877662633.6600,1,0,8.486275
2024-06-03,sz.300502,88.0000,96.9900,87.9000,95.3500,86.7300,44802932,4173759576.8400,1,0,8.486275
2024-06-04,sz.300502,95.0000,96.5100,94.1100,96.0800,95.3500,24003091,2290245265.5700,1,0,8.486275
2024-06-05,sz.300502,96.0200,96.4900,93.0400,93.3200,96.0800,17332819,1632366116.8400,1,0,8.486275
2024-06-06,sz.300502,96.5000,97.9200,93.5000,93.7800,93.3200,30703370,2940701131.1100,1,0,8.486275
2024-06-07,sz.300502,92.9700,93.7600,89.6000,91.1200,93.7800,23363765,2133122329.9300,1,0,8.486275
2024-06-11,sz.300502,90.9400,92.7700,90.1700,91.7400,91.1200,16590902,1518755404.3500,1,0,8.486275
2024-06-12,sz.300502,91.0000,92.6000,90.3900,91.7500,91.7400,15131452,1387355353.5500,1,0,8.486275
2024-06-13,sz.300502,93.6000,97.7300,92.3500,95.6800,91.7500,27738166,2642439738.5800,1,0,8.486275
2024-06-14,sz.300502,95.4900,113.3300,95.2000,108.5000,95.6800,56262873,5886386820.6800,1,0,8.486275
2024-06-17,sz.300502,111.6400,113.2200,109.3500,110.4900,108.5000,37337838,4149166467.3000,1,0,8.486275
2024-06-18,sz.300502,110.5000,119.6600,110.5000,115.2000,110.4900,38114714,4430137559.0700,1,0,8.486275
2024-06-19,sz.300502,117.0600,118.2000,113.6800,114.9300,115.2000,23050322,2663231071.9500,1,0,8.486275
2024-06-20,sz.300502,115.8300,117.1300,113.0400,113.1000,114.9300,21455264,2459964896.0200,1,0,8.486275
2024-06-21,sz.300502,109.9800,114.9900,109.8000,112.7700,113.1000,22598799,2540997903.4500,1,0,8.486275
2024-06-24,sz.300502,111.7200,114.5800,110.2000,111.1000,112.7700,18195743,2039502332.6600,1,0,8.486275
2024-06-25,sz.300502,107.0000,109.4100,104.6300,105.7800,111.1000,28626524,3045241934.1100,1,0,8.486275
2024-06-26,sz.300502,108.0800,110.4600,107.6000,108.6100,105.7800,27442826,2985041412.7700,1,0,8.486275
2024-06-27,sz.300502,106.5400,107.9800,104.1000,105.0400,108.6100,18740794,1983514912.2900,1,0,8.486275
2024-06-28,sz.300502,104.6900,107.8600,104.3100,105.5500,105.0400,19237563,2045422130.1100,1,0,8.486275
2024-07-01,sz.300502,104.6000,111.6800,104.6000,110.3300,105.5500,29510204,3190538227.1700,1,0,8.486275
2024-07-02,sz.300502,110.3600,115.0000,108.1800,112.9500,110.3300,31901166,3572044340.0900,1,0,8.486275
2024-07-03,sz.300502,111.0100,112.7200,108.5700,109.9900,112.9500,18968905,2091086253.1000,1,0,8.486275
2024-07-04,sz.300502,112.9900,116.5900,111.8000,112.3300,109.9900,27927359,3181414797.4100,1,0,8.486275
2024-07-05,sz.300502,112.9000,114.4600,108.5900,112.9800,112.1800,21323884,2378498648.9500,1,0,8.497622
2024-07-08,sz.300502,112.0100,115.2800,111.7600,113.4500,112.9800,19424430,2208355336.6800,1,0,8.497622
2024-07-09,sz.300502,112.6700,120.1000,111.6700,118.5600,113.4500,28571518,3327035782.9100,1,0,8.497622
2024-07-10,sz.300502,118.2700,120.4500,116.6600,119.4000,118.5600,20339674,2416915833.1200,1,0,8.497622
2024-07-11,sz.300502,121.7700,121.7700,112.7800,116.2900,119.4000,30582055,3547445084.7900,1,0,8.497622
2024-07-12,sz.300502,111.5000,114.6700,110.0500,113.3500,116.2900,20848031,2353896986.0800,1,0,8.497622
2024-07-15,sz.300502,111.8000,113.5000,109.6800,112.4200,113.3500,15642735,1747398572.1100,1,0,8.497622
2024-07-16,sz.300502,117.0000,117.6000,110.1600,113.9900,112.4200,28691116,3265613008.9700,1,0,8.497622
2024-07-17,sz.300502,113.0000,115.5000,109.3500,110.5500,113.9900,20586652,2300569840.0500,1,0,8.497622
2024-07-18,sz.300502,108.0000,109.3300,102.1200,108.8200,110.5500,34944083,3693910360.9600,1,0,8.497622
2024-07-19,sz.300502,107.8800,108.8700,105.0000,105.3600,108.8200,19781690,2104039678.7600,1,0,8.497622
2024-07-22,sz.300502,105.9200,106.9800,103.8600,105.1100,105.3600,14824521,1562777818.3300,1,0,8.497622
2024-07-23,sz.300502,107.2700,107.8800,102.1200,102.1900,105.1100,16476944,1721389674.3200,1,0,8.497622
2024-07-24,sz.300502,101.5000,106.0100,100.5600,101.0600,102.1900,19456617,2001985296.3200,1,0,8.497622
2024-07-25,sz.300502,99.0500,99.1000,91.9100,93.6900,101.0600,35545665,3383436310.3200,1,0,8.497622
2024-07-26,sz.300502,93.6900,96.8000,92.5100,95.3700,93.6900,20878196,1982159226.5100,1,0,8.497622
2024-07-29,sz.300502,95.3000,101.3300,94.1000,99.6600,95.3700,27150258,2682447764.4900,1,0,8.497622
2024-07-30,sz.300502,98.0100,99.0600,96.1200,97.6900,99.6600,15714471,1532679615.4400,1,0,8.497622
2024-07-31,sz.300502,96.9000,100.0000,94.5000,99.7700,97.6900,30782108,3020948750.4900,1,0,8.497622
2024-08-01,sz.300502,104.8000,106.7000,101.4500,101.7600,99.7700,27947520,2892174584.6100,1,0,8.497622
2024-08-02,sz.300502,96.9500,97.3000,92.3400,92.4100,101.7600,42753610,4027894335.1800,1,0,8.497622
2024-08-05,sz.300502,86.8600,91.0900,85.2900,85.5000,92.4100,42171234,3699134464.9300,1,0,8.497622
2024-08-06,sz.300502,89.9000,92.2000,88.9700,90.4900,85.5000,28564386,2580476505.5200,1,0,8.497622
2024-08-07,sz.300502,90.0000,93.5900,88.8100,91.6700,90.4900,26405934,2422158870.1100,1,0,8.497622
2024-08-08,sz.300502,90.6200,91.9500,89.0000,90.8000,91.6700,18190964,1646655986.0000,1,0,8.497622
2024-08-09,sz.300502,93.5100,95.9900,92.5000,93.8800,90.8000,27909337,2631654521.6700,1,0,8.497622
2024-08-12,sz.300502,93.1000,97.6900,93.1000,95.4300,93.8800,19597077,1869464758.8100,1,0,8.497622
2024-08-13,sz.300502,96.3700,99.3400,94.6500,95.9800,95.4300,20814461,2015226868.7700,1,0,8.497622
2024-08-14,sz.300502,98.0000,98.6700,95.0000,95.0000,95.9800,16275428,1573965066.0100,1,0,8.497622
2024-08-15,sz.300502,94.7000,96.2000,93.9800,94.6000,95.0000,12955317,1229724060.2800,1,0,8.497622
2024-08-16,sz.300502,97.4400,100.7800,97.0000,98.2000,94.6000,25327027,2506923871.3600,1,0,8.497622
2024-08-19,sz.300502,98.2600,101.7000,97.1100,99.6000,98.2000,18398436,1837880722.1800,1,0,8.497622
2024-08-20,sz.300502,101.6400,102.5300,99.3500,99.8900,99.6000,17226519,1736130026.0900,1,0,8.497622
2024-08-21,sz.300502,98.0000,101.9200,97.5600,100.4100,99.8900,15135485,1515712417.2300,1,0,8.497622
2024-08-22,sz.300502,100.8600,101.6600,98.6500,100.4500,100.4100,12028160,1206547577.6800,1,0,8.497622
2024-08-23,sz.300502,99.5600,100.2100,98.1000,98.9900,100.4500,12225443,1210358301.5100,1,0,8.497622
2024-08-26,sz.300502,100.5000,100.9000,95.5900,97.3500,98.9900,17459187,1708163963.7100,1,0,8.497622
2024-08-27,sz.300502,96.3100,99.6100,95.0000,97.5700,97.3500,14817152,1440557844.2600,1,0,8.497622
2024-08-28,sz.300502,97.0100,101.0000,95.7700,97.8300,97.5700,16080537,1576046065.3900,1,0,8.497622
2024-08-29,sz.300502,91.8800,92.9700,87.5200,91.5900,97.8300,30288412,2735908746.9400,1,0,8.497622
2024-08-30,sz.300502,91.8100,95.9000,91.1100,93.7900,91.5900,30804791,2890141537.7400,1,0,8.497622
2024-09-02,sz.300502,93.9600,94.6500,88.2500,88.4900,93.7900,26303390,2364375303.6100,1,0,8.497622
2024-09-03,sz.300502,88.5000,89.6800,87.1800,88.4100,88.4900,15217503,1344891076.1300,1,0,8.497622
2024-09-04,sz.300502,83.4000,89.8700,82.2800,88.2000,88.4100,26058186,2244113651.4600,1,0,8.497622
2024-09-05,sz.300502,87.8500,92.7000,87.1200,90.2700,88.2000,22213407,2009918357.1600,1,0,8.497622
2024-09-06,sz.300502,89.9000,90.8500,87.9500,88.6100,90.2700,13072932,1164787839.0200,1,0,8.497622
2024-09-09,sz.300502,87.0600,91.2700,87.0200,91.0900,88.6100,17718396,1585200297.0900,1,0,8.497622
2024-09-10,sz.300502,90.5100,95.0000,90.0700,92.6100,91.0900,26755557,2478915773.5200,1,0,8.497622
2024-09-11,sz.300502,93.4000,95.9700,92.9000,93.6200,92.6100,20512659,1929736546.7400,1,0,8.497622
2024-09-12,sz.300502,97.0300,98.3200,95.2100,95.2200,93.6200,22576767,2178991163.6500,1,0,8.497622
2024-09-13,sz.300502,95.4100,104.9000,95.3000,100.3300,95.2200,38327074,3876553132.7700,1,0,8.497622
2024-09-18,sz.300502,99.4000,101.8900,99.0000,99.5700,100.3300,17544159,1755831676.0400,1,0,8.497622
2024-09-19,sz.300502,99.4000,99.5600,95.0900,97.8600,99.5700,23357989,2265170790.1400,1,0,8.497622
2024-09-20,sz.300502,98.6900,98.8600,95.3000,95.7600,97.8600,16825217,1623591706.9100,1,0,8.497622
2024-09-23,sz.300502,94.9600,97.9800,94.6000,95.2500,95.7600,13134127,1265892219.8700,1,0,8.497622
2024-09-24,sz.300502,95.3300,106.0000,95.3300,105.3000,95.2500,32068696,3232939745.7400,1,0,8.497622
2024-09-25,sz.300502,107.9100,108.5000,103.9500,104.6500,105.3000,24847071,2646481520.1100,1,0,8.497622
2024-09-26,sz.300502,105.1400,110.1000,104.6800,109.9700,104.6500,22986176,2463438530.6300,1,0,8.497622
2024-09-27,sz.300502,107.5600,116.5800,105.2300,112.3600,109.9700,43903768,4844291352.5500,1,0,8.497622
2024-09-30,sz.300502,113.0000,130.0000,112.0000,129.9700,112.3600,54989682,6646432591.7500,1,0,8.497622
2024-10-08,sz.300502,140.0000,155.9600,138.8000,155.9600,129.9700,61422269,9193339467.5500,1,0,8.497622
2024-10-09,sz.300502,149.0000,160.2000,142.0000,148.5000,155.9600,61065931,9148597719.3300,1,0,8.497622
2024-10-10,sz.300502,147.5300,151.8800,135.5500,143.3100,148.5000,41939847,6027814437.5500,1,0,8.497622
2024-10-11,sz.300502,140.0100,153.0000,139.8100,143.9800,143.3100,33577445,4862894586.1400,1,0,8.497622
2024-10-14,sz.300502,142.0000,149.2500,135.5900,148.5300,143.9800,42355900,6006412358.1800,1,0,8.497622
2024-10-15,sz.300502,146.6100,149.9000,141.8900,141.8900,148.5300,34769507,5046394700.0800,1,0,8.497622
2024-10-16,sz.300502,136.0000,139.3000,131.8000,133.4500,141.8900,36576707,4942976413.9100,1,0,8.497622
2024-10-17,sz.300502,135.0000,136.6800,133.1700,134.3600,133.4500,25420104,3425990254.2700,1,0,8.497622
2024-10-18,sz.300502,134.0000,153.9700,133.5100,146.9500,134.3600,53841939,7752891016.4100,1,0,8.497622
2024-10-21,sz.300502,147.8800,148.5200,136.8000,141.4500,146.9500,51219448,7304546432.5000,1,0,8.497622
2024-10-22,sz.300502,144.0000,145.1200,138.1900,141.7500,141.4500,36862654,5219718153.8900,1,0,8.497622
2024-10-23,sz.300502,134.2000,140.3300,130.8500,135.3200,141.7500,37069525,5050022777.4400,1,0,8.497622
2024-10-24,sz.300502,134.0500,142.8800,133.6600,139.5200,135.3200,37532418,5206394766.7300,1,0,8.497622
2024-10-25,sz.300502,146.8000,147.9800,140.0100,142.6500,139.5200,43866634,6308891503.9400,1,0,8.497622
2024-10-28,sz.300502,140.0000,143.2100,134.8000,136.0600,142.6500,41480206,5684191979.8000,1,0,8.497622
2024-10-29,sz.300502,134.0000,134.9800,128.8600,130.5000,136.0600,40075754,5279708618.1600,1,0,8.497622
2024-10-30,sz.300502,132.0000,133.9900,127.9700,130.0000,130.5000,30589510,3998334611.9000,1,0,8.497622
2024-10-31,sz.300502,127.0000,134.3500,126.0800,130.1700,130.0000,32954731,4303890711.2000,1,0,8.497622
2024-11-01,sz.300502,127.9000,133.8900,127.0000,129.3600,130.1700,29794386,3903493369.2400,1,0,8.497622
2024-11-04,sz.300502,129.0000,135.4900,129.0000,131.7700,129.3600,24565290,3246960188.4400,1,0,8.497622
2024-11-05,sz.300502,130.7000,135.5800,129.2000,133.4600,131.7700,36752419,4882081318.5500,1,0,8.497622
2024-11-06,sz.300502,134.0000,134.1600,126.0900,127.4900,133.4600,42472992,5517956086.6800,1,0,8.497622
2024-11-07,sz.300502,124.9500,134.0000,123.7400,131.9000,127.4900,36197473,4684208524.7400,1,0,8.497622
2024-11-08,sz.300502,134.1000,141.5200,129.7600,129.9200,131.9000,49845397,6774340256.3900,1,0,8.497622
2024-11-11,sz.300502,128.2200,135.2000,126.4900,132.8700,129.9200,39368941,5170663576.1700,1,0,8.497622
2024-11-12,sz.300502,133.0000,136.8800,130.5100,132.7000,132.8700,37580504,5018217515.4900,1,0,8.497622
2024-11-13,sz.300502,133.2500,145.5500,131.3000,141.9800,132.7000,62294295,8668383383.2600,1,0,8.497622
2024-11-14,sz.300502,139.6700,141.0900,135.4800,136.1000,141.9800,35427340,4873623714.3200,1,0,8.497622
2024-11-15,sz.300502,135.5100,139.7700,127.1800,127.7200,136.1000,37069143,4924955929.0100,1,0,8.497622
2024-11-18,sz.300502,125.7200,127.8400,119.2000,121.0000,127.7200,33792464,4168142405.6700,1,0,8.497622
2024-11-19,sz.300502,122.4400,128.5900,121.1100,125.0000,121.0000,29520799,3661322280.0500,1,0,8.497622
2024-11-20,sz.300502,125.0000,129.5500,124.2500,126.4700,125.0000,26454910,3361144601.6600,1,0,8.497622
2024-11-21,sz.300502,123.9000,127.6800,121.8100,123.6500,126.4700,29990455,3725171045.5300,1,0,8.497622
2024-11-22,sz.300502,122.7900,125.5000,118.0000,118.0000,123.6500,29321533,3550327835.2800,1,0,8.497622
2024-11-25,sz.300502,118.0000,118.6600,111.3300,113.3800,118.0000,30294286,3448490455.6100,1,0,8.497622
2024-11-26,sz.300502,113.0000,117.6500,112.0000,115.4600,113.3800,24916292,2876187998.3600,1,0,8.497622
2024-11-27,sz.300502,114.8000,116.3900,112.6800,116.2600,115.4600,24978692,2867182889.2900,1,0,8.497622
2024-11-28,sz.300502,115.9900,115.9900,111.4800,111.8800,116.2600,28496566,3208440159.7900,1,0,8.497622
2024-11-29,sz.300502,112.0000,117.5000,112.0000,114.9500,111.8800,29771380,3430568927.7600,1,0,8.497622
2024-12-02,sz.300502,116.7200,121.9600,115.0400,120.7100,114.9500,35023911,4179682910.9600,1,0,8.497622
2024-12-03,sz.300502,120.0800,121.2100,116.6000,118.5300,120.7100,21310278,2527351638.3400,1,0,8.497622
2024-12-04,sz.300502,117.4400,119.2900,116.3000,117.3300,118.5300,16616810,1951991623.8000,1,0,8.497622
2024-12-05,sz.300502,119.0000,123.8700,118.9400,121.0800,117.3300,32474532,3968026990.0900,1,0,8.497622
2024-12-06,sz.300502,120.5000,123.9500,120.5000,120.9000,121.0800,20557889,2502189487.0500,1,0,8.497622
2024-12-09,sz.300502,120.9000,120.9000,115.0100,116.0000,120.9000,25647086,2994076932.0700,1,0,8.497622
2024-12-10,sz.300502,119.5700,120.3800,114.6800,116.8500,116.0000,30262504,3532931040.8900,1,0,8.497622
2024-12-11,sz.300502,115.9900,126.4500,114.0000,123.9100,116.8500,44009804,5335414328.1300,1,0,8.497622
2024-12-12,sz.300502,124.0000,132.0000,124.0000,129.9700,123.9100,41114317,5317612040.1400,1,0,8.497622
2024-12-13,sz.300502,131.9300,134.3500,127.5000,129.2400,129.9700,61489196,8025558243.7300,1,0,8.497622
2024-12-16,sz.300502,133.1000,134.8000,124.7600,132.1800,129.2400,46523903,6094741029.6700,1,0,8.497622
2024-12-17,sz.300502,130.1000,141.1600,130.1000,133.7000,132.1800,39211934,5332388050.5500,1,0,8.497622
2024-12-18,sz.300502,133.0000,133.8000,125.9900,128.5300,133.7000,27671217,3550116581.3200,1,0,8.497622
2024-12-19,sz.300502,126.9400,130.2700,125.5900,127.7500,128.5300,23008494,2940650947.9000,1,0,8.497622
2024-12-20,sz.300502,127.1100,132.8000,126.6400,128.6500,127.7500,24937363,3240182979.5600,1,0,8.497622
2024-12-23,sz.300502,123.1500,128.3000,123.1500,124.6500,128.6500,40187768,5032598099.0200,1,0,8.497622
2024-12-24,sz.300502,125.5000,125.7600,118.1200,122.0000,124.6500,31445590,3796133472.7700,1,0,8.497622
2024-12-25,sz.300502,121.9200,126.7600,121.0800,122.0000,122.0000,22108387,2739503163.2800,1,0,8.497622
2024-12-26,sz.300502,122.0000,130.8000,120.0100,128.9300,122.0000,34632180,4375199567.1000,1,0,8.497622
2024-12-27,sz.300502,129.9000,132.4900,126.6100,129.4200,128.9300,24747953,3213064113.6100,1,0,8.497622
2024-12-30,sz.300502,129.0000,129.5800,120.2000,120.4400,129.4200,34086561,4186265858.3600,1,0,8.497622
2024-12-31,sz.300502,120.0000,120.2600,115.5800,115.5800,120.4400,24357767,2851403235.5500,1,0,8.497622
2025-01-02,sz.300502,115.0100,118.4300,112.5000,113.4700,115.5800,20789909,2397863951.8000,1,0,8.497622
2025-01-03,sz.300502,113.8000,119.9200,112.9000,116.0000,113.4700,28492390,3328880783.0200,1,0,8.497622
2025-01-06,sz.300502,117.7500,120.9800,115.0000,117.0200,116.0000,23153484,2728519583.8000,1,0,8.497622
2025-01-07,sz.300502,118.0000,120.2700,114.4900,120.0000,117.0200,22602760,2673799386.7900,1,0,8.497622
2025-01-08,sz.300502,117.0200,117.9200,113.9600,117.0200,120.0000,18774528,2180148382.5700,1,0,8.497622
2025-01-09,sz.300502,115.9800,116.9800,113.0000,114.7400,117.0200,20423318,2343428208.4500,1,0,8.497622
2025-01-10,sz.300502,113.7100,113.7600,108.2600,108.2600,114.7400,28280870,3116533003.4300,1,0,8.497622
2025-01-13,sz.300502,108.1900,112.6400,108.1900,110.2900,108.2600,23443626,2587054406.5700,1,0,8.497622
2025-01-14,sz.300502,109.7800,113.8300,106.2000,113.6900,110.2900,28693032,3179050822.3200,1,0,8.497622
2025-01-15,sz.300502,112.5400,113.5300,109.7600,111.7000,113.6900,20087319,2235527905.1900,1,0,8.497622
2025-01-16,sz.300502,113.0000,120.0400,111.8000,118.6800,111.7000,42930032,4988247337.7900,1,0,8.497622
2025-01-17,sz.300502,117.4800,121.0400,117.0100,119.4300,118.6800,27000476,3213532119.2100,1,0,8.497622
2025-01-20,sz.300502,120.9400,129.2900,120.9400,127.6500,119.4300,32981075,4167851294.4800,1,0,8.497622
2025-01-21,sz.300502,136.0000,136.0000,131.0000,133.2000,127.6500,36418464,4847355344.9500,1,0,8.497622
2025-01-22,sz.300502,138.1800,144.0800,137.0100,141.5000,133.2000,45064349,6352570543.7100,1,0,8.497622
2025-01-23,sz.300502,141.5000,143.6800,135.6000,136.7000,141.5000,32827056,4567973530.1400,1,0,8.497622
2025-01-24,sz.300502,136.7100,137.4300,134.0500,134.4900,136.7000,23664151,3202941603.0700,1,0,8.497622
2025-01-27,sz.300502,127.7700,129.3900,125.0100,125.7700,134.4900,23485910,2981067428.7300,1,0,8.497622
2025-02-05,sz.300502,118.0000,118.0000,102.1800,102.5100,125.7700,53391500,5631894149.3500,1,0,8.497622
2025-02-06,sz.300502,106.0000,108.4400,104.8700,106.6500,102.5100,45227204,4831893995.4700,1,0,8.497622
2025-02-07,sz.300502,108.0000,115.5300,108.0000,113.3900,106.6500,41008025,4628548784.1100,1,0,8.497622
2025-02-10,sz.300502,115.1200,116.0400,111.8000,114.5600,113.3900,24688846,2819064192.9600,1,0,8.497622
2025-02-11,sz.300502,115.0700,117.5500,113.7700,115.5500,114.5600,20875427,2416848594.9400,1,0,8.497622
2025-02-12,sz.300502,114.1100,115.5000,112.8000,114.5000,115.5500,22440444,2554713753.9500,1,0,8.497622
2025-02-13,sz.300502,113.3600,113.8100,110.4400,110.5100,114.5000,21399539,2392891050.4600,1,0,8.497622
2025-02-14,sz.300502,111.5100,114.1400,108.0100,109.0100,110.5100,21620047,2383610941.1800,1,0,8.497622
2025-02-17,sz.300502,110.9900,124.2200,110.9000,123.3000,109.0100,46922044,5544032462.9000,1,0,8.497622
2025-02-18,sz.300502,120.8400,129.3900,120.6100,123.8000,123.3000,38382766,4754801185.6300,1,0,8.497622
2025-02-19,sz.300502,122.9500,123.7500,119.3600,121.3800,123.8000,27485209,3324590093.2200,1,0,8.497622
2025-02-20,sz.300502,120.2100,121.3000,117.0000,119.2000,121.3800,24414664,2908121791.0600,1,0,8.497622
2025-02-21,sz.300502,119.2100,124.4900,117.8200,121.0400,119.2000,37542068,4551001556.7500,1,0,8.497622
2025-02-24,sz.300502,118.9900,119.6900,113.3300,113.5000,121.0400,42723517,4907371253.1800,1,0,8.497622
2025-02-25,sz.300502,110.2000,112.6300,109.6000,110.7000,113.5000,26091134,2899767473.5700,1,0,8.497622
2025-02-26,sz.300502,110.7500,113.2400,108.6900,113.0000,110.7000,28102835,3115064775.4900,1,0,8.497622
2025-02-27,sz.300502,113.0000,114.3100,105.0000,106.3700,113.0000,44482319,4834367008.0600,1,0,8.497622
2025-02-28,sz.300502,101.0600,101.1700,94.7600,96.0400,106.3700,62377343,6113712433.8800,1,0,8.497622
2025-03-03,sz.300502,96.0900,96.5000,90.2800,91.8000,96.0400,50552284,4647921786.4100,1,0,8.497622
2025-03-04,sz.300502,87.5000,93.5100,87.4000,93.1500,91.8000,40045732,3614490618.9800,1,0,8.497622
2025-03-05,sz.300502,93.2000,95.5500,93.2000,94.2900,93.1500,30677043,2898821330.2200,1,0,8.497622
2025-03-06,sz.300502,94.9900,96.5800,92.7000,95.3400,94.2900,39838270,3768289237.2300,1,0,8.497622
2025-03-07,sz.300502,93.6800,94.6000,91.9600,92.8700,95.3400,33393775,3110223438.1200,1,0,8.497622
2025-03-10,sz.300502,93.0700,94.8100,92.0000,94.4000,92.8700,26229625,2457456922.5600,1,0,8.497622
2025-03-11,sz.300502,92.0100,94.3000,91.7900,94.3000,94.4000,20628185,1919099993.7800,1,0,8.497622
2025-03-12,sz.300502,95.2200,95.5300,93.3900,93.8600,94.3000,25990204,2458293850.6200,1,0,8.497622
2025-03-13,sz.300502,95.2600,96.5000,92.1800,92.5300,93.8600,29462810,2774234447.8000,1,0,8.497622
2025-03-14,sz.300502,92.9000,95.1800,90.1100,93.8300,92.5300,42132874,3932965258.6500,1,0,8.497622
2025-03-17,sz.300502,94.0200,96.6800,94.0200,95.6600,93.8300,34337701,3275767673.1200,1,0,8.497622
2025-03-18,sz.300502,95.6600,104.6000,94.1100,103.7000,95.6600,69016861,6902913861.9500,1,0,8.497622
2025-03-19,sz.300502,100.3800,101.8800,97.5800,98.1300,103.7000,45180663,4494623096.2100,1,0,8.497622
2025-03-20,sz.300502,98.8300,99.7700,97.7000,98.4400,98.1300,22774599,2247845088.3500,1,0,8.497622
2025-03-21,sz.300502,97.8700,99.3200,94.9800,95.0700,98.4400,22932251,2215654706.3400,1,0,8.497622
2025-03-24,sz.300502,94.4800,99.9700,94.4800,99.4000,95.0700,39772655,3923862781.3800,1,0,8.497622
2025-03-25,sz.300502,101.5000,103.6000,98.8500,98.8900,99.4000,36945834,3750504987.2300,1,0,8.497622
2025-03-26,sz.300502,99.0100,101.7700,97.7300,97.7900,98.8900,23336692,2323292354.2000,1,0,8.497622
2025-03-27,sz.300502,95.0000,96.9200,93.5000,95.1900,97.7900,25618536,2433404246.9300,1,0,8.497622
2025-03-28,sz.300502,95.0000,98.0000,93.7800,95.1700,95.1900,19607504,1874909136.0100,1,0,8.497622
2025-03-31,sz.300502,94.0000,98.1200,93.9400,98.1200,95.1700,24393105,2347478935.0800,1,0,8.497622
2025-04-01,sz.300502,98.5100,98.9800,96.3100,97.1800,98.1200,17813189,1728744687.8600,1,0,8.497622
2025-04-02,sz.300502,97.6000,101.6500,97.2100,99.5300,97.1800,29975537,2991293795.1000,1,0,8.497622
2025-04-03,sz.300502,95.0000,95.9900,89.6700,92.7800,99.5300,46570455,4341704876.1200,1,0,8.497622
2025-04-07,sz.300502,79.7500,79.8800,74.2200,74.2200,92.7800,39917360,3028383433.9800,1,0,8.497622
2025-04-08,sz.300502,75.7400,76.2000,68.4300,70.3700,74.2200,61995649,4411910962.8200,1,0,8.497622
2025-04-09,sz.300502,67.8800,71.3500,65.6400,70.4100,70.3700,46094878,3187447275.8000,1,0,8.497622
2025-04-10,sz.300502,79.0000,81.3800,76.4200,76.7700,70.4100,59635918,4721724573.5300,1,0,8.497622
2025-04-11,sz.300502,75.4000,80.3400,74.6000,77.7400,76.7700,39684969,3057323301.1900,1,0,8.497622
2025-04-14,sz.300502,80.0000,82.3300,78.3700,78.9200,77.7400,40597345,3256738354.1900,1,0,8.497622
2025-04-15,sz.300502,78.2800,79.2200,76.7000,78.5600,78.9200,23998125,1863449830.1600,1,0,8.497622
2025-04-16,sz.300502,75.9400,76.0000,73.5400,75.0800,78.5600,29213219,2185694547.4800,1,0,8.497622
2025-04-17,sz.300502,75.4800,76.6800,74.2100,75.3200,75.0800,21141274,1601045127.7600,1,0,8.497622
2025-04-18,sz.300502,75.6200,77.9400,75.1800,77.8600,75.3200,29424137,2264040434.6900,1,0,8.497622
2025-04-21,sz.300502,79.6100,81.4800,78.5000,81.4200,77.8600,36380054,2923647784.0000,1,0,8.497622
2025-04-22,sz.300502,81.0000,81.8800,79.6000,81.2000,81.4200,31109075,2510831130.6700,1,0,8.497622
2025-04-23,sz.300502,86.8300,93.5000,84.8500,91.3300,81.2000,81842666,7231729894.8800,1,0,8.497622
2025-04-24,sz.300502,90.9300,92.6300,90.0000,90.3500,91.3300,41444587,3774661883.8700,1,0,8.497622
2025-04-25,sz.300502,93.0000,98.2600,92.5400,95.1600,90.3500,58314215,5579540389.5200,1,0,8.497622
2025-04-28,sz.300502,95.8800,95.9700,91.0000,91.2100,95.1600,41062404,3803702122.2200,1,0,8.497622
2025-04-29,sz.300502,91.3000,91.9100,89.3500,90.3500,91.2100,29624920,2680270255.5400,1,0,8.497622
2025-04-30,sz.300502,90.3200,90.6000,88.6500,89.7900,90.3500,25408066,2285126302.7900,1,0,8.497622
2025-05-06,sz.300502,92.9000,94.5800,92.8000,93.6300,89.7900,38707327,3631893367.4700,1,0,8.497622
2025-05-07,sz.300502,95.9800,96.6800,93.2200,94.2000,93.6300,32991155,3118432659.6700,1,0,8.497622
2025-05-08,sz.300502,96.5000,109.6000,96.5000,107.9500,94.2000,96572325,10028081835.5800,1,0,8.497622
2025-05-09,sz.300502,106.2600,110.9200,106.2000,109.2100,107.9500,56095938,6097986671.5200,1,0,8.497622
2025-05-12,sz.300502,114.0000,115.0800,109.5000,112.8400,109.2100,58771981,6581492233.7900,1,0,8.497622
2025-05-13,sz.300502,115.0000,118.8800,113.0000,115.8800,112.8400,60381567,7032391212.1900,1,0,8.497622
2025-05-14,sz.300502,118.9900,125.5500,118.0100,118.8500,115.8800,66509241,8068776101.9900,1,0,8.497622
2025-05-15,sz.300502,119.9900,120.0000,115.2000,115.8900,118.8500,47081106,5521199610.4200,1,0,8.497622
2025-05-16,sz.300502,115.8200,121.5600,114.8200,118.6000,115.8900,37802844,4500231761.4700,1,0,8.497622
2025-05-19,sz.300502,118.5000,119.5000,115.5000,115.9800,118.6000,27751376,3244744280.6300,1,0,8.497622
2025-05-20,sz.300502,116.7600,118.0800,115.4000,116.5300,115.9800,20833885,2425349739.3100,1,0,8.497622
2025-05-21,sz.300502,117.5200,118.3000,114.3100,116.7600,116.5300,21959942,2551167367.6700,1,0,8.497622
2025-05-22,sz.300502,115.5000,120.9900,114.9000,117.7200,116.7600,32063179,3799701121.3400,1,0,8.497622
2025-05-23,sz.300502,117.1000,118.5100,115.4700,115.9300,117.7200,19282435,2251734602.6400,1,0,8.497622
2025-05-26,sz.300502,117.0000,117.6000,113.4000,115.7600,115.9300,21183155,2436686304.4400,1,0,8.497622
2025-05-27,sz.300502,114.1200,115.0500,108.8800,112.1300,115.7600,36662379,4081590491.4400,1,0,8.497622
2025-05-28,sz.300502,81.0300,85.8000,81.0300,84.6200,79.7700,58052498,4831998720.4800,1,0,11.944821
2025-05-29,sz.300502,86.0000,89.8800,85.0000,87.1600,84.6200,62556630,5490731421.9600,1,0,11.944821
2025-05-30,sz.300502,85.0000,88.5700,84.5100,88.2700,87.1600,38726535,3361008094.7500,1,0,11.944821
2025-06-03,sz.300502,87.1500,88.1600,85.8400,86.3600,88.2700,30870325,2681783565.1300,1,0,11.944821
2025-06-04,sz.300502,88.5000,93.8800,88.5000,92.5500,86.3600,63843108,5832747935.9700,1,0,11.944821
2025-06-05,sz.300502,94.4000,98.4600,92.3300,96.9000,92.5500,55507036,5287842864.3500,1,0,11.944821
2025-06-06,sz.300502,95.9000,101.2600,94.9700,99.7300,96.9000,46692504,4617045338.3400,1,0,11.944821
2025-06-09,sz.300502,103.0000,103.9700,98.9800,100.8700,99.7300,58334592,5920858722.9700,1,0,11.944821
2025-06-10,sz.300502,99.2000,101.4700,98.5300,99.6000,100.8700,41723696,4170114677.8800,1,0,11.944821
2025-06-11,sz.300502,100.1500,100.7000,97.9600,98.3600,99.6000,36102646,3579663052.6800,1,0,11.944821
2025-06-12,sz.300502,97.7600,104.1400,97.1300,100.8100,98.3600,59807967,6095232394.0700,1,0,11.944821
2025-06-13,sz.300502,99.1100,102.8100,98.8800,100.0500,100.8100,32909580,3302767789.5700,1,0,11.944821
2025-06-16,sz.300502,99.6000,108.2000,99.6000,106.7000,100.0500,58445551,6177113041.8400,1,0,11.944821
2025-06-17,sz.300502,107.0000,108.6700,105.1100,107.1200,106.7000,36414888,3889874201.9300,1,0,11.944821
2025-06-18,sz.300502,106.0900,112.5600,104.5300,112.2200,107.1200,56397702,6150881946.8500,1,0,11.944821
2025-06-19,sz.300502,110.5000,114.8900,110.5000,113.0000,112.2200,44547661,5026398455.0000,1,0,11.944821
2025-06-20,sz.300502,113.9700,113.9700,108.2000,110.0100,113.0000,43076037,4748592180.1400,1,0,11.944821
2025-06-23,sz.300502,108.0700,109.9600,104.7200,107.2800,110.0100,39966670,4283934712.6500,1,0,11.944821
2025-06-24,sz.300502,108.3800,109.9700,105.9000,106.7100,107.2800,35081527,3766598264.3500,1,0,11.944821
2025-06-25,sz.300502,109.9000,110.9900,106.6800,110.4000,106.7100,51364715,5606149811.9400,1,0,11.944821
2025-06-26,sz.300502,111.9000,117.9900,111.0000,116.8000,110.4000,55644459,6426281924.0800,1,0,11.944821
2025-06-27,sz.300502,115.8000,124.6600,113.8800,123.1800,116.8000,60622536,7275450521.8900,1,0,11.944821
2025-06-30,sz.300502,124.7000,128.3900,121.3800,127.0200,123.1800,59381141,7452787402.6200,1,0,11.944821
2025-07-01,sz.300502,125.0300,128.8000,124.8900,127.2000,127.0200,28989671,3681490044.8100,1,0,11.944821
2025-07-02,sz.300502,124.9200,125.5800,121.3000,124.9800,127.2000,35024403,4332558352.7600,1,0,11.944821
2025-07-03,sz.300502,127.4200,130.9700,126.0500,129.6600,124.9800,45725982,5870693107.0100,1,0,11.944821
2025-07-04,sz.300502,129.8200,132.2800,127.3300,128.3500,129.6600,43903020,5717581655.0400,1,0,11.944821
2025-07-07,sz.300502,126.5000,128.8900,121.4000,126.4900,128.3500,40760076,5100394298.4100,1,0,11.944821
2025-07-08,sz.300502,126.4800,135.0000,126.0500,134.9800,126.4900,47831456,6310094219.5800,1,0,11.944821
2025-07-09,sz.300502,134.5500,137.9700,134.0100,135.5500,134.9800,35895657,4885000433.3300,1,0,11.944821
2025-07-10,sz.300502,137.5500,138.5800,129.3500,133.0500,135.5500,52501876,6987313300.9700,1,0,11.944821
2025-07-11,sz.300502,134.2900,134.3500,130.0500,131.1600,133.0500,31889434,4207384432.4100,1,0,11.944821
2025-07-14,sz.300502,132.5000,133.1000,129.3800,130.9000,131.1600,30361222,3987134030.1800,1,0,11.944821
2025-07-15,sz.300502,149.0200,157.0800,148.2800,157.0800,130.9000,52532323,8097611416.4400,1,0,11.944821
2025-07-16,sz.300502,161.7100,179.2800,161.0000,169.8000,157.0800,114938625,19663974702.5800,1,0,11.944821
2025-07-17,sz.300502,167.0100,185.0000,167.0100,183.5000,169.8000,67776128,12063487461.2900,1,0,11.944821
2025-07-18,sz.300502,186.5000,191.0000,180.0000,182.3200,183.5000,64348991,11974587488.1200,1,0,11.944821
2025-07-21,sz.300502,184.8300,186.6000,173.7900,178.2600,182.3200,60642007,10816017643.3200,1,0,11.944821
2025-07-22,sz.300502,178.2700,184.2000,174.8300,176.7100,178.2600,56295828,10098102226.0200,1,0,11.944821
2025-07-23,sz.300502,172.6100,175.5500,169.8000,174.2000,176.7100,43195628,7479016995.4500,1,0,11.944821
2025-07-24,sz.300502,176.7100,177.3300,167.5900,172.8000,174.2000,52664231,9043031131.6300,1,0,11.944821
2025-07-25,sz.300502,172.3000,175.7300,172.2000,172.9700,172.8000,28681657,4975181529.4100,1,0,11.944821
2025-07-28,sz.300502,172.9600,179.7600,170.1800,177.8000,172.9700,64744705,11370187427.9700,1,0,11.944821
2025-07-29,sz.300502,178.2700,194.4300,178.2300,193.3900,177.8000,77588423,14504169723.7900,1,0,11.944821
2025-07-30,sz.300502,188.0000,192.3700,183.8300,190.3500,193.3900,57108186,10736773592.4800,1,0,11.944821
2025-07-31,sz.300502,199.0000,200.8800,188.1000,189.2100,190.3500,74911172,14604518088.2500,1,0,11.944821
2025-08-01,sz.300502,185.1400,191.6000,180.4400,183.1200,189.2100,50586343,9366500249.2700,1,0,11.944821
2025-08-04,sz.300502,179.6400,185.3400,177.8300,184.5000,183.1200,33370543,6068963628.7900,1,0,11.944821
2025-08-05,sz.300502,189.0000,190.0100,176.3000,182.4500,184.5000,44216574,8082248987.9300,1,0,11.944821
2025-08-06,sz.300502,180.0000,187.5800,179.1100,186.4000,182.4500,30918074,5724833713.2800,1,0,11.944821
2025-08-07,sz.300502,186.4000,189.4600,176.4200,183.6200,186.4000,40613292,7408401854.7800,1,0,11.944821
2025-08-08,sz.300502,183.0000,185.5800,180.8800,182.2800,183.6200,26191517,4801842960.1900,1,0,11.944821
2025-08-11,sz.300502,182.3300,196.3000,182.3200,192.8900,182.2800,41604654,7959458100.6400,1,0,11.944821
2025-08-12,sz.300502,193.3800,205.0000,193.2000,204.9000,192.8900,51786686,10402525962.7100,1,0,11.944821
2025-08-13,sz.300502,206.0000,238.6000,204.6100,236.5600,204.9000,60112024,13528603089.3900,1,0,11.944821
2025-08-14,sz.300502,233.3000,239.8000,230.6600,231.0600,236.5600,44975726,10552668903.7400,1,0,11.944821
2025-08-15,sz.300502,230.0100,237.2100,226.8900,233.2000,231.0600,40048328,9319958799.4200,1,0,11.944821
2025-08-18,sz.300502,233.3400,251.6600,227.8600,244.2900,233.2000,49904050,12044824049.6600,1,0,11.944821
2025-08-19,sz.300502,244.2900,263.6000,241.5200,256.7900,244.2900,45117554,11519713372.5600,1,0,11.944821
2025-08-20,sz.300502,247.0000,255.4800,236.2200,255.1400,256.7900,41824052,10350351523.9100,1,0,11.944821
2025-08-21,sz.300502,255.8100,262.6000,246.2200,257.8600,255.1400,39730356,10161433551.8600,1,0,11.944821
2025-08-22,sz.300502,254.2100,279.0000,254.2100,273.8100,257.8600,46022274,12339156813.5700,1,0,11.944821
2025-08-25,sz.300502,283.3200,304.0800,275.7800,296.1200,273.8100,58709956,17077474788.6700,1,0,11.944821
2025-08-26,sz.300502,298.0000,300.9000,282.0400,282.0400,296.1200,48995724,14226514840.0300,1,0,11.944821
2025-08-27,sz.300502,290.0900,324.4200,290.0900,308.3300,282.0400,73510829,22751217315.8900,1,0,11.944821
2025-08-28,sz.300502,301.8000,355.1900,301.8000,354.9500,308.3300,73004179,24000244731.1000,1,0,11.944821
2025-08-29,sz.300502,350.0000,368.0000,337.0000,356.2000,354.9500,60879725,21433860573.2300,1,0,11.944821
2025-09-01,sz.300502,362.0000,399.9000,352.0100,388.5000,356.2000,66046191,24723720846.2800,1,0,11.944821
2025-09-02,sz.300502,388.0000,401.1000,345.0000,358.2000,388.5000,92619589,34409836957.7500,1,0,11.944821
2025-09-03,sz.300502,355.0000,382.0000,345.8000,369.7100,358.2000,73612607,26538903477.5800,1,0,11.944821
2025-09-04,sz.300502,383.0000,393.7100,309.0000,312.1000,369.7100,104140314,34970233130.2000,1,0,11.944821
2025-09-05,sz.300502,321.0000,354.0000,310.0000,349.2500,312.1000,84643485,27865858063.2400,1,0,11.944821
2025-09-08,sz.300502,339.9900,340.0000,295.1600,314.5000,349.2500,79476720,24873049126.9200,1,0,11.944821
2025-09-09,sz.300502,307.0200,320.3100,305.0000,315.3200,314.5000,53004985,16604793090.0100,1,0,11.944821
2025-09-10,sz.300502,340.0100,346.8800,321.3700,334.9500,315.3200,74575156,24892893235.5800,1,0,11.944821
2025-09-11,sz.300502,345.9900,381.5200,345.0000,379.9000,334.9500,76090353,27716484878.9500,1,0,11.944821
2025-09-12,sz.300502,360.0000,365.9900,352.8000,357.9800,379.9000,57941996,20846885874.2600,1,0,11.944821
2025-09-15,sz.300502,343.0100,355.9800,338.0000,350.3000,357.9800,37752426,13147348684.7400,1,0,11.944821
2025-09-16,sz.300502,348.9400,357.8800,332.3300,345.7500,350.3000,51092822,17557229220.1000,1,0,11.944821
2025-09-17,sz.300502,343.0800,352.2600,336.0000,347.6600,345.7500,34392971,11877061024.0900,1,0,11.944821
2025-09-18,sz.300502,339.0200,359.8900,333.8800,345.5100,347.6600,52509056,18219971574.9300,1,0,11.944821
2025-09-19,sz.300502,350.9000,358.4700,336.9700,350.0000,345.5100,44482040,15497487038.0600,1,0,11.944821
2025-09-22,sz.300502,348.0000,348.0000,328.8800,343.0000,350.0000,41011855,13860492557.3500,1,0,11.944821
2025-09-23,sz.300502,361.1100,369.8000,338.0000,353.0000,343.0000,55574690,19658323223.4700,1,0,11.944821
2025-09-24,sz.300502,344.0200,363.9900,333.8000,354.6400,353.0000,43971560,15445732630.1700,1,0,11.944821
2025-09-25,sz.300502,348.2300,385.8800,341.0000,376.0000,354.6400,56432193,20859528388.0800,1,0,11.944821
2025-09-26,sz.300502,376.1300,388.4100,372.0000,374.0000,376.0000,38610713,14646943068.8700,1,0,11.944821
2025-09-29,sz.300502,370.1100,398.6000,370.1100,388.2800,374.0000,41373209,16047541984.5200,1,0,11.944821
2025-09-30,sz.300502,389.0000,395.0000,363.0000,365.7700,388.2800,49588233,18595426676.5200,1,0,11.944821
2025-10-09,sz.300502,374.0000,374.7700,350.0000,351.1500,365.7700,52292141,18891289423.7700,1,0,11.944821
2025-10-10,sz.300502,355.0100,365.5600,345.2100,346.2000,351.1500,43954136,15621094886.4500,1,0,11.944821
2025-10-13,sz.300502,328.1200,348.6000,325.2000,348.6000,346.2000,44351947,14921644532.0600,1,0,11.944821
2025-10-14,sz.300502,355.7000,355.7000,315.6800,316.5000,348.6000,61231792,20064474518.6900,1,0,11.944821
2025-10-15,sz.300502,321.3000,324.3300,310.0000,322.5900,316.5000,35521127,11331230792.3600,1,0,11.944821
2025-10-16,sz.300502,317.8100,336.0000,317.0300,324.7600,322.5900,31175370,10222846429.4100,1,0,11.944821
2025-10-17,sz.300502,322.5000,326.6600,314.2200,316.3100,324.7600,30653561,9784350867.6200,1,0,11.944821
2025-10-20,sz.300502,335.0100,345.7500,324.5800,329.2400,316.3100,48732624,16335501283.3100,1,0,11.944821
2025-10-21,sz.300502,330.0100,375.5800,324.3300,365.4200,329.2400,61468967,21640515576.3600,1,0,11.944821
2025-10-22,sz.300502,360.3100,373.7700,360.3100,362.8300,365.4200,38918229,14293597861.1300,1,0,11.944821
2025-10-23,sz.300502,360.2000,363.0000,340.0000,347.7600,362.8300,33456268,11608575020.8700,1,0,11.944821
2025-10-24,sz.300502,355.0000,378.2000,345.0100,372.9700,347.7600,54893569,19929771363.5500,1,0,11.944821
2025-10-27,sz.300502,390.0000,414.0000,381.0000,403.9500,372.9700,58161738,23182886438.8400,1,0,11.944821
2025-10-28,sz.300502,395.0000,423.2000,395.0000,410.6200,403.9500,48021506,19671115546.0100,1,0,11.944821
2025-10-29,sz.300502,428.0000,433.3300,399.3100,406.1000,410.6200,56357787,23119390792.4400,1,0,11.944821
2025-10-30,sz.300502,382.0000,394.8700,372.4800,374.0000,406.1000,78561225,29905899622.2100,1,0,11.944821
2025-10-31,sz.300502,371.8400,373.0000,342.1000,344.3100,374.0000,58400410,20571356193.3600,1,0,11.944821
2025-11-03,sz.300502,339.9800,350.5000,335.8500,346.7600,344.3100,38702931,13309120788.8300,1,0,11.944821
2025-11-04,sz.300502,349.1100,359.6300,345.0000,348.0400,346.7600,34639620,12203219843.8200,1,0,11.944821
2025-11-05,sz.300502,335.1000,348.5000,335.1000,346.1000,348.0400,25761831,8820522090.4800,1,0,11.944821
2025-11-06,sz.300502,353.0200,362.5600,347.6900,356.7100,346.1000,39446483,14022327191.0400,1,0,11.944821
2025-11-07,sz.300502,350.1000,358.0000,344.1100,349.7900,356.7100,29313991,10276146415.1800,1,0,11.944821
2025-11-10,sz.300502,349.9500,353.7900,322.7500,336.0000,349.7900,47260087,15769855667.5300,1,0,11.944821
2025-11-11,sz.300502,340.0000,346.9700,322.7500,326.0000,336.0000,37609494,12582715898.2300,1,0,11.944821
2025-11-12,sz.300502,320.3300,331.6800,315.8800,329.1000,326.0000,40497204,13108651931.7500,1,0,11.944821
2025-11-13,sz.300502,328.8000,328.8800,317.5500,325.8500,329.1000,27865564,8996111775.7700,1,0,11.944821
2025-11-14,sz.300502,318.0100,319.6800,310.5800,310.5800,325.8500,32676772,10287090605.6500,1,0,11.944821
2025-11-17,sz.300502,314.3300,320.0700,306.6600,311.7000,310.5800,31986719,10012991469.1500,1,0,11.944821
2025-11-18,sz.300502,308.0100,324.9300,306.6100,316.8600,311.7000,34407922,10966549314.8500,1,0,11.944821
2025-11-19,sz.300502,316.3000,328.0000,313.8900,322.4000,316.8600,35095593,11339176101.8800,1,0,11.944821
2025-11-20,sz.300502,338.5200,343.2800,324.2500,327.7400,322.4000,39377620,13026465601.4600,1,0,11.944821
2025-11-21,sz.300502,313.9000,314.0000,299.8500,300.0000,327.7400,43700371,13407170909.2700,1,0,11.944821
2025-11-24,sz.300502,304.5600,308.7800,287.3100,293.0000,300.0000,46835740,13879219130.7700,1,0,11.944821
2025-11-25,sz.300502,303.0000,315.5000,302.0300,304.7200,293.0000,46420147,14303114718.9700,1,0,11.944821
2025-11-26,sz.300502,302.0000,341.6100,297.5500,331.1200,304.7200,67878578,22049967239.6900,1,0,11.944821
2025-11-27,sz.300502,324.0000,364.9000,323.5000,340.8000,331.1200,63125316,22023299078.6300,1,0,11.944821
2025-11-28,sz.300502,340.0000,357.7700,338.0000,347.8000,340.8000,41449168,14336518343.2500,1,0,11.944821
2025-12-01,sz.300502,352.0000,361.0000,343.5700,355.6100,347.8000,38685890,13688652738.0100,1,0,11.944821
2025-12-02,sz.300502,355.6200,369.1100,351.4900,365.0000,355.6100,37860549,13668752053.1800,1,0,11.944821
2025-12-03,sz.300502,371.8000,392.8000,370.0000,373.1300,365.0000,58027711,22102332765.0500,1,0,11.944821
2025-12-04,sz.300502,367.1300,375.9100,362.7800,374.2500,373.1300,33677454,12484195239.3400,1,0,11.944821
2025-12-05,sz.300502,381.6500,386.0000,373.7300,377.5100,374.2500,35427159,13433191627.1700,1,0,11.944821
2025-12-08,sz.300502,375.1200,415.5100,375.0300,404.5200,377.5100,55941327,22307189340.9600,1,0,11.944821
2025-12-09,sz.300502,404.8300,426.5000,402.0300,419.1300,404.5200,48343738,20184805686.9200,1,0,11.944821
2025-12-10,sz.300502,418.0000,438.8900,398.6800,432.2600,419.1300,51510640,21546227178.2200,1,0,11.944821
2025-12-11,sz.300502,428.5300,451.7100,415.0000,416.5100,432.2600,61049264,26567610257.1300,1,0,11.944821
2025-12-12,sz.300502,417.0000,439.5500,417.0000,428.0000,416.5100,58376870,24919702123.8100,1,0,11.944821
2025-12-15,sz.300502,411.8800,443.0000,410.0000,426.8100,428.0000,38653159,16531276544.8100,1,0,11.944821
2025-12-16,sz.300502,420.9800,425.9800,401.8000,407.2000,426.8100,38788498,15980176136.4500,1,0,11.944821
2025-12-17,sz.300502,408.5100,446.3300,408.5000,446.1000,407.2000,49263895,21298227463.1000,1,0,11.944821
2025-12-18,sz.300502,437.2100,443.6000,423.5000,425.5000,446.1000,40042065,17324878241.9400,1,0,11.944821
2025-12-19,sz.300502,436.0000,449.0900,425.5100,434.3000,425.5000,35719127,15620941765.7600,1,0,11.944821
2025-12-22,sz.300502,451.1700,466.6600,447.0000,462.9900,434.3000,39332418,18085830227.8200,1,0,11.944821
2025-12-23,sz.300502,462.9000,468.8100,454.1000,458.0000,462.9900,29543421,13575033551.2300,1,0,11.944821
2025-12-24,sz.300502,459.9900,461.9900,447.0000,453.5100,458.0000,29816263,13512073772.8500,1,0,11.944821
2025-12-25,sz.300502,456.0000,464.5500,441.0000,447.9900,453.5100,28256808,12726272859.9300,1,0,11.944821
2025-12-26,sz.300502,441.0000,450.0000,435.7900,445.3000,447.9900,24906944,11032596303.4600,1,0,11.944821
2025-12-29,sz.300502,440.0000,450.9800,433.6700,444.5000,445.3000,24667645,10910378159.3500,1,0,11.944821
2025-12-30,sz.300502,440.0000,454.8800,436.7100,446.0000,444.5000,25884954,11546086104.1700,1,0,11.944821
2025-12-31,sz.300502,445.0000,451.2900,430.0000,430.8800,446.0000,28617821,12502795209.7200,1,0,11.944821
